# Blender 4.5.0
# www.blender.org
mtllib aboutMe.mtl
o Text
v 1.023511 0.014107 0.100000
v 1.023413 0.011853 0.100000
v 1.023119 0.009796 0.100000
v 1.022629 0.007935 0.100000
v 1.021944 0.006270 0.100000
v 1.021062 0.004800 0.100000
v 1.019984 0.003527 0.100000
v 1.018711 0.002449 0.100000
v 1.017242 0.001567 0.100000
v 1.015576 0.000882 0.100000
v 1.013715 0.000392 0.100000
v 1.011658 0.000098 0.100000
v 1.009404 -0.000000 0.100000
v 0.827586 -0.000000 0.100000
v 0.825333 0.000098 0.100000
v 0.823276 0.000392 0.100000
v 0.821415 0.000882 0.100000
v 0.819749 0.001567 0.100000
v 0.818280 0.002449 0.100000
v 0.817006 0.003527 0.100000
v 0.815929 0.004800 0.100000
v 0.815047 0.006270 0.100000
v 0.814361 0.007935 0.100000
v 0.813872 0.009796 0.100000
v 0.813578 0.011853 0.100000
v 0.813480 0.014107 0.100000
v 0.813480 0.268025 0.100000
v 0.813578 0.270278 0.100000
v 0.813872 0.272335 0.100000
v 0.814361 0.274197 0.100000
v 0.815047 0.275862 0.100000
v 0.815929 0.277331 0.100000
v 0.817006 0.278605 0.100000
v 0.818280 0.279683 0.100000
v 0.819749 0.280564 0.100000
v 0.821415 0.281250 0.100000
v 0.823276 0.281740 0.100000
v 0.825333 0.282034 0.100000
v 0.827586 0.282132 0.100000
v 1.009404 0.282132 0.100000
v 1.011658 0.282034 0.100000
v 1.013715 0.281740 0.100000
v 1.015576 0.281250 0.100000
v 1.017241 0.280564 0.100000
v 1.018711 0.279683 0.100000
v 1.019984 0.278605 0.100000
v 1.021062 0.277332 0.100000
v 1.021944 0.275862 0.100000
v 1.022629 0.274197 0.100000
v 1.023119 0.272335 0.100000
v 1.023413 0.270278 0.100000
v 1.023511 0.268025 0.100000
v 1.023511 0.222179 0.100000
v 1.023413 0.219926 0.100000
v 1.023119 0.217868 0.100000
v 1.022629 0.216007 0.100000
v 1.021944 0.214342 0.100000
v 1.021062 0.212872 0.100000
v 1.019984 0.211599 0.100000
v 1.018711 0.210521 0.100000
v 1.017242 0.209639 0.100000
v 1.015576 0.208954 0.100000
v 1.013715 0.208464 0.100000
v 1.011658 0.208170 0.100000
v 1.009404 0.208072 0.100000
v 0.901254 0.208072 0.100000
v 0.901254 0.177900 0.100000
v 0.977665 0.177900 0.100000
v 0.979918 0.177802 0.100000
v 0.981975 0.177508 0.100000
v 0.983836 0.177018 0.100000
v 0.985502 0.176332 0.100000
v 0.986971 0.175451 0.100000
v 0.988244 0.174373 0.100000
v 0.989322 0.173100 0.100000
v 0.990204 0.171630 0.100000
v 0.990889 0.169965 0.100000
v 0.991379 0.168103 0.100000
v 0.991673 0.166046 0.100000
v 0.991771 0.163793 0.100000
v 0.991771 0.121865 0.100000
v 0.991673 0.119612 0.100000
v 0.991379 0.117555 0.100000
v 0.990889 0.115694 0.100000
v 0.990204 0.114028 0.100000
v 0.989322 0.112559 0.100000
v 0.988244 0.111285 0.100000
v 0.986971 0.110208 0.100000
v 0.985502 0.109326 0.100000
v 0.983836 0.108640 0.100000
v 0.981975 0.108150 0.100000
v 0.979918 0.107857 0.100000
v 0.977665 0.107759 0.100000
v 0.901254 0.107759 0.100000
v 0.901254 0.074060 0.100000
v 1.009404 0.074060 0.100000
v 1.011658 0.073962 0.100000
v 1.013715 0.073668 0.100000
v 1.015576 0.073178 0.100000
v 1.017241 0.072492 0.100000
v 1.018711 0.071610 0.100000
v 1.019984 0.070533 0.100000
v 1.021062 0.069259 0.100000
v 1.021944 0.067790 0.100000
v 1.022629 0.066125 0.100000
v 1.023119 0.064263 0.100000
v 1.023413 0.062206 0.100000
v 1.023511 0.059953 0.100000
v 0.567398 0.014107 0.100000
v 0.567300 0.011853 0.100000
v 0.567006 0.009796 0.100000
v 0.566516 0.007935 0.100000
v 0.565831 0.006270 0.100000
v 0.564949 0.004800 0.100000
v 0.563871 0.003527 0.100000
v 0.562598 0.002449 0.100000
v 0.561128 0.001567 0.100000
v 0.559463 0.000882 0.100000
v 0.557602 0.000392 0.100000
v 0.555545 0.000098 0.100000
v 0.553292 -0.000000 0.100000
v 0.494906 -0.000000 0.100000
v 0.492653 0.000098 0.100000
v 0.490596 0.000392 0.100000
v 0.488734 0.000882 0.100000
v 0.487069 0.001567 0.100000
v 0.485600 0.002449 0.100000
v 0.484326 0.003527 0.100000
v 0.483248 0.004800 0.100000
v 0.482367 0.006270 0.100000
v 0.481681 0.007935 0.100000
v 0.481191 0.009796 0.100000
v 0.480897 0.011853 0.100000
v 0.480799 0.014107 0.100000
v 0.480799 0.268025 0.100000
v 0.480897 0.270278 0.100000
v 0.481191 0.272335 0.100000
v 0.481681 0.274197 0.100000
v 0.482367 0.275862 0.100000
v 0.483248 0.277331 0.100000
v 0.484326 0.278605 0.100000
v 0.485600 0.279683 0.100000
v 0.487069 0.280564 0.100000
v 0.488734 0.281250 0.100000
v 0.490596 0.281740 0.100000
v 0.492653 0.282034 0.100000
v 0.494906 0.282132 0.100000
v 0.557994 0.282132 0.100000
v 0.559915 0.282050 0.100000
v 0.561760 0.281805 0.100000
v 0.563529 0.281397 0.100000
v 0.565221 0.280825 0.100000
v 0.566838 0.280091 0.100000
v 0.568378 0.279193 0.100000
v 0.569842 0.278132 0.100000
v 0.571230 0.276907 0.100000
v 0.572541 0.275519 0.100000
v 0.573777 0.273968 0.100000
v 0.574936 0.272254 0.100000
v 0.576019 0.270376 0.100000
v 0.611285 0.206505 0.100000
v 0.611608 0.205931 0.100000
v 0.611922 0.205384 0.100000
v 0.612228 0.204864 0.100000
v 0.612526 0.204371 0.100000
v 0.612816 0.203906 0.100000
v 0.613098 0.203468 0.100000
v 0.613371 0.203057 0.100000
v 0.613636 0.202673 0.100000
v 0.613894 0.202317 0.100000
v 0.614142 0.201988 0.100000
v 0.614383 0.201685 0.100000
v 0.614616 0.201411 0.100000
v 0.614851 0.201160 0.100000
v 0.615100 0.200932 0.100000
v 0.615363 0.200725 0.100000
v 0.615639 0.200540 0.100000
v 0.615929 0.200377 0.100000
v 0.616232 0.200235 0.100000
v 0.616549 0.200115 0.100000
v 0.616880 0.200017 0.100000
v 0.617224 0.199941 0.100000
v 0.617582 0.199887 0.100000
v 0.617954 0.199854 0.100000
v 0.618339 0.199843 0.100000
v 0.621865 0.199843 0.100000
v 0.622250 0.199854 0.100000
v 0.622622 0.199887 0.100000
v 0.622980 0.199941 0.100000
v 0.623324 0.200017 0.100000
v 0.623654 0.200115 0.100000
v 0.623971 0.200235 0.100000
v 0.624275 0.200377 0.100000
v 0.624565 0.200540 0.100000
v 0.624841 0.200725 0.100000
v 0.625103 0.200932 0.100000
v 0.625352 0.201160 0.100000
v 0.625588 0.201411 0.100000
v 0.625820 0.201685 0.100000
v 0.626061 0.201988 0.100000
v 0.626310 0.202317 0.100000
v 0.626567 0.202673 0.100000
v 0.626833 0.203057 0.100000
v 0.627106 0.203468 0.100000
v 0.627388 0.203906 0.100000
v 0.627678 0.204371 0.100000
v 0.627976 0.204864 0.100000
v 0.628282 0.205384 0.100000
v 0.628596 0.205931 0.100000
v 0.628919 0.206505 0.100000
v 0.663793 0.270376 0.100000
v 0.664876 0.272254 0.100000
v 0.666035 0.273968 0.100000
v 0.667271 0.275519 0.100000
v 0.668582 0.276907 0.100000
v 0.669970 0.278132 0.100000
v 0.671434 0.279193 0.100000
v 0.672974 0.280091 0.100000
v 0.674591 0.280825 0.100000
v 0.676283 0.281397 0.100000
v 0.678052 0.281805 0.100000
v 0.679897 0.282050 0.100000
v 0.681818 0.282132 0.100000
v 0.745298 0.282132 0.100000
v 0.747551 0.282034 0.100000
v 0.749608 0.281740 0.100000
v 0.751469 0.281250 0.100000
v 0.753135 0.280564 0.100000
v 0.754604 0.279683 0.100000
v 0.755878 0.278605 0.100000
v 0.756955 0.277332 0.100000
v 0.757837 0.275862 0.100000
v 0.758523 0.274197 0.100000
v 0.759013 0.272335 0.100000
v 0.759306 0.270278 0.100000
v 0.759404 0.268025 0.100000
v 0.759404 0.014107 0.100000
v 0.759306 0.011853 0.100000
v 0.759013 0.009796 0.100000
v 0.758523 0.007935 0.100000
v 0.757837 0.006270 0.100000
v 0.756955 0.004800 0.100000
v 0.755878 0.003527 0.100000
v 0.754604 0.002449 0.100000
v 0.753135 0.001567 0.100000
v 0.751469 0.000882 0.100000
v 0.749608 0.000392 0.100000
v 0.747551 0.000098 0.100000
v 0.745298 -0.000000 0.100000
v 0.684953 -0.000000 0.100000
v 0.682700 0.000098 0.100000
v 0.680643 0.000392 0.100000
v 0.678781 0.000882 0.100000
v 0.677116 0.001567 0.100000
v 0.675647 0.002449 0.100000
v 0.674373 0.003527 0.100000
v 0.673296 0.004800 0.100000
v 0.672414 0.006270 0.100000
v 0.671728 0.007935 0.100000
v 0.671238 0.009796 0.100000
v 0.670944 0.011853 0.100000
v 0.670846 0.014107 0.100000
v 0.670846 0.152038 0.100000
v 0.647727 0.109326 0.100000
v 0.646565 0.107323 0.100000
v 0.645300 0.105495 0.100000
v 0.643931 0.103840 0.100000
v 0.642459 0.102360 0.100000
v 0.640884 0.101054 0.100000
v 0.639205 0.099922 0.100000
v 0.637422 0.098964 0.100000
v 0.635536 0.098180 0.100000
v 0.633547 0.097571 0.100000
v 0.631455 0.097135 0.100000
v 0.629259 0.096874 0.100000
v 0.626959 0.096787 0.100000
v 0.611285 0.096787 0.100000
v 0.608986 0.096874 0.100000
v 0.606790 0.097135 0.100000
v 0.604697 0.097571 0.100000
v 0.602708 0.098180 0.100000
v 0.600822 0.098964 0.100000
v 0.599040 0.099922 0.100000
v 0.597361 0.101054 0.100000
v 0.595785 0.102360 0.100000
v 0.594313 0.103840 0.100000
v 0.592945 0.105495 0.100000
v 0.591679 0.107323 0.100000
v 0.590517 0.109326 0.100000
v 0.567398 0.152038 0.100000
v 0.282915 0.014107 0.100000
v 0.282818 0.011853 0.100000
v 0.282524 0.009796 0.100000
v 0.282034 0.007935 0.100000
v 0.281348 0.006270 0.100000
v 0.280466 0.004800 0.100000
v 0.279389 0.003527 0.100000
v 0.278115 0.002449 0.100000
v 0.276646 0.001567 0.100000
v 0.274981 0.000882 0.100000
v 0.273119 0.000392 0.100000
v 0.271062 0.000098 0.100000
v 0.268809 -0.000000 0.100000
v 0.205329 -0.000000 0.100000
v 0.203076 0.000098 0.100000
v 0.201019 0.000392 0.100000
v 0.199158 0.000882 0.100000
v 0.197492 0.001567 0.100000
v 0.196023 0.002449 0.100000
v 0.194749 0.003527 0.100000
v 0.193672 0.004800 0.100000
v 0.192790 0.006270 0.100000
v 0.192104 0.007935 0.100000
v 0.191615 0.009796 0.100000
v 0.191321 0.011853 0.100000
v 0.191223 0.014107 0.100000
v 0.191223 0.206505 0.100000
v 0.133621 0.206505 0.100000
v 0.131368 0.206603 0.100000
v 0.129310 0.206897 0.100000
v 0.127449 0.207386 0.100000
v 0.125784 0.208072 0.100000
v 0.124314 0.208954 0.100000
v 0.123041 0.210031 0.100000
v 0.121963 0.211305 0.100000
v 0.121082 0.212774 0.100000
v 0.120396 0.214440 0.100000
v 0.119906 0.216301 0.100000
v 0.119612 0.218358 0.100000
v 0.119514 0.220611 0.100000
v 0.119514 0.268025 0.100000
v 0.119612 0.270278 0.100000
v 0.119906 0.272335 0.100000
v 0.120396 0.274197 0.100000
v 0.121082 0.275862 0.100000
v 0.121963 0.277331 0.100000
v 0.123041 0.278605 0.100000
v 0.124314 0.279683 0.100000
v 0.125784 0.280564 0.100000
v 0.127449 0.281250 0.100000
v 0.129310 0.281740 0.100000
v 0.131368 0.282034 0.100000
v 0.133621 0.282132 0.100000
v 0.340517 0.282132 0.100000
v 0.342770 0.282034 0.100000
v 0.344828 0.281740 0.100000
v 0.346689 0.281250 0.100000
v 0.348354 0.280564 0.100000
v 0.349824 0.279683 0.100000
v 0.351097 0.278605 0.100000
v 0.352175 0.277332 0.100000
v 0.353057 0.275862 0.100000
v 0.353742 0.274197 0.100000
v 0.354232 0.272335 0.100000
v 0.354526 0.270278 0.100000
v 0.354624 0.268025 0.100000
v 0.354624 0.220611 0.100000
v 0.354526 0.218358 0.100000
v 0.354232 0.216301 0.100000
v 0.353742 0.214440 0.100000
v 0.353057 0.212774 0.100000
v 0.352175 0.211305 0.100000
v 0.351097 0.210031 0.100000
v 0.349824 0.208954 0.100000
v 0.348354 0.208072 0.100000
v 0.346689 0.207386 0.100000
v 0.344828 0.206897 0.100000
v 0.342770 0.206603 0.100000
v 0.340517 0.206505 0.100000
v 0.282915 0.206505 0.100000
v 0.083464 0.268025 0.100000
v 0.083464 0.074060 0.100000
v 0.083427 0.071079 0.100000
v 0.083317 0.068144 0.100000
v 0.083133 0.065255 0.100000
v 0.082876 0.062413 0.100000
v 0.082546 0.059617 0.100000
v 0.082142 0.056867 0.100000
v 0.081664 0.054164 0.100000
v 0.081113 0.051506 0.100000
v 0.080488 0.048895 0.100000
v 0.079790 0.046331 0.100000
v 0.079019 0.043812 0.100000
v 0.078174 0.041340 0.100000
v 0.077235 0.038920 0.100000
v 0.076182 0.036556 0.100000
v 0.075015 0.034250 0.100000
v 0.073733 0.032001 0.100000
v 0.072337 0.029809 0.100000
v 0.070827 0.027674 0.100000
v 0.069202 0.025597 0.100000
v 0.067464 0.023576 0.100000
v 0.065610 0.021613 0.100000
v 0.063643 0.019707 0.100000
v 0.061561 0.017858 0.100000
v 0.059365 0.016066 0.100000
v 0.057043 0.014337 0.100000
v 0.054581 0.012675 0.100000
v 0.051981 0.011082 0.100000
v 0.049243 0.009557 0.100000
v 0.046365 0.008100 0.100000
v 0.043348 0.006710 0.100000
v 0.040193 0.005389 0.100000
v 0.036899 0.004136 0.100000
v 0.033466 0.002951 0.100000
v 0.029895 0.001834 0.100000
v 0.026185 0.000785 0.100000
v 0.022336 -0.000196 0.100000
v 0.018327 -0.001103 0.100000
v 0.014139 -0.001932 0.100000
v 0.009772 -0.002682 0.100000
v 0.005225 -0.003352 0.100000
v 0.000498 -0.003944 0.100000
v -0.004408 -0.004457 0.100000
v -0.009494 -0.004891 0.100000
v -0.014760 -0.005246 0.100000
v -0.020205 -0.005523 0.100000
v -0.025829 -0.005720 0.100000
v -0.031634 -0.005838 0.100000
v -0.037617 -0.005878 0.100000
v -0.043601 -0.005838 0.100000
v -0.049406 -0.005720 0.100000
v -0.055030 -0.005523 0.100000
v -0.060475 -0.005246 0.100000
v -0.065741 -0.004891 0.100000
v -0.070827 -0.004457 0.100000
v -0.075733 -0.003944 0.100000
v -0.080460 -0.003352 0.100000
v -0.085007 -0.002682 0.100000
v -0.089374 -0.001932 0.100000
v -0.093562 -0.001103 0.100000
v -0.097570 -0.000196 0.100000
v -0.101420 0.000785 0.100000
v -0.105130 0.001834 0.100000
v -0.108701 0.002951 0.100000
v -0.112134 0.004136 0.100000
v -0.115428 0.005389 0.100000
v -0.118583 0.006710 0.100000
v -0.121600 0.008100 0.100000
v -0.124477 0.009557 0.100000
v -0.127216 0.011082 0.100000
v -0.129816 0.012675 0.100000
v -0.132278 0.014337 0.100000
v -0.134600 0.016066 0.100000
v -0.136796 0.017858 0.100000
v -0.138878 0.019707 0.100000
v -0.140845 0.021613 0.100000
v -0.142698 0.023576 0.100000
v -0.144437 0.025597 0.100000
v -0.146062 0.027674 0.100000
v -0.147572 0.029809 0.100000
v -0.148968 0.032001 0.100000
v -0.150250 0.034250 0.100000
v -0.151417 0.036556 0.100000
v -0.152470 0.038920 0.100000
v -0.153409 0.041340 0.100000
v -0.154254 0.043812 0.100000
v -0.155025 0.046331 0.100000
v -0.155723 0.048895 0.100000
v -0.156348 0.051506 0.100000
v -0.156899 0.054164 0.100000
v -0.157376 0.056867 0.100000
v -0.157781 0.059617 0.100000
v -0.158111 0.062413 0.100000
v -0.158368 0.065255 0.100000
v -0.158552 0.068144 0.100000
v -0.158662 0.071079 0.100000
v -0.158699 0.074060 0.100000
v -0.158699 0.268025 0.100000
v -0.158601 0.270278 0.100000
v -0.158307 0.272335 0.100000
v -0.157817 0.274197 0.100000
v -0.157132 0.275862 0.100000
v -0.156250 0.277331 0.100000
v -0.155172 0.278605 0.100000
v -0.153899 0.279683 0.100000
v -0.152429 0.280564 0.100000
v -0.150764 0.281250 0.100000
v -0.148903 0.281740 0.100000
v -0.146846 0.282034 0.100000
v -0.144592 0.282132 0.100000
v -0.083072 0.282132 0.100000
v -0.080819 0.282034 0.100000
v -0.078762 0.281740 0.100000
v -0.076900 0.281250 0.100000
v -0.075235 0.280564 0.100000
v -0.073766 0.279683 0.100000
v -0.072492 0.278605 0.100000
v -0.071414 0.277332 0.100000
v -0.070533 0.275862 0.100000
v -0.069847 0.274197 0.100000
v -0.069357 0.272335 0.100000
v -0.069063 0.270278 0.100000
v -0.068965 0.268025 0.100000
v -0.068965 0.089342 0.100000
v -0.068925 0.088053 0.100000
v -0.068802 0.086800 0.100000
v -0.068598 0.085582 0.100000
v -0.068312 0.084400 0.100000
v -0.067945 0.083253 0.100000
v -0.067496 0.082141 0.100000
v -0.066965 0.081065 0.100000
v -0.066353 0.080024 0.100000
v -0.065659 0.079019 0.100000
v -0.064884 0.078049 0.100000
v -0.064026 0.077114 0.100000
v -0.063088 0.076215 0.100000
v -0.062007 0.075370 0.100000
v -0.060726 0.074598 0.100000
v -0.059243 0.073900 0.100000
v -0.057558 0.073276 0.100000
v -0.055672 0.072725 0.100000
v -0.053585 0.072247 0.100000
v -0.051297 0.071843 0.100000
v -0.048807 0.071513 0.100000
v -0.046116 0.071255 0.100000
v -0.043223 0.071072 0.100000
v -0.040129 0.070961 0.100000
v -0.036834 0.070925 0.100000
v -0.033476 0.070961 0.100000
v -0.030325 0.071072 0.100000
v -0.027380 0.071255 0.100000
v -0.024643 0.071513 0.100000
v -0.022112 0.071843 0.100000
v -0.019788 0.072247 0.100000
v -0.017671 0.072725 0.100000
v -0.015761 0.073276 0.100000
v -0.014058 0.073900 0.100000
v -0.012561 0.074598 0.100000
v -0.011271 0.075370 0.100000
v -0.010188 0.076215 0.100000
v -0.009249 0.077114 0.100000
v -0.008392 0.078049 0.100000
v -0.007616 0.079019 0.100000
v -0.006923 0.080024 0.100000
v -0.006310 0.081065 0.100000
v -0.005780 0.082141 0.100000
v -0.005331 0.083253 0.100000
v -0.004963 0.084400 0.100000
v -0.004678 0.085582 0.100000
v -0.004474 0.086800 0.100000
v -0.004351 0.088053 0.100000
v -0.004310 0.089342 0.100000
v -0.004310 0.268025 0.100000
v -0.004212 0.270278 0.100000
v -0.003918 0.272335 0.100000
v -0.003429 0.274197 0.100000
v -0.002743 0.275862 0.100000
v -0.001861 0.277331 0.100000
v -0.000784 0.278605 0.100000
v 0.000490 0.279683 0.100000
v 0.001959 0.280564 0.100000
v 0.003625 0.281250 0.100000
v 0.005486 0.281740 0.100000
v 0.007543 0.282034 0.100000
v 0.009796 0.282132 0.100000
v 0.069357 0.282132 0.100000
v 0.071611 0.282034 0.100000
v 0.073668 0.281740 0.100000
v 0.075529 0.281250 0.100000
v 0.077194 0.280564 0.100000
v 0.078664 0.279683 0.100000
v 0.079937 0.278605 0.100000
v 0.081015 0.277332 0.100000
v 0.081897 0.275862 0.100000
v 0.082582 0.274197 0.100000
v 0.083072 0.272335 0.100000
v 0.083366 0.270278 0.100000
v -0.206505 0.207680 0.100000
v -0.206505 0.074060 0.100000
v -0.206541 0.071079 0.100000
v -0.206652 0.068144 0.100000
v -0.206835 0.065255 0.100000
v -0.207092 0.062413 0.100000
v -0.207423 0.059617 0.100000
v -0.207827 0.056867 0.100000
v -0.208305 0.054164 0.100000
v -0.208856 0.051506 0.100000
v -0.209480 0.048895 0.100000
v -0.210178 0.046331 0.100000
v -0.210950 0.043812 0.100000
v -0.211795 0.041340 0.100000
v -0.212732 0.038920 0.100000
v -0.213781 0.036556 0.100000
v -0.214942 0.034250 0.100000
v -0.216214 0.032001 0.100000
v -0.217597 0.029809 0.100000
v -0.219093 0.027674 0.100000
v -0.220700 0.025597 0.100000
v -0.222418 0.023576 0.100000
v -0.224248 0.021613 0.100000
v -0.226190 0.019707 0.100000
v -0.228243 0.017858 0.100000
v -0.230407 0.016066 0.100000
v -0.232700 0.014337 0.100000
v -0.235137 0.012675 0.100000
v -0.237718 0.011082 0.100000
v -0.240443 0.009557 0.100000
v -0.243313 0.008100 0.100000
v -0.246326 0.006710 0.100000
v -0.249484 0.005389 0.100000
v -0.252786 0.004136 0.100000
v -0.256233 0.002951 0.100000
v -0.259823 0.001834 0.100000
v -0.263558 0.000785 0.100000
v -0.267437 -0.000196 0.100000
v -0.271480 -0.001103 0.100000
v -0.275704 -0.001932 0.100000
v -0.280111 -0.002682 0.100000
v -0.284700 -0.003352 0.100000
v -0.289472 -0.003944 0.100000
v -0.294426 -0.004457 0.100000
v -0.299562 -0.004891 0.100000
v -0.304881 -0.005246 0.100000
v -0.310381 -0.005523 0.100000
v -0.316065 -0.005720 0.100000
v -0.321930 -0.005838 0.100000
v -0.327978 -0.005878 0.100000
v -0.334026 -0.005838 0.100000
v -0.339891 -0.005720 0.100000
v -0.345574 -0.005523 0.100000
v -0.351075 -0.005246 0.100000
v -0.356394 -0.004891 0.100000
v -0.361530 -0.004457 0.100000
v -0.366484 -0.003944 0.100000
v -0.371256 -0.003352 0.100000
v -0.375845 -0.002682 0.100000
v -0.380252 -0.001932 0.100000
v -0.384476 -0.001103 0.100000
v -0.388519 -0.000196 0.100000
v -0.392398 0.000785 0.100000
v -0.396133 0.001834 0.100000
v -0.399723 0.002951 0.100000
v -0.403170 0.004136 0.100000
v -0.406472 0.005389 0.100000
v -0.409630 0.006710 0.100000
v -0.412643 0.008100 0.100000
v -0.415513 0.009557 0.100000
v -0.418238 0.011082 0.100000
v -0.420819 0.012675 0.100000
v -0.423256 0.014337 0.100000
v -0.425548 0.016066 0.100000
v -0.427715 0.017858 0.100000
v -0.429772 0.019707 0.100000
v -0.431720 0.021613 0.100000
v -0.433560 0.023576 0.100000
v -0.435290 0.025597 0.100000
v -0.436912 0.027674 0.100000
v -0.438425 0.029809 0.100000
v -0.439829 0.032001 0.100000
v -0.441124 0.034250 0.100000
v -0.442311 0.036556 0.100000
v -0.443389 0.038920 0.100000
v -0.444357 0.041340 0.100000
v -0.445233 0.043812 0.100000
v -0.446034 0.046331 0.100000
v -0.446757 0.048895 0.100000
v -0.447405 0.051506 0.100000
v -0.447976 0.054164 0.100000
v -0.448472 0.056867 0.100000
v -0.448891 0.059617 0.100000
v -0.449234 0.062413 0.100000
v -0.449500 0.065255 0.100000
v -0.449691 0.068144 0.100000
v -0.449805 0.071079 0.100000
v -0.449843 0.074060 0.100000
v -0.449843 0.207680 0.100000
v -0.449805 0.210661 0.100000
v -0.449691 0.213596 0.100000
v -0.449500 0.216485 0.100000
v -0.449234 0.219327 0.100000
v -0.448891 0.222123 0.100000
v -0.448472 0.224873 0.100000
v -0.447976 0.227576 0.100000
v -0.447405 0.230233 0.100000
v -0.446757 0.232844 0.100000
v -0.446034 0.235409 0.100000
v -0.445233 0.237927 0.100000
v -0.444357 0.240400 0.100000
v -0.443389 0.242820 0.100000
v -0.442311 0.245183 0.100000
v -0.441124 0.247490 0.100000
v -0.439829 0.249739 0.100000
v -0.438425 0.251931 0.100000
v -0.436912 0.254065 0.100000
v -0.435290 0.256143 0.100000
v -0.433560 0.258164 0.100000
v -0.431720 0.260127 0.100000
v -0.429772 0.262033 0.100000
v -0.427715 0.263882 0.100000
v -0.425548 0.265674 0.100000
v -0.423256 0.267405 0.100000
v -0.420819 0.269070 0.100000
v -0.418238 0.270670 0.100000
v -0.415513 0.272205 0.100000
v -0.412643 0.273674 0.100000
v -0.409630 0.275078 0.100000
v -0.406472 0.276417 0.100000
v -0.403170 0.277691 0.100000
v -0.399723 0.278899 0.100000
v -0.396133 0.280042 0.100000
v -0.392398 0.281119 0.100000
v -0.388519 0.282132 0.100000
v -0.384476 0.283070 0.100000
v -0.380252 0.283928 0.100000
v -0.375845 0.284703 0.100000
v -0.371256 0.285397 0.100000
v -0.366484 0.286009 0.100000
v -0.361530 0.286540 0.100000
v -0.356394 0.286989 0.100000
v -0.351075 0.287356 0.100000
v -0.345574 0.287642 0.100000
v -0.339891 0.287846 0.100000
v -0.334026 0.287969 0.100000
v -0.327978 0.288009 0.100000
v -0.321930 0.287969 0.100000
v -0.316065 0.287846 0.100000
v -0.310381 0.287642 0.100000
v -0.304881 0.287356 0.100000
v -0.299562 0.286989 0.100000
v -0.294426 0.286540 0.100000
v -0.289472 0.286009 0.100000
v -0.284700 0.285397 0.100000
v -0.280111 0.284703 0.100000
v -0.275704 0.283928 0.100000
v -0.271479 0.283070 0.100000
v -0.267437 0.282132 0.100000
v -0.263558 0.281119 0.100000
v -0.259823 0.280042 0.100000
v -0.256233 0.278899 0.100000
v -0.252786 0.277691 0.100000
v -0.249484 0.276417 0.100000
v -0.246326 0.275078 0.100000
v -0.243313 0.273674 0.100000
v -0.240443 0.272205 0.100000
v -0.237718 0.270670 0.100000
v -0.235137 0.269070 0.100000
v -0.232700 0.267405 0.100000
v -0.230407 0.265674 0.100000
v -0.228243 0.263882 0.100000
v -0.226190 0.262033 0.100000
v -0.224248 0.260127 0.100000
v -0.222418 0.258164 0.100000
v -0.220700 0.256143 0.100000
v -0.219093 0.254065 0.100000
v -0.217597 0.251931 0.100000
v -0.216214 0.249739 0.100000
v -0.214942 0.247490 0.100000
v -0.213781 0.245183 0.100000
v -0.212732 0.242820 0.100000
v -0.211795 0.240400 0.100000
v -0.210950 0.237927 0.100000
v -0.210178 0.235409 0.100000
v -0.209480 0.232844 0.100000
v -0.208856 0.230233 0.100000
v -0.208305 0.227576 0.100000
v -0.207827 0.224873 0.100000
v -0.207423 0.222123 0.100000
v -0.207092 0.219327 0.100000
v -0.206835 0.216485 0.100000
v -0.206652 0.213596 0.100000
v -0.206541 0.210661 0.100000
v -0.360893 0.193574 0.100000
v -0.360893 0.088166 0.100000
v -0.360852 0.086878 0.100000
v -0.360730 0.085625 0.100000
v -0.360526 0.084407 0.100000
v -0.360240 0.083224 0.100000
v -0.359873 0.082078 0.100000
v -0.359424 0.080966 0.100000
v -0.358893 0.079890 0.100000
v -0.358281 0.078849 0.100000
v -0.357587 0.077843 0.100000
v -0.356812 0.076873 0.100000
v -0.355954 0.075939 0.100000
v -0.355016 0.075039 0.100000
v -0.353930 0.074194 0.100000
v -0.352632 0.073423 0.100000
v -0.351122 0.072725 0.100000
v -0.349399 0.072100 0.100000
v -0.347464 0.071549 0.100000
v -0.345317 0.071072 0.100000
v -0.342958 0.070668 0.100000
v -0.340386 0.070337 0.100000
v -0.337603 0.070080 0.100000
v -0.334607 0.069896 0.100000
v -0.331398 0.069786 0.100000
v -0.327978 0.069749 0.100000
v -0.324496 0.069786 0.100000
v -0.321235 0.069896 0.100000
v -0.318194 0.070080 0.100000
v -0.315373 0.070337 0.100000
v -0.312773 0.070668 0.100000
v -0.310394 0.071072 0.100000
v -0.308234 0.071549 0.100000
v -0.306296 0.072100 0.100000
v -0.304577 0.072725 0.100000
v -0.303079 0.073423 0.100000
v -0.301802 0.074194 0.100000
v -0.300744 0.075039 0.100000
v -0.299837 0.075939 0.100000
v -0.299008 0.076873 0.100000
v -0.298259 0.077843 0.100000
v -0.297588 0.078849 0.100000
v -0.296996 0.079890 0.100000
v -0.296483 0.080966 0.100000
v -0.296049 0.082077 0.100000
v -0.295694 0.083224 0.100000
v -0.295418 0.084407 0.100000
v -0.295220 0.085625 0.100000
v -0.295102 0.086878 0.100000
v -0.295063 0.088166 0.100000
v -0.295063 0.193574 0.100000
v -0.295102 0.194861 0.100000
v -0.295220 0.196110 0.100000
v -0.295418 0.197321 0.100000
v -0.295694 0.198494 0.100000
v -0.296049 0.199628 0.100000
v -0.296483 0.200725 0.100000
v -0.296996 0.201783 0.100000
v -0.297588 0.202804 0.100000
v -0.298259 0.203786 0.100000
v -0.299008 0.204730 0.100000
v -0.299837 0.205637 0.100000
v -0.300744 0.206505 0.100000
v -0.301802 0.207318 0.100000
v -0.303079 0.208061 0.100000
v -0.304577 0.208733 0.100000
v -0.306296 0.209335 0.100000
v -0.308234 0.209865 0.100000
v -0.310394 0.210325 0.100000
v -0.312773 0.210714 0.100000
v -0.315373 0.211033 0.100000
v -0.318194 0.211280 0.100000
v -0.321235 0.211457 0.100000
v -0.324496 0.211563 0.100000
v -0.327978 0.211599 0.100000
v -0.331398 0.211563 0.100000
v -0.334607 0.211457 0.100000
v -0.337603 0.211280 0.100000
v -0.340387 0.211033 0.100000
v -0.342958 0.210714 0.100000
v -0.345317 0.210325 0.100000
v -0.347464 0.209865 0.100000
v -0.349399 0.209335 0.100000
v -0.351122 0.208733 0.100000
v -0.352632 0.208061 0.100000
v -0.353930 0.207318 0.100000
v -0.355016 0.206505 0.100000
v -0.355954 0.205637 0.100000
v -0.356812 0.204730 0.100000
v -0.357587 0.203786 0.100000
v -0.358281 0.202804 0.100000
v -0.358893 0.201783 0.100000
v -0.359424 0.200725 0.100000
v -0.359873 0.199628 0.100000
v -0.360240 0.198494 0.100000
v -0.360526 0.197321 0.100000
v -0.360730 0.196110 0.100000
v -0.360852 0.194861 0.100000
v -0.507445 0.015674 0.100000
v -0.510659 0.013170 0.100000
v -0.514161 0.010885 0.100000
v -0.517952 0.008817 0.100000
v -0.522031 0.006966 0.100000
v -0.526398 0.005334 0.100000
v -0.531054 0.003918 0.100000
v -0.535998 0.002721 0.100000
v -0.541231 0.001742 0.100000
v -0.546752 0.000980 0.100000
v -0.552562 0.000435 0.100000
v -0.558660 0.000109 0.100000
v -0.565047 -0.000000 0.100000
v -0.715517 -0.000000 0.100000
v -0.717770 0.000098 0.100000
v -0.719827 0.000392 0.100000
v -0.721689 0.000882 0.100000
v -0.723354 0.001567 0.100000
v -0.724824 0.002449 0.100000
v -0.726097 0.003527 0.100000
v -0.727175 0.004800 0.100000
v -0.728056 0.006270 0.100000
v -0.728742 0.007935 0.100000
v -0.729232 0.009796 0.100000
v -0.729526 0.011853 0.100000
v -0.729624 0.014107 0.100000
v -0.729624 0.268025 0.100000
v -0.729526 0.270278 0.100000
v -0.729232 0.272335 0.100000
v -0.728742 0.274197 0.100000
v -0.728056 0.275862 0.100000
v -0.727175 0.277331 0.100000
v -0.726097 0.278605 0.100000
v -0.724823 0.279683 0.100000
v -0.723354 0.280564 0.100000
v -0.721689 0.281250 0.100000
v -0.719827 0.281740 0.100000
v -0.717770 0.282034 0.100000
v -0.715517 0.282132 0.100000
v -0.590517 0.282132 0.100000
v -0.584256 0.282031 0.100000
v -0.578272 0.281729 0.100000
v -0.572566 0.281226 0.100000
v -0.567137 0.280521 0.100000
v -0.561986 0.279615 0.100000
v -0.557112 0.278507 0.100000
v -0.552516 0.277198 0.100000
v -0.548197 0.275688 0.100000
v -0.544156 0.273976 0.100000
v -0.540393 0.272063 0.100000
v -0.536907 0.269949 0.100000
v -0.533699 0.267633 0.100000
v -0.530757 0.265103 0.100000
v -0.528072 0.262343 0.100000
v -0.525642 0.259355 0.100000
v -0.523467 0.256139 0.100000
v -0.521549 0.252694 0.100000
v -0.519886 0.249020 0.100000
v -0.518479 0.245118 0.100000
v -0.517328 0.240987 0.100000
v -0.516433 0.236628 0.100000
v -0.515794 0.232040 0.100000
v -0.515410 0.227224 0.100000
v -0.515282 0.222179 0.100000
v -0.515282 0.203370 0.100000
v -0.515443 0.198107 0.100000
v -0.515924 0.193160 0.100000
v -0.516727 0.188529 0.100000
v -0.517851 0.184213 0.100000
v -0.519296 0.180213 0.100000
v -0.521062 0.176528 0.100000
v -0.523149 0.173159 0.100000
v -0.525557 0.170106 0.100000
v -0.528287 0.167369 0.100000
v -0.531337 0.164947 0.100000
v -0.534709 0.162841 0.100000
v -0.538401 0.161050 0.100000
v -0.534250 0.160573 0.100000
v -0.530287 0.159924 0.100000
v -0.526511 0.159103 0.100000
v -0.522923 0.158111 0.100000
v -0.519523 0.156948 0.100000
v -0.516311 0.155613 0.100000
v -0.513286 0.154107 0.100000
v -0.510449 0.152429 0.100000
v -0.507800 0.150580 0.100000
v -0.505339 0.148560 0.100000
v -0.503065 0.146368 0.100000
v -0.500980 0.144005 0.100000
v -0.499071 0.141456 0.100000
v -0.497328 0.138709 0.100000
v -0.495751 0.135764 0.100000
v -0.494340 0.132619 0.100000
v -0.493095 0.129276 0.100000
v -0.492016 0.125735 0.100000
v -0.491103 0.121994 0.100000
v -0.490356 0.118056 0.100000
v -0.489775 0.113918 0.100000
v -0.489360 0.109582 0.100000
v -0.489111 0.105047 0.100000
v -0.489028 0.100313 0.100000
v -0.489028 0.064263 0.100000
v -0.489156 0.058897 0.100000
v -0.489540 0.053770 0.100000
v -0.490179 0.048883 0.100000
v -0.491074 0.044235 0.100000
v -0.492225 0.039827 0.100000
v -0.493632 0.035658 0.100000
v -0.495295 0.031729 0.100000
v -0.497213 0.028039 0.100000
v -0.499388 0.024589 0.100000
v -0.501818 0.021378 0.100000
v -0.504503 0.018406 0.100000
v -0.590517 0.112853 0.100000
v -0.641458 0.112853 0.100000
v -0.641458 0.066614 0.100000
v -0.590517 0.066614 0.100000
v -0.588139 0.066723 0.100000
v -0.585967 0.067050 0.100000
v -0.584003 0.067594 0.100000
v -0.582245 0.068356 0.100000
v -0.580694 0.069336 0.100000
v -0.579349 0.070533 0.100000
v -0.578212 0.071948 0.100000
v -0.577281 0.073581 0.100000
v -0.576558 0.075431 0.100000
v -0.576041 0.077499 0.100000
v -0.575730 0.079785 0.100000
v -0.575627 0.082288 0.100000
v -0.575627 0.097571 0.100000
v -0.575730 0.100011 0.100000
v -0.576041 0.102240 0.100000
v -0.576558 0.104256 0.100000
v -0.577281 0.106061 0.100000
v -0.578212 0.107653 0.100000
v -0.579349 0.109032 0.100000
v -0.580694 0.110200 0.100000
v -0.582245 0.111155 0.100000
v -0.584003 0.111898 0.100000
v -0.585967 0.112428 0.100000
v -0.588139 0.112747 0.100000
v -0.608150 0.215517 0.100000
v -0.641458 0.215517 0.100000
v -0.641458 0.173197 0.100000
v -0.608150 0.173197 0.100000
v -0.605772 0.173306 0.100000
v -0.603601 0.173633 0.100000
v -0.601636 0.174177 0.100000
v -0.599878 0.174939 0.100000
v -0.598327 0.175919 0.100000
v -0.596983 0.177116 0.100000
v -0.595845 0.178531 0.100000
v -0.594915 0.180164 0.100000
v -0.594191 0.182014 0.100000
v -0.593674 0.184082 0.100000
v -0.593363 0.186368 0.100000
v -0.593260 0.188871 0.100000
v -0.593260 0.199843 0.100000
v -0.593364 0.202347 0.100000
v -0.593674 0.204633 0.100000
v -0.594191 0.206701 0.100000
v -0.594915 0.208551 0.100000
v -0.595845 0.210184 0.100000
v -0.596983 0.211599 0.100000
v -0.598327 0.212796 0.100000
v -0.599878 0.213776 0.100000
v -0.601636 0.214538 0.100000
v -0.603601 0.215082 0.100000
v -0.605772 0.215408 0.100000
v -0.935737 0.068966 0.100000
v -0.935737 0.014107 0.100000
v -0.935835 0.011853 0.100000
v -0.936128 0.009796 0.100000
v -0.936618 0.007935 0.100000
v -0.937304 0.006270 0.100000
v -0.938186 0.004800 0.100000
v -0.939263 0.003527 0.100000
v -0.940537 0.002449 0.100000
v -0.942006 0.001567 0.100000
v -0.943672 0.000882 0.100000
v -0.945533 0.000392 0.100000
v -0.947590 0.000098 0.100000
v -0.949843 -0.000000 0.100000
v -1.007445 -0.000000 0.100000
v -1.009698 0.000098 0.100000
v -1.011755 0.000392 0.100000
v -1.013617 0.000882 0.100000
v -1.015282 0.001567 0.100000
v -1.016751 0.002449 0.100000
v -1.018025 0.003527 0.100000
v -1.019102 0.004800 0.100000
v -1.019984 0.006270 0.100000
v -1.020670 0.007935 0.100000
v -1.021160 0.009796 0.100000
v -1.021453 0.011853 0.100000
v -1.021552 0.014107 0.100000
v -1.021552 0.117555 0.100000
v -1.021526 0.119539 0.100000
v -1.021448 0.121571 0.100000
v -1.021319 0.123653 0.100000
v -1.021138 0.125784 0.100000
v -1.020905 0.127963 0.100000
v -1.020621 0.130192 0.100000
v -1.020285 0.132470 0.100000
v -1.019897 0.134796 0.100000
v -1.019458 0.137172 0.100000
v -1.018966 0.139596 0.100000
v -1.018424 0.142070 0.100000
v -1.017829 0.144592 0.100000
v -1.017180 0.147175 0.100000
v -1.016474 0.149828 0.100000
v -1.015711 0.152552 0.100000
v -1.014890 0.155347 0.100000
v -1.014013 0.158212 0.100000
v -1.013078 0.161148 0.100000
v -1.012086 0.164155 0.100000
v -1.011037 0.167233 0.100000
v -1.009931 0.170381 0.100000
v -1.008767 0.173600 0.100000
v -1.007547 0.176890 0.100000
v -1.006269 0.180251 0.100000
v -0.972179 0.269201 0.100000
v -0.971381 0.271266 0.100000
v -0.970426 0.273152 0.100000
v -0.969313 0.274858 0.100000
v -0.968042 0.276385 0.100000
v -0.966614 0.277731 0.100000
v -0.965027 0.278899 0.100000
v -0.963283 0.279887 0.100000
v -0.961381 0.280695 0.100000
v -0.959321 0.281323 0.100000
v -0.957103 0.281772 0.100000
v -0.954728 0.282042 0.100000
v -0.952194 0.282132 0.100000
v -0.846787 0.282132 0.100000
v -0.844316 0.282042 0.100000
v -0.841997 0.281772 0.100000
v -0.839831 0.281323 0.100000
v -0.837818 0.280695 0.100000
v -0.835956 0.279887 0.100000
v -0.834248 0.278899 0.100000
v -0.832691 0.277732 0.100000
v -0.831287 0.276385 0.100000
v -0.830035 0.274858 0.100000
v -0.828936 0.273152 0.100000
v -0.827989 0.271266 0.100000
v -0.827194 0.269201 0.100000
v -0.793103 0.180251 0.100000
v -0.791826 0.176890 0.100000
v -0.790605 0.173600 0.100000
v -0.789442 0.170381 0.100000
v -0.788336 0.167233 0.100000
v -0.787287 0.164155 0.100000
v -0.786295 0.161148 0.100000
v -0.785360 0.158212 0.100000
v -0.784483 0.155347 0.100000
v -0.783662 0.152552 0.100000
v -0.782899 0.149828 0.100000
v -0.782193 0.147175 0.100000
v -0.781544 0.144592 0.100000
v -0.780949 0.142070 0.100000
v -0.780406 0.139596 0.100000
v -0.779915 0.137172 0.100000
v -0.779476 0.134796 0.100000
v -0.779088 0.132470 0.100000
v -0.778752 0.130192 0.100000
v -0.778467 0.127963 0.100000
v -0.778235 0.125784 0.100000
v -0.778054 0.123653 0.100000
v -0.777925 0.121571 0.100000
v -0.777847 0.119539 0.100000
v -0.777821 0.117555 0.100000
v -0.777821 0.014107 0.100000
v -0.777919 0.011853 0.100000
v -0.778213 0.009796 0.100000
v -0.778703 0.007935 0.100000
v -0.779389 0.006270 0.100000
v -0.780270 0.004800 0.100000
v -0.781348 0.003527 0.100000
v -0.782621 0.002449 0.100000
v -0.784091 0.001567 0.100000
v -0.785756 0.000882 0.100000
v -0.787618 0.000392 0.100000
v -0.789675 0.000098 0.100000
v -0.791928 -0.000000 0.100000
v -0.851097 -0.000000 0.100000
v -0.853538 0.000098 0.100000
v -0.855767 0.000392 0.100000
v -0.857783 0.000882 0.100000
v -0.859587 0.001567 0.100000
v -0.861179 0.002449 0.100000
v -0.862559 0.003527 0.100000
v -0.863726 0.004800 0.100000
v -0.864681 0.006270 0.100000
v -0.865424 0.007935 0.100000
v -0.865954 0.009796 0.100000
v -0.866273 0.011853 0.100000
v -0.866379 0.014107 0.100000
v -0.866379 0.068966 0.100000
v -0.905956 0.206505 0.100000
v -0.906726 0.206458 0.100000
v -0.907469 0.206320 0.100000
v -0.908185 0.206088 0.100000
v -0.908873 0.205765 0.100000
v -0.909534 0.205348 0.100000
v -0.910168 0.204839 0.100000
v -0.910775 0.204238 0.100000
v -0.911355 0.203544 0.100000
v -0.911907 0.202758 0.100000
v -0.912432 0.201879 0.100000
v -0.912930 0.200907 0.100000
v -0.913401 0.199843 0.100000
v -0.931818 0.140282 0.100000
v -0.870298 0.140282 0.100000
v -0.888715 0.199843 0.100000
v -0.889185 0.200907 0.100000
v -0.889683 0.201879 0.100000
v -0.890209 0.202758 0.100000
v -0.890761 0.203544 0.100000
v -0.891341 0.204238 0.100000
v -0.891947 0.204839 0.100000
v -0.892581 0.205348 0.100000
v -0.893243 0.205765 0.100000
v -0.893931 0.206088 0.100000
v -0.894647 0.206320 0.100000
v -0.895390 0.206458 0.100000
v -0.896160 0.206505 0.100000
v 1.023511 0.014107 -0.100000
v 1.023413 0.011853 -0.100000
v 1.023119 0.009796 -0.100000
v 1.022629 0.007935 -0.100000
v 1.021944 0.006270 -0.100000
v 1.021062 0.004800 -0.100000
v 1.019984 0.003527 -0.100000
v 1.018711 0.002449 -0.100000
v 1.017242 0.001567 -0.100000
v 1.015576 0.000882 -0.100000
v 1.013715 0.000392 -0.100000
v 1.011658 0.000098 -0.100000
v 1.009404 0.000000 -0.100000
v 0.827586 0.000000 -0.100000
v 0.825333 0.000098 -0.100000
v 0.823276 0.000392 -0.100000
v 0.821415 0.000882 -0.100000
v 0.819749 0.001567 -0.100000
v 0.818280 0.002449 -0.100000
v 0.817006 0.003527 -0.100000
v 0.815929 0.004800 -0.100000
v 0.815047 0.006270 -0.100000
v 0.814361 0.007935 -0.100000
v 0.813872 0.009796 -0.100000
v 0.813578 0.011853 -0.100000
v 0.813480 0.014107 -0.100000
v 0.813480 0.268025 -0.100000
v 0.813578 0.270278 -0.100000
v 0.813872 0.272335 -0.100000
v 0.814361 0.274197 -0.100000
v 0.815047 0.275862 -0.100000
v 0.815929 0.277331 -0.100000
v 0.817006 0.278605 -0.100000
v 0.818280 0.279683 -0.100000
v 0.819749 0.280564 -0.100000
v 0.821415 0.281250 -0.100000
v 0.823276 0.281740 -0.100000
v 0.825333 0.282034 -0.100000
v 0.827586 0.282132 -0.100000
v 1.009404 0.282132 -0.100000
v 1.011658 0.282034 -0.100000
v 1.013715 0.281740 -0.100000
v 1.015576 0.281250 -0.100000
v 1.017241 0.280564 -0.100000
v 1.018711 0.279683 -0.100000
v 1.019984 0.278605 -0.100000
v 1.021062 0.277332 -0.100000
v 1.021944 0.275862 -0.100000
v 1.022629 0.274197 -0.100000
v 1.023119 0.272335 -0.100000
v 1.023413 0.270278 -0.100000
v 1.023511 0.268025 -0.100000
v 1.023511 0.222179 -0.100000
v 1.023413 0.219926 -0.100000
v 1.023119 0.217868 -0.100000
v 1.022629 0.216007 -0.100000
v 1.021944 0.214342 -0.100000
v 1.021062 0.212872 -0.100000
v 1.019984 0.211599 -0.100000
v 1.018711 0.210521 -0.100000
v 1.017242 0.209639 -0.100000
v 1.015576 0.208954 -0.100000
v 1.013715 0.208464 -0.100000
v 1.011658 0.208170 -0.100000
v 1.009404 0.208072 -0.100000
v 0.901254 0.208072 -0.100000
v 0.901254 0.177900 -0.100000
v 0.977665 0.177900 -0.100000
v 0.979918 0.177802 -0.100000
v 0.981975 0.177508 -0.100000
v 0.983836 0.177018 -0.100000
v 0.985502 0.176332 -0.100000
v 0.986971 0.175451 -0.100000
v 0.988244 0.174373 -0.100000
v 0.989322 0.173100 -0.100000
v 0.990204 0.171630 -0.100000
v 0.990889 0.169965 -0.100000
v 0.991379 0.168103 -0.100000
v 0.991673 0.166046 -0.100000
v 0.991771 0.163793 -0.100000
v 0.991771 0.121865 -0.100000
v 0.991673 0.119612 -0.100000
v 0.991379 0.117555 -0.100000
v 0.990889 0.115694 -0.100000
v 0.990204 0.114028 -0.100000
v 0.989322 0.112559 -0.100000
v 0.988244 0.111285 -0.100000
v 0.986971 0.110208 -0.100000
v 0.985502 0.109326 -0.100000
v 0.983836 0.108640 -0.100000
v 0.981975 0.108150 -0.100000
v 0.979918 0.107857 -0.100000
v 0.977665 0.107759 -0.100000
v 0.901254 0.107759 -0.100000
v 0.901254 0.074060 -0.100000
v 1.009404 0.074060 -0.100000
v 1.011658 0.073962 -0.100000
v 1.013715 0.073668 -0.100000
v 1.015576 0.073178 -0.100000
v 1.017241 0.072492 -0.100000
v 1.018711 0.071611 -0.100000
v 1.019984 0.070533 -0.100000
v 1.021062 0.069259 -0.100000
v 1.021944 0.067790 -0.100000
v 1.022629 0.066125 -0.100000
v 1.023119 0.064263 -0.100000
v 1.023413 0.062206 -0.100000
v 1.023511 0.059953 -0.100000
v 0.567398 0.014107 -0.100000
v 0.567300 0.011853 -0.100000
v 0.567006 0.009796 -0.100000
v 0.566516 0.007935 -0.100000
v 0.565831 0.006270 -0.100000
v 0.564949 0.004800 -0.100000
v 0.563871 0.003527 -0.100000
v 0.562598 0.002449 -0.100000
v 0.561128 0.001567 -0.100000
v 0.559463 0.000882 -0.100000
v 0.557602 0.000392 -0.100000
v 0.555545 0.000098 -0.100000
v 0.553292 0.000000 -0.100000
v 0.494906 0.000000 -0.100000
v 0.492653 0.000098 -0.100000
v 0.490596 0.000392 -0.100000
v 0.488734 0.000882 -0.100000
v 0.487069 0.001567 -0.100000
v 0.485600 0.002449 -0.100000
v 0.484326 0.003527 -0.100000
v 0.483248 0.004800 -0.100000
v 0.482367 0.006270 -0.100000
v 0.481681 0.007935 -0.100000
v 0.481191 0.009796 -0.100000
v 0.480897 0.011853 -0.100000
v 0.480799 0.014107 -0.100000
v 0.480799 0.268025 -0.100000
v 0.480897 0.270278 -0.100000
v 0.481191 0.272335 -0.100000
v 0.481681 0.274197 -0.100000
v 0.482367 0.275862 -0.100000
v 0.483248 0.277331 -0.100000
v 0.484326 0.278605 -0.100000
v 0.485600 0.279683 -0.100000
v 0.487069 0.280564 -0.100000
v 0.488734 0.281250 -0.100000
v 0.490596 0.281740 -0.100000
v 0.492653 0.282034 -0.100000
v 0.494906 0.282132 -0.100000
v 0.557994 0.282132 -0.100000
v 0.559915 0.282050 -0.100000
v 0.561760 0.281805 -0.100000
v 0.563529 0.281397 -0.100000
v 0.565221 0.280825 -0.100000
v 0.566838 0.280091 -0.100000
v 0.568378 0.279193 -0.100000
v 0.569842 0.278132 -0.100000
v 0.571230 0.276907 -0.100000
v 0.572541 0.275519 -0.100000
v 0.573777 0.273968 -0.100000
v 0.574936 0.272254 -0.100000
v 0.576019 0.270376 -0.100000
v 0.611285 0.206505 -0.100000
v 0.611608 0.205931 -0.100000
v 0.611922 0.205384 -0.100000
v 0.612228 0.204864 -0.100000
v 0.612526 0.204371 -0.100000
v 0.612816 0.203906 -0.100000
v 0.613098 0.203468 -0.100000
v 0.613371 0.203057 -0.100000
v 0.613636 0.202673 -0.100000
v 0.613894 0.202317 -0.100000
v 0.614142 0.201988 -0.100000
v 0.614383 0.201685 -0.100000
v 0.614616 0.201411 -0.100000
v 0.614851 0.201160 -0.100000
v 0.615100 0.200932 -0.100000
v 0.615363 0.200725 -0.100000
v 0.615639 0.200540 -0.100000
v 0.615929 0.200377 -0.100000
v 0.616232 0.200235 -0.100000
v 0.616549 0.200115 -0.100000
v 0.616880 0.200017 -0.100000
v 0.617224 0.199941 -0.100000
v 0.617582 0.199887 -0.100000
v 0.617954 0.199854 -0.100000
v 0.618339 0.199843 -0.100000
v 0.621865 0.199843 -0.100000
v 0.622250 0.199854 -0.100000
v 0.622622 0.199887 -0.100000
v 0.622980 0.199941 -0.100000
v 0.623324 0.200017 -0.100000
v 0.623654 0.200115 -0.100000
v 0.623971 0.200235 -0.100000
v 0.624275 0.200377 -0.100000
v 0.624565 0.200540 -0.100000
v 0.624841 0.200725 -0.100000
v 0.625103 0.200932 -0.100000
v 0.625352 0.201160 -0.100000
v 0.625588 0.201411 -0.100000
v 0.625820 0.201685 -0.100000
v 0.626061 0.201988 -0.100000
v 0.626310 0.202317 -0.100000
v 0.626567 0.202673 -0.100000
v 0.626833 0.203057 -0.100000
v 0.627106 0.203468 -0.100000
v 0.627388 0.203906 -0.100000
v 0.627678 0.204371 -0.100000
v 0.627976 0.204864 -0.100000
v 0.628282 0.205384 -0.100000
v 0.628596 0.205931 -0.100000
v 0.628919 0.206505 -0.100000
v 0.663793 0.270376 -0.100000
v 0.664876 0.272254 -0.100000
v 0.666035 0.273968 -0.100000
v 0.667271 0.275519 -0.100000
v 0.668582 0.276907 -0.100000
v 0.669970 0.278132 -0.100000
v 0.671434 0.279193 -0.100000
v 0.672974 0.280091 -0.100000
v 0.674591 0.280825 -0.100000
v 0.676283 0.281397 -0.100000
v 0.678052 0.281805 -0.100000
v 0.679897 0.282050 -0.100000
v 0.681818 0.282132 -0.100000
v 0.745298 0.282132 -0.100000
v 0.747551 0.282034 -0.100000
v 0.749608 0.281740 -0.100000
v 0.751469 0.281250 -0.100000
v 0.753135 0.280564 -0.100000
v 0.754604 0.279683 -0.100000
v 0.755878 0.278605 -0.100000
v 0.756955 0.277332 -0.100000
v 0.757837 0.275862 -0.100000
v 0.758523 0.274197 -0.100000
v 0.759013 0.272335 -0.100000
v 0.759306 0.270278 -0.100000
v 0.759404 0.268025 -0.100000
v 0.759404 0.014107 -0.100000
v 0.759306 0.011853 -0.100000
v 0.759013 0.009796 -0.100000
v 0.758523 0.007935 -0.100000
v 0.757837 0.006270 -0.100000
v 0.756955 0.004800 -0.100000
v 0.755878 0.003527 -0.100000
v 0.754604 0.002449 -0.100000
v 0.753135 0.001567 -0.100000
v 0.751469 0.000882 -0.100000
v 0.749608 0.000392 -0.100000
v 0.747551 0.000098 -0.100000
v 0.745298 0.000000 -0.100000
v 0.684953 0.000000 -0.100000
v 0.682700 0.000098 -0.100000
v 0.680643 0.000392 -0.100000
v 0.678781 0.000882 -0.100000
v 0.677116 0.001567 -0.100000
v 0.675647 0.002449 -0.100000
v 0.674373 0.003527 -0.100000
v 0.673296 0.004800 -0.100000
v 0.672414 0.006270 -0.100000
v 0.671728 0.007935 -0.100000
v 0.671238 0.009796 -0.100000
v 0.670944 0.011853 -0.100000
v 0.670846 0.014107 -0.100000
v 0.670846 0.152038 -0.100000
v 0.647727 0.109326 -0.100000
v 0.646565 0.107323 -0.100000
v 0.645300 0.105495 -0.100000
v 0.643931 0.103840 -0.100000
v 0.642459 0.102360 -0.100000
v 0.640884 0.101054 -0.100000
v 0.639205 0.099922 -0.100000
v 0.637422 0.098964 -0.100000
v 0.635536 0.098180 -0.100000
v 0.633547 0.097571 -0.100000
v 0.631455 0.097135 -0.100000
v 0.629259 0.096874 -0.100000
v 0.626959 0.096787 -0.100000
v 0.611285 0.096787 -0.100000
v 0.608986 0.096874 -0.100000
v 0.606790 0.097135 -0.100000
v 0.604697 0.097571 -0.100000
v 0.602708 0.098180 -0.100000
v 0.600822 0.098964 -0.100000
v 0.599040 0.099922 -0.100000
v 0.597361 0.101054 -0.100000
v 0.595785 0.102360 -0.100000
v 0.594313 0.103840 -0.100000
v 0.592945 0.105495 -0.100000
v 0.591679 0.107323 -0.100000
v 0.590517 0.109326 -0.100000
v 0.567398 0.152038 -0.100000
v 0.282915 0.014107 -0.100000
v 0.282818 0.011853 -0.100000
v 0.282524 0.009796 -0.100000
v 0.282034 0.007935 -0.100000
v 0.281348 0.006270 -0.100000
v 0.280466 0.004800 -0.100000
v 0.279389 0.003527 -0.100000
v 0.278115 0.002449 -0.100000
v 0.276646 0.001567 -0.100000
v 0.274981 0.000882 -0.100000
v 0.273119 0.000392 -0.100000
v 0.271062 0.000098 -0.100000
v 0.268809 0.000000 -0.100000
v 0.205329 0.000000 -0.100000
v 0.203076 0.000098 -0.100000
v 0.201019 0.000392 -0.100000
v 0.199158 0.000882 -0.100000
v 0.197492 0.001567 -0.100000
v 0.196023 0.002449 -0.100000
v 0.194749 0.003527 -0.100000
v 0.193672 0.004800 -0.100000
v 0.192790 0.006270 -0.100000
v 0.192104 0.007935 -0.100000
v 0.191615 0.009796 -0.100000
v 0.191321 0.011853 -0.100000
v 0.191223 0.014107 -0.100000
v 0.191223 0.206505 -0.100000
v 0.133621 0.206505 -0.100000
v 0.131368 0.206603 -0.100000
v 0.129310 0.206897 -0.100000
v 0.127449 0.207386 -0.100000
v 0.125784 0.208072 -0.100000
v 0.124314 0.208954 -0.100000
v 0.123041 0.210031 -0.100000
v 0.121963 0.211305 -0.100000
v 0.121082 0.212774 -0.100000
v 0.120396 0.214440 -0.100000
v 0.119906 0.216301 -0.100000
v 0.119612 0.218358 -0.100000
v 0.119514 0.220611 -0.100000
v 0.119514 0.268025 -0.100000
v 0.119612 0.270278 -0.100000
v 0.119906 0.272335 -0.100000
v 0.120396 0.274197 -0.100000
v 0.121082 0.275862 -0.100000
v 0.121963 0.277331 -0.100000
v 0.123041 0.278605 -0.100000
v 0.124314 0.279683 -0.100000
v 0.125784 0.280564 -0.100000
v 0.127449 0.281250 -0.100000
v 0.129310 0.281740 -0.100000
v 0.131368 0.282034 -0.100000
v 0.133621 0.282132 -0.100000
v 0.340517 0.282132 -0.100000
v 0.342770 0.282034 -0.100000
v 0.344828 0.281740 -0.100000
v 0.346689 0.281250 -0.100000
v 0.348354 0.280564 -0.100000
v 0.349824 0.279683 -0.100000
v 0.351097 0.278605 -0.100000
v 0.352175 0.277332 -0.100000
v 0.353057 0.275862 -0.100000
v 0.353742 0.274197 -0.100000
v 0.354232 0.272335 -0.100000
v 0.354526 0.270278 -0.100000
v 0.354624 0.268025 -0.100000
v 0.354624 0.220611 -0.100000
v 0.354526 0.218358 -0.100000
v 0.354232 0.216301 -0.100000
v 0.353742 0.214440 -0.100000
v 0.353057 0.212774 -0.100000
v 0.352175 0.211305 -0.100000
v 0.351097 0.210031 -0.100000
v 0.349824 0.208954 -0.100000
v 0.348354 0.208072 -0.100000
v 0.346689 0.207386 -0.100000
v 0.344828 0.206897 -0.100000
v 0.342770 0.206603 -0.100000
v 0.340517 0.206505 -0.100000
v 0.282915 0.206505 -0.100000
v 0.083464 0.268025 -0.100000
v 0.083464 0.074060 -0.100000
v 0.083427 0.071079 -0.100000
v 0.083317 0.068144 -0.100000
v 0.083133 0.065255 -0.100000
v 0.082876 0.062413 -0.100000
v 0.082546 0.059617 -0.100000
v 0.082142 0.056867 -0.100000
v 0.081664 0.054164 -0.100000
v 0.081113 0.051506 -0.100000
v 0.080488 0.048895 -0.100000
v 0.079790 0.046331 -0.100000
v 0.079019 0.043812 -0.100000
v 0.078174 0.041340 -0.100000
v 0.077235 0.038920 -0.100000
v 0.076182 0.036556 -0.100000
v 0.075015 0.034250 -0.100000
v 0.073733 0.032001 -0.100000
v 0.072337 0.029809 -0.100000
v 0.070827 0.027674 -0.100000
v 0.069202 0.025597 -0.100000
v 0.067464 0.023576 -0.100000
v 0.065610 0.021613 -0.100000
v 0.063643 0.019707 -0.100000
v 0.061561 0.017858 -0.100000
v 0.059365 0.016066 -0.100000
v 0.057043 0.014337 -0.100000
v 0.054581 0.012675 -0.100000
v 0.051981 0.011082 -0.100000
v 0.049243 0.009557 -0.100000
v 0.046365 0.008100 -0.100000
v 0.043348 0.006710 -0.100000
v 0.040193 0.005389 -0.100000
v 0.036899 0.004136 -0.100000
v 0.033466 0.002951 -0.100000
v 0.029895 0.001834 -0.100000
v 0.026185 0.000785 -0.100000
v 0.022336 -0.000196 -0.100000
v 0.018327 -0.001103 -0.100000
v 0.014139 -0.001932 -0.100000
v 0.009772 -0.002682 -0.100000
v 0.005225 -0.003352 -0.100000
v 0.000498 -0.003944 -0.100000
v -0.004408 -0.004457 -0.100000
v -0.009494 -0.004891 -0.100000
v -0.014760 -0.005246 -0.100000
v -0.020205 -0.005523 -0.100000
v -0.025829 -0.005720 -0.100000
v -0.031634 -0.005838 -0.100000
v -0.037617 -0.005878 -0.100000
v -0.043601 -0.005838 -0.100000
v -0.049406 -0.005720 -0.100000
v -0.055030 -0.005523 -0.100000
v -0.060475 -0.005246 -0.100000
v -0.065741 -0.004891 -0.100000
v -0.070827 -0.004457 -0.100000
v -0.075733 -0.003944 -0.100000
v -0.080460 -0.003352 -0.100000
v -0.085007 -0.002682 -0.100000
v -0.089374 -0.001932 -0.100000
v -0.093562 -0.001103 -0.100000
v -0.097570 -0.000196 -0.100000
v -0.101420 0.000785 -0.100000
v -0.105130 0.001834 -0.100000
v -0.108701 0.002951 -0.100000
v -0.112134 0.004136 -0.100000
v -0.115428 0.005389 -0.100000
v -0.118583 0.006710 -0.100000
v -0.121600 0.008100 -0.100000
v -0.124477 0.009557 -0.100000
v -0.127216 0.011082 -0.100000
v -0.129816 0.012675 -0.100000
v -0.132278 0.014337 -0.100000
v -0.134600 0.016066 -0.100000
v -0.136796 0.017858 -0.100000
v -0.138878 0.019707 -0.100000
v -0.140845 0.021613 -0.100000
v -0.142698 0.023576 -0.100000
v -0.144437 0.025597 -0.100000
v -0.146062 0.027674 -0.100000
v -0.147572 0.029809 -0.100000
v -0.148968 0.032001 -0.100000
v -0.150250 0.034250 -0.100000
v -0.151417 0.036556 -0.100000
v -0.152470 0.038920 -0.100000
v -0.153409 0.041340 -0.100000
v -0.154254 0.043812 -0.100000
v -0.155025 0.046331 -0.100000
v -0.155723 0.048895 -0.100000
v -0.156348 0.051506 -0.100000
v -0.156899 0.054164 -0.100000
v -0.157376 0.056867 -0.100000
v -0.157781 0.059617 -0.100000
v -0.158111 0.062413 -0.100000
v -0.158368 0.065255 -0.100000
v -0.158552 0.068144 -0.100000
v -0.158662 0.071079 -0.100000
v -0.158699 0.074060 -0.100000
v -0.158699 0.268025 -0.100000
v -0.158601 0.270278 -0.100000
v -0.158307 0.272335 -0.100000
v -0.157817 0.274197 -0.100000
v -0.157132 0.275862 -0.100000
v -0.156250 0.277331 -0.100000
v -0.155172 0.278605 -0.100000
v -0.153899 0.279683 -0.100000
v -0.152429 0.280564 -0.100000
v -0.150764 0.281250 -0.100000
v -0.148903 0.281740 -0.100000
v -0.146846 0.282034 -0.100000
v -0.144592 0.282132 -0.100000
v -0.083072 0.282132 -0.100000
v -0.080819 0.282034 -0.100000
v -0.078762 0.281740 -0.100000
v -0.076900 0.281250 -0.100000
v -0.075235 0.280564 -0.100000
v -0.073766 0.279683 -0.100000
v -0.072492 0.278605 -0.100000
v -0.071414 0.277332 -0.100000
v -0.070533 0.275862 -0.100000
v -0.069847 0.274197 -0.100000
v -0.069357 0.272335 -0.100000
v -0.069063 0.270278 -0.100000
v -0.068965 0.268025 -0.100000
v -0.068965 0.089342 -0.100000
v -0.068925 0.088053 -0.100000
v -0.068802 0.086800 -0.100000
v -0.068598 0.085582 -0.100000
v -0.068312 0.084400 -0.100000
v -0.067945 0.083253 -0.100000
v -0.067496 0.082141 -0.100000
v -0.066965 0.081065 -0.100000
v -0.066353 0.080024 -0.100000
v -0.065659 0.079019 -0.100000
v -0.064884 0.078049 -0.100000
v -0.064026 0.077114 -0.100000
v -0.063088 0.076215 -0.100000
v -0.062007 0.075370 -0.100000
v -0.060726 0.074598 -0.100000
v -0.059243 0.073900 -0.100000
v -0.057558 0.073276 -0.100000
v -0.055672 0.072725 -0.100000
v -0.053585 0.072247 -0.100000
v -0.051297 0.071843 -0.100000
v -0.048807 0.071513 -0.100000
v -0.046116 0.071255 -0.100000
v -0.043223 0.071072 -0.100000
v -0.040129 0.070962 -0.100000
v -0.036834 0.070925 -0.100000
v -0.033476 0.070962 -0.100000
v -0.030325 0.071072 -0.100000
v -0.027380 0.071255 -0.100000
v -0.024643 0.071513 -0.100000
v -0.022112 0.071843 -0.100000
v -0.019788 0.072247 -0.100000
v -0.017671 0.072725 -0.100000
v -0.015761 0.073276 -0.100000
v -0.014058 0.073900 -0.100000
v -0.012561 0.074598 -0.100000
v -0.011271 0.075370 -0.100000
v -0.010188 0.076215 -0.100000
v -0.009249 0.077114 -0.100000
v -0.008392 0.078049 -0.100000
v -0.007616 0.079019 -0.100000
v -0.006923 0.080024 -0.100000
v -0.006310 0.081065 -0.100000
v -0.005780 0.082141 -0.100000
v -0.005331 0.083253 -0.100000
v -0.004963 0.084400 -0.100000
v -0.004678 0.085582 -0.100000
v -0.004474 0.086800 -0.100000
v -0.004351 0.088053 -0.100000
v -0.004310 0.089342 -0.100000
v -0.004310 0.268025 -0.100000
v -0.004212 0.270278 -0.100000
v -0.003918 0.272335 -0.100000
v -0.003429 0.274197 -0.100000
v -0.002743 0.275862 -0.100000
v -0.001861 0.277331 -0.100000
v -0.000784 0.278605 -0.100000
v 0.000490 0.279683 -0.100000
v 0.001959 0.280564 -0.100000
v 0.003625 0.281250 -0.100000
v 0.005486 0.281740 -0.100000
v 0.007543 0.282034 -0.100000
v 0.009796 0.282132 -0.100000
v 0.069357 0.282132 -0.100000
v 0.071611 0.282034 -0.100000
v 0.073668 0.281740 -0.100000
v 0.075529 0.281250 -0.100000
v 0.077194 0.280564 -0.100000
v 0.078664 0.279683 -0.100000
v 0.079937 0.278605 -0.100000
v 0.081015 0.277332 -0.100000
v 0.081897 0.275862 -0.100000
v 0.082582 0.274197 -0.100000
v 0.083072 0.272335 -0.100000
v 0.083366 0.270278 -0.100000
v -0.206505 0.207680 -0.100000
v -0.206505 0.074060 -0.100000
v -0.206541 0.071079 -0.100000
v -0.206652 0.068144 -0.100000
v -0.206835 0.065255 -0.100000
v -0.207092 0.062413 -0.100000
v -0.207423 0.059617 -0.100000
v -0.207827 0.056867 -0.100000
v -0.208305 0.054164 -0.100000
v -0.208856 0.051506 -0.100000
v -0.209480 0.048895 -0.100000
v -0.210178 0.046331 -0.100000
v -0.210950 0.043812 -0.100000
v -0.211795 0.041340 -0.100000
v -0.212732 0.038920 -0.100000
v -0.213781 0.036556 -0.100000
v -0.214942 0.034250 -0.100000
v -0.216214 0.032001 -0.100000
v -0.217597 0.029809 -0.100000
v -0.219093 0.027674 -0.100000
v -0.220700 0.025597 -0.100000
v -0.222418 0.023576 -0.100000
v -0.224248 0.021613 -0.100000
v -0.226190 0.019707 -0.100000
v -0.228243 0.017858 -0.100000
v -0.230407 0.016066 -0.100000
v -0.232700 0.014337 -0.100000
v -0.235137 0.012675 -0.100000
v -0.237718 0.011082 -0.100000
v -0.240443 0.009557 -0.100000
v -0.243313 0.008100 -0.100000
v -0.246326 0.006710 -0.100000
v -0.249484 0.005389 -0.100000
v -0.252786 0.004136 -0.100000
v -0.256233 0.002951 -0.100000
v -0.259823 0.001834 -0.100000
v -0.263558 0.000785 -0.100000
v -0.267437 -0.000196 -0.100000
v -0.271480 -0.001103 -0.100000
v -0.275704 -0.001932 -0.100000
v -0.280111 -0.002682 -0.100000
v -0.284700 -0.003352 -0.100000
v -0.289472 -0.003944 -0.100000
v -0.294426 -0.004457 -0.100000
v -0.299562 -0.004891 -0.100000
v -0.304881 -0.005246 -0.100000
v -0.310381 -0.005523 -0.100000
v -0.316065 -0.005720 -0.100000
v -0.321930 -0.005838 -0.100000
v -0.327978 -0.005878 -0.100000
v -0.334026 -0.005838 -0.100000
v -0.339891 -0.005720 -0.100000
v -0.345574 -0.005523 -0.100000
v -0.351075 -0.005246 -0.100000
v -0.356394 -0.004891 -0.100000
v -0.361530 -0.004457 -0.100000
v -0.366484 -0.003944 -0.100000
v -0.371256 -0.003352 -0.100000
v -0.375845 -0.002682 -0.100000
v -0.380252 -0.001932 -0.100000
v -0.384476 -0.001103 -0.100000
v -0.388519 -0.000196 -0.100000
v -0.392398 0.000785 -0.100000
v -0.396133 0.001834 -0.100000
v -0.399723 0.002951 -0.100000
v -0.403170 0.004136 -0.100000
v -0.406472 0.005389 -0.100000
v -0.409630 0.006710 -0.100000
v -0.412643 0.008100 -0.100000
v -0.415513 0.009557 -0.100000
v -0.418238 0.011082 -0.100000
v -0.420819 0.012675 -0.100000
v -0.423256 0.014337 -0.100000
v -0.425548 0.016066 -0.100000
v -0.427715 0.017858 -0.100000
v -0.429772 0.019707 -0.100000
v -0.431720 0.021613 -0.100000
v -0.433560 0.023576 -0.100000
v -0.435290 0.025597 -0.100000
v -0.436912 0.027674 -0.100000
v -0.438425 0.029809 -0.100000
v -0.439829 0.032001 -0.100000
v -0.441124 0.034250 -0.100000
v -0.442311 0.036556 -0.100000
v -0.443389 0.038920 -0.100000
v -0.444357 0.041340 -0.100000
v -0.445233 0.043812 -0.100000
v -0.446034 0.046331 -0.100000
v -0.446757 0.048895 -0.100000
v -0.447405 0.051506 -0.100000
v -0.447976 0.054164 -0.100000
v -0.448472 0.056867 -0.100000
v -0.448891 0.059617 -0.100000
v -0.449234 0.062413 -0.100000
v -0.449500 0.065255 -0.100000
v -0.449691 0.068144 -0.100000
v -0.449805 0.071079 -0.100000
v -0.449843 0.074060 -0.100000
v -0.449843 0.207680 -0.100000
v -0.449805 0.210661 -0.100000
v -0.449691 0.213596 -0.100000
v -0.449500 0.216485 -0.100000
v -0.449234 0.219327 -0.100000
v -0.448891 0.222123 -0.100000
v -0.448472 0.224873 -0.100000
v -0.447976 0.227576 -0.100000
v -0.447405 0.230233 -0.100000
v -0.446757 0.232844 -0.100000
v -0.446034 0.235409 -0.100000
v -0.445233 0.237927 -0.100000
v -0.444357 0.240400 -0.100000
v -0.443389 0.242820 -0.100000
v -0.442311 0.245183 -0.100000
v -0.441124 0.247490 -0.100000
v -0.439829 0.249739 -0.100000
v -0.438425 0.251931 -0.100000
v -0.436912 0.254065 -0.100000
v -0.435290 0.256143 -0.100000
v -0.433560 0.258164 -0.100000
v -0.431720 0.260127 -0.100000
v -0.429772 0.262033 -0.100000
v -0.427715 0.263882 -0.100000
v -0.425548 0.265674 -0.100000
v -0.423256 0.267405 -0.100000
v -0.420819 0.269070 -0.100000
v -0.418238 0.270670 -0.100000
v -0.415513 0.272205 -0.100000
v -0.412643 0.273674 -0.100000
v -0.409630 0.275078 -0.100000
v -0.406472 0.276417 -0.100000
v -0.403170 0.277691 -0.100000
v -0.399723 0.278899 -0.100000
v -0.396133 0.280042 -0.100000
v -0.392398 0.281119 -0.100000
v -0.388519 0.282132 -0.100000
v -0.384476 0.283070 -0.100000
v -0.380252 0.283928 -0.100000
v -0.375845 0.284703 -0.100000
v -0.371256 0.285397 -0.100000
v -0.366484 0.286009 -0.100000
v -0.361530 0.286540 -0.100000
v -0.356394 0.286989 -0.100000
v -0.351075 0.287356 -0.100000
v -0.345574 0.287642 -0.100000
v -0.339891 0.287846 -0.100000
v -0.334026 0.287969 -0.100000
v -0.327978 0.288009 -0.100000
v -0.321930 0.287969 -0.100000
v -0.316065 0.287846 -0.100000
v -0.310381 0.287642 -0.100000
v -0.304881 0.287356 -0.100000
v -0.299562 0.286989 -0.100000
v -0.294426 0.286540 -0.100000
v -0.289472 0.286009 -0.100000
v -0.284700 0.285397 -0.100000
v -0.280111 0.284703 -0.100000
v -0.275704 0.283928 -0.100000
v -0.271479 0.283070 -0.100000
v -0.267437 0.282132 -0.100000
v -0.263558 0.281119 -0.100000
v -0.259823 0.280042 -0.100000
v -0.256233 0.278899 -0.100000
v -0.252786 0.277691 -0.100000
v -0.249484 0.276417 -0.100000
v -0.246326 0.275078 -0.100000
v -0.243313 0.273674 -0.100000
v -0.240443 0.272205 -0.100000
v -0.237718 0.270670 -0.100000
v -0.235137 0.269070 -0.100000
v -0.232700 0.267405 -0.100000
v -0.230407 0.265674 -0.100000
v -0.228243 0.263882 -0.100000
v -0.226190 0.262033 -0.100000
v -0.224248 0.260127 -0.100000
v -0.222418 0.258164 -0.100000
v -0.220700 0.256143 -0.100000
v -0.219093 0.254065 -0.100000
v -0.217597 0.251931 -0.100000
v -0.216214 0.249739 -0.100000
v -0.214942 0.247490 -0.100000
v -0.213781 0.245183 -0.100000
v -0.212732 0.242820 -0.100000
v -0.211795 0.240400 -0.100000
v -0.210950 0.237927 -0.100000
v -0.210178 0.235409 -0.100000
v -0.209480 0.232844 -0.100000
v -0.208856 0.230233 -0.100000
v -0.208305 0.227576 -0.100000
v -0.207827 0.224873 -0.100000
v -0.207423 0.222123 -0.100000
v -0.207092 0.219327 -0.100000
v -0.206835 0.216485 -0.100000
v -0.206652 0.213596 -0.100000
v -0.206541 0.210661 -0.100000
v -0.360893 0.193574 -0.100000
v -0.360893 0.088166 -0.100000
v -0.360852 0.086878 -0.100000
v -0.360730 0.085625 -0.100000
v -0.360526 0.084407 -0.100000
v -0.360240 0.083224 -0.100000
v -0.359873 0.082078 -0.100000
v -0.359424 0.080966 -0.100000
v -0.358893 0.079890 -0.100000
v -0.358281 0.078849 -0.100000
v -0.357587 0.077843 -0.100000
v -0.356812 0.076873 -0.100000
v -0.355954 0.075939 -0.100000
v -0.355016 0.075039 -0.100000
v -0.353930 0.074194 -0.100000
v -0.352632 0.073423 -0.100000
v -0.351122 0.072725 -0.100000
v -0.349399 0.072100 -0.100000
v -0.347464 0.071549 -0.100000
v -0.345317 0.071072 -0.100000
v -0.342958 0.070668 -0.100000
v -0.340386 0.070337 -0.100000
v -0.337603 0.070080 -0.100000
v -0.334607 0.069896 -0.100000
v -0.331398 0.069786 -0.100000
v -0.327978 0.069749 -0.100000
v -0.324496 0.069786 -0.100000
v -0.321235 0.069896 -0.100000
v -0.318194 0.070080 -0.100000
v -0.315373 0.070337 -0.100000
v -0.312773 0.070668 -0.100000
v -0.310394 0.071072 -0.100000
v -0.308234 0.071549 -0.100000
v -0.306296 0.072100 -0.100000
v -0.304577 0.072725 -0.100000
v -0.303079 0.073423 -0.100000
v -0.301802 0.074194 -0.100000
v -0.300744 0.075039 -0.100000
v -0.299837 0.075939 -0.100000
v -0.299008 0.076873 -0.100000
v -0.298259 0.077843 -0.100000
v -0.297588 0.078849 -0.100000
v -0.296996 0.079890 -0.100000
v -0.296483 0.080966 -0.100000
v -0.296049 0.082077 -0.100000
v -0.295694 0.083224 -0.100000
v -0.295418 0.084407 -0.100000
v -0.295220 0.085625 -0.100000
v -0.295102 0.086878 -0.100000
v -0.295063 0.088166 -0.100000
v -0.295063 0.193574 -0.100000
v -0.295102 0.194861 -0.100000
v -0.295220 0.196110 -0.100000
v -0.295418 0.197321 -0.100000
v -0.295694 0.198494 -0.100000
v -0.296049 0.199628 -0.100000
v -0.296483 0.200725 -0.100000
v -0.296996 0.201783 -0.100000
v -0.297588 0.202804 -0.100000
v -0.298259 0.203786 -0.100000
v -0.299008 0.204730 -0.100000
v -0.299837 0.205637 -0.100000
v -0.300744 0.206505 -0.100000
v -0.301802 0.207318 -0.100000
v -0.303079 0.208061 -0.100000
v -0.304577 0.208733 -0.100000
v -0.306296 0.209335 -0.100000
v -0.308234 0.209865 -0.100000
v -0.310394 0.210325 -0.100000
v -0.312773 0.210714 -0.100000
v -0.315373 0.211033 -0.100000
v -0.318194 0.211280 -0.100000
v -0.321235 0.211457 -0.100000
v -0.324496 0.211563 -0.100000
v -0.327978 0.211599 -0.100000
v -0.331398 0.211563 -0.100000
v -0.334607 0.211457 -0.100000
v -0.337603 0.211280 -0.100000
v -0.340387 0.211033 -0.100000
v -0.342958 0.210714 -0.100000
v -0.345317 0.210325 -0.100000
v -0.347464 0.209865 -0.100000
v -0.349399 0.209335 -0.100000
v -0.351122 0.208733 -0.100000
v -0.352632 0.208061 -0.100000
v -0.353930 0.207318 -0.100000
v -0.355016 0.206505 -0.100000
v -0.355954 0.205637 -0.100000
v -0.356812 0.204730 -0.100000
v -0.357587 0.203786 -0.100000
v -0.358281 0.202804 -0.100000
v -0.358893 0.201783 -0.100000
v -0.359424 0.200725 -0.100000
v -0.359873 0.199628 -0.100000
v -0.360240 0.198494 -0.100000
v -0.360526 0.197321 -0.100000
v -0.360730 0.196110 -0.100000
v -0.360852 0.194861 -0.100000
v -0.507445 0.015674 -0.100000
v -0.510659 0.013171 -0.100000
v -0.514161 0.010885 -0.100000
v -0.517952 0.008817 -0.100000
v -0.522031 0.006966 -0.100000
v -0.526398 0.005334 -0.100000
v -0.531054 0.003918 -0.100000
v -0.535998 0.002721 -0.100000
v -0.541231 0.001742 -0.100000
v -0.546752 0.000980 -0.100000
v -0.552562 0.000435 -0.100000
v -0.558660 0.000109 -0.100000
v -0.565047 0.000000 -0.100000
v -0.715517 0.000000 -0.100000
v -0.717770 0.000098 -0.100000
v -0.719827 0.000392 -0.100000
v -0.721689 0.000882 -0.100000
v -0.723354 0.001567 -0.100000
v -0.724824 0.002449 -0.100000
v -0.726097 0.003527 -0.100000
v -0.727175 0.004800 -0.100000
v -0.728056 0.006270 -0.100000
v -0.728742 0.007935 -0.100000
v -0.729232 0.009796 -0.100000
v -0.729526 0.011853 -0.100000
v -0.729624 0.014107 -0.100000
v -0.729624 0.268025 -0.100000
v -0.729526 0.270278 -0.100000
v -0.729232 0.272335 -0.100000
v -0.728742 0.274197 -0.100000
v -0.728056 0.275862 -0.100000
v -0.727175 0.277331 -0.100000
v -0.726097 0.278605 -0.100000
v -0.724823 0.279683 -0.100000
v -0.723354 0.280564 -0.100000
v -0.721689 0.281250 -0.100000
v -0.719827 0.281740 -0.100000
v -0.717770 0.282034 -0.100000
v -0.715517 0.282132 -0.100000
v -0.590517 0.282132 -0.100000
v -0.584256 0.282031 -0.100000
v -0.578272 0.281729 -0.100000
v -0.572566 0.281226 -0.100000
v -0.567137 0.280521 -0.100000
v -0.561986 0.279615 -0.100000
v -0.557112 0.278507 -0.100000
v -0.552516 0.277198 -0.100000
v -0.548197 0.275688 -0.100000
v -0.544156 0.273976 -0.100000
v -0.540393 0.272063 -0.100000
v -0.536907 0.269949 -0.100000
v -0.533699 0.267633 -0.100000
v -0.530757 0.265103 -0.100000
v -0.528072 0.262343 -0.100000
v -0.525642 0.259355 -0.100000
v -0.523467 0.256139 -0.100000
v -0.521549 0.252694 -0.100000
v -0.519886 0.249020 -0.100000
v -0.518479 0.245118 -0.100000
v -0.517328 0.240987 -0.100000
v -0.516433 0.236628 -0.100000
v -0.515794 0.232040 -0.100000
v -0.515410 0.227224 -0.100000
v -0.515282 0.222179 -0.100000
v -0.515282 0.203370 -0.100000
v -0.515443 0.198107 -0.100000
v -0.515924 0.193160 -0.100000
v -0.516727 0.188529 -0.100000
v -0.517851 0.184213 -0.100000
v -0.519296 0.180213 -0.100000
v -0.521062 0.176528 -0.100000
v -0.523149 0.173159 -0.100000
v -0.525557 0.170106 -0.100000
v -0.528287 0.167369 -0.100000
v -0.531337 0.164947 -0.100000
v -0.534709 0.162841 -0.100000
v -0.538401 0.161050 -0.100000
v -0.534250 0.160573 -0.100000
v -0.530287 0.159924 -0.100000
v -0.526511 0.159103 -0.100000
v -0.522923 0.158111 -0.100000
v -0.519523 0.156948 -0.100000
v -0.516311 0.155613 -0.100000
v -0.513286 0.154107 -0.100000
v -0.510449 0.152429 -0.100000
v -0.507800 0.150580 -0.100000
v -0.505339 0.148560 -0.100000
v -0.503065 0.146368 -0.100000
v -0.500980 0.144005 -0.100000
v -0.499071 0.141456 -0.100000
v -0.497328 0.138709 -0.100000
v -0.495751 0.135764 -0.100000
v -0.494340 0.132619 -0.100000
v -0.493095 0.129276 -0.100000
v -0.492016 0.125735 -0.100000
v -0.491103 0.121994 -0.100000
v -0.490356 0.118056 -0.100000
v -0.489775 0.113918 -0.100000
v -0.489360 0.109582 -0.100000
v -0.489111 0.105047 -0.100000
v -0.489028 0.100313 -0.100000
v -0.489028 0.064263 -0.100000
v -0.489156 0.058897 -0.100000
v -0.489540 0.053770 -0.100000
v -0.490179 0.048883 -0.100000
v -0.491074 0.044235 -0.100000
v -0.492225 0.039827 -0.100000
v -0.493632 0.035658 -0.100000
v -0.495295 0.031729 -0.100000
v -0.497213 0.028039 -0.100000
v -0.499388 0.024589 -0.100000
v -0.501818 0.021378 -0.100000
v -0.504503 0.018406 -0.100000
v -0.590517 0.112853 -0.100000
v -0.641458 0.112853 -0.100000
v -0.641458 0.066614 -0.100000
v -0.590517 0.066614 -0.100000
v -0.588139 0.066723 -0.100000
v -0.585967 0.067050 -0.100000
v -0.584003 0.067594 -0.100000
v -0.582245 0.068356 -0.100000
v -0.580694 0.069336 -0.100000
v -0.579349 0.070533 -0.100000
v -0.578212 0.071948 -0.100000
v -0.577281 0.073581 -0.100000
v -0.576558 0.075431 -0.100000
v -0.576041 0.077499 -0.100000
v -0.575730 0.079785 -0.100000
v -0.575627 0.082288 -0.100000
v -0.575627 0.097571 -0.100000
v -0.575730 0.100011 -0.100000
v -0.576041 0.102240 -0.100000
v -0.576558 0.104256 -0.100000
v -0.577281 0.106061 -0.100000
v -0.578212 0.107653 -0.100000
v -0.579349 0.109032 -0.100000
v -0.580694 0.110200 -0.100000
v -0.582245 0.111155 -0.100000
v -0.584003 0.111898 -0.100000
v -0.585967 0.112428 -0.100000
v -0.588139 0.112747 -0.100000
v -0.608150 0.215517 -0.100000
v -0.641458 0.215517 -0.100000
v -0.641458 0.173197 -0.100000
v -0.608150 0.173197 -0.100000
v -0.605772 0.173306 -0.100000
v -0.603601 0.173633 -0.100000
v -0.601636 0.174177 -0.100000
v -0.599878 0.174939 -0.100000
v -0.598327 0.175919 -0.100000
v -0.596983 0.177116 -0.100000
v -0.595845 0.178531 -0.100000
v -0.594915 0.180164 -0.100000
v -0.594191 0.182014 -0.100000
v -0.593674 0.184082 -0.100000
v -0.593363 0.186368 -0.100000
v -0.593260 0.188871 -0.100000
v -0.593260 0.199843 -0.100000
v -0.593364 0.202347 -0.100000
v -0.593674 0.204633 -0.100000
v -0.594191 0.206701 -0.100000
v -0.594915 0.208551 -0.100000
v -0.595845 0.210184 -0.100000
v -0.596983 0.211599 -0.100000
v -0.598327 0.212796 -0.100000
v -0.599878 0.213776 -0.100000
v -0.601636 0.214538 -0.100000
v -0.603601 0.215082 -0.100000
v -0.605772 0.215408 -0.100000
v -0.935737 0.068966 -0.100000
v -0.935737 0.014107 -0.100000
v -0.935835 0.011853 -0.100000
v -0.936128 0.009796 -0.100000
v -0.936618 0.007935 -0.100000
v -0.937304 0.006270 -0.100000
v -0.938186 0.004800 -0.100000
v -0.939263 0.003527 -0.100000
v -0.940537 0.002449 -0.100000
v -0.942006 0.001567 -0.100000
v -0.943672 0.000882 -0.100000
v -0.945533 0.000392 -0.100000
v -0.947590 0.000098 -0.100000
v -0.949843 0.000000 -0.100000
v -1.007445 0.000000 -0.100000
v -1.009698 0.000098 -0.100000
v -1.011755 0.000392 -0.100000
v -1.013617 0.000882 -0.100000
v -1.015282 0.001567 -0.100000
v -1.016751 0.002449 -0.100000
v -1.018025 0.003527 -0.100000
v -1.019102 0.004800 -0.100000
v -1.019984 0.006270 -0.100000
v -1.020670 0.007935 -0.100000
v -1.021160 0.009796 -0.100000
v -1.021453 0.011853 -0.100000
v -1.021552 0.014107 -0.100000
v -1.021552 0.117555 -0.100000
v -1.021526 0.119539 -0.100000
v -1.021448 0.121571 -0.100000
v -1.021319 0.123653 -0.100000
v -1.021138 0.125784 -0.100000
v -1.020905 0.127963 -0.100000
v -1.020621 0.130192 -0.100000
v -1.020285 0.132470 -0.100000
v -1.019897 0.134796 -0.100000
v -1.019458 0.137172 -0.100000
v -1.018966 0.139596 -0.100000
v -1.018424 0.142070 -0.100000
v -1.017829 0.144592 -0.100000
v -1.017180 0.147175 -0.100000
v -1.016474 0.149828 -0.100000
v -1.015711 0.152552 -0.100000
v -1.014890 0.155347 -0.100000
v -1.014013 0.158212 -0.100000
v -1.013078 0.161148 -0.100000
v -1.012086 0.164155 -0.100000
v -1.011037 0.167233 -0.100000
v -1.009931 0.170381 -0.100000
v -1.008767 0.173600 -0.100000
v -1.007547 0.176890 -0.100000
v -1.006269 0.180251 -0.100000
v -0.972179 0.269201 -0.100000
v -0.971381 0.271266 -0.100000
v -0.970426 0.273152 -0.100000
v -0.969313 0.274858 -0.100000
v -0.968042 0.276385 -0.100000
v -0.966614 0.277731 -0.100000
v -0.965027 0.278899 -0.100000
v -0.963283 0.279887 -0.100000
v -0.961381 0.280695 -0.100000
v -0.959321 0.281323 -0.100000
v -0.957103 0.281772 -0.100000
v -0.954728 0.282042 -0.100000
v -0.952194 0.282132 -0.100000
v -0.846787 0.282132 -0.100000
v -0.844316 0.282042 -0.100000
v -0.841997 0.281772 -0.100000
v -0.839831 0.281323 -0.100000
v -0.837818 0.280695 -0.100000
v -0.835956 0.279887 -0.100000
v -0.834248 0.278899 -0.100000
v -0.832691 0.277732 -0.100000
v -0.831287 0.276385 -0.100000
v -0.830035 0.274858 -0.100000
v -0.828936 0.273152 -0.100000
v -0.827989 0.271266 -0.100000
v -0.827194 0.269201 -0.100000
v -0.793103 0.180251 -0.100000
v -0.791826 0.176890 -0.100000
v -0.790605 0.173600 -0.100000
v -0.789442 0.170381 -0.100000
v -0.788336 0.167233 -0.100000
v -0.787287 0.164155 -0.100000
v -0.786295 0.161148 -0.100000
v -0.785360 0.158212 -0.100000
v -0.784483 0.155347 -0.100000
v -0.783662 0.152552 -0.100000
v -0.782899 0.149828 -0.100000
v -0.782193 0.147175 -0.100000
v -0.781544 0.144592 -0.100000
v -0.780949 0.142070 -0.100000
v -0.780406 0.139596 -0.100000
v -0.779915 0.137172 -0.100000
v -0.779476 0.134796 -0.100000
v -0.779088 0.132470 -0.100000
v -0.778752 0.130192 -0.100000
v -0.778467 0.127963 -0.100000
v -0.778235 0.125784 -0.100000
v -0.778054 0.123653 -0.100000
v -0.777925 0.121571 -0.100000
v -0.777847 0.119539 -0.100000
v -0.777821 0.117555 -0.100000
v -0.777821 0.014107 -0.100000
v -0.777919 0.011853 -0.100000
v -0.778213 0.009796 -0.100000
v -0.778703 0.007935 -0.100000
v -0.779389 0.006270 -0.100000
v -0.780270 0.004800 -0.100000
v -0.781348 0.003527 -0.100000
v -0.782621 0.002449 -0.100000
v -0.784091 0.001567 -0.100000
v -0.785756 0.000882 -0.100000
v -0.787618 0.000392 -0.100000
v -0.789675 0.000098 -0.100000
v -0.791928 0.000000 -0.100000
v -0.851097 0.000000 -0.100000
v -0.853538 0.000098 -0.100000
v -0.855767 0.000392 -0.100000
v -0.857783 0.000882 -0.100000
v -0.859587 0.001567 -0.100000
v -0.861179 0.002449 -0.100000
v -0.862559 0.003527 -0.100000
v -0.863726 0.004800 -0.100000
v -0.864681 0.006270 -0.100000
v -0.865424 0.007935 -0.100000
v -0.865954 0.009796 -0.100000
v -0.866273 0.011853 -0.100000
v -0.866379 0.014107 -0.100000
v -0.866379 0.068966 -0.100000
v -0.905956 0.206505 -0.100000
v -0.906726 0.206458 -0.100000
v -0.907469 0.206320 -0.100000
v -0.908185 0.206088 -0.100000
v -0.908873 0.205765 -0.100000
v -0.909534 0.205348 -0.100000
v -0.910168 0.204839 -0.100000
v -0.910775 0.204238 -0.100000
v -0.911355 0.203544 -0.100000
v -0.911907 0.202758 -0.100000
v -0.912432 0.201879 -0.100000
v -0.912930 0.200907 -0.100000
v -0.913401 0.199843 -0.100000
v -0.931818 0.140282 -0.100000
v -0.870298 0.140282 -0.100000
v -0.888715 0.199843 -0.100000
v -0.889185 0.200907 -0.100000
v -0.889683 0.201879 -0.100000
v -0.890209 0.202758 -0.100000
v -0.890761 0.203544 -0.100000
v -0.891341 0.204238 -0.100000
v -0.891947 0.204839 -0.100000
v -0.892581 0.205348 -0.100000
v -0.893243 0.205765 -0.100000
v -0.893931 0.206088 -0.100000
v -0.894647 0.206320 -0.100000
v -0.895390 0.206458 -0.100000
v -0.896160 0.206505 -0.100000
v -0.935737 0.068966 -0.100000
v -0.935737 0.068966 0.100000
v -0.935737 0.014107 -0.100000
v -0.935737 0.014107 0.100000
v -0.935835 0.011853 -0.100000
v -0.935835 0.011853 0.100000
v -0.936128 0.009796 -0.100000
v -0.936128 0.009796 0.100000
v -0.936618 0.007935 -0.100000
v -0.936618 0.007935 0.100000
v -0.937304 0.006270 -0.100000
v -0.937304 0.006270 0.100000
v -0.938186 0.004800 -0.100000
v -0.938186 0.004800 0.100000
v -0.939263 0.003527 -0.100000
v -0.939263 0.003527 0.100000
v -0.940537 0.002449 -0.100000
v -0.940537 0.002449 0.100000
v -0.942006 0.001567 -0.100000
v -0.942006 0.001567 0.100000
v -0.943672 0.000882 -0.100000
v -0.943672 0.000882 0.100000
v -0.945533 0.000392 -0.100000
v -0.945533 0.000392 0.100000
v -0.947590 0.000098 -0.100000
v -0.947590 0.000098 0.100000
v -0.949843 0.000000 -0.100000
v -0.949843 -0.000000 0.100000
v -1.007445 0.000000 -0.100000
v -1.007445 -0.000000 0.100000
v -1.009698 0.000098 -0.100000
v -1.009698 0.000098 0.100000
v -1.011755 0.000392 -0.100000
v -1.011755 0.000392 0.100000
v -1.013617 0.000882 -0.100000
v -1.013617 0.000882 0.100000
v -1.015282 0.001567 -0.100000
v -1.015282 0.001567 0.100000
v -1.016751 0.002449 -0.100000
v -1.016751 0.002449 0.100000
v -1.018025 0.003527 -0.100000
v -1.018025 0.003527 0.100000
v -1.019102 0.004800 -0.100000
v -1.019102 0.004800 0.100000
v -1.019984 0.006270 -0.100000
v -1.019984 0.006270 0.100000
v -1.020670 0.007935 -0.100000
v -1.020670 0.007935 0.100000
v -1.021160 0.009796 -0.100000
v -1.021160 0.009796 0.100000
v -1.021453 0.011853 -0.100000
v -1.021453 0.011853 0.100000
v -1.021552 0.014107 -0.100000
v -1.021552 0.014107 0.100000
v -1.021552 0.117555 -0.100000
v -1.021552 0.117555 0.100000
v -1.021526 0.119539 -0.100000
v -1.021526 0.119539 0.100000
v -1.021448 0.121571 -0.100000
v -1.021448 0.121571 0.100000
v -1.021319 0.123653 -0.100000
v -1.021319 0.123653 0.100000
v -1.021138 0.125784 -0.100000
v -1.021138 0.125784 0.100000
v -1.020905 0.127963 -0.100000
v -1.020905 0.127963 0.100000
v -1.020621 0.130192 -0.100000
v -1.020621 0.130192 0.100000
v -1.020285 0.132470 -0.100000
v -1.020285 0.132470 0.100000
v -1.019897 0.134796 -0.100000
v -1.019897 0.134796 0.100000
v -1.019458 0.137172 -0.100000
v -1.019458 0.137172 0.100000
v -1.018966 0.139596 -0.100000
v -1.018966 0.139596 0.100000
v -1.018424 0.142070 -0.100000
v -1.018424 0.142070 0.100000
v -1.017829 0.144592 -0.100000
v -1.017829 0.144592 0.100000
v -1.017180 0.147175 -0.100000
v -1.017180 0.147175 0.100000
v -1.016474 0.149828 -0.100000
v -1.016474 0.149828 0.100000
v -1.015711 0.152552 -0.100000
v -1.015711 0.152552 0.100000
v -1.014890 0.155347 -0.100000
v -1.014890 0.155347 0.100000
v -1.014013 0.158212 -0.100000
v -1.014013 0.158212 0.100000
v -1.013078 0.161148 -0.100000
v -1.013078 0.161148 0.100000
v -1.012086 0.164155 -0.100000
v -1.012086 0.164155 0.100000
v -1.011037 0.167233 -0.100000
v -1.011037 0.167233 0.100000
v -1.009931 0.170381 -0.100000
v -1.009931 0.170381 0.100000
v -1.008767 0.173600 -0.100000
v -1.008767 0.173600 0.100000
v -1.007547 0.176890 -0.100000
v -1.007547 0.176890 0.100000
v -1.006269 0.180251 -0.100000
v -1.006269 0.180251 0.100000
v -0.972179 0.269201 -0.100000
v -0.972179 0.269201 0.100000
v -0.971381 0.271266 -0.100000
v -0.971381 0.271266 0.100000
v -0.970426 0.273152 -0.100000
v -0.970426 0.273152 0.100000
v -0.969313 0.274858 -0.100000
v -0.969313 0.274858 0.100000
v -0.968042 0.276385 -0.100000
v -0.968042 0.276385 0.100000
v -0.966614 0.277731 -0.100000
v -0.966614 0.277731 0.100000
v -0.965027 0.278899 -0.100000
v -0.965027 0.278899 0.100000
v -0.963283 0.279887 -0.100000
v -0.963283 0.279887 0.100000
v -0.961381 0.280695 -0.100000
v -0.961381 0.280695 0.100000
v -0.959321 0.281323 -0.100000
v -0.959321 0.281323 0.100000
v -0.957103 0.281772 -0.100000
v -0.957103 0.281772 0.100000
v -0.954728 0.282042 -0.100000
v -0.954728 0.282042 0.100000
v -0.952194 0.282132 -0.100000
v -0.952194 0.282132 0.100000
v -0.846787 0.282132 -0.100000
v -0.846787 0.282132 0.100000
v -0.844316 0.282042 -0.100000
v -0.844316 0.282042 0.100000
v -0.841997 0.281772 -0.100000
v -0.841997 0.281772 0.100000
v -0.839831 0.281323 -0.100000
v -0.839831 0.281323 0.100000
v -0.837818 0.280695 -0.100000
v -0.837818 0.280695 0.100000
v -0.835956 0.279887 -0.100000
v -0.835956 0.279887 0.100000
v -0.834248 0.278899 -0.100000
v -0.834248 0.278899 0.100000
v -0.832691 0.277732 -0.100000
v -0.832691 0.277732 0.100000
v -0.831287 0.276385 -0.100000
v -0.831287 0.276385 0.100000
v -0.830035 0.274858 -0.100000
v -0.830035 0.274858 0.100000
v -0.828936 0.273152 -0.100000
v -0.828936 0.273152 0.100000
v -0.827989 0.271266 -0.100000
v -0.827989 0.271266 0.100000
v -0.827194 0.269201 -0.100000
v -0.827194 0.269201 0.100000
v -0.793103 0.180251 -0.100000
v -0.793103 0.180251 0.100000
v -0.791826 0.176890 -0.100000
v -0.791826 0.176890 0.100000
v -0.790605 0.173600 -0.100000
v -0.790605 0.173600 0.100000
v -0.789442 0.170381 -0.100000
v -0.789442 0.170381 0.100000
v -0.788336 0.167233 -0.100000
v -0.788336 0.167233 0.100000
v -0.787287 0.164155 -0.100000
v -0.787287 0.164155 0.100000
v -0.786295 0.161148 -0.100000
v -0.786295 0.161148 0.100000
v -0.785360 0.158212 -0.100000
v -0.785360 0.158212 0.100000
v -0.784483 0.155347 -0.100000
v -0.784483 0.155347 0.100000
v -0.783662 0.152552 -0.100000
v -0.783662 0.152552 0.100000
v -0.782899 0.149828 -0.100000
v -0.782899 0.149828 0.100000
v -0.782193 0.147175 -0.100000
v -0.782193 0.147175 0.100000
v -0.781544 0.144592 -0.100000
v -0.781544 0.144592 0.100000
v -0.780949 0.142070 -0.100000
v -0.780949 0.142070 0.100000
v -0.780406 0.139596 -0.100000
v -0.780406 0.139596 0.100000
v -0.779915 0.137172 -0.100000
v -0.779915 0.137172 0.100000
v -0.779476 0.134796 -0.100000
v -0.779476 0.134796 0.100000
v -0.779088 0.132470 -0.100000
v -0.779088 0.132470 0.100000
v -0.778752 0.130192 -0.100000
v -0.778752 0.130192 0.100000
v -0.778467 0.127963 -0.100000
v -0.778467 0.127963 0.100000
v -0.778235 0.125784 -0.100000
v -0.778235 0.125784 0.100000
v -0.778054 0.123653 -0.100000
v -0.778054 0.123653 0.100000
v -0.777925 0.121571 -0.100000
v -0.777925 0.121571 0.100000
v -0.777847 0.119539 -0.100000
v -0.777847 0.119539 0.100000
v -0.777821 0.117555 -0.100000
v -0.777821 0.117555 0.100000
v -0.777821 0.014107 -0.100000
v -0.777821 0.014107 0.100000
v -0.777919 0.011853 -0.100000
v -0.777919 0.011853 0.100000
v -0.778213 0.009796 -0.100000
v -0.778213 0.009796 0.100000
v -0.778703 0.007935 -0.100000
v -0.778703 0.007935 0.100000
v -0.779389 0.006270 -0.100000
v -0.779389 0.006270 0.100000
v -0.780270 0.004800 -0.100000
v -0.780270 0.004800 0.100000
v -0.781348 0.003527 -0.100000
v -0.781348 0.003527 0.100000
v -0.782621 0.002449 -0.100000
v -0.782621 0.002449 0.100000
v -0.784091 0.001567 -0.100000
v -0.784091 0.001567 0.100000
v -0.785756 0.000882 -0.100000
v -0.785756 0.000882 0.100000
v -0.787618 0.000392 -0.100000
v -0.787618 0.000392 0.100000
v -0.789675 0.000098 -0.100000
v -0.789675 0.000098 0.100000
v -0.791928 0.000000 -0.100000
v -0.791928 -0.000000 0.100000
v -0.851097 0.000000 -0.100000
v -0.851097 -0.000000 0.100000
v -0.853538 0.000098 -0.100000
v -0.853538 0.000098 0.100000
v -0.855767 0.000392 -0.100000
v -0.855767 0.000392 0.100000
v -0.857783 0.000882 -0.100000
v -0.857783 0.000882 0.100000
v -0.859587 0.001567 -0.100000
v -0.859587 0.001567 0.100000
v -0.861179 0.002449 -0.100000
v -0.861179 0.002449 0.100000
v -0.862559 0.003527 -0.100000
v -0.862559 0.003527 0.100000
v -0.863726 0.004800 -0.100000
v -0.863726 0.004800 0.100000
v -0.864681 0.006270 -0.100000
v -0.864681 0.006270 0.100000
v -0.865424 0.007935 -0.100000
v -0.865424 0.007935 0.100000
v -0.865954 0.009796 -0.100000
v -0.865954 0.009796 0.100000
v -0.866273 0.011853 -0.100000
v -0.866273 0.011853 0.100000
v -0.866379 0.014107 -0.100000
v -0.866379 0.014107 0.100000
v -0.866379 0.068966 -0.100000
v -0.866379 0.068966 0.100000
v -0.905956 0.206505 -0.100000
v -0.905956 0.206505 0.100000
v -0.906726 0.206458 -0.100000
v -0.906726 0.206458 0.100000
v -0.907469 0.206320 -0.100000
v -0.907469 0.206320 0.100000
v -0.908185 0.206088 -0.100000
v -0.908185 0.206088 0.100000
v -0.908873 0.205765 -0.100000
v -0.908873 0.205765 0.100000
v -0.909534 0.205348 -0.100000
v -0.909534 0.205348 0.100000
v -0.910168 0.204839 -0.100000
v -0.910168 0.204839 0.100000
v -0.910775 0.204238 -0.100000
v -0.910775 0.204238 0.100000
v -0.911355 0.203544 -0.100000
v -0.911355 0.203544 0.100000
v -0.911907 0.202758 -0.100000
v -0.911907 0.202758 0.100000
v -0.912432 0.201879 -0.100000
v -0.912432 0.201879 0.100000
v -0.912930 0.200907 -0.100000
v -0.912930 0.200907 0.100000
v -0.913401 0.199843 -0.100000
v -0.913401 0.199843 0.100000
v -0.931818 0.140282 -0.100000
v -0.931818 0.140282 0.100000
v -0.870298 0.140282 -0.100000
v -0.870298 0.140282 0.100000
v -0.888715 0.199843 -0.100000
v -0.888715 0.199843 0.100000
v -0.889185 0.200907 -0.100000
v -0.889185 0.200907 0.100000
v -0.889683 0.201879 -0.100000
v -0.889683 0.201879 0.100000
v -0.890209 0.202758 -0.100000
v -0.890209 0.202758 0.100000
v -0.890761 0.203544 -0.100000
v -0.890761 0.203544 0.100000
v -0.891341 0.204238 -0.100000
v -0.891341 0.204238 0.100000
v -0.891947 0.204839 -0.100000
v -0.891947 0.204839 0.100000
v -0.892581 0.205348 -0.100000
v -0.892581 0.205348 0.100000
v -0.893243 0.205765 -0.100000
v -0.893243 0.205765 0.100000
v -0.893931 0.206088 -0.100000
v -0.893931 0.206088 0.100000
v -0.894647 0.206320 -0.100000
v -0.894647 0.206320 0.100000
v -0.895390 0.206458 -0.100000
v -0.895390 0.206458 0.100000
v -0.896160 0.206505 -0.100000
v -0.896160 0.206505 0.100000
v -0.507445 0.015674 -0.100000
v -0.507445 0.015674 0.100000
v -0.510659 0.013171 -0.100000
v -0.510659 0.013170 0.100000
v -0.514161 0.010885 -0.100000
v -0.514161 0.010885 0.100000
v -0.517952 0.008817 -0.100000
v -0.517952 0.008817 0.100000
v -0.522031 0.006966 -0.100000
v -0.522031 0.006966 0.100000
v -0.526398 0.005334 -0.100000
v -0.526398 0.005334 0.100000
v -0.531054 0.003918 -0.100000
v -0.531054 0.003918 0.100000
v -0.535998 0.002721 -0.100000
v -0.535998 0.002721 0.100000
v -0.541231 0.001742 -0.100000
v -0.541231 0.001742 0.100000
v -0.546752 0.000980 -0.100000
v -0.546752 0.000980 0.100000
v -0.552562 0.000435 -0.100000
v -0.552562 0.000435 0.100000
v -0.558660 0.000109 -0.100000
v -0.558660 0.000109 0.100000
v -0.565047 0.000000 -0.100000
v -0.565047 -0.000000 0.100000
v -0.715517 0.000000 -0.100000
v -0.715517 -0.000000 0.100000
v -0.717770 0.000098 -0.100000
v -0.717770 0.000098 0.100000
v -0.719827 0.000392 -0.100000
v -0.719827 0.000392 0.100000
v -0.721689 0.000882 -0.100000
v -0.721689 0.000882 0.100000
v -0.723354 0.001567 -0.100000
v -0.723354 0.001567 0.100000
v -0.724824 0.002449 -0.100000
v -0.724824 0.002449 0.100000
v -0.726097 0.003527 -0.100000
v -0.726097 0.003527 0.100000
v -0.727175 0.004800 -0.100000
v -0.727175 0.004800 0.100000
v -0.728056 0.006270 -0.100000
v -0.728056 0.006270 0.100000
v -0.728742 0.007935 -0.100000
v -0.728742 0.007935 0.100000
v -0.729232 0.009796 -0.100000
v -0.729232 0.009796 0.100000
v -0.729526 0.011853 -0.100000
v -0.729526 0.011853 0.100000
v -0.729624 0.014107 -0.100000
v -0.729624 0.014107 0.100000
v -0.729624 0.268025 -0.100000
v -0.729624 0.268025 0.100000
v -0.729526 0.270278 -0.100000
v -0.729526 0.270278 0.100000
v -0.729232 0.272335 -0.100000
v -0.729232 0.272335 0.100000
v -0.728742 0.274197 -0.100000
v -0.728742 0.274197 0.100000
v -0.728056 0.275862 -0.100000
v -0.728056 0.275862 0.100000
v -0.727175 0.277331 -0.100000
v -0.727175 0.277331 0.100000
v -0.726097 0.278605 -0.100000
v -0.726097 0.278605 0.100000
v -0.724823 0.279683 -0.100000
v -0.724823 0.279683 0.100000
v -0.723354 0.280564 -0.100000
v -0.723354 0.280564 0.100000
v -0.721689 0.281250 -0.100000
v -0.721689 0.281250 0.100000
v -0.719827 0.281740 -0.100000
v -0.719827 0.281740 0.100000
v -0.717770 0.282034 -0.100000
v -0.717770 0.282034 0.100000
v -0.715517 0.282132 -0.100000
v -0.715517 0.282132 0.100000
v -0.590517 0.282132 -0.100000
v -0.590517 0.282132 0.100000
v -0.584256 0.282031 -0.100000
v -0.584256 0.282031 0.100000
v -0.578272 0.281729 -0.100000
v -0.578272 0.281729 0.100000
v -0.572566 0.281226 -0.100000
v -0.572566 0.281226 0.100000
v -0.567137 0.280521 -0.100000
v -0.567137 0.280521 0.100000
v -0.561986 0.279615 -0.100000
v -0.561986 0.279615 0.100000
v -0.557112 0.278507 -0.100000
v -0.557112 0.278507 0.100000
v -0.552516 0.277198 -0.100000
v -0.552516 0.277198 0.100000
v -0.548197 0.275688 -0.100000
v -0.548197 0.275688 0.100000
v -0.544156 0.273976 -0.100000
v -0.544156 0.273976 0.100000
v -0.540393 0.272063 -0.100000
v -0.540393 0.272063 0.100000
v -0.536907 0.269949 -0.100000
v -0.536907 0.269949 0.100000
v -0.533699 0.267633 -0.100000
v -0.533699 0.267633 0.100000
v -0.530757 0.265103 -0.100000
v -0.530757 0.265103 0.100000
v -0.528072 0.262343 -0.100000
v -0.528072 0.262343 0.100000
v -0.525642 0.259355 -0.100000
v -0.525642 0.259355 0.100000
v -0.523467 0.256139 -0.100000
v -0.523467 0.256139 0.100000
v -0.521549 0.252694 -0.100000
v -0.521549 0.252694 0.100000
v -0.519886 0.249020 -0.100000
v -0.519886 0.249020 0.100000
v -0.518479 0.245118 -0.100000
v -0.518479 0.245118 0.100000
v -0.517328 0.240987 -0.100000
v -0.517328 0.240987 0.100000
v -0.516433 0.236628 -0.100000
v -0.516433 0.236628 0.100000
v -0.515794 0.232040 -0.100000
v -0.515794 0.232040 0.100000
v -0.515410 0.227224 -0.100000
v -0.515410 0.227224 0.100000
v -0.515282 0.222179 -0.100000
v -0.515282 0.222179 0.100000
v -0.515282 0.203370 -0.100000
v -0.515282 0.203370 0.100000
v -0.515443 0.198107 -0.100000
v -0.515443 0.198107 0.100000
v -0.515924 0.193160 -0.100000
v -0.515924 0.193160 0.100000
v -0.516727 0.188529 -0.100000
v -0.516727 0.188529 0.100000
v -0.517851 0.184213 -0.100000
v -0.517851 0.184213 0.100000
v -0.519296 0.180213 -0.100000
v -0.519296 0.180213 0.100000
v -0.521062 0.176528 -0.100000
v -0.521062 0.176528 0.100000
v -0.523149 0.173159 -0.100000
v -0.523149 0.173159 0.100000
v -0.525557 0.170106 -0.100000
v -0.525557 0.170106 0.100000
v -0.528287 0.167369 -0.100000
v -0.528287 0.167369 0.100000
v -0.531337 0.164947 -0.100000
v -0.531337 0.164947 0.100000
v -0.534709 0.162841 -0.100000
v -0.534709 0.162841 0.100000
v -0.538401 0.161050 -0.100000
v -0.538401 0.161050 0.100000
v -0.534250 0.160573 -0.100000
v -0.534250 0.160573 0.100000
v -0.530287 0.159924 -0.100000
v -0.530287 0.159924 0.100000
v -0.526511 0.159103 -0.100000
v -0.526511 0.159103 0.100000
v -0.522923 0.158111 -0.100000
v -0.522923 0.158111 0.100000
v -0.519523 0.156948 -0.100000
v -0.519523 0.156948 0.100000
v -0.516311 0.155613 -0.100000
v -0.516311 0.155613 0.100000
v -0.513286 0.154107 -0.100000
v -0.513286 0.154107 0.100000
v -0.510449 0.152429 -0.100000
v -0.510449 0.152429 0.100000
v -0.507800 0.150580 -0.100000
v -0.507800 0.150580 0.100000
v -0.505339 0.148560 -0.100000
v -0.505339 0.148560 0.100000
v -0.503065 0.146368 -0.100000
v -0.503065 0.146368 0.100000
v -0.500980 0.144005 -0.100000
v -0.500980 0.144005 0.100000
v -0.499071 0.141456 -0.100000
v -0.499071 0.141456 0.100000
v -0.497328 0.138709 -0.100000
v -0.497328 0.138709 0.100000
v -0.495751 0.135764 -0.100000
v -0.495751 0.135764 0.100000
v -0.494340 0.132619 -0.100000
v -0.494340 0.132619 0.100000
v -0.493095 0.129276 -0.100000
v -0.493095 0.129276 0.100000
v -0.492016 0.125735 -0.100000
v -0.492016 0.125735 0.100000
v -0.491103 0.121994 -0.100000
v -0.491103 0.121994 0.100000
v -0.490356 0.118056 -0.100000
v -0.490356 0.118056 0.100000
v -0.489775 0.113918 -0.100000
v -0.489775 0.113918 0.100000
v -0.489360 0.109582 -0.100000
v -0.489360 0.109582 0.100000
v -0.489111 0.105047 -0.100000
v -0.489111 0.105047 0.100000
v -0.489028 0.100313 -0.100000
v -0.489028 0.100313 0.100000
v -0.489028 0.064263 -0.100000
v -0.489028 0.064263 0.100000
v -0.489156 0.058897 -0.100000
v -0.489156 0.058897 0.100000
v -0.489540 0.053770 -0.100000
v -0.489540 0.053770 0.100000
v -0.490179 0.048883 -0.100000
v -0.490179 0.048883 0.100000
v -0.491074 0.044235 -0.100000
v -0.491074 0.044235 0.100000
v -0.492225 0.039827 -0.100000
v -0.492225 0.039827 0.100000
v -0.493632 0.035658 -0.100000
v -0.493632 0.035658 0.100000
v -0.495295 0.031729 -0.100000
v -0.495295 0.031729 0.100000
v -0.497213 0.028039 -0.100000
v -0.497213 0.028039 0.100000
v -0.499388 0.024589 -0.100000
v -0.499388 0.024589 0.100000
v -0.501818 0.021378 -0.100000
v -0.501818 0.021378 0.100000
v -0.504503 0.018406 -0.100000
v -0.504503 0.018406 0.100000
v -0.590517 0.112853 -0.100000
v -0.590517 0.112853 0.100000
v -0.641458 0.112853 -0.100000
v -0.641458 0.112853 0.100000
v -0.641458 0.066614 -0.100000
v -0.641458 0.066614 0.100000
v -0.590517 0.066614 -0.100000
v -0.590517 0.066614 0.100000
v -0.588139 0.066723 -0.100000
v -0.588139 0.066723 0.100000
v -0.585967 0.067050 -0.100000
v -0.585967 0.067050 0.100000
v -0.584003 0.067594 -0.100000
v -0.584003 0.067594 0.100000
v -0.582245 0.068356 -0.100000
v -0.582245 0.068356 0.100000
v -0.580694 0.069336 -0.100000
v -0.580694 0.069336 0.100000
v -0.579349 0.070533 -0.100000
v -0.579349 0.070533 0.100000
v -0.578212 0.071948 -0.100000
v -0.578212 0.071948 0.100000
v -0.577281 0.073581 -0.100000
v -0.577281 0.073581 0.100000
v -0.576558 0.075431 -0.100000
v -0.576558 0.075431 0.100000
v -0.576041 0.077499 -0.100000
v -0.576041 0.077499 0.100000
v -0.575730 0.079785 -0.100000
v -0.575730 0.079785 0.100000
v -0.575627 0.082288 -0.100000
v -0.575627 0.082288 0.100000
v -0.575627 0.097571 -0.100000
v -0.575627 0.097571 0.100000
v -0.575730 0.100011 -0.100000
v -0.575730 0.100011 0.100000
v -0.576041 0.102240 -0.100000
v -0.576041 0.102240 0.100000
v -0.576558 0.104256 -0.100000
v -0.576558 0.104256 0.100000
v -0.577281 0.106061 -0.100000
v -0.577281 0.106061 0.100000
v -0.578212 0.107653 -0.100000
v -0.578212 0.107653 0.100000
v -0.579349 0.109032 -0.100000
v -0.579349 0.109032 0.100000
v -0.580694 0.110200 -0.100000
v -0.580694 0.110200 0.100000
v -0.582245 0.111155 -0.100000
v -0.582245 0.111155 0.100000
v -0.584003 0.111898 -0.100000
v -0.584003 0.111898 0.100000
v -0.585967 0.112428 -0.100000
v -0.585967 0.112428 0.100000
v -0.588139 0.112747 -0.100000
v -0.588139 0.112747 0.100000
v -0.608150 0.215517 -0.100000
v -0.608150 0.215517 0.100000
v -0.641458 0.215517 -0.100000
v -0.641458 0.215517 0.100000
v -0.641458 0.173197 -0.100000
v -0.641458 0.173197 0.100000
v -0.608150 0.173197 -0.100000
v -0.608150 0.173197 0.100000
v -0.605772 0.173306 -0.100000
v -0.605772 0.173306 0.100000
v -0.603601 0.173633 -0.100000
v -0.603601 0.173633 0.100000
v -0.601636 0.174177 -0.100000
v -0.601636 0.174177 0.100000
v -0.599878 0.174939 -0.100000
v -0.599878 0.174939 0.100000
v -0.598327 0.175919 -0.100000
v -0.598327 0.175919 0.100000
v -0.596983 0.177116 -0.100000
v -0.596983 0.177116 0.100000
v -0.595845 0.178531 -0.100000
v -0.595845 0.178531 0.100000
v -0.594915 0.180164 -0.100000
v -0.594915 0.180164 0.100000
v -0.594191 0.182014 -0.100000
v -0.594191 0.182014 0.100000
v -0.593674 0.184082 -0.100000
v -0.593674 0.184082 0.100000
v -0.593363 0.186368 -0.100000
v -0.593363 0.186368 0.100000
v -0.593260 0.188871 -0.100000
v -0.593260 0.188871 0.100000
v -0.593260 0.199843 -0.100000
v -0.593260 0.199843 0.100000
v -0.593364 0.202347 -0.100000
v -0.593364 0.202347 0.100000
v -0.593674 0.204633 -0.100000
v -0.593674 0.204633 0.100000
v -0.594191 0.206701 -0.100000
v -0.594191 0.206701 0.100000
v -0.594915 0.208551 -0.100000
v -0.594915 0.208551 0.100000
v -0.595845 0.210184 -0.100000
v -0.595845 0.210184 0.100000
v -0.596983 0.211599 -0.100000
v -0.596983 0.211599 0.100000
v -0.598327 0.212796 -0.100000
v -0.598327 0.212796 0.100000
v -0.599878 0.213776 -0.100000
v -0.599878 0.213776 0.100000
v -0.601636 0.214538 -0.100000
v -0.601636 0.214538 0.100000
v -0.603601 0.215082 -0.100000
v -0.603601 0.215082 0.100000
v -0.605772 0.215408 -0.100000
v -0.605772 0.215408 0.100000
v -0.206505 0.207680 -0.100000
v -0.206505 0.207680 0.100000
v -0.206505 0.074060 -0.100000
v -0.206505 0.074060 0.100000
v -0.206541 0.071079 -0.100000
v -0.206541 0.071079 0.100000
v -0.206652 0.068144 -0.100000
v -0.206652 0.068144 0.100000
v -0.206835 0.065255 -0.100000
v -0.206835 0.065255 0.100000
v -0.207092 0.062413 -0.100000
v -0.207092 0.062413 0.100000
v -0.207423 0.059617 -0.100000
v -0.207423 0.059617 0.100000
v -0.207827 0.056867 -0.100000
v -0.207827 0.056867 0.100000
v -0.208305 0.054164 -0.100000
v -0.208305 0.054164 0.100000
v -0.208856 0.051506 -0.100000
v -0.208856 0.051506 0.100000
v -0.209480 0.048895 -0.100000
v -0.209480 0.048895 0.100000
v -0.210178 0.046331 -0.100000
v -0.210178 0.046331 0.100000
v -0.210950 0.043812 -0.100000
v -0.210950 0.043812 0.100000
v -0.211795 0.041340 -0.100000
v -0.211795 0.041340 0.100000
v -0.212732 0.038920 -0.100000
v -0.212732 0.038920 0.100000
v -0.213781 0.036556 -0.100000
v -0.213781 0.036556 0.100000
v -0.214942 0.034250 -0.100000
v -0.214942 0.034250 0.100000
v -0.216214 0.032001 -0.100000
v -0.216214 0.032001 0.100000
v -0.217597 0.029809 -0.100000
v -0.217597 0.029809 0.100000
v -0.219093 0.027674 -0.100000
v -0.219093 0.027674 0.100000
v -0.220700 0.025597 -0.100000
v -0.220700 0.025597 0.100000
v -0.222418 0.023576 -0.100000
v -0.222418 0.023576 0.100000
v -0.224248 0.021613 -0.100000
v -0.224248 0.021613 0.100000
v -0.226190 0.019707 -0.100000
v -0.226190 0.019707 0.100000
v -0.228243 0.017858 -0.100000
v -0.228243 0.017858 0.100000
v -0.230407 0.016066 -0.100000
v -0.230407 0.016066 0.100000
v -0.232700 0.014337 -0.100000
v -0.232700 0.014337 0.100000
v -0.235137 0.012675 -0.100000
v -0.235137 0.012675 0.100000
v -0.237718 0.011082 -0.100000
v -0.237718 0.011082 0.100000
v -0.240443 0.009557 -0.100000
v -0.240443 0.009557 0.100000
v -0.243313 0.008100 -0.100000
v -0.243313 0.008100 0.100000
v -0.246326 0.006710 -0.100000
v -0.246326 0.006710 0.100000
v -0.249484 0.005389 -0.100000
v -0.249484 0.005389 0.100000
v -0.252786 0.004136 -0.100000
v -0.252786 0.004136 0.100000
v -0.256233 0.002951 -0.100000
v -0.256233 0.002951 0.100000
v -0.259823 0.001834 -0.100000
v -0.259823 0.001834 0.100000
v -0.263558 0.000785 -0.100000
v -0.263558 0.000785 0.100000
v -0.267437 -0.000196 -0.100000
v -0.267437 -0.000196 0.100000
v -0.271480 -0.001103 -0.100000
v -0.271480 -0.001103 0.100000
v -0.275704 -0.001932 -0.100000
v -0.275704 -0.001932 0.100000
v -0.280111 -0.002682 -0.100000
v -0.280111 -0.002682 0.100000
v -0.284700 -0.003352 -0.100000
v -0.284700 -0.003352 0.100000
v -0.289472 -0.003944 -0.100000
v -0.289472 -0.003944 0.100000
v -0.294426 -0.004457 -0.100000
v -0.294426 -0.004457 0.100000
v -0.299562 -0.004891 -0.100000
v -0.299562 -0.004891 0.100000
v -0.304881 -0.005246 -0.100000
v -0.304881 -0.005246 0.100000
v -0.310381 -0.005523 -0.100000
v -0.310381 -0.005523 0.100000
v -0.316065 -0.005720 -0.100000
v -0.316065 -0.005720 0.100000
v -0.321930 -0.005838 -0.100000
v -0.321930 -0.005838 0.100000
v -0.327978 -0.005878 -0.100000
v -0.327978 -0.005878 0.100000
v -0.334026 -0.005838 -0.100000
v -0.334026 -0.005838 0.100000
v -0.339891 -0.005720 -0.100000
v -0.339891 -0.005720 0.100000
v -0.345574 -0.005523 -0.100000
v -0.345574 -0.005523 0.100000
v -0.351075 -0.005246 -0.100000
v -0.351075 -0.005246 0.100000
v -0.356394 -0.004891 -0.100000
v -0.356394 -0.004891 0.100000
v -0.361530 -0.004457 -0.100000
v -0.361530 -0.004457 0.100000
v -0.366484 -0.003944 -0.100000
v -0.366484 -0.003944 0.100000
v -0.371256 -0.003352 -0.100000
v -0.371256 -0.003352 0.100000
v -0.375845 -0.002682 -0.100000
v -0.375845 -0.002682 0.100000
v -0.380252 -0.001932 -0.100000
v -0.380252 -0.001932 0.100000
v -0.384476 -0.001103 -0.100000
v -0.384476 -0.001103 0.100000
v -0.388519 -0.000196 -0.100000
v -0.388519 -0.000196 0.100000
v -0.392398 0.000785 -0.100000
v -0.392398 0.000785 0.100000
v -0.396133 0.001834 -0.100000
v -0.396133 0.001834 0.100000
v -0.399723 0.002951 -0.100000
v -0.399723 0.002951 0.100000
v -0.403170 0.004136 -0.100000
v -0.403170 0.004136 0.100000
v -0.406472 0.005389 -0.100000
v -0.406472 0.005389 0.100000
v -0.409630 0.006710 -0.100000
v -0.409630 0.006710 0.100000
v -0.412643 0.008100 -0.100000
v -0.412643 0.008100 0.100000
v -0.415513 0.009557 -0.100000
v -0.415513 0.009557 0.100000
v -0.418238 0.011082 -0.100000
v -0.418238 0.011082 0.100000
v -0.420819 0.012675 -0.100000
v -0.420819 0.012675 0.100000
v -0.423256 0.014337 -0.100000
v -0.423256 0.014337 0.100000
v -0.425548 0.016066 -0.100000
v -0.425548 0.016066 0.100000
v -0.427715 0.017858 -0.100000
v -0.427715 0.017858 0.100000
v -0.429772 0.019707 -0.100000
v -0.429772 0.019707 0.100000
v -0.431720 0.021613 -0.100000
v -0.431720 0.021613 0.100000
v -0.433560 0.023576 -0.100000
v -0.433560 0.023576 0.100000
v -0.435290 0.025597 -0.100000
v -0.435290 0.025597 0.100000
v -0.436912 0.027674 -0.100000
v -0.436912 0.027674 0.100000
v -0.438425 0.029809 -0.100000
v -0.438425 0.029809 0.100000
v -0.439829 0.032001 -0.100000
v -0.439829 0.032001 0.100000
v -0.441124 0.034250 -0.100000
v -0.441124 0.034250 0.100000
v -0.442311 0.036556 -0.100000
v -0.442311 0.036556 0.100000
v -0.443389 0.038920 -0.100000
v -0.443389 0.038920 0.100000
v -0.444357 0.041340 -0.100000
v -0.444357 0.041340 0.100000
v -0.445233 0.043812 -0.100000
v -0.445233 0.043812 0.100000
v -0.446034 0.046331 -0.100000
v -0.446034 0.046331 0.100000
v -0.446757 0.048895 -0.100000
v -0.446757 0.048895 0.100000
v -0.447405 0.051506 -0.100000
v -0.447405 0.051506 0.100000
v -0.447976 0.054164 -0.100000
v -0.447976 0.054164 0.100000
v -0.448472 0.056867 -0.100000
v -0.448472 0.056867 0.100000
v -0.448891 0.059617 -0.100000
v -0.448891 0.059617 0.100000
v -0.449234 0.062413 -0.100000
v -0.449234 0.062413 0.100000
v -0.449500 0.065255 -0.100000
v -0.449500 0.065255 0.100000
v -0.449691 0.068144 -0.100000
v -0.449691 0.068144 0.100000
v -0.449805 0.071079 -0.100000
v -0.449805 0.071079 0.100000
v -0.449843 0.074060 -0.100000
v -0.449843 0.074060 0.100000
v -0.449843 0.207680 -0.100000
v -0.449843 0.207680 0.100000
v -0.449805 0.210661 -0.100000
v -0.449805 0.210661 0.100000
v -0.449691 0.213596 -0.100000
v -0.449691 0.213596 0.100000
v -0.449500 0.216485 -0.100000
v -0.449500 0.216485 0.100000
v -0.449234 0.219327 -0.100000
v -0.449234 0.219327 0.100000
v -0.448891 0.222123 -0.100000
v -0.448891 0.222123 0.100000
v -0.448472 0.224873 -0.100000
v -0.448472 0.224873 0.100000
v -0.447976 0.227576 -0.100000
v -0.447976 0.227576 0.100000
v -0.447405 0.230233 -0.100000
v -0.447405 0.230233 0.100000
v -0.446757 0.232844 -0.100000
v -0.446757 0.232844 0.100000
v -0.446034 0.235409 -0.100000
v -0.446034 0.235409 0.100000
v -0.445233 0.237927 -0.100000
v -0.445233 0.237927 0.100000
v -0.444357 0.240400 -0.100000
v -0.444357 0.240400 0.100000
v -0.443389 0.242820 -0.100000
v -0.443389 0.242820 0.100000
v -0.442311 0.245183 -0.100000
v -0.442311 0.245183 0.100000
v -0.441124 0.247490 -0.100000
v -0.441124 0.247490 0.100000
v -0.439829 0.249739 -0.100000
v -0.439829 0.249739 0.100000
v -0.438425 0.251931 -0.100000
v -0.438425 0.251931 0.100000
v -0.436912 0.254065 -0.100000
v -0.436912 0.254065 0.100000
v -0.435290 0.256143 -0.100000
v -0.435290 0.256143 0.100000
v -0.433560 0.258164 -0.100000
v -0.433560 0.258164 0.100000
v -0.431720 0.260127 -0.100000
v -0.431720 0.260127 0.100000
v -0.429772 0.262033 -0.100000
v -0.429772 0.262033 0.100000
v -0.427715 0.263882 -0.100000
v -0.427715 0.263882 0.100000
v -0.425548 0.265674 -0.100000
v -0.425548 0.265674 0.100000
v -0.423256 0.267405 -0.100000
v -0.423256 0.267405 0.100000
v -0.420819 0.269070 -0.100000
v -0.420819 0.269070 0.100000
v -0.418238 0.270670 -0.100000
v -0.418238 0.270670 0.100000
v -0.415513 0.272205 -0.100000
v -0.415513 0.272205 0.100000
v -0.412643 0.273674 -0.100000
v -0.412643 0.273674 0.100000
v -0.409630 0.275078 -0.100000
v -0.409630 0.275078 0.100000
v -0.406472 0.276417 -0.100000
v -0.406472 0.276417 0.100000
v -0.403170 0.277691 -0.100000
v -0.403170 0.277691 0.100000
v -0.399723 0.278899 -0.100000
v -0.399723 0.278899 0.100000
v -0.396133 0.280042 -0.100000
v -0.396133 0.280042 0.100000
v -0.392398 0.281119 -0.100000
v -0.392398 0.281119 0.100000
v -0.388519 0.282132 -0.100000
v -0.388519 0.282132 0.100000
v -0.384476 0.283070 -0.100000
v -0.384476 0.283070 0.100000
v -0.380252 0.283928 -0.100000
v -0.380252 0.283928 0.100000
v -0.375845 0.284703 -0.100000
v -0.375845 0.284703 0.100000
v -0.371256 0.285397 -0.100000
v -0.371256 0.285397 0.100000
v -0.366484 0.286009 -0.100000
v -0.366484 0.286009 0.100000
v -0.361530 0.286540 -0.100000
v -0.361530 0.286540 0.100000
v -0.356394 0.286989 -0.100000
v -0.356394 0.286989 0.100000
v -0.351075 0.287356 -0.100000
v -0.351075 0.287356 0.100000
v -0.345574 0.287642 -0.100000
v -0.345574 0.287642 0.100000
v -0.339891 0.287846 -0.100000
v -0.339891 0.287846 0.100000
v -0.334026 0.287969 -0.100000
v -0.334026 0.287969 0.100000
v -0.327978 0.288009 -0.100000
v -0.327978 0.288009 0.100000
v -0.321930 0.287969 -0.100000
v -0.321930 0.287969 0.100000
v -0.316065 0.287846 -0.100000
v -0.316065 0.287846 0.100000
v -0.310381 0.287642 -0.100000
v -0.310381 0.287642 0.100000
v -0.304881 0.287356 -0.100000
v -0.304881 0.287356 0.100000
v -0.299562 0.286989 -0.100000
v -0.299562 0.286989 0.100000
v -0.294426 0.286540 -0.100000
v -0.294426 0.286540 0.100000
v -0.289472 0.286009 -0.100000
v -0.289472 0.286009 0.100000
v -0.284700 0.285397 -0.100000
v -0.284700 0.285397 0.100000
v -0.280111 0.284703 -0.100000
v -0.280111 0.284703 0.100000
v -0.275704 0.283928 -0.100000
v -0.275704 0.283928 0.100000
v -0.271479 0.283070 -0.100000
v -0.271479 0.283070 0.100000
v -0.267437 0.282132 -0.100000
v -0.267437 0.282132 0.100000
v -0.263558 0.281119 -0.100000
v -0.263558 0.281119 0.100000
v -0.259823 0.280042 -0.100000
v -0.259823 0.280042 0.100000
v -0.256233 0.278899 -0.100000
v -0.256233 0.278899 0.100000
v -0.252786 0.277691 -0.100000
v -0.252786 0.277691 0.100000
v -0.249484 0.276417 -0.100000
v -0.249484 0.276417 0.100000
v -0.246326 0.275078 -0.100000
v -0.246326 0.275078 0.100000
v -0.243313 0.273674 -0.100000
v -0.243313 0.273674 0.100000
v -0.240443 0.272205 -0.100000
v -0.240443 0.272205 0.100000
v -0.237718 0.270670 -0.100000
v -0.237718 0.270670 0.100000
v -0.235137 0.269070 -0.100000
v -0.235137 0.269070 0.100000
v -0.232700 0.267405 -0.100000
v -0.232700 0.267405 0.100000
v -0.230407 0.265674 -0.100000
v -0.230407 0.265674 0.100000
v -0.228243 0.263882 -0.100000
v -0.228243 0.263882 0.100000
v -0.226190 0.262033 -0.100000
v -0.226190 0.262033 0.100000
v -0.224248 0.260127 -0.100000
v -0.224248 0.260127 0.100000
v -0.222418 0.258164 -0.100000
v -0.222418 0.258164 0.100000
v -0.220700 0.256143 -0.100000
v -0.220700 0.256143 0.100000
v -0.219093 0.254065 -0.100000
v -0.219093 0.254065 0.100000
v -0.217597 0.251931 -0.100000
v -0.217597 0.251931 0.100000
v -0.216214 0.249739 -0.100000
v -0.216214 0.249739 0.100000
v -0.214942 0.247490 -0.100000
v -0.214942 0.247490 0.100000
v -0.213781 0.245183 -0.100000
v -0.213781 0.245183 0.100000
v -0.212732 0.242820 -0.100000
v -0.212732 0.242820 0.100000
v -0.211795 0.240400 -0.100000
v -0.211795 0.240400 0.100000
v -0.210950 0.237927 -0.100000
v -0.210950 0.237927 0.100000
v -0.210178 0.235409 -0.100000
v -0.210178 0.235409 0.100000
v -0.209480 0.232844 -0.100000
v -0.209480 0.232844 0.100000
v -0.208856 0.230233 -0.100000
v -0.208856 0.230233 0.100000
v -0.208305 0.227576 -0.100000
v -0.208305 0.227576 0.100000
v -0.207827 0.224873 -0.100000
v -0.207827 0.224873 0.100000
v -0.207423 0.222123 -0.100000
v -0.207423 0.222123 0.100000
v -0.207092 0.219327 -0.100000
v -0.207092 0.219327 0.100000
v -0.206835 0.216485 -0.100000
v -0.206835 0.216485 0.100000
v -0.206652 0.213596 -0.100000
v -0.206652 0.213596 0.100000
v -0.206541 0.210661 -0.100000
v -0.206541 0.210661 0.100000
v -0.360893 0.193574 -0.100000
v -0.360893 0.193574 0.100000
v -0.360893 0.088166 -0.100000
v -0.360893 0.088166 0.100000
v -0.360852 0.086878 -0.100000
v -0.360852 0.086878 0.100000
v -0.360730 0.085625 -0.100000
v -0.360730 0.085625 0.100000
v -0.360526 0.084407 -0.100000
v -0.360526 0.084407 0.100000
v -0.360240 0.083224 -0.100000
v -0.360240 0.083224 0.100000
v -0.359873 0.082078 -0.100000
v -0.359873 0.082078 0.100000
v -0.359424 0.080966 -0.100000
v -0.359424 0.080966 0.100000
v -0.358893 0.079890 -0.100000
v -0.358893 0.079890 0.100000
v -0.358281 0.078849 -0.100000
v -0.358281 0.078849 0.100000
v -0.357587 0.077843 -0.100000
v -0.357587 0.077843 0.100000
v -0.356812 0.076873 -0.100000
v -0.356812 0.076873 0.100000
v -0.355954 0.075939 -0.100000
v -0.355954 0.075939 0.100000
v -0.355016 0.075039 -0.100000
v -0.355016 0.075039 0.100000
v -0.353930 0.074194 -0.100000
v -0.353930 0.074194 0.100000
v -0.352632 0.073423 -0.100000
v -0.352632 0.073423 0.100000
v -0.351122 0.072725 -0.100000
v -0.351122 0.072725 0.100000
v -0.349399 0.072100 -0.100000
v -0.349399 0.072100 0.100000
v -0.347464 0.071549 -0.100000
v -0.347464 0.071549 0.100000
v -0.345317 0.071072 -0.100000
v -0.345317 0.071072 0.100000
v -0.342958 0.070668 -0.100000
v -0.342958 0.070668 0.100000
v -0.340386 0.070337 -0.100000
v -0.340386 0.070337 0.100000
v -0.337603 0.070080 -0.100000
v -0.337603 0.070080 0.100000
v -0.334607 0.069896 -0.100000
v -0.334607 0.069896 0.100000
v -0.331398 0.069786 -0.100000
v -0.331398 0.069786 0.100000
v -0.327978 0.069749 -0.100000
v -0.327978 0.069749 0.100000
v -0.324496 0.069786 -0.100000
v -0.324496 0.069786 0.100000
v -0.321235 0.069896 -0.100000
v -0.321235 0.069896 0.100000
v -0.318194 0.070080 -0.100000
v -0.318194 0.070080 0.100000
v -0.315373 0.070337 -0.100000
v -0.315373 0.070337 0.100000
v -0.312773 0.070668 -0.100000
v -0.312773 0.070668 0.100000
v -0.310394 0.071072 -0.100000
v -0.310394 0.071072 0.100000
v -0.308234 0.071549 -0.100000
v -0.308234 0.071549 0.100000
v -0.306296 0.072100 -0.100000
v -0.306296 0.072100 0.100000
v -0.304577 0.072725 -0.100000
v -0.304577 0.072725 0.100000
v -0.303079 0.073423 -0.100000
v -0.303079 0.073423 0.100000
v -0.301802 0.074194 -0.100000
v -0.301802 0.074194 0.100000
v -0.300744 0.075039 -0.100000
v -0.300744 0.075039 0.100000
v -0.299837 0.075939 -0.100000
v -0.299837 0.075939 0.100000
v -0.299008 0.076873 -0.100000
v -0.299008 0.076873 0.100000
v -0.298259 0.077843 -0.100000
v -0.298259 0.077843 0.100000
v -0.297588 0.078849 -0.100000
v -0.297588 0.078849 0.100000
v -0.296996 0.079890 -0.100000
v -0.296996 0.079890 0.100000
v -0.296483 0.080966 -0.100000
v -0.296483 0.080966 0.100000
v -0.296049 0.082077 -0.100000
v -0.296049 0.082077 0.100000
v -0.295694 0.083224 -0.100000
v -0.295694 0.083224 0.100000
v -0.295418 0.084407 -0.100000
v -0.295418 0.084407 0.100000
v -0.295220 0.085625 -0.100000
v -0.295220 0.085625 0.100000
v -0.295102 0.086878 -0.100000
v -0.295102 0.086878 0.100000
v -0.295063 0.088166 -0.100000
v -0.295063 0.088166 0.100000
v -0.295063 0.193574 -0.100000
v -0.295063 0.193574 0.100000
v -0.295102 0.194861 -0.100000
v -0.295102 0.194861 0.100000
v -0.295220 0.196110 -0.100000
v -0.295220 0.196110 0.100000
v -0.295418 0.197321 -0.100000
v -0.295418 0.197321 0.100000
v -0.295694 0.198494 -0.100000
v -0.295694 0.198494 0.100000
v -0.296049 0.199628 -0.100000
v -0.296049 0.199628 0.100000
v -0.296483 0.200725 -0.100000
v -0.296483 0.200725 0.100000
v -0.296996 0.201783 -0.100000
v -0.296996 0.201783 0.100000
v -0.297588 0.202804 -0.100000
v -0.297588 0.202804 0.100000
v -0.298259 0.203786 -0.100000
v -0.298259 0.203786 0.100000
v -0.299008 0.204730 -0.100000
v -0.299008 0.204730 0.100000
v -0.299837 0.205637 -0.100000
v -0.299837 0.205637 0.100000
v -0.300744 0.206505 -0.100000
v -0.300744 0.206505 0.100000
v -0.301802 0.207318 -0.100000
v -0.301802 0.207318 0.100000
v -0.303079 0.208061 -0.100000
v -0.303079 0.208061 0.100000
v -0.304577 0.208733 -0.100000
v -0.304577 0.208733 0.100000
v -0.306296 0.209335 -0.100000
v -0.306296 0.209335 0.100000
v -0.308234 0.209865 -0.100000
v -0.308234 0.209865 0.100000
v -0.310394 0.210325 -0.100000
v -0.310394 0.210325 0.100000
v -0.312773 0.210714 -0.100000
v -0.312773 0.210714 0.100000
v -0.315373 0.211033 -0.100000
v -0.315373 0.211033 0.100000
v -0.318194 0.211280 -0.100000
v -0.318194 0.211280 0.100000
v -0.321235 0.211457 -0.100000
v -0.321235 0.211457 0.100000
v -0.324496 0.211563 -0.100000
v -0.324496 0.211563 0.100000
v -0.327978 0.211599 -0.100000
v -0.327978 0.211599 0.100000
v -0.331398 0.211563 -0.100000
v -0.331398 0.211563 0.100000
v -0.334607 0.211457 -0.100000
v -0.334607 0.211457 0.100000
v -0.337603 0.211280 -0.100000
v -0.337603 0.211280 0.100000
v -0.340387 0.211033 -0.100000
v -0.340387 0.211033 0.100000
v -0.342958 0.210714 -0.100000
v -0.342958 0.210714 0.100000
v -0.345317 0.210325 -0.100000
v -0.345317 0.210325 0.100000
v -0.347464 0.209865 -0.100000
v -0.347464 0.209865 0.100000
v -0.349399 0.209335 -0.100000
v -0.349399 0.209335 0.100000
v -0.351122 0.208733 -0.100000
v -0.351122 0.208733 0.100000
v -0.352632 0.208061 -0.100000
v -0.352632 0.208061 0.100000
v -0.353930 0.207318 -0.100000
v -0.353930 0.207318 0.100000
v -0.355016 0.206505 -0.100000
v -0.355016 0.206505 0.100000
v -0.355954 0.205637 -0.100000
v -0.355954 0.205637 0.100000
v -0.356812 0.204730 -0.100000
v -0.356812 0.204730 0.100000
v -0.357587 0.203786 -0.100000
v -0.357587 0.203786 0.100000
v -0.358281 0.202804 -0.100000
v -0.358281 0.202804 0.100000
v -0.358893 0.201783 -0.100000
v -0.358893 0.201783 0.100000
v -0.359424 0.200725 -0.100000
v -0.359424 0.200725 0.100000
v -0.359873 0.199628 -0.100000
v -0.359873 0.199628 0.100000
v -0.360240 0.198494 -0.100000
v -0.360240 0.198494 0.100000
v -0.360526 0.197321 -0.100000
v -0.360526 0.197321 0.100000
v -0.360730 0.196110 -0.100000
v -0.360730 0.196110 0.100000
v -0.360852 0.194861 -0.100000
v -0.360852 0.194861 0.100000
v 0.083464 0.268025 -0.100000
v 0.083464 0.268025 0.100000
v 0.083464 0.074060 -0.100000
v 0.083464 0.074060 0.100000
v 0.083427 0.071079 -0.100000
v 0.083427 0.071079 0.100000
v 0.083317 0.068144 -0.100000
v 0.083317 0.068144 0.100000
v 0.083133 0.065255 -0.100000
v 0.083133 0.065255 0.100000
v 0.082876 0.062413 -0.100000
v 0.082876 0.062413 0.100000
v 0.082546 0.059617 -0.100000
v 0.082546 0.059617 0.100000
v 0.082142 0.056867 -0.100000
v 0.082142 0.056867 0.100000
v 0.081664 0.054164 -0.100000
v 0.081664 0.054164 0.100000
v 0.081113 0.051506 -0.100000
v 0.081113 0.051506 0.100000
v 0.080488 0.048895 -0.100000
v 0.080488 0.048895 0.100000
v 0.079790 0.046331 -0.100000
v 0.079790 0.046331 0.100000
v 0.079019 0.043812 -0.100000
v 0.079019 0.043812 0.100000
v 0.078174 0.041340 -0.100000
v 0.078174 0.041340 0.100000
v 0.077235 0.038920 -0.100000
v 0.077235 0.038920 0.100000
v 0.076182 0.036556 -0.100000
v 0.076182 0.036556 0.100000
v 0.075015 0.034250 -0.100000
v 0.075015 0.034250 0.100000
v 0.073733 0.032001 -0.100000
v 0.073733 0.032001 0.100000
v 0.072337 0.029809 -0.100000
v 0.072337 0.029809 0.100000
v 0.070827 0.027674 -0.100000
v 0.070827 0.027674 0.100000
v 0.069202 0.025597 -0.100000
v 0.069202 0.025597 0.100000
v 0.067464 0.023576 -0.100000
v 0.067464 0.023576 0.100000
v 0.065610 0.021613 -0.100000
v 0.065610 0.021613 0.100000
v 0.063643 0.019707 -0.100000
v 0.063643 0.019707 0.100000
v 0.061561 0.017858 -0.100000
v 0.061561 0.017858 0.100000
v 0.059365 0.016066 -0.100000
v 0.059365 0.016066 0.100000
v 0.057043 0.014337 -0.100000
v 0.057043 0.014337 0.100000
v 0.054581 0.012675 -0.100000
v 0.054581 0.012675 0.100000
v 0.051981 0.011082 -0.100000
v 0.051981 0.011082 0.100000
v 0.049243 0.009557 -0.100000
v 0.049243 0.009557 0.100000
v 0.046365 0.008100 -0.100000
v 0.046365 0.008100 0.100000
v 0.043348 0.006710 -0.100000
v 0.043348 0.006710 0.100000
v 0.040193 0.005389 -0.100000
v 0.040193 0.005389 0.100000
v 0.036899 0.004136 -0.100000
v 0.036899 0.004136 0.100000
v 0.033466 0.002951 -0.100000
v 0.033466 0.002951 0.100000
v 0.029895 0.001834 -0.100000
v 0.029895 0.001834 0.100000
v 0.026185 0.000785 -0.100000
v 0.026185 0.000785 0.100000
v 0.022336 -0.000196 -0.100000
v 0.022336 -0.000196 0.100000
v 0.018327 -0.001103 -0.100000
v 0.018327 -0.001103 0.100000
v 0.014139 -0.001932 -0.100000
v 0.014139 -0.001932 0.100000
v 0.009772 -0.002682 -0.100000
v 0.009772 -0.002682 0.100000
v 0.005225 -0.003352 -0.100000
v 0.005225 -0.003352 0.100000
v 0.000498 -0.003944 -0.100000
v 0.000498 -0.003944 0.100000
v -0.004408 -0.004457 -0.100000
v -0.004408 -0.004457 0.100000
v -0.009494 -0.004891 -0.100000
v -0.009494 -0.004891 0.100000
v -0.014760 -0.005246 -0.100000
v -0.014760 -0.005246 0.100000
v -0.020205 -0.005523 -0.100000
v -0.020205 -0.005523 0.100000
v -0.025829 -0.005720 -0.100000
v -0.025829 -0.005720 0.100000
v -0.031634 -0.005838 -0.100000
v -0.031634 -0.005838 0.100000
v -0.037617 -0.005878 -0.100000
v -0.037617 -0.005878 0.100000
v -0.043601 -0.005838 -0.100000
v -0.043601 -0.005838 0.100000
v -0.049406 -0.005720 -0.100000
v -0.049406 -0.005720 0.100000
v -0.055030 -0.005523 -0.100000
v -0.055030 -0.005523 0.100000
v -0.060475 -0.005246 -0.100000
v -0.060475 -0.005246 0.100000
v -0.065741 -0.004891 -0.100000
v -0.065741 -0.004891 0.100000
v -0.070827 -0.004457 -0.100000
v -0.070827 -0.004457 0.100000
v -0.075733 -0.003944 -0.100000
v -0.075733 -0.003944 0.100000
v -0.080460 -0.003352 -0.100000
v -0.080460 -0.003352 0.100000
v -0.085007 -0.002682 -0.100000
v -0.085007 -0.002682 0.100000
v -0.089374 -0.001932 -0.100000
v -0.089374 -0.001932 0.100000
v -0.093562 -0.001103 -0.100000
v -0.093562 -0.001103 0.100000
v -0.097570 -0.000196 -0.100000
v -0.097570 -0.000196 0.100000
v -0.101420 0.000785 -0.100000
v -0.101420 0.000785 0.100000
v -0.105130 0.001834 -0.100000
v -0.105130 0.001834 0.100000
v -0.108701 0.002951 -0.100000
v -0.108701 0.002951 0.100000
v -0.112134 0.004136 -0.100000
v -0.112134 0.004136 0.100000
v -0.115428 0.005389 -0.100000
v -0.115428 0.005389 0.100000
v -0.118583 0.006710 -0.100000
v -0.118583 0.006710 0.100000
v -0.121600 0.008100 -0.100000
v -0.121600 0.008100 0.100000
v -0.124477 0.009557 -0.100000
v -0.124477 0.009557 0.100000
v -0.127216 0.011082 -0.100000
v -0.127216 0.011082 0.100000
v -0.129816 0.012675 -0.100000
v -0.129816 0.012675 0.100000
v -0.132278 0.014337 -0.100000
v -0.132278 0.014337 0.100000
v -0.134600 0.016066 -0.100000
v -0.134600 0.016066 0.100000
v -0.136796 0.017858 -0.100000
v -0.136796 0.017858 0.100000
v -0.138878 0.019707 -0.100000
v -0.138878 0.019707 0.100000
v -0.140845 0.021613 -0.100000
v -0.140845 0.021613 0.100000
v -0.142698 0.023576 -0.100000
v -0.142698 0.023576 0.100000
v -0.144437 0.025597 -0.100000
v -0.144437 0.025597 0.100000
v -0.146062 0.027674 -0.100000
v -0.146062 0.027674 0.100000
v -0.147572 0.029809 -0.100000
v -0.147572 0.029809 0.100000
v -0.148968 0.032001 -0.100000
v -0.148968 0.032001 0.100000
v -0.150250 0.034250 -0.100000
v -0.150250 0.034250 0.100000
v -0.151417 0.036556 -0.100000
v -0.151417 0.036556 0.100000
v -0.152470 0.038920 -0.100000
v -0.152470 0.038920 0.100000
v -0.153409 0.041340 -0.100000
v -0.153409 0.041340 0.100000
v -0.154254 0.043812 -0.100000
v -0.154254 0.043812 0.100000
v -0.155025 0.046331 -0.100000
v -0.155025 0.046331 0.100000
v -0.155723 0.048895 -0.100000
v -0.155723 0.048895 0.100000
v -0.156348 0.051506 -0.100000
v -0.156348 0.051506 0.100000
v -0.156899 0.054164 -0.100000
v -0.156899 0.054164 0.100000
v -0.157376 0.056867 -0.100000
v -0.157376 0.056867 0.100000
v -0.157781 0.059617 -0.100000
v -0.157781 0.059617 0.100000
v -0.158111 0.062413 -0.100000
v -0.158111 0.062413 0.100000
v -0.158368 0.065255 -0.100000
v -0.158368 0.065255 0.100000
v -0.158552 0.068144 -0.100000
v -0.158552 0.068144 0.100000
v -0.158662 0.071079 -0.100000
v -0.158662 0.071079 0.100000
v -0.158699 0.074060 -0.100000
v -0.158699 0.074060 0.100000
v -0.158699 0.268025 -0.100000
v -0.158699 0.268025 0.100000
v -0.158601 0.270278 -0.100000
v -0.158601 0.270278 0.100000
v -0.158307 0.272335 -0.100000
v -0.158307 0.272335 0.100000
v -0.157817 0.274197 -0.100000
v -0.157817 0.274197 0.100000
v -0.157132 0.275862 -0.100000
v -0.157132 0.275862 0.100000
v -0.156250 0.277331 -0.100000
v -0.156250 0.277331 0.100000
v -0.155172 0.278605 -0.100000
v -0.155172 0.278605 0.100000
v -0.153899 0.279683 -0.100000
v -0.153899 0.279683 0.100000
v -0.152429 0.280564 -0.100000
v -0.152429 0.280564 0.100000
v -0.150764 0.281250 -0.100000
v -0.150764 0.281250 0.100000
v -0.148903 0.281740 -0.100000
v -0.148903 0.281740 0.100000
v -0.146846 0.282034 -0.100000
v -0.146846 0.282034 0.100000
v -0.144592 0.282132 -0.100000
v -0.144592 0.282132 0.100000
v -0.083072 0.282132 -0.100000
v -0.083072 0.282132 0.100000
v -0.080819 0.282034 -0.100000
v -0.080819 0.282034 0.100000
v -0.078762 0.281740 -0.100000
v -0.078762 0.281740 0.100000
v -0.076900 0.281250 -0.100000
v -0.076900 0.281250 0.100000
v -0.075235 0.280564 -0.100000
v -0.075235 0.280564 0.100000
v -0.073766 0.279683 -0.100000
v -0.073766 0.279683 0.100000
v -0.072492 0.278605 -0.100000
v -0.072492 0.278605 0.100000
v -0.071414 0.277332 -0.100000
v -0.071414 0.277332 0.100000
v -0.070533 0.275862 -0.100000
v -0.070533 0.275862 0.100000
v -0.069847 0.274197 -0.100000
v -0.069847 0.274197 0.100000
v -0.069357 0.272335 -0.100000
v -0.069357 0.272335 0.100000
v -0.069063 0.270278 -0.100000
v -0.069063 0.270278 0.100000
v -0.068965 0.268025 -0.100000
v -0.068965 0.268025 0.100000
v -0.068965 0.089342 -0.100000
v -0.068965 0.089342 0.100000
v -0.068925 0.088053 -0.100000
v -0.068925 0.088053 0.100000
v -0.068802 0.086800 -0.100000
v -0.068802 0.086800 0.100000
v -0.068598 0.085582 -0.100000
v -0.068598 0.085582 0.100000
v -0.068312 0.084400 -0.100000
v -0.068312 0.084400 0.100000
v -0.067945 0.083253 -0.100000
v -0.067945 0.083253 0.100000
v -0.067496 0.082141 -0.100000
v -0.067496 0.082141 0.100000
v -0.066965 0.081065 -0.100000
v -0.066965 0.081065 0.100000
v -0.066353 0.080024 -0.100000
v -0.066353 0.080024 0.100000
v -0.065659 0.079019 -0.100000
v -0.065659 0.079019 0.100000
v -0.064884 0.078049 -0.100000
v -0.064884 0.078049 0.100000
v -0.064026 0.077114 -0.100000
v -0.064026 0.077114 0.100000
v -0.063088 0.076215 -0.100000
v -0.063088 0.076215 0.100000
v -0.062007 0.075370 -0.100000
v -0.062007 0.075370 0.100000
v -0.060726 0.074598 -0.100000
v -0.060726 0.074598 0.100000
v -0.059243 0.073900 -0.100000
v -0.059243 0.073900 0.100000
v -0.057558 0.073276 -0.100000
v -0.057558 0.073276 0.100000
v -0.055672 0.072725 -0.100000
v -0.055672 0.072725 0.100000
v -0.053585 0.072247 -0.100000
v -0.053585 0.072247 0.100000
v -0.051297 0.071843 -0.100000
v -0.051297 0.071843 0.100000
v -0.048807 0.071513 -0.100000
v -0.048807 0.071513 0.100000
v -0.046116 0.071255 -0.100000
v -0.046116 0.071255 0.100000
v -0.043223 0.071072 -0.100000
v -0.043223 0.071072 0.100000
v -0.040129 0.070962 -0.100000
v -0.040129 0.070961 0.100000
v -0.036834 0.070925 -0.100000
v -0.036834 0.070925 0.100000
v -0.033476 0.070962 -0.100000
v -0.033476 0.070961 0.100000
v -0.030325 0.071072 -0.100000
v -0.030325 0.071072 0.100000
v -0.027380 0.071255 -0.100000
v -0.027380 0.071255 0.100000
v -0.024643 0.071513 -0.100000
v -0.024643 0.071513 0.100000
v -0.022112 0.071843 -0.100000
v -0.022112 0.071843 0.100000
v -0.019788 0.072247 -0.100000
v -0.019788 0.072247 0.100000
v -0.017671 0.072725 -0.100000
v -0.017671 0.072725 0.100000
v -0.015761 0.073276 -0.100000
v -0.015761 0.073276 0.100000
v -0.014058 0.073900 -0.100000
v -0.014058 0.073900 0.100000
v -0.012561 0.074598 -0.100000
v -0.012561 0.074598 0.100000
v -0.011271 0.075370 -0.100000
v -0.011271 0.075370 0.100000
v -0.010188 0.076215 -0.100000
v -0.010188 0.076215 0.100000
v -0.009249 0.077114 -0.100000
v -0.009249 0.077114 0.100000
v -0.008392 0.078049 -0.100000
v -0.008392 0.078049 0.100000
v -0.007616 0.079019 -0.100000
v -0.007616 0.079019 0.100000
v -0.006923 0.080024 -0.100000
v -0.006923 0.080024 0.100000
v -0.006310 0.081065 -0.100000
v -0.006310 0.081065 0.100000
v -0.005780 0.082141 -0.100000
v -0.005780 0.082141 0.100000
v -0.005331 0.083253 -0.100000
v -0.005331 0.083253 0.100000
v -0.004963 0.084400 -0.100000
v -0.004963 0.084400 0.100000
v -0.004678 0.085582 -0.100000
v -0.004678 0.085582 0.100000
v -0.004474 0.086800 -0.100000
v -0.004474 0.086800 0.100000
v -0.004351 0.088053 -0.100000
v -0.004351 0.088053 0.100000
v -0.004310 0.089342 -0.100000
v -0.004310 0.089342 0.100000
v -0.004310 0.268025 -0.100000
v -0.004310 0.268025 0.100000
v -0.004212 0.270278 -0.100000
v -0.004212 0.270278 0.100000
v -0.003918 0.272335 -0.100000
v -0.003918 0.272335 0.100000
v -0.003429 0.274197 -0.100000
v -0.003429 0.274197 0.100000
v -0.002743 0.275862 -0.100000
v -0.002743 0.275862 0.100000
v -0.001861 0.277331 -0.100000
v -0.001861 0.277331 0.100000
v -0.000784 0.278605 -0.100000
v -0.000784 0.278605 0.100000
v 0.000490 0.279683 -0.100000
v 0.000490 0.279683 0.100000
v 0.001959 0.280564 -0.100000
v 0.001959 0.280564 0.100000
v 0.003625 0.281250 -0.100000
v 0.003625 0.281250 0.100000
v 0.005486 0.281740 -0.100000
v 0.005486 0.281740 0.100000
v 0.007543 0.282034 -0.100000
v 0.007543 0.282034 0.100000
v 0.009796 0.282132 -0.100000
v 0.009796 0.282132 0.100000
v 0.069357 0.282132 -0.100000
v 0.069357 0.282132 0.100000
v 0.071611 0.282034 -0.100000
v 0.071611 0.282034 0.100000
v 0.073668 0.281740 -0.100000
v 0.073668 0.281740 0.100000
v 0.075529 0.281250 -0.100000
v 0.075529 0.281250 0.100000
v 0.077194 0.280564 -0.100000
v 0.077194 0.280564 0.100000
v 0.078664 0.279683 -0.100000
v 0.078664 0.279683 0.100000
v 0.079937 0.278605 -0.100000
v 0.079937 0.278605 0.100000
v 0.081015 0.277332 -0.100000
v 0.081015 0.277332 0.100000
v 0.081897 0.275862 -0.100000
v 0.081897 0.275862 0.100000
v 0.082582 0.274197 -0.100000
v 0.082582 0.274197 0.100000
v 0.083072 0.272335 -0.100000
v 0.083072 0.272335 0.100000
v 0.083366 0.270278 -0.100000
v 0.083366 0.270278 0.100000
v 0.282915 0.014107 -0.100000
v 0.282915 0.014107 0.100000
v 0.282818 0.011853 -0.100000
v 0.282818 0.011853 0.100000
v 0.282524 0.009796 -0.100000
v 0.282524 0.009796 0.100000
v 0.282034 0.007935 -0.100000
v 0.282034 0.007935 0.100000
v 0.281348 0.006270 -0.100000
v 0.281348 0.006270 0.100000
v 0.280466 0.004800 -0.100000
v 0.280466 0.004800 0.100000
v 0.279389 0.003527 -0.100000
v 0.279389 0.003527 0.100000
v 0.278115 0.002449 -0.100000
v 0.278115 0.002449 0.100000
v 0.276646 0.001567 -0.100000
v 0.276646 0.001567 0.100000
v 0.274981 0.000882 -0.100000
v 0.274981 0.000882 0.100000
v 0.273119 0.000392 -0.100000
v 0.273119 0.000392 0.100000
v 0.271062 0.000098 -0.100000
v 0.271062 0.000098 0.100000
v 0.268809 0.000000 -0.100000
v 0.268809 -0.000000 0.100000
v 0.205329 0.000000 -0.100000
v 0.205329 -0.000000 0.100000
v 0.203076 0.000098 -0.100000
v 0.203076 0.000098 0.100000
v 0.201019 0.000392 -0.100000
v 0.201019 0.000392 0.100000
v 0.199158 0.000882 -0.100000
v 0.199158 0.000882 0.100000
v 0.197492 0.001567 -0.100000
v 0.197492 0.001567 0.100000
v 0.196023 0.002449 -0.100000
v 0.196023 0.002449 0.100000
v 0.194749 0.003527 -0.100000
v 0.194749 0.003527 0.100000
v 0.193672 0.004800 -0.100000
v 0.193672 0.004800 0.100000
v 0.192790 0.006270 -0.100000
v 0.192790 0.006270 0.100000
v 0.192104 0.007935 -0.100000
v 0.192104 0.007935 0.100000
v 0.191615 0.009796 -0.100000
v 0.191615 0.009796 0.100000
v 0.191321 0.011853 -0.100000
v 0.191321 0.011853 0.100000
v 0.191223 0.014107 -0.100000
v 0.191223 0.014107 0.100000
v 0.191223 0.206505 -0.100000
v 0.191223 0.206505 0.100000
v 0.133621 0.206505 -0.100000
v 0.133621 0.206505 0.100000
v 0.131368 0.206603 -0.100000
v 0.131368 0.206603 0.100000
v 0.129310 0.206897 -0.100000
v 0.129310 0.206897 0.100000
v 0.127449 0.207386 -0.100000
v 0.127449 0.207386 0.100000
v 0.125784 0.208072 -0.100000
v 0.125784 0.208072 0.100000
v 0.124314 0.208954 -0.100000
v 0.124314 0.208954 0.100000
v 0.123041 0.210031 -0.100000
v 0.123041 0.210031 0.100000
v 0.121963 0.211305 -0.100000
v 0.121963 0.211305 0.100000
v 0.121082 0.212774 -0.100000
v 0.121082 0.212774 0.100000
v 0.120396 0.214440 -0.100000
v 0.120396 0.214440 0.100000
v 0.119906 0.216301 -0.100000
v 0.119906 0.216301 0.100000
v 0.119612 0.218358 -0.100000
v 0.119612 0.218358 0.100000
v 0.119514 0.220611 -0.100000
v 0.119514 0.220611 0.100000
v 0.119514 0.268025 -0.100000
v 0.119514 0.268025 0.100000
v 0.119612 0.270278 -0.100000
v 0.119612 0.270278 0.100000
v 0.119906 0.272335 -0.100000
v 0.119906 0.272335 0.100000
v 0.120396 0.274197 -0.100000
v 0.120396 0.274197 0.100000
v 0.121082 0.275862 -0.100000
v 0.121082 0.275862 0.100000
v 0.121963 0.277331 -0.100000
v 0.121963 0.277331 0.100000
v 0.123041 0.278605 -0.100000
v 0.123041 0.278605 0.100000
v 0.124314 0.279683 -0.100000
v 0.124314 0.279683 0.100000
v 0.125784 0.280564 -0.100000
v 0.125784 0.280564 0.100000
v 0.127449 0.281250 -0.100000
v 0.127449 0.281250 0.100000
v 0.129310 0.281740 -0.100000
v 0.129310 0.281740 0.100000
v 0.131368 0.282034 -0.100000
v 0.131368 0.282034 0.100000
v 0.133621 0.282132 -0.100000
v 0.133621 0.282132 0.100000
v 0.340517 0.282132 -0.100000
v 0.340517 0.282132 0.100000
v 0.342770 0.282034 -0.100000
v 0.342770 0.282034 0.100000
v 0.344828 0.281740 -0.100000
v 0.344828 0.281740 0.100000
v 0.346689 0.281250 -0.100000
v 0.346689 0.281250 0.100000
v 0.348354 0.280564 -0.100000
v 0.348354 0.280564 0.100000
v 0.349824 0.279683 -0.100000
v 0.349824 0.279683 0.100000
v 0.351097 0.278605 -0.100000
v 0.351097 0.278605 0.100000
v 0.352175 0.277332 -0.100000
v 0.352175 0.277332 0.100000
v 0.353057 0.275862 -0.100000
v 0.353057 0.275862 0.100000
v 0.353742 0.274197 -0.100000
v 0.353742 0.274197 0.100000
v 0.354232 0.272335 -0.100000
v 0.354232 0.272335 0.100000
v 0.354526 0.270278 -0.100000
v 0.354526 0.270278 0.100000
v 0.354624 0.268025 -0.100000
v 0.354624 0.268025 0.100000
v 0.354624 0.220611 -0.100000
v 0.354624 0.220611 0.100000
v 0.354526 0.218358 -0.100000
v 0.354526 0.218358 0.100000
v 0.354232 0.216301 -0.100000
v 0.354232 0.216301 0.100000
v 0.353742 0.214440 -0.100000
v 0.353742 0.214440 0.100000
v 0.353057 0.212774 -0.100000
v 0.353057 0.212774 0.100000
v 0.352175 0.211305 -0.100000
v 0.352175 0.211305 0.100000
v 0.351097 0.210031 -0.100000
v 0.351097 0.210031 0.100000
v 0.349824 0.208954 -0.100000
v 0.349824 0.208954 0.100000
v 0.348354 0.208072 -0.100000
v 0.348354 0.208072 0.100000
v 0.346689 0.207386 -0.100000
v 0.346689 0.207386 0.100000
v 0.344828 0.206897 -0.100000
v 0.344828 0.206897 0.100000
v 0.342770 0.206603 -0.100000
v 0.342770 0.206603 0.100000
v 0.340517 0.206505 -0.100000
v 0.340517 0.206505 0.100000
v 0.282915 0.206505 -0.100000
v 0.282915 0.206505 0.100000
v 0.567398 0.014107 -0.100000
v 0.567398 0.014107 0.100000
v 0.567300 0.011853 -0.100000
v 0.567300 0.011853 0.100000
v 0.567006 0.009796 -0.100000
v 0.567006 0.009796 0.100000
v 0.566516 0.007935 -0.100000
v 0.566516 0.007935 0.100000
v 0.565831 0.006270 -0.100000
v 0.565831 0.006270 0.100000
v 0.564949 0.004800 -0.100000
v 0.564949 0.004800 0.100000
v 0.563871 0.003527 -0.100000
v 0.563871 0.003527 0.100000
v 0.562598 0.002449 -0.100000
v 0.562598 0.002449 0.100000
v 0.561128 0.001567 -0.100000
v 0.561128 0.001567 0.100000
v 0.559463 0.000882 -0.100000
v 0.559463 0.000882 0.100000
v 0.557602 0.000392 -0.100000
v 0.557602 0.000392 0.100000
v 0.555545 0.000098 -0.100000
v 0.555545 0.000098 0.100000
v 0.553292 0.000000 -0.100000
v 0.553292 -0.000000 0.100000
v 0.494906 0.000000 -0.100000
v 0.494906 -0.000000 0.100000
v 0.492653 0.000098 -0.100000
v 0.492653 0.000098 0.100000
v 0.490596 0.000392 -0.100000
v 0.490596 0.000392 0.100000
v 0.488734 0.000882 -0.100000
v 0.488734 0.000882 0.100000
v 0.487069 0.001567 -0.100000
v 0.487069 0.001567 0.100000
v 0.485600 0.002449 -0.100000
v 0.485600 0.002449 0.100000
v 0.484326 0.003527 -0.100000
v 0.484326 0.003527 0.100000
v 0.483248 0.004800 -0.100000
v 0.483248 0.004800 0.100000
v 0.482367 0.006270 -0.100000
v 0.482367 0.006270 0.100000
v 0.481681 0.007935 -0.100000
v 0.481681 0.007935 0.100000
v 0.481191 0.009796 -0.100000
v 0.481191 0.009796 0.100000
v 0.480897 0.011853 -0.100000
v 0.480897 0.011853 0.100000
v 0.480799 0.014107 -0.100000
v 0.480799 0.014107 0.100000
v 0.480799 0.268025 -0.100000
v 0.480799 0.268025 0.100000
v 0.480897 0.270278 -0.100000
v 0.480897 0.270278 0.100000
v 0.481191 0.272335 -0.100000
v 0.481191 0.272335 0.100000
v 0.481681 0.274197 -0.100000
v 0.481681 0.274197 0.100000
v 0.482367 0.275862 -0.100000
v 0.482367 0.275862 0.100000
v 0.483248 0.277331 -0.100000
v 0.483248 0.277331 0.100000
v 0.484326 0.278605 -0.100000
v 0.484326 0.278605 0.100000
v 0.485600 0.279683 -0.100000
v 0.485600 0.279683 0.100000
v 0.487069 0.280564 -0.100000
v 0.487069 0.280564 0.100000
v 0.488734 0.281250 -0.100000
v 0.488734 0.281250 0.100000
v 0.490596 0.281740 -0.100000
v 0.490596 0.281740 0.100000
v 0.492653 0.282034 -0.100000
v 0.492653 0.282034 0.100000
v 0.494906 0.282132 -0.100000
v 0.494906 0.282132 0.100000
v 0.557994 0.282132 -0.100000
v 0.557994 0.282132 0.100000
v 0.559915 0.282050 -0.100000
v 0.559915 0.282050 0.100000
v 0.561760 0.281805 -0.100000
v 0.561760 0.281805 0.100000
v 0.563529 0.281397 -0.100000
v 0.563529 0.281397 0.100000
v 0.565221 0.280825 -0.100000
v 0.565221 0.280825 0.100000
v 0.566838 0.280091 -0.100000
v 0.566838 0.280091 0.100000
v 0.568378 0.279193 -0.100000
v 0.568378 0.279193 0.100000
v 0.569842 0.278132 -0.100000
v 0.569842 0.278132 0.100000
v 0.571230 0.276907 -0.100000
v 0.571230 0.276907 0.100000
v 0.572541 0.275519 -0.100000
v 0.572541 0.275519 0.100000
v 0.573777 0.273968 -0.100000
v 0.573777 0.273968 0.100000
v 0.574936 0.272254 -0.100000
v 0.574936 0.272254 0.100000
v 0.576019 0.270376 -0.100000
v 0.576019 0.270376 0.100000
v 0.611285 0.206505 -0.100000
v 0.611285 0.206505 0.100000
v 0.611608 0.205931 -0.100000
v 0.611608 0.205931 0.100000
v 0.611922 0.205384 -0.100000
v 0.611922 0.205384 0.100000
v 0.612228 0.204864 -0.100000
v 0.612228 0.204864 0.100000
v 0.612526 0.204371 -0.100000
v 0.612526 0.204371 0.100000
v 0.612816 0.203906 -0.100000
v 0.612816 0.203906 0.100000
v 0.613098 0.203468 -0.100000
v 0.613098 0.203468 0.100000
v 0.613371 0.203057 -0.100000
v 0.613371 0.203057 0.100000
v 0.613636 0.202673 -0.100000
v 0.613636 0.202673 0.100000
v 0.613894 0.202317 -0.100000
v 0.613894 0.202317 0.100000
v 0.614142 0.201988 -0.100000
v 0.614142 0.201988 0.100000
v 0.614383 0.201685 -0.100000
v 0.614383 0.201685 0.100000
v 0.614616 0.201411 -0.100000
v 0.614616 0.201411 0.100000
v 0.614851 0.201160 -0.100000
v 0.614851 0.201160 0.100000
v 0.615100 0.200932 -0.100000
v 0.615100 0.200932 0.100000
v 0.615363 0.200725 -0.100000
v 0.615363 0.200725 0.100000
v 0.615639 0.200540 -0.100000
v 0.615639 0.200540 0.100000
v 0.615929 0.200377 -0.100000
v 0.615929 0.200377 0.100000
v 0.616232 0.200235 -0.100000
v 0.616232 0.200235 0.100000
v 0.616549 0.200115 -0.100000
v 0.616549 0.200115 0.100000
v 0.616880 0.200017 -0.100000
v 0.616880 0.200017 0.100000
v 0.617224 0.199941 -0.100000
v 0.617224 0.199941 0.100000
v 0.617582 0.199887 -0.100000
v 0.617582 0.199887 0.100000
v 0.617954 0.199854 -0.100000
v 0.617954 0.199854 0.100000
v 0.618339 0.199843 -0.100000
v 0.618339 0.199843 0.100000
v 0.621865 0.199843 -0.100000
v 0.621865 0.199843 0.100000
v 0.622250 0.199854 -0.100000
v 0.622250 0.199854 0.100000
v 0.622622 0.199887 -0.100000
v 0.622622 0.199887 0.100000
v 0.622980 0.199941 -0.100000
v 0.622980 0.199941 0.100000
v 0.623324 0.200017 -0.100000
v 0.623324 0.200017 0.100000
v 0.623654 0.200115 -0.100000
v 0.623654 0.200115 0.100000
v 0.623971 0.200235 -0.100000
v 0.623971 0.200235 0.100000
v 0.624275 0.200377 -0.100000
v 0.624275 0.200377 0.100000
v 0.624565 0.200540 -0.100000
v 0.624565 0.200540 0.100000
v 0.624841 0.200725 -0.100000
v 0.624841 0.200725 0.100000
v 0.625103 0.200932 -0.100000
v 0.625103 0.200932 0.100000
v 0.625352 0.201160 -0.100000
v 0.625352 0.201160 0.100000
v 0.625588 0.201411 -0.100000
v 0.625588 0.201411 0.100000
v 0.625820 0.201685 -0.100000
v 0.625820 0.201685 0.100000
v 0.626061 0.201988 -0.100000
v 0.626061 0.201988 0.100000
v 0.626310 0.202317 -0.100000
v 0.626310 0.202317 0.100000
v 0.626567 0.202673 -0.100000
v 0.626567 0.202673 0.100000
v 0.626833 0.203057 -0.100000
v 0.626833 0.203057 0.100000
v 0.627106 0.203468 -0.100000
v 0.627106 0.203468 0.100000
v 0.627388 0.203906 -0.100000
v 0.627388 0.203906 0.100000
v 0.627678 0.204371 -0.100000
v 0.627678 0.204371 0.100000
v 0.627976 0.204864 -0.100000
v 0.627976 0.204864 0.100000
v 0.628282 0.205384 -0.100000
v 0.628282 0.205384 0.100000
v 0.628596 0.205931 -0.100000
v 0.628596 0.205931 0.100000
v 0.628919 0.206505 -0.100000
v 0.628919 0.206505 0.100000
v 0.663793 0.270376 -0.100000
v 0.663793 0.270376 0.100000
v 0.664876 0.272254 -0.100000
v 0.664876 0.272254 0.100000
v 0.666035 0.273968 -0.100000
v 0.666035 0.273968 0.100000
v 0.667271 0.275519 -0.100000
v 0.667271 0.275519 0.100000
v 0.668582 0.276907 -0.100000
v 0.668582 0.276907 0.100000
v 0.669970 0.278132 -0.100000
v 0.669970 0.278132 0.100000
v 0.671434 0.279193 -0.100000
v 0.671434 0.279193 0.100000
v 0.672974 0.280091 -0.100000
v 0.672974 0.280091 0.100000
v 0.674591 0.280825 -0.100000
v 0.674591 0.280825 0.100000
v 0.676283 0.281397 -0.100000
v 0.676283 0.281397 0.100000
v 0.678052 0.281805 -0.100000
v 0.678052 0.281805 0.100000
v 0.679897 0.282050 -0.100000
v 0.679897 0.282050 0.100000
v 0.681818 0.282132 -0.100000
v 0.681818 0.282132 0.100000
v 0.745298 0.282132 -0.100000
v 0.745298 0.282132 0.100000
v 0.747551 0.282034 -0.100000
v 0.747551 0.282034 0.100000
v 0.749608 0.281740 -0.100000
v 0.749608 0.281740 0.100000
v 0.751469 0.281250 -0.100000
v 0.751469 0.281250 0.100000
v 0.753135 0.280564 -0.100000
v 0.753135 0.280564 0.100000
v 0.754604 0.279683 -0.100000
v 0.754604 0.279683 0.100000
v 0.755878 0.278605 -0.100000
v 0.755878 0.278605 0.100000
v 0.756955 0.277332 -0.100000
v 0.756955 0.277332 0.100000
v 0.757837 0.275862 -0.100000
v 0.757837 0.275862 0.100000
v 0.758523 0.274197 -0.100000
v 0.758523 0.274197 0.100000
v 0.759013 0.272335 -0.100000
v 0.759013 0.272335 0.100000
v 0.759306 0.270278 -0.100000
v 0.759306 0.270278 0.100000
v 0.759404 0.268025 -0.100000
v 0.759404 0.268025 0.100000
v 0.759404 0.014107 -0.100000
v 0.759404 0.014107 0.100000
v 0.759306 0.011853 -0.100000
v 0.759306 0.011853 0.100000
v 0.759013 0.009796 -0.100000
v 0.759013 0.009796 0.100000
v 0.758523 0.007935 -0.100000
v 0.758523 0.007935 0.100000
v 0.757837 0.006270 -0.100000
v 0.757837 0.006270 0.100000
v 0.756955 0.004800 -0.100000
v 0.756955 0.004800 0.100000
v 0.755878 0.003527 -0.100000
v 0.755878 0.003527 0.100000
v 0.754604 0.002449 -0.100000
v 0.754604 0.002449 0.100000
v 0.753135 0.001567 -0.100000
v 0.753135 0.001567 0.100000
v 0.751469 0.000882 -0.100000
v 0.751469 0.000882 0.100000
v 0.749608 0.000392 -0.100000
v 0.749608 0.000392 0.100000
v 0.747551 0.000098 -0.100000
v 0.747551 0.000098 0.100000
v 0.745298 0.000000 -0.100000
v 0.745298 -0.000000 0.100000
v 0.684953 0.000000 -0.100000
v 0.684953 -0.000000 0.100000
v 0.682700 0.000098 -0.100000
v 0.682700 0.000098 0.100000
v 0.680643 0.000392 -0.100000
v 0.680643 0.000392 0.100000
v 0.678781 0.000882 -0.100000
v 0.678781 0.000882 0.100000
v 0.677116 0.001567 -0.100000
v 0.677116 0.001567 0.100000
v 0.675647 0.002449 -0.100000
v 0.675647 0.002449 0.100000
v 0.674373 0.003527 -0.100000
v 0.674373 0.003527 0.100000
v 0.673296 0.004800 -0.100000
v 0.673296 0.004800 0.100000
v 0.672414 0.006270 -0.100000
v 0.672414 0.006270 0.100000
v 0.671728 0.007935 -0.100000
v 0.671728 0.007935 0.100000
v 0.671238 0.009796 -0.100000
v 0.671238 0.009796 0.100000
v 0.670944 0.011853 -0.100000
v 0.670944 0.011853 0.100000
v 0.670846 0.014107 -0.100000
v 0.670846 0.014107 0.100000
v 0.670846 0.152038 -0.100000
v 0.670846 0.152038 0.100000
v 0.647727 0.109326 -0.100000
v 0.647727 0.109326 0.100000
v 0.646565 0.107323 -0.100000
v 0.646565 0.107323 0.100000
v 0.645300 0.105495 -0.100000
v 0.645300 0.105495 0.100000
v 0.643931 0.103840 -0.100000
v 0.643931 0.103840 0.100000
v 0.642459 0.102360 -0.100000
v 0.642459 0.102360 0.100000
v 0.640884 0.101054 -0.100000
v 0.640884 0.101054 0.100000
v 0.639205 0.099922 -0.100000
v 0.639205 0.099922 0.100000
v 0.637422 0.098964 -0.100000
v 0.637422 0.098964 0.100000
v 0.635536 0.098180 -0.100000
v 0.635536 0.098180 0.100000
v 0.633547 0.097571 -0.100000
v 0.633547 0.097571 0.100000
v 0.631455 0.097135 -0.100000
v 0.631455 0.097135 0.100000
v 0.629259 0.096874 -0.100000
v 0.629259 0.096874 0.100000
v 0.626959 0.096787 -0.100000
v 0.626959 0.096787 0.100000
v 0.611285 0.096787 -0.100000
v 0.611285 0.096787 0.100000
v 0.608986 0.096874 -0.100000
v 0.608986 0.096874 0.100000
v 0.606790 0.097135 -0.100000
v 0.606790 0.097135 0.100000
v 0.604697 0.097571 -0.100000
v 0.604697 0.097571 0.100000
v 0.602708 0.098180 -0.100000
v 0.602708 0.098180 0.100000
v 0.600822 0.098964 -0.100000
v 0.600822 0.098964 0.100000
v 0.599040 0.099922 -0.100000
v 0.599040 0.099922 0.100000
v 0.597361 0.101054 -0.100000
v 0.597361 0.101054 0.100000
v 0.595785 0.102360 -0.100000
v 0.595785 0.102360 0.100000
v 0.594313 0.103840 -0.100000
v 0.594313 0.103840 0.100000
v 0.592945 0.105495 -0.100000
v 0.592945 0.105495 0.100000
v 0.591679 0.107323 -0.100000
v 0.591679 0.107323 0.100000
v 0.590517 0.109326 -0.100000
v 0.590517 0.109326 0.100000
v 0.567398 0.152038 -0.100000
v 0.567398 0.152038 0.100000
v 1.023511 0.014107 -0.100000
v 1.023511 0.014107 0.100000
v 1.023413 0.011853 -0.100000
v 1.023413 0.011853 0.100000
v 1.023119 0.009796 -0.100000
v 1.023119 0.009796 0.100000
v 1.022629 0.007935 -0.100000
v 1.022629 0.007935 0.100000
v 1.021944 0.006270 -0.100000
v 1.021944 0.006270 0.100000
v 1.021062 0.004800 -0.100000
v 1.021062 0.004800 0.100000
v 1.019984 0.003527 -0.100000
v 1.019984 0.003527 0.100000
v 1.018711 0.002449 -0.100000
v 1.018711 0.002449 0.100000
v 1.017242 0.001567 -0.100000
v 1.017242 0.001567 0.100000
v 1.015576 0.000882 -0.100000
v 1.015576 0.000882 0.100000
v 1.013715 0.000392 -0.100000
v 1.013715 0.000392 0.100000
v 1.011658 0.000098 -0.100000
v 1.011658 0.000098 0.100000
v 1.009404 0.000000 -0.100000
v 1.009404 -0.000000 0.100000
v 0.827586 0.000000 -0.100000
v 0.827586 -0.000000 0.100000
v 0.825333 0.000098 -0.100000
v 0.825333 0.000098 0.100000
v 0.823276 0.000392 -0.100000
v 0.823276 0.000392 0.100000
v 0.821415 0.000882 -0.100000
v 0.821415 0.000882 0.100000
v 0.819749 0.001567 -0.100000
v 0.819749 0.001567 0.100000
v 0.818280 0.002449 -0.100000
v 0.818280 0.002449 0.100000
v 0.817006 0.003527 -0.100000
v 0.817006 0.003527 0.100000
v 0.815929 0.004800 -0.100000
v 0.815929 0.004800 0.100000
v 0.815047 0.006270 -0.100000
v 0.815047 0.006270 0.100000
v 0.814361 0.007935 -0.100000
v 0.814361 0.007935 0.100000
v 0.813872 0.009796 -0.100000
v 0.813872 0.009796 0.100000
v 0.813578 0.011853 -0.100000
v 0.813578 0.011853 0.100000
v 0.813480 0.014107 -0.100000
v 0.813480 0.014107 0.100000
v 0.813480 0.268025 -0.100000
v 0.813480 0.268025 0.100000
v 0.813578 0.270278 -0.100000
v 0.813578 0.270278 0.100000
v 0.813872 0.272335 -0.100000
v 0.813872 0.272335 0.100000
v 0.814361 0.274197 -0.100000
v 0.814361 0.274197 0.100000
v 0.815047 0.275862 -0.100000
v 0.815047 0.275862 0.100000
v 0.815929 0.277331 -0.100000
v 0.815929 0.277331 0.100000
v 0.817006 0.278605 -0.100000
v 0.817006 0.278605 0.100000
v 0.818280 0.279683 -0.100000
v 0.818280 0.279683 0.100000
v 0.819749 0.280564 -0.100000
v 0.819749 0.280564 0.100000
v 0.821415 0.281250 -0.100000
v 0.821415 0.281250 0.100000
v 0.823276 0.281740 -0.100000
v 0.823276 0.281740 0.100000
v 0.825333 0.282034 -0.100000
v 0.825333 0.282034 0.100000
v 0.827586 0.282132 -0.100000
v 0.827586 0.282132 0.100000
v 1.009404 0.282132 -0.100000
v 1.009404 0.282132 0.100000
v 1.011658 0.282034 -0.100000
v 1.011658 0.282034 0.100000
v 1.013715 0.281740 -0.100000
v 1.013715 0.281740 0.100000
v 1.015576 0.281250 -0.100000
v 1.015576 0.281250 0.100000
v 1.017241 0.280564 -0.100000
v 1.017241 0.280564 0.100000
v 1.018711 0.279683 -0.100000
v 1.018711 0.279683 0.100000
v 1.019984 0.278605 -0.100000
v 1.019984 0.278605 0.100000
v 1.021062 0.277332 -0.100000
v 1.021062 0.277332 0.100000
v 1.021944 0.275862 -0.100000
v 1.021944 0.275862 0.100000
v 1.022629 0.274197 -0.100000
v 1.022629 0.274197 0.100000
v 1.023119 0.272335 -0.100000
v 1.023119 0.272335 0.100000
v 1.023413 0.270278 -0.100000
v 1.023413 0.270278 0.100000
v 1.023511 0.268025 -0.100000
v 1.023511 0.268025 0.100000
v 1.023511 0.222179 -0.100000
v 1.023511 0.222179 0.100000
v 1.023413 0.219926 -0.100000
v 1.023413 0.219926 0.100000
v 1.023119 0.217868 -0.100000
v 1.023119 0.217868 0.100000
v 1.022629 0.216007 -0.100000
v 1.022629 0.216007 0.100000
v 1.021944 0.214342 -0.100000
v 1.021944 0.214342 0.100000
v 1.021062 0.212872 -0.100000
v 1.021062 0.212872 0.100000
v 1.019984 0.211599 -0.100000
v 1.019984 0.211599 0.100000
v 1.018711 0.210521 -0.100000
v 1.018711 0.210521 0.100000
v 1.017242 0.209639 -0.100000
v 1.017242 0.209639 0.100000
v 1.015576 0.208954 -0.100000
v 1.015576 0.208954 0.100000
v 1.013715 0.208464 -0.100000
v 1.013715 0.208464 0.100000
v 1.011658 0.208170 -0.100000
v 1.011658 0.208170 0.100000
v 1.009404 0.208072 -0.100000
v 1.009404 0.208072 0.100000
v 0.901254 0.208072 -0.100000
v 0.901254 0.208072 0.100000
v 0.901254 0.177900 -0.100000
v 0.901254 0.177900 0.100000
v 0.977665 0.177900 -0.100000
v 0.977665 0.177900 0.100000
v 0.979918 0.177802 -0.100000
v 0.979918 0.177802 0.100000
v 0.981975 0.177508 -0.100000
v 0.981975 0.177508 0.100000
v 0.983836 0.177018 -0.100000
v 0.983836 0.177018 0.100000
v 0.985502 0.176332 -0.100000
v 0.985502 0.176332 0.100000
v 0.986971 0.175451 -0.100000
v 0.986971 0.175451 0.100000
v 0.988244 0.174373 -0.100000
v 0.988244 0.174373 0.100000
v 0.989322 0.173100 -0.100000
v 0.989322 0.173100 0.100000
v 0.990204 0.171630 -0.100000
v 0.990204 0.171630 0.100000
v 0.990889 0.169965 -0.100000
v 0.990889 0.169965 0.100000
v 0.991379 0.168103 -0.100000
v 0.991379 0.168103 0.100000
v 0.991673 0.166046 -0.100000
v 0.991673 0.166046 0.100000
v 0.991771 0.163793 -0.100000
v 0.991771 0.163793 0.100000
v 0.991771 0.121865 -0.100000
v 0.991771 0.121865 0.100000
v 0.991673 0.119612 -0.100000
v 0.991673 0.119612 0.100000
v 0.991379 0.117555 -0.100000
v 0.991379 0.117555 0.100000
v 0.990889 0.115694 -0.100000
v 0.990889 0.115694 0.100000
v 0.990204 0.114028 -0.100000
v 0.990204 0.114028 0.100000
v 0.989322 0.112559 -0.100000
v 0.989322 0.112559 0.100000
v 0.988244 0.111285 -0.100000
v 0.988244 0.111285 0.100000
v 0.986971 0.110208 -0.100000
v 0.986971 0.110208 0.100000
v 0.985502 0.109326 -0.100000
v 0.985502 0.109326 0.100000
v 0.983836 0.108640 -0.100000
v 0.983836 0.108640 0.100000
v 0.981975 0.108150 -0.100000
v 0.981975 0.108150 0.100000
v 0.979918 0.107857 -0.100000
v 0.979918 0.107857 0.100000
v 0.977665 0.107759 -0.100000
v 0.977665 0.107759 0.100000
v 0.901254 0.107759 -0.100000
v 0.901254 0.107759 0.100000
v 0.901254 0.074060 -0.100000
v 0.901254 0.074060 0.100000
v 1.009404 0.074060 -0.100000
v 1.009404 0.074060 0.100000
v 1.011658 0.073962 -0.100000
v 1.011658 0.073962 0.100000
v 1.013715 0.073668 -0.100000
v 1.013715 0.073668 0.100000
v 1.015576 0.073178 -0.100000
v 1.015576 0.073178 0.100000
v 1.017241 0.072492 -0.100000
v 1.017241 0.072492 0.100000
v 1.018711 0.071611 -0.100000
v 1.018711 0.071610 0.100000
v 1.019984 0.070533 -0.100000
v 1.019984 0.070533 0.100000
v 1.021062 0.069259 -0.100000
v 1.021062 0.069259 0.100000
v 1.021944 0.067790 -0.100000
v 1.021944 0.067790 0.100000
v 1.022629 0.066125 -0.100000
v 1.022629 0.066125 0.100000
v 1.023119 0.064263 -0.100000
v 1.023119 0.064263 0.100000
v 1.023413 0.062206 -0.100000
v 1.023413 0.062206 0.100000
v 1.023511 0.059953 -0.100000
v 1.023511 0.059953 0.100000
vn -0.0000 -0.0000 1.0000
vn -0.0012 -0.0000 1.0000
vn 0.0001 -0.0000 1.0000
vn -0.0000 -0.0000 -1.0000
vn -0.0012 -0.0000 -1.0000
vn 0.0001 -0.0000 -1.0000
vn 0.7071 -0.7071 -0.0000
vn 0.9998 -0.0217 -0.0000
vn 0.9957 -0.0926 -0.0000
vn 0.9801 -0.1983 -0.0000
vn 0.9480 -0.3183 -0.0000
vn 0.8936 -0.4489 -0.0000
vn 0.8131 -0.5821 -0.0000
vn 0.5821 -0.8131 -0.0000
vn 0.4489 -0.8936 -0.0000
vn 0.3183 -0.9480 -0.0000
vn 0.1983 -0.9801 -0.0000
vn 0.0925 -0.9957 -0.0000
vn 0.0217 -0.9998 -0.0000
vn -0.0217 -0.9998 -0.0000
vn -0.0925 -0.9957 -0.0000
vn -0.1983 -0.9801 -0.0000
vn -0.3183 -0.9480 -0.0000
vn -0.4489 -0.8936 -0.0000
vn -0.5821 -0.8131 -0.0000
vn -0.7071 -0.7071 -0.0000
vn -0.8131 -0.5821 -0.0000
vn -0.8936 -0.4489 -0.0000
vn -0.9480 -0.3183 -0.0000
vn -0.9801 -0.1983 -0.0000
vn -0.9957 -0.0926 -0.0000
vn -0.9998 -0.0218 -0.0000
vn -1.0000 0.0065 -0.0000
vn -0.9997 0.0256 -0.0000
vn -0.9987 0.0501 -0.0000
vn -0.9973 0.0733 -0.0000
vn -0.9954 0.0954 -0.0000
vn -0.9932 0.1164 -0.0000
vn -0.9907 0.1363 -0.0000
vn -0.9879 0.1552 -0.0000
vn -0.9849 0.1732 -0.0000
vn -0.9817 0.1902 -0.0000
vn -0.9785 0.2065 -0.0000
vn -0.9751 0.2219 -0.0000
vn -0.9716 0.2366 -0.0000
vn -0.9681 0.2505 -0.0000
vn -0.9647 0.2635 -0.0000
vn -0.9612 0.2758 -0.0000
vn -0.9579 0.2873 -0.0000
vn -0.9545 0.2981 -0.0000
vn -0.9513 0.3083 -0.0000
vn -0.9481 0.3179 -0.0000
vn -0.9450 0.3271 -0.0000
vn -0.9420 0.3357 -0.0000
vn -0.9390 0.3439 -0.0000
vn -0.9362 0.3516 -0.0000
vn -0.9343 0.3566 -0.0000
vn -0.9333 0.3590 -0.0000
vn -0.9137 0.4065 -0.0000
vn -0.8661 0.4998 -0.0000
vn -0.8044 0.5941 -0.0000
vn -0.7286 0.6849 -0.0000
vn -0.6405 0.7679 -0.0000
vn -0.5437 0.8393 -0.0000
vn -0.4426 0.8967 -0.0000
vn -0.3419 0.9397 -0.0000
vn -0.2454 0.9694 -0.0000
vn -0.1557 0.9878 -0.0000
vn -0.0741 0.9973 -0.0000
vn -0.0177 0.9998 -0.0000
vn 0.0182 0.9998 -0.0000
vn 0.0759 0.9971 -0.0000
vn 0.1594 0.9872 -0.0000
vn 0.2508 0.9680 -0.0000
vn 0.3486 0.9373 -0.0000
vn 0.4501 0.8930 -0.0000
vn 0.5512 0.8344 -0.0000
vn 0.6473 0.7622 -0.0000
vn 0.7341 0.6791 -0.0000
vn 0.8083 0.5888 -0.0000
vn 0.8684 0.4959 -0.0000
vn 0.9146 0.4044 -0.0000
vn 0.9335 0.3585 -0.0000
vn 0.9343 0.3566 -0.0000
vn 0.9362 0.3516 -0.0000
vn 0.9390 0.3438 -0.0000
vn 0.9420 0.3357 -0.0000
vn 0.9450 0.3270 -0.0000
vn 0.9481 0.3179 -0.0000
vn 0.9513 0.3083 -0.0000
vn 0.9545 0.2981 -0.0000
vn 0.9579 0.2873 -0.0000
vn 0.9612 0.2758 -0.0000
vn 0.9647 0.2635 -0.0000
vn 0.9681 0.2505 -0.0000
vn 0.9716 0.2366 -0.0000
vn 0.9751 0.2219 -0.0000
vn 0.9785 0.2065 -0.0000
vn 0.9817 0.1902 -0.0000
vn 0.9849 0.1732 -0.0000
vn 0.9879 0.1552 -0.0000
vn 0.9907 0.1363 -0.0000
vn 0.9932 0.1164 -0.0000
vn 0.9954 0.0954 -0.0000
vn 0.9973 0.0733 -0.0000
vn 0.9987 0.0501 -0.0000
vn 0.9997 0.0256 -0.0000
vn 1.0000 0.0065 -0.0000
vn -0.0201 -0.9998 -0.0000
vn -0.0855 -0.9963 -0.0000
vn -0.1837 -0.9830 -0.0000
vn -0.2962 -0.9551 -0.0000
vn -0.4210 -0.9071 -0.0000
vn -0.5517 -0.8340 -0.0000
vn -0.6787 -0.7344 -0.0000
vn -0.7905 -0.6124 -0.0000
vn -0.8786 -0.4776 -0.0000
vn -0.9398 -0.3416 -0.0000
vn -0.9768 -0.2139 -0.0000
vn -0.9950 -0.1002 -0.0000
vn -0.9997 -0.0236 -0.0000
vn 0.0300 -0.9996 -0.0000
vn 0.1220 -0.9925 -0.0000
vn 0.2461 -0.9692 -0.0000
vn 0.3673 -0.9301 -0.0000
vn 0.4801 -0.8772 -0.0000
vn 0.5803 -0.8144 -0.0000
vn 0.6658 -0.7461 -0.0000
vn 0.7365 -0.6764 -0.0000
vn 0.7936 -0.6084 -0.0000
vn 0.8389 -0.5442 -0.0000
vn 0.8746 -0.4848 -0.0000
vn 0.9025 -0.4306 -0.0000
vn 0.9365 -0.3506 -0.0000
vn 0.8048 0.5935 -0.0000
vn -0.8048 0.5935 -0.0000
vn -0.9365 -0.3506 -0.0000
vn -0.9026 -0.4306 -0.0000
vn -0.8746 -0.4848 -0.0000
vn -0.8389 -0.5442 -0.0000
vn -0.7936 -0.6084 -0.0000
vn -0.7365 -0.6764 -0.0000
vn -0.6658 -0.7461 -0.0000
vn -0.5803 -0.8144 -0.0000
vn -0.4801 -0.8772 -0.0000
vn -0.3673 -0.9301 -0.0000
vn -0.2461 -0.9692 -0.0000
vn -0.1221 -0.9925 -0.0000
vn -0.0300 -0.9995 -0.0000
vn 0.6481 -0.7615 -0.0000
vn 0.5811 -0.8139 -0.0000
vn 0.5132 -0.8583 -0.0000
vn 0.4463 -0.8949 -0.0000
vn 0.3819 -0.9242 -0.0000
vn 0.3206 -0.9472 -0.0000
vn 0.2632 -0.9647 -0.0000
vn 0.2098 -0.9778 -0.0000
vn 0.1604 -0.9871 -0.0000
vn 0.1150 -0.9934 -0.0000
vn 0.0734 -0.9973 -0.0000
vn 0.0353 -0.9994 -0.0000
vn 0.0085 -1.0000 -0.0000
vn -0.9957 -0.0925 -0.0000
vn -0.9998 -0.0217 -0.0000
vn -0.9998 0.0217 -0.0000
vn -0.9957 0.0926 -0.0000
vn -0.9801 0.1983 -0.0000
vn -0.9480 0.3183 -0.0000
vn -0.8936 0.4489 -0.0000
vn -0.8131 0.5821 -0.0000
vn -0.7071 0.7071 -0.0000
vn -0.5821 0.8131 -0.0000
vn -0.4489 0.8936 -0.0000
vn -0.3183 0.9480 -0.0000
vn -0.1983 0.9801 -0.0000
vn -0.0925 0.9957 -0.0000
vn -0.0217 0.9998 -0.0000
vn 0.0080 1.0000 -0.0000
vn 0.0332 0.9994 -0.0000
vn 0.0692 0.9976 -0.0000
vn 0.1083 0.9941 -0.0000
vn 0.1510 0.9885 -0.0000
vn 0.1975 0.9803 -0.0000
vn 0.2478 0.9688 -0.0000
vn 0.3021 0.9533 -0.0000
vn 0.3603 0.9329 -0.0000
vn 0.4218 0.9067 -0.0000
vn 0.4862 0.8738 -0.0000
vn 0.5524 0.8336 -0.0000
vn 0.6193 0.7852 -0.0000
vn 0.6850 0.7285 -0.0000
vn 0.7469 0.6649 -0.0000
vn 0.8029 0.5961 -0.0000
vn 0.8519 0.5238 -0.0000
vn 0.8931 0.4498 -0.0000
vn 0.9266 0.3760 -0.0000
vn 0.9527 0.3040 -0.0000
vn 0.9720 0.2349 -0.0000
vn 0.9855 0.1697 -0.0000
vn 0.9941 0.1088 -0.0000
vn 0.9986 0.0524 -0.0000
vn 0.9999 0.0127 -0.0000
vn 0.9999 -0.0152 -0.0000
vn 0.9980 -0.0637 -0.0000
vn 0.9910 -0.1339 -0.0000
vn 0.9774 -0.2116 -0.0000
vn 0.9551 -0.2962 -0.0000
vn 0.9223 -0.3865 -0.0000
vn 0.8772 -0.4801 -0.0000
vn 0.8189 -0.5739 -0.0000
vn 0.7479 -0.6638 -0.0000
vn 0.6661 -0.7459 -0.0000
vn 0.5767 -0.8169 -0.0000
vn 0.4838 -0.8752 -0.0000
vn 0.9858 0.1677 -0.0000
vn 0.1380 0.9904 -0.0000
vn 0.1870 0.9824 -0.0000
vn 0.2395 0.9709 -0.0000
vn 0.2952 0.9554 -0.0000
vn 0.3539 0.9353 -0.0000
vn 0.4150 0.9098 -0.0000
vn 0.4777 0.8785 -0.0000
vn 0.5411 0.8410 -0.0000
vn 0.6039 0.7971 -0.0000
vn 0.6648 0.7470 -0.0000
vn 0.7225 0.6914 -0.0000
vn 0.7757 0.6311 -0.0000
vn 0.8230 0.5681 -0.0000
vn 0.8636 0.5042 -0.0000
vn 0.8975 0.4409 -0.0000
vn 0.9252 0.3794 -0.0000
vn 0.9473 0.3204 -0.0000
vn 0.9644 0.2644 -0.0000
vn 0.9773 0.2118 -0.0000
vn 0.9867 0.1627 -0.0000
vn 0.9931 0.1172 -0.0000
vn 0.9972 0.0751 -0.0000
vn 0.9993 0.0362 -0.0000
vn 1.0000 0.0088 -0.0000
vn 0.9999 -0.0119 -0.0000
vn 0.9988 -0.0492 -0.0000
vn 0.9948 -0.1022 -0.0000
vn 0.9872 -0.1595 -0.0000
vn 0.9753 -0.2210 -0.0000
vn 0.9581 -0.2864 -0.0000
vn 0.9349 -0.3550 -0.0000
vn 0.9048 -0.4258 -0.0000
vn 0.8674 -0.4976 -0.0000
vn 0.8225 -0.5688 -0.0000
vn 0.7704 -0.6376 -0.0000
vn 0.7119 -0.7023 -0.0000
vn -0.0223 -0.9998 -0.0000
vn 0.7071 0.7071 -0.0000
vn -0.0229 0.9997 -0.0000
vn -0.0973 0.9953 -0.0000
vn -0.2082 0.9781 -0.0000
vn -0.3331 0.9429 -0.0000
vn -0.4672 0.8841 -0.0000
vn -0.6016 0.7988 -0.0000
vn -0.7248 0.6890 -0.0000
vn -0.8267 0.5626 -0.0000
vn -0.9024 0.4309 -0.0000
vn -0.9527 0.3040 -0.0000
vn -0.9820 0.1888 -0.0000
vn -0.9961 0.0880 -0.0000
vn -0.9998 0.0206 -0.0000
vn -0.9998 -0.0212 -0.0000
vn -0.9959 -0.0902 -0.0000
vn -0.9811 -0.1934 -0.0000
vn -0.9504 -0.3110 -0.0000
vn -0.8981 -0.4397 -0.0000
vn -0.8201 -0.5723 -0.0000
vn -0.7161 -0.6980 -0.0000
vn -0.5920 -0.8059 -0.0000
vn -0.4581 -0.8889 -0.0000
vn -0.3258 -0.9455 -0.0000
vn -0.2033 -0.9791 -0.0000
vn -0.0949 -0.9955 -0.0000
vn -0.0229 -0.9997 -0.0000
vn -0.9998 -0.0206 -0.0000
vn -0.9961 -0.0880 -0.0000
vn -0.9820 -0.1888 -0.0000
vn -0.9527 -0.3040 -0.0000
vn -0.9024 -0.4309 -0.0000
vn -0.8267 -0.5626 -0.0000
vn -0.7248 -0.6890 -0.0000
vn -0.6016 -0.7988 -0.0000
vn -0.4672 -0.8841 -0.0000
vn -0.3331 -0.9429 -0.0000
vn -0.2082 -0.9781 -0.0000
vn -0.0973 -0.9953 -0.0000
vn 1.0000 0.0062 -0.0000
vn 1.0000 -0.0062 -0.0000
vn 0.9997 -0.0249 -0.0000
vn 0.9987 -0.0505 -0.0000
vn 0.9970 -0.0768 -0.0000
vn 0.9946 -0.1038 -0.0000
vn 0.9913 -0.1314 -0.0000
vn 0.9872 -0.1597 -0.0000
vn 0.9821 -0.1885 -0.0000
vn 0.9760 -0.2179 -0.0000
vn 0.9689 -0.2476 -0.0000
vn 0.9606 -0.2778 -0.0000
vn 0.9513 -0.3082 -0.0000
vn 0.9396 -0.3424 -0.0000
vn 0.9235 -0.3835 -0.0000
vn 0.9039 -0.4277 -0.0000
vn 0.8821 -0.4711 -0.0000
vn 0.8583 -0.5132 -0.0000
vn 0.8326 -0.5539 -0.0000
vn 0.8053 -0.5929 -0.0000
vn 0.7766 -0.6300 -0.0000
vn 0.7468 -0.6650 -0.0000
vn 0.7162 -0.6979 -0.0000
vn 0.6851 -0.7285 -0.0000
vn 0.6536 -0.7569 -0.0000
vn 0.6201 -0.7845 -0.0000
vn 0.5829 -0.8125 -0.0000
vn 0.5444 -0.8388 -0.0000
vn 0.5069 -0.8620 -0.0000
vn 0.4707 -0.8823 -0.0000
vn 0.4358 -0.9001 -0.0000
vn 0.4023 -0.9155 -0.0000
vn 0.3704 -0.9289 -0.0000
vn 0.3400 -0.9404 -0.0000
vn 0.3112 -0.9504 -0.0000
vn 0.2838 -0.9589 -0.0000
vn 0.2578 -0.9662 -0.0000
vn 0.2321 -0.9727 -0.0000
vn 0.2058 -0.9786 -0.0000
vn 0.1801 -0.9836 -0.0000
vn 0.1562 -0.9877 -0.0000
vn 0.1339 -0.9910 -0.0000
vn 0.1130 -0.9936 -0.0000
vn 0.0936 -0.9956 -0.0000
vn 0.0754 -0.9972 -0.0000
vn 0.0584 -0.9983 -0.0000
vn 0.0424 -0.9991 -0.0000
vn 0.0274 -0.9996 -0.0000
vn 0.0134 -0.9999 -0.0000
vn -0.0000 -1.0000 -0.0000
vn -0.0134 -0.9999 -0.0000
vn -0.0274 -0.9996 -0.0000
vn -0.0424 -0.9991 -0.0000
vn -0.0584 -0.9983 -0.0000
vn -0.0754 -0.9972 -0.0000
vn -0.0936 -0.9956 -0.0000
vn -0.1130 -0.9936 -0.0000
vn -0.1339 -0.9910 -0.0000
vn -0.1562 -0.9877 -0.0000
vn -0.1801 -0.9836 -0.0000
vn -0.2058 -0.9786 -0.0000
vn -0.2321 -0.9727 -0.0000
vn -0.2578 -0.9662 -0.0000
vn -0.2838 -0.9589 -0.0000
vn -0.3112 -0.9504 -0.0000
vn -0.3400 -0.9404 -0.0000
vn -0.3704 -0.9289 -0.0000
vn -0.4023 -0.9155 -0.0000
vn -0.4358 -0.9001 -0.0000
vn -0.4707 -0.8823 -0.0000
vn -0.5069 -0.8620 -0.0000
vn -0.5444 -0.8388 -0.0000
vn -0.5829 -0.8125 -0.0000
vn -0.6200 -0.7846 -0.0000
vn -0.6531 -0.7573 -0.0000
vn -0.6841 -0.7294 -0.0000
vn -0.7147 -0.6994 -0.0000
vn -0.7448 -0.6673 -0.0000
vn -0.7741 -0.6331 -0.0000
vn -0.8023 -0.5969 -0.0000
vn -0.8292 -0.5590 -0.0000
vn -0.8545 -0.5194 -0.0000
vn -0.8781 -0.4784 -0.0000
vn -0.8998 -0.4363 -0.0000
vn -0.9194 -0.3933 -0.0000
vn -0.9357 -0.3529 -0.0000
vn -0.9479 -0.3185 -0.0000
vn -0.9579 -0.2872 -0.0000
vn -0.9666 -0.2562 -0.0000
vn -0.9742 -0.2255 -0.0000
vn -0.9808 -0.1952 -0.0000
vn -0.9862 -0.1654 -0.0000
vn -0.9907 -0.1362 -0.0000
vn -0.9942 -0.1076 -0.0000
vn -0.9968 -0.0796 -0.0000
vn -0.9986 -0.0524 -0.0000
vn -0.9997 -0.0258 -0.0000
vn -1.0000 -0.0064 -0.0000
vn -1.0000 0.0064 -0.0000
vn -0.9997 0.0258 -0.0000
vn -0.9986 0.0524 -0.0000
vn -0.9968 0.0796 -0.0000
vn -0.9942 0.1076 -0.0000
vn -0.9907 0.1362 -0.0000
vn -0.9862 0.1654 -0.0000
vn -0.9808 0.1952 -0.0000
vn -0.9742 0.2255 -0.0000
vn -0.9666 0.2562 -0.0000
vn -0.9579 0.2872 -0.0000
vn -0.9479 0.3185 -0.0000
vn -0.9357 0.3529 -0.0000
vn -0.9194 0.3933 -0.0000
vn -0.8998 0.4363 -0.0000
vn -0.8781 0.4784 -0.0000
vn -0.8545 0.5194 -0.0000
vn -0.8292 0.5590 -0.0000
vn -0.8023 0.5969 -0.0000
vn -0.7741 0.6331 -0.0000
vn -0.7448 0.6673 -0.0000
vn -0.7147 0.6994 -0.0000
vn -0.6841 0.7294 -0.0000
vn -0.6531 0.7573 -0.0000
vn -0.6201 0.7845 -0.0000
vn -0.5835 0.8121 -0.0000
vn -0.5457 0.8380 -0.0000
vn -0.5089 0.8608 -0.0000
vn -0.4733 0.8809 -0.0000
vn -0.4391 0.8984 -0.0000
vn -0.4064 0.9137 -0.0000
vn -0.3751 0.9270 -0.0000
vn -0.3454 0.9385 -0.0000
vn -0.3171 0.9484 -0.0000
vn -0.2903 0.9569 -0.0000
vn -0.2649 0.9643 -0.0000
vn -0.2394 0.9709 -0.0000
vn -0.2126 0.9771 -0.0000
vn -0.1861 0.9825 -0.0000
vn -0.1614 0.9869 -0.0000
vn -0.1384 0.9904 -0.0000
vn -0.1169 0.9931 -0.0000
vn -0.0968 0.9953 -0.0000
vn -0.0780 0.9970 -0.0000
vn -0.0604 0.9982 -0.0000
vn -0.0439 0.9990 -0.0000
vn -0.0284 0.9996 -0.0000
vn -0.0138 0.9999 -0.0000
vn -0.0000 1.0000 -0.0000
vn 0.0138 0.9999 -0.0000
vn 0.0284 0.9996 -0.0000
vn 0.0439 0.9990 -0.0000
vn 0.0604 0.9982 -0.0000
vn 0.0780 0.9970 -0.0000
vn 0.0968 0.9953 -0.0000
vn 0.1169 0.9931 -0.0000
vn 0.1384 0.9904 -0.0000
vn 0.1614 0.9869 -0.0000
vn 0.1861 0.9825 -0.0000
vn 0.2126 0.9771 -0.0000
vn 0.2394 0.9709 -0.0000
vn 0.2649 0.9643 -0.0000
vn 0.2903 0.9569 -0.0000
vn 0.3171 0.9484 -0.0000
vn 0.3454 0.9385 -0.0000
vn 0.3751 0.9270 -0.0000
vn 0.4064 0.9137 -0.0000
vn 0.4391 0.8984 -0.0000
vn 0.4733 0.8809 -0.0000
vn 0.5089 0.8608 -0.0000
vn 0.5457 0.8380 -0.0000
vn 0.5835 0.8121 -0.0000
vn 0.6202 0.7844 -0.0000
vn 0.6536 0.7569 -0.0000
vn 0.6851 0.7285 -0.0000
vn 0.7162 0.6979 -0.0000
vn 0.7468 0.6650 -0.0000
vn 0.7766 0.6300 -0.0000
vn 0.8053 0.5929 -0.0000
vn 0.8326 0.5539 -0.0000
vn 0.8583 0.5132 -0.0000
vn 0.8821 0.4711 -0.0000
vn 0.9039 0.4277 -0.0000
vn 0.9235 0.3835 -0.0000
vn 0.9396 0.3424 -0.0000
vn 0.9513 0.3082 -0.0000
vn 0.9606 0.2778 -0.0000
vn 0.9689 0.2476 -0.0000
vn 0.9760 0.2179 -0.0000
vn 0.9821 0.1885 -0.0000
vn 0.9872 0.1597 -0.0000
vn 0.9913 0.1314 -0.0000
vn 0.9946 0.1038 -0.0000
vn 0.9970 0.0768 -0.0000
vn 0.9987 0.0505 -0.0000
vn 0.9997 0.0249 -0.0000
vn 0.9999 -0.0159 -0.0000
vn 0.9999 0.0158 -0.0000
vn 0.9979 0.0645 -0.0000
vn 0.9913 0.1313 -0.0000
vn 0.9798 0.2002 -0.0000
vn 0.9628 0.2701 -0.0000
vn 0.9404 0.3400 -0.0000
vn 0.9127 0.4087 -0.0000
vn 0.8800 0.4749 -0.0000
vn 0.8430 0.5378 -0.0000
vn 0.8026 0.5966 -0.0000
vn 0.7595 0.6505 -0.0000
vn 0.7148 0.6994 -0.0000
vn 0.6538 0.7566 -0.0000
vn 0.5636 0.8260 -0.0000
vn 0.4658 0.8849 -0.0000
vn 0.3805 0.9248 -0.0000
vn 0.3076 0.9515 -0.0000
vn 0.2456 0.9694 -0.0000
vn 0.1930 0.9812 -0.0000
vn 0.1482 0.9890 -0.0000
vn 0.1098 0.9940 -0.0000
vn 0.0766 0.9971 -0.0000
vn 0.0478 0.9989 -0.0000
vn 0.0225 0.9997 -0.0000
vn 0.0001 1.0000 -0.0000
vn -0.0222 0.9998 -0.0000
vn -0.0470 0.9989 -0.0000
vn -0.0756 0.9971 -0.0000
vn -0.1085 0.9941 -0.0000
vn -0.1468 0.9892 -0.0000
vn -0.1917 0.9814 -0.0000
vn -0.2448 0.9696 -0.0000
vn -0.3077 0.9515 -0.0000
vn -0.3823 0.9240 -0.0000
vn -0.4703 0.8825 -0.0000
vn -0.5718 0.8204 -0.0000
vn -0.6651 0.7468 -0.0000
vn -0.7265 0.6872 -0.0000
vn -0.7702 0.6378 -0.0000
vn -0.8121 0.5836 -0.0000
vn -0.8511 0.5250 -0.0000
vn -0.8866 0.4626 -0.0000
vn -0.9177 0.3972 -0.0000
vn -0.9440 0.3300 -0.0000
vn -0.9651 0.2618 -0.0000
vn -0.9810 0.1938 -0.0000
vn -0.9919 0.1271 -0.0000
vn -0.9981 0.0624 -0.0000
vn -0.9999 0.0153 -0.0000
vn -0.9999 -0.0153 -0.0000
vn -0.9980 -0.0625 -0.0000
vn -0.9918 -0.1277 -0.0000
vn -0.9808 -0.1951 -0.0000
vn -0.9645 -0.2641 -0.0000
vn -0.9427 -0.3336 -0.0000
vn -0.9155 -0.4023 -0.0000
vn -0.8831 -0.4692 -0.0000
vn -0.8460 -0.5332 -0.0000
vn -0.8050 -0.5932 -0.0000
vn -0.7610 -0.6487 -0.0000
vn -0.7150 -0.6991 -0.0000
vn -0.6515 -0.7586 -0.0000
vn -0.5575 -0.8302 -0.0000
vn -0.4566 -0.8896 -0.0000
vn -0.3702 -0.9290 -0.0000
vn -0.2973 -0.9548 -0.0000
vn -0.2362 -0.9717 -0.0000
vn -0.1849 -0.9828 -0.0000
vn -0.1415 -0.9899 -0.0000
vn -0.1045 -0.9945 -0.0000
vn -0.0728 -0.9973 -0.0000
vn -0.0453 -0.9990 -0.0000
vn -0.0213 -0.9998 -0.0000
vn 0.0001 -1.0000 -0.0000
vn 0.0460 -0.9989 -0.0000
vn 0.0738 -0.9973 -0.0000
vn 0.1058 -0.9944 -0.0000
vn 0.1428 -0.9897 -0.0000
vn 0.1861 -0.9825 -0.0000
vn 0.2371 -0.9715 -0.0000
vn 0.2972 -0.9548 -0.0000
vn 0.3684 -0.9297 -0.0000
vn 0.4522 -0.8919 -0.0000
vn 0.5493 -0.8357 -0.0000
vn 0.6402 -0.7682 -0.0000
vn 0.7031 -0.7111 -0.0000
vn 0.7501 -0.6614 -0.0000
vn 0.7953 -0.6062 -0.0000
vn 0.8377 -0.5461 -0.0000
vn 0.8764 -0.4817 -0.0000
vn 0.9104 -0.4138 -0.0000
vn 0.9391 -0.3437 -0.0000
vn 0.9621 -0.2725 -0.0000
vn 0.9795 -0.2016 -0.0000
vn 0.9913 -0.1320 -0.0000
vn 0.9979 -0.0647 -0.0000
vn 0.9998 0.0217 -0.0000
vn 0.9395 -0.3426 -0.0000
vn 0.9232 -0.3844 -0.0000
vn 0.9031 -0.4295 -0.0000
vn 0.8808 -0.4735 -0.0000
vn 0.8564 -0.5163 -0.0000
vn 0.8302 -0.5575 -0.0000
vn 0.8023 -0.5969 -0.0000
vn 0.7731 -0.6343 -0.0000
vn 0.7428 -0.6695 -0.0000
vn 0.7117 -0.7025 -0.0000
vn 0.6801 -0.7331 -0.0000
vn 0.6483 -0.7614 -0.0000
vn 0.6149 -0.7886 -0.0000
vn 0.5785 -0.8157 -0.0000
vn 0.5411 -0.8410 -0.0000
vn 0.5046 -0.8633 -0.0000
vn 0.4692 -0.8831 -0.0000
vn 0.4351 -0.9004 -0.0000
vn 0.3709 -0.9287 -0.0000
vn 0.3410 -0.9401 -0.0000
vn 0.3124 -0.9499 -0.0000
vn 0.2853 -0.9584 -0.0000
vn 0.2595 -0.9657 -0.0000
vn 0.2339 -0.9723 -0.0000
vn 0.2075 -0.9782 -0.0000
vn 0.1816 -0.9834 -0.0000
vn 0.1576 -0.9875 -0.0000
vn 0.1351 -0.9908 -0.0000
vn 0.1141 -0.9935 -0.0000
vn 0.0945 -0.9955 -0.0000
vn 0.0762 -0.9971 -0.0000
vn 0.0590 -0.9983 -0.0000
vn 0.0429 -0.9991 -0.0000
vn 0.0277 -0.9996 -0.0000
vn 0.0135 -0.9999 -0.0000
vn -0.0135 -0.9999 -0.0000
vn -0.0277 -0.9996 -0.0000
vn -0.0429 -0.9991 -0.0000
vn -0.0590 -0.9983 -0.0000
vn -0.0762 -0.9971 -0.0000
vn -0.0945 -0.9955 -0.0000
vn -0.1141 -0.9935 -0.0000
vn -0.1351 -0.9908 -0.0000
vn -0.1576 -0.9875 -0.0000
vn -0.1816 -0.9834 -0.0000
vn -0.2075 -0.9782 -0.0000
vn -0.2339 -0.9723 -0.0000
vn -0.2595 -0.9657 -0.0000
vn -0.2853 -0.9584 -0.0000
vn -0.3124 -0.9499 -0.0000
vn -0.3410 -0.9401 -0.0000
vn -0.3709 -0.9287 -0.0000
vn -0.4351 -0.9004 -0.0000
vn -0.4692 -0.8831 -0.0000
vn -0.5046 -0.8633 -0.0000
vn -0.5411 -0.8410 -0.0000
vn -0.5785 -0.8157 -0.0000
vn -0.6149 -0.7886 -0.0000
vn -0.6483 -0.7614 -0.0000
vn -0.6801 -0.7331 -0.0000
vn -0.7117 -0.7025 -0.0000
vn -0.7428 -0.6695 -0.0000
vn -0.7731 -0.6343 -0.0000
vn -0.8302 -0.5575 -0.0000
vn -0.8564 -0.5163 -0.0000
vn -0.8808 -0.4735 -0.0000
vn -0.9031 -0.4295 -0.0000
vn -0.9232 -0.3844 -0.0000
vn -0.9395 -0.3426 -0.0000
vn -0.9513 -0.3082 -0.0000
vn -0.9606 -0.2778 -0.0000
vn -0.9689 -0.2476 -0.0000
vn -0.9760 -0.2179 -0.0000
vn -0.9821 -0.1885 -0.0000
vn -0.9872 -0.1597 -0.0000
vn -0.9913 -0.1314 -0.0000
vn -0.9946 -0.1038 -0.0000
vn -0.9970 -0.0768 -0.0000
vn -0.9987 -0.0505 -0.0000
vn -0.9997 -0.0249 -0.0000
vn -1.0000 -0.0062 -0.0000
vn -0.9957 0.0925 -0.0000
vn 0.0217 0.9998 -0.0000
vn 0.0925 0.9957 -0.0000
vn 0.1983 0.9801 -0.0000
vn 0.3183 0.9480 -0.0000
vn 0.4489 0.8936 -0.0000
vn 0.5821 0.8131 -0.0000
vn 0.8131 0.5821 -0.0000
vn 0.8936 0.4489 -0.0000
vn 0.9480 0.3183 -0.0000
vn 0.9801 0.1983 -0.0000
vn 0.9957 0.0925 -0.0000
vn 0.9127 0.4086 -0.0000
vn 0.8430 0.5379 -0.0000
vn 0.6547 0.7559 -0.0000
vn 0.5669 0.8238 -0.0000
vn 0.4714 0.8819 -0.0000
vn 0.3871 0.9220 -0.0000
vn 0.3143 0.9493 -0.0000
vn 0.2519 0.9678 -0.0000
vn 0.1985 0.9801 -0.0000
vn 0.1528 0.9883 -0.0000
vn 0.1134 0.9936 -0.0000
vn 0.0793 0.9969 -0.0000
vn 0.0495 0.9988 -0.0000
vn 0.0234 0.9997 -0.0000
vn -0.0486 0.9988 -0.0000
vn -0.0779 0.9970 -0.0000
vn -0.1116 0.9938 -0.0000
vn -0.1505 0.9886 -0.0000
vn -0.1957 0.9807 -0.0000
vn -0.2487 0.9686 -0.0000
vn -0.3109 0.9504 -0.0000
vn -0.3838 0.9234 -0.0000
vn -0.4686 0.8834 -0.0000
vn -0.5653 0.8249 -0.0000
vn -0.6543 0.7563 -0.0000
vn -0.7148 0.6994 -0.0000
vn -0.7595 0.6505 -0.0000
vn -0.8026 0.5966 -0.0000
vn -0.8430 0.5379 -0.0000
vn -0.8800 0.4749 -0.0000
vn -0.9127 0.4086 -0.0000
vn -0.9404 0.3400 -0.0000
vn -0.9628 0.2701 -0.0000
vn -0.9798 0.2002 -0.0000
vn -0.9913 0.1314 -0.0000
vn -0.9979 0.0645 -0.0000
vn -0.9999 0.0158 -0.0000
vn 0.9957 -0.0925 -0.0000
vn 0.0212 0.9998 -0.0000
vn 0.0871 0.9962 -0.0000
vn 0.1784 0.9840 -0.0000
vn 0.2727 0.9621 -0.0000
vn 0.3673 0.9301 -0.0000
vn 0.4593 0.8883 -0.0000
vn 0.5460 0.8378 -0.0000
vn 0.6250 0.7806 -0.0000
vn 0.6949 0.7191 -0.0000
vn 0.7552 0.6555 -0.0000
vn 0.8059 0.5920 -0.0000
vn 0.8479 0.5302 -0.0000
vn 0.8709 0.4915 -0.0000
vn 0.8737 0.4865 -0.0000
vn 0.8695 0.4940 -0.0000
vn 0.8644 0.5029 -0.0000
vn 0.8586 0.5126 -0.0000
vn 0.8522 0.5232 -0.0000
vn 0.8450 0.5347 -0.0000
vn 0.8369 0.5474 -0.0000
vn 0.8275 0.5614 -0.0000
vn 0.8168 0.5769 -0.0000
vn 0.8044 0.5941 -0.0000
vn 0.7898 0.6133 -0.0000
vn 0.7726 0.6349 -0.0000
vn 0.7461 0.6658 -0.0000
vn 0.7029 0.7113 -0.0000
vn 0.6480 0.7617 -0.0000
vn 0.5881 0.8088 -0.0000
vn 0.5241 0.8517 -0.0000
vn 0.4571 0.8894 -0.0000
vn 0.3883 0.9215 -0.0000
vn 0.3189 0.9478 -0.0000
vn 0.2503 0.9682 -0.0000
vn 0.1833 0.9830 -0.0000
vn 0.1190 0.9929 -0.0000
vn 0.0579 0.9983 -0.0000
vn 0.0141 0.9999 -0.0000
vn -0.0141 0.9999 -0.0000
vn -0.0579 0.9983 -0.0000
vn -0.1190 0.9929 -0.0000
vn -0.1833 0.9830 -0.0000
vn -0.2503 0.9682 -0.0000
vn -0.3189 0.9478 -0.0000
vn -0.3883 0.9215 -0.0000
vn -0.4571 0.8894 -0.0000
vn -0.5241 0.8516 -0.0000
vn -0.5881 0.8088 -0.0000
vn -0.6479 0.7617 -0.0000
vn -0.7029 0.7113 -0.0000
vn -0.7462 0.6657 -0.0000
vn -0.7727 0.6348 -0.0000
vn -0.7898 0.6133 -0.0000
vn -0.8168 0.5769 -0.0000
vn -0.8275 0.5614 -0.0000
vn -0.8369 0.5474 -0.0000
vn -0.8450 0.5347 -0.0000
vn -0.8522 0.5232 -0.0000
vn -0.8586 0.5126 -0.0000
vn -0.8644 0.5029 -0.0000
vn -0.8694 0.4940 -0.0000
vn -0.8748 0.4845 -0.0000
vn -0.8720 0.4895 -0.0000
vn -0.8479 0.5302 -0.0000
vn -0.8059 0.5920 -0.0000
vn -0.7552 0.6555 -0.0000
vn -0.6949 0.7191 -0.0000
vn -0.6250 0.7806 -0.0000
vn -0.5460 0.8378 -0.0000
vn -0.4593 0.8883 -0.0000
vn -0.3673 0.9301 -0.0000
vn -0.2727 0.9621 -0.0000
vn -0.1784 0.9840 -0.0000
vn -0.0871 0.9962 -0.0000
vn -0.0212 0.9998 -0.0000
vn -0.2455 -0.9694 -0.0000
vn 0.8723 -0.4890 -0.0000
vn 0.8443 -0.5358 -0.0000
vn 0.7971 -0.6038 -0.0000
vn 0.7405 -0.6720 -0.0000
vn 0.6744 -0.7384 -0.0000
vn 0.5994 -0.8005 -0.0000
vn 0.5169 -0.8561 -0.0000
vn 0.4291 -0.9033 -0.0000
vn 0.3388 -0.9409 -0.0000
vn 0.2486 -0.9686 -0.0000
vn 0.1611 -0.9869 -0.0000
vn 0.0780 -0.9969 -0.0000
vn 0.0189 -0.9998 -0.0000
vn -0.0189 -0.9998 -0.0000
vn -0.0780 -0.9969 -0.0000
vn -0.1611 -0.9869 -0.0000
vn -0.2486 -0.9686 -0.0000
vn -0.3388 -0.9409 -0.0000
vn -0.4291 -0.9033 -0.0000
vn -0.5169 -0.8561 -0.0000
vn -0.5994 -0.8005 -0.0000
vn -0.6744 -0.7384 -0.0000
vn -0.7406 -0.6720 -0.0000
vn -0.7971 -0.6038 -0.0000
vn -0.8443 -0.5358 -0.0000
vn -0.8723 -0.4890 -0.0000
vn 0.2455 -0.9694 -0.0000
vn 0.9957 0.0926 -0.0000
vn 0.9998 0.0218 -0.0000
vt 0.345794 0.000000
vt 0.364486 0.000000
vt 0.355140 0.000000
vt 0.373832 0.000000
vt 0.383178 0.000000
vt 0.336449 0.000000
vt 0.392523 0.000000
vt 0.327103 0.000000
vt 0.401869 0.000000
vt 0.317757 0.000000
vt 0.411215 0.000000
vt 0.308411 0.000000
vt 0.420561 0.000000
vt 0.299065 0.000000
vt 0.429907 0.000000
vt 0.289720 0.000000
vt 0.439252 0.000000
vt 0.280374 0.000000
vt 0.448598 0.000000
vt 0.271028 0.000000
vt 0.457944 0.000000
vt 0.261682 0.000000
vt 0.467290 0.000000
vt 0.252336 0.000000
vt 0.242991 0.000000
vt 0.476636 0.000000
vt 0.233645 0.000000
vt 0.607477 0.000000
vt 0.485981 0.000000
vt 0.495327 0.000000
vt 0.504673 0.000000
vt 0.514019 0.000000
vt 0.523364 0.000000
vt 0.532710 0.000000
vt 0.542056 0.000000
vt 0.551402 0.000000
vt 0.560748 0.000000
vt 0.570093 0.000000
vt 0.579439 0.000000
vt 0.588785 0.000000
vt 0.598131 0.000000
vt 0.616822 0.000000
vt 0.869159 0.000000
vt 0.626168 0.000000
vt 0.635514 0.000000
vt 0.644860 0.000000
vt 0.654206 0.000000
vt 0.663551 0.000000
vt 0.672897 0.000000
vt 0.682243 0.000000
vt 0.691589 0.000000
vt 0.700935 0.000000
vt 0.710280 0.000000
vt 0.719626 0.000000
vt 0.728972 0.000000
vt 0.738318 0.000000
vt 0.747664 0.000000
vt 0.757009 0.000000
vt 0.766355 0.000000
vt 0.775701 0.000000
vt 0.785047 0.000000
vt 0.794393 0.000000
vt 0.803738 0.000000
vt 0.813084 0.000000
vt 0.822430 0.000000
vt 0.831776 0.000000
vt 0.841121 0.000000
vt 0.850467 0.000000
vt 0.859813 0.000000
vt 0.878505 0.000000
vt 0.887850 0.000000
vt 0.897196 0.000000
vt 0.906542 0.000000
vt 0.915888 0.000000
vt 0.925234 0.000000
vt 0.934579 0.000000
vt 0.943925 0.000000
vt 0.953271 0.000000
vt 0.962617 0.000000
vt 0.971963 0.000000
vt 0.981308 0.000000
vt 0.990654 0.000000
vt 1.000000 0.000000
vt 0.000000 0.000000
vt 0.224299 0.000000
vt 0.009346 0.000000
vt 0.214953 0.000000
vt 0.018692 0.000000
vt 0.205607 0.000000
vt 0.028037 0.000000
vt 0.196262 0.000000
vt 0.037383 0.000000
vt 0.186916 0.000000
vt 0.046729 0.000000
vt 0.177570 0.000000
vt 0.056075 0.000000
vt 0.168224 0.000000
vt 0.065421 0.000000
vt 0.158879 0.000000
vt 0.074766 0.000000
vt 0.149533 0.000000
vt 0.084112 0.000000
vt 0.140187 0.000000
vt 0.093458 0.000000
vt 0.130841 0.000000
vt 0.102804 0.000000
vt 0.121495 0.000000
vt 0.112150 0.000000
vt 0.204420 0.000000
vt 0.215470 0.000000
vt 0.209945 0.000000
vt 0.220994 0.000000
vt 0.624309 0.000000
vt 0.635359 0.000000
vt 0.629834 0.000000
vt 0.640884 0.000000
vt 0.226519 0.000000
vt 0.618785 0.000000
vt 0.646409 0.000000
vt 0.198895 0.000000
vt 0.232044 0.000000
vt 0.613260 0.000000
vt 0.651934 0.000000
vt 0.193370 0.000000
vt 0.237569 0.000000
vt 0.607735 0.000000
vt 0.657459 0.000000
vt 0.187845 0.000000
vt 0.243094 0.000000
vt 0.602210 0.000000
vt 0.662983 0.000000
vt 0.182320 0.000000
vt 0.248619 0.000000
vt 0.596685 0.000000
vt 0.668508 0.000000
vt 0.176796 0.000000
vt 0.254144 0.000000
vt 0.591160 0.000000
vt 0.674033 0.000000
vt 0.171271 0.000000
vt 0.259668 0.000000
vt 0.585635 0.000000
vt 0.679558 0.000000
vt 0.165746 0.000000
vt 0.265193 0.000000
vt 0.580110 0.000000
vt 0.685083 0.000000
vt 0.160221 0.000000
vt 0.270718 0.000000
vt 0.574586 0.000000
vt 0.690608 0.000000
vt 0.154696 0.000000
vt 0.276243 0.000000
vt 0.569061 0.000000
vt 0.696133 0.000000
vt 0.149171 0.000000
vt 0.281768 0.000000
vt 0.563536 0.000000
vt 0.287293 0.000000
vt 0.558011 0.000000
vt 0.143646 0.000000
vt 0.701657 0.000000
vt 0.138122 0.000000
vt 0.850829 0.000000
vt 0.707182 0.000000
vt 0.292818 0.000000
vt 0.552486 0.000000
vt 0.298343 0.000000
vt 0.546961 0.000000
vt 0.303867 0.000000
vt 0.541436 0.000000
vt 0.309392 0.000000
vt 0.535912 0.000000
vt 0.314917 0.000000
vt 0.530387 0.000000
vt 0.320442 0.000000
vt 0.524862 0.000000
vt 0.325967 0.000000
vt 0.519337 0.000000
vt 0.331492 0.000000
vt 0.513812 0.000000
vt 0.337017 0.000000
vt 0.508287 0.000000
vt 0.342541 0.000000
vt 0.502762 0.000000
vt 0.348066 0.000000
vt 0.497238 0.000000
vt 0.353591 0.000000
vt 0.491713 0.000000
vt 0.359116 0.000000
vt 0.486188 0.000000
vt 0.364641 0.000000
vt 0.480663 0.000000
vt 0.370166 0.000000
vt 0.475138 0.000000
vt 0.375691 0.000000
vt 0.469613 0.000000
vt 0.381215 0.000000
vt 0.464088 0.000000
vt 0.386740 0.000000
vt 0.458564 0.000000
vt 0.392265 0.000000
vt 0.453039 0.000000
vt 0.397790 0.000000
vt 0.447514 0.000000
vt 0.403315 0.000000
vt 0.441989 0.000000
vt 0.408840 0.000000
vt 0.436464 0.000000
vt 0.414365 0.000000
vt 0.430939 0.000000
vt 0.419890 0.000000
vt 0.425414 0.000000
vt 0.994475 0.000000
vt 0.856354 0.000000
vt 0.845304 0.000000
vt 0.988950 0.000000
vt 0.861878 0.000000
vt 0.983425 0.000000
vt 0.867403 0.000000
vt 0.977901 0.000000
vt 0.872928 0.000000
vt 0.972376 0.000000
vt 0.878453 0.000000
vt 0.966851 0.000000
vt 0.883978 0.000000
vt 0.961326 0.000000
vt 0.889503 0.000000
vt 0.955801 0.000000
vt 0.895028 0.000000
vt 0.950276 0.000000
vt 0.900553 0.000000
vt 0.944751 0.000000
vt 0.906077 0.000000
vt 0.939227 0.000000
vt 0.911602 0.000000
vt 0.933702 0.000000
vt 0.917127 0.000000
vt 0.928177 0.000000
vt 0.922652 0.000000
vt 0.132597 0.000000
vt 0.005525 0.000000
vt 0.839779 0.000000
vt 0.712707 0.000000
vt 0.127072 0.000000
vt 0.834254 0.000000
vt 0.011050 0.000000
vt 0.718232 0.000000
vt 0.121547 0.000000
vt 0.828729 0.000000
vt 0.016575 0.000000
vt 0.723757 0.000000
vt 0.116022 0.000000
vt 0.823204 0.000000
vt 0.022099 0.000000
vt 0.729282 0.000000
vt 0.110497 0.000000
vt 0.817680 0.000000
vt 0.027624 0.000000
vt 0.734807 0.000000
vt 0.104972 0.000000
vt 0.812155 0.000000
vt 0.033149 0.000000
vt 0.740331 0.000000
vt 0.099448 0.000000
vt 0.806630 0.000000
vt 0.038674 0.000000
vt 0.745856 0.000000
vt 0.093923 0.000000
vt 0.801105 0.000000
vt 0.044199 0.000000
vt 0.751381 0.000000
vt 0.088398 0.000000
vt 0.795580 0.000000
vt 0.049724 0.000000
vt 0.756906 0.000000
vt 0.082873 0.000000
vt 0.790055 0.000000
vt 0.055249 0.000000
vt 0.762431 0.000000
vt 0.077348 0.000000
vt 0.784530 0.000000
vt 0.060773 0.000000
vt 0.767956 0.000000
vt 0.071823 0.000000
vt 0.779006 0.000000
vt 0.066298 0.000000
vt 0.773481 0.000000
vt 0.645570 0.000000
vt 0.670886 0.000000
vt 0.658228 0.000000
vt 0.683544 0.000000
vt 0.696203 0.000000
vt 0.632911 0.000000
vt 0.708861 0.000000
vt 0.620253 0.000000
vt 0.721519 0.000000
vt 0.607595 0.000000
vt 0.734177 0.000000
vt 0.594937 0.000000
vt 0.746835 0.000000
vt 0.582278 0.000000
vt 0.759494 0.000000
vt 0.569620 0.000000
vt 0.772152 0.000000
vt 0.556962 0.000000
vt 0.784810 0.000000
vt 0.544304 0.000000
vt 0.797468 0.000000
vt 0.531646 0.000000
vt 0.810127 0.000000
vt 0.518987 0.000000
vt 0.506329 0.000000
vt 0.822785 0.000000
vt 0.493671 0.000000
vt 0.835443 0.000000
vt 0.481013 0.000000
vt 0.848101 0.000000
vt 0.468354 0.000000
vt 0.860759 0.000000
vt 0.455696 0.000000
vt 0.873418 0.000000
vt 0.443038 0.000000
vt 0.886076 0.000000
vt 0.430380 0.000000
vt 0.898734 0.000000
vt 0.417722 0.000000
vt 0.911392 0.000000
vt 0.405063 0.000000
vt 0.924051 0.000000
vt 0.392405 0.000000
vt 0.936709 0.000000
vt 0.379747 0.000000
vt 0.949367 0.000000
vt 0.367089 0.000000
vt 0.962025 0.000000
vt 0.354430 0.000000
vt 0.974684 0.000000
vt 0.341772 0.000000
vt 0.987342 0.000000
vt 0.329114 0.000000
vt 0.316456 0.000000
vt 0.303797 0.000000
vt 0.012658 0.000000
vt 0.291139 0.000000
vt 0.025316 0.000000
vt 0.278481 0.000000
vt 0.037975 0.000000
vt 0.265823 0.000000
vt 0.050633 0.000000
vt 0.253165 0.000000
vt 0.063291 0.000000
vt 0.240506 0.000000
vt 0.075949 0.000000
vt 0.227848 0.000000
vt 0.088608 0.000000
vt 0.215190 0.000000
vt 0.101266 0.000000
vt 0.202532 0.000000
vt 0.113924 0.000000
vt 0.189873 0.000000
vt 0.126582 0.000000
vt 0.177215 0.000000
vt 0.139241 0.000000
vt 0.164557 0.000000
vt 0.151899 0.000000
vt 0.553299 0.000000
vt 0.563452 0.000000
vt 0.558376 0.000000
vt 0.568528 0.000000
vt 0.934010 0.000000
vt 0.944162 0.000000
vt 0.939086 0.000000
vt 0.949239 0.000000
vt 0.573604 0.000000
vt 0.954315 0.000000
vt 0.548223 0.000000
vt 0.928934 0.000000
vt 0.578680 0.000000
vt 0.959391 0.000000
vt 0.543147 0.000000
vt 0.923858 0.000000
vt 0.583756 0.000000
vt 0.964467 0.000000
vt 0.538071 0.000000
vt 0.918782 0.000000
vt 0.588832 0.000000
vt 0.969543 0.000000
vt 0.532995 0.000000
vt 0.913706 0.000000
vt 0.593909 0.000000
vt 0.974619 0.000000
vt 0.527919 0.000000
vt 0.908629 0.000000
vt 0.598985 0.000000
vt 0.979695 0.000000
vt 0.522843 0.000000
vt 0.903553 0.000000
vt 0.604061 0.000000
vt 0.984772 0.000000
vt 0.517766 0.000000
vt 0.898477 0.000000
vt 0.609137 0.000000
vt 0.989848 0.000000
vt 0.512690 0.000000
vt 0.893401 0.000000
vt 0.614213 0.000000
vt 0.994924 0.000000
vt 0.507614 0.000000
vt 0.888325 0.000000
vt 0.619289 0.000000
vt 0.502538 0.000000
vt 0.883249 0.000000
vt 0.497462 0.000000
vt 0.624366 0.000000
vt 0.878173 0.000000
vt 0.492386 0.000000
vt 0.629442 0.000000
vt 0.873096 0.000000
vt 0.005076 0.000000
vt 0.634518 0.000000
vt 0.868020 0.000000
vt 0.862944 0.000000
vt 0.639594 0.000000
vt 0.857868 0.000000
vt 0.644670 0.000000
vt 0.852792 0.000000
vt 0.649746 0.000000
vt 0.847716 0.000000
vt 0.654822 0.000000
vt 0.842640 0.000000
vt 0.659898 0.000000
vt 0.837563 0.000000
vt 0.664975 0.000000
vt 0.832487 0.000000
vt 0.670051 0.000000
vt 0.827411 0.000000
vt 0.675127 0.000000
vt 0.822335 0.000000
vt 0.680203 0.000000
vt 0.817259 0.000000
vt 0.685279 0.000000
vt 0.812183 0.000000
vt 0.690355 0.000000
vt 0.695431 0.000000
vt 0.807107 0.000000
vt 0.700508 0.000000
vt 0.802030 0.000000
vt 0.705584 0.000000
vt 0.796954 0.000000
vt 0.487310 0.000000
vt 0.010152 0.000000
vt 0.710660 0.000000
vt 0.791878 0.000000
vt 0.715736 0.000000
vt 0.786802 0.000000
vt 0.720812 0.000000
vt 0.781726 0.000000
vt 0.725888 0.000000
vt 0.776650 0.000000
vt 0.730964 0.000000
vt 0.771574 0.000000
vt 0.736041 0.000000
vt 0.766497 0.000000
vt 0.741117 0.000000
vt 0.761421 0.000000
vt 0.482233 0.000000
vt 0.015228 0.000000
vt 0.746193 0.000000
vt 0.756345 0.000000
vt 0.751269 0.000000
vt 0.477157 0.000000
vt 0.020305 0.000000
vt 0.472081 0.000000
vt 0.025381 0.000000
vt 0.467005 0.000000
vt 0.030457 0.000000
vt 0.461929 0.000000
vt 0.035533 0.000000
vt 0.456853 0.000000
vt 0.040609 0.000000
vt 0.451777 0.000000
vt 0.045685 0.000000
vt 0.446701 0.000000
vt 0.050761 0.000000
vt 0.441624 0.000000
vt 0.055838 0.000000
vt 0.436548 0.000000
vt 0.060914 0.000000
vt 0.431472 0.000000
vt 0.065990 0.000000
vt 0.426396 0.000000
vt 0.071066 0.000000
vt 0.421320 0.000000
vt 0.076142 0.000000
vt 0.416244 0.000000
vt 0.081218 0.000000
vt 0.411168 0.000000
vt 0.086294 0.000000
vt 0.406091 0.000000
vt 0.091371 0.000000
vt 0.401015 0.000000
vt 0.096447 0.000000
vt 0.395939 0.000000
vt 0.101523 0.000000
vt 0.390863 0.000000
vt 0.106599 0.000000
vt 0.385787 0.000000
vt 0.111675 0.000000
vt 0.380711 0.000000
vt 0.116751 0.000000
vt 0.375635 0.000000
vt 0.121827 0.000000
vt 0.370558 0.000000
vt 0.126904 0.000000
vt 0.365482 0.000000
vt 0.131980 0.000000
vt 0.137056 0.000000
vt 0.360406 0.000000
vt 0.142132 0.000000
vt 0.355330 0.000000
vt 0.147208 0.000000
vt 0.350254 0.000000
vt 0.152284 0.000000
vt 0.345178 0.000000
vt 0.157360 0.000000
vt 0.340102 0.000000
vt 0.162437 0.000000
vt 0.335025 0.000000
vt 0.167513 0.000000
vt 0.329949 0.000000
vt 0.172589 0.000000
vt 0.324873 0.000000
vt 0.177665 0.000000
vt 0.319797 0.000000
vt 0.182741 0.000000
vt 0.314721 0.000000
vt 0.187817 0.000000
vt 0.309645 0.000000
vt 0.304569 0.000000
vt 0.192893 0.000000
vt 0.299492 0.000000
vt 0.197970 0.000000
vt 0.294416 0.000000
vt 0.203046 0.000000
vt 0.289340 0.000000
vt 0.208122 0.000000
vt 0.284264 0.000000
vt 0.213198 0.000000
vt 0.279188 0.000000
vt 0.218274 0.000000
vt 0.274112 0.000000
vt 0.223350 0.000000
vt 0.228426 0.000000
vt 0.269036 0.000000
vt 0.233503 0.000000
vt 0.263959 0.000000
vt 0.238579 0.000000
vt 0.258883 0.000000
vt 0.243655 0.000000
vt 0.253807 0.000000
vt 0.248731 0.000000
vt 0.498282 0.000000
vt 0.505155 0.000000
vt 0.501718 0.000000
vt 0.494845 0.000000
vt 0.508591 0.000000
vt 0.491409 0.000000
vt 0.512028 0.000000
vt 0.487972 0.000000
vt 0.515464 0.000000
vt 0.484536 0.000000
vt 0.518900 0.000000
vt 0.481100 0.000000
vt 0.522337 0.000000
vt 0.477663 0.000000
vt 0.525773 0.000000
vt 0.474227 0.000000
vt 0.529210 0.000000
vt 0.470790 0.000000
vt 0.532646 0.000000
vt 0.467354 0.000000
vt 0.536082 0.000000
vt 0.463918 0.000000
vt 0.539519 0.000000
vt 0.460481 0.000000
vt 0.542955 0.000000
vt 0.457045 0.000000
vt 0.546392 0.000000
vt 0.453608 0.000000
vt 0.549828 0.000000
vt 0.450172 0.000000
vt 0.553265 0.000000
vt 0.446735 0.000000
vt 0.556701 0.000000
vt 0.443299 0.000000
vt 0.560137 0.000000
vt 0.439863 0.000000
vt 0.563574 0.000000
vt 0.436426 0.000000
vt 0.567010 0.000000
vt 0.432990 0.000000
vt 0.570447 0.000000
vt 0.429553 0.000000
vt 0.573883 0.000000
vt 0.426117 0.000000
vt 0.577320 0.000000
vt 0.422680 0.000000
vt 0.580756 0.000000
vt 0.419244 0.000000
vt 0.584192 0.000000
vt 0.415808 0.000000
vt 0.587629 0.000000
vt 0.591065 0.000000
vt 0.412371 0.000000
vt 0.594502 0.000000
vt 0.408935 0.000000
vt 0.597938 0.000000
vt 0.405498 0.000000
vt 0.601375 0.000000
vt 0.402062 0.000000
vt 0.604811 0.000000
vt 0.398625 0.000000
vt 0.608247 0.000000
vt 0.395189 0.000000
vt 0.611684 0.000000
vt 0.391753 0.000000
vt 0.615120 0.000000
vt 0.388316 0.000000
vt 0.618557 0.000000
vt 0.384880 0.000000
vt 0.381443 0.000000
vt 0.621993 0.000000
vt 0.378007 0.000000
vt 0.625430 0.000000
vt 0.374570 0.000000
vt 0.628866 0.000000
vt 0.371134 0.000000
vt 0.632302 0.000000
vt 0.367698 0.000000
vt 0.635739 0.000000
vt 0.364261 0.000000
vt 0.639175 0.000000
vt 0.360825 0.000000
vt 0.642612 0.000000
vt 0.357388 0.000000
vt 0.646048 0.000000
vt 0.353952 0.000000
vt 0.649485 0.000000
vt 0.350515 0.000000
vt 0.652921 0.000000
vt 0.347079 0.000000
vt 0.656357 0.000000
vt 0.343643 0.000000
vt 0.659794 0.000000
vt 0.340206 0.000000
vt 0.920962 0.000000
vt 0.663230 0.000000
vt 0.924399 0.000000
vt 0.917526 0.000000
vt 0.914089 0.000000
vt 0.927835 0.000000
vt 0.910653 0.000000
vt 0.931271 0.000000
vt 0.907216 0.000000
vt 0.934708 0.000000
vt 0.903780 0.000000
vt 0.938144 0.000000
vt 0.900344 0.000000
vt 0.941581 0.000000
vt 0.336770 0.000000
vt 0.896907 0.000000
vt 0.945017 0.000000
vt 0.893471 0.000000
vt 0.948454 0.000000
vt 0.890034 0.000000
vt 0.951890 0.000000
vt 0.886598 0.000000
vt 0.955326 0.000000
vt 0.883161 0.000000
vt 0.958763 0.000000
vt 0.333333 0.000000
vt 0.972509 0.000000
vt 0.969072 0.000000
vt 0.965636 0.000000
vt 0.962199 0.000000
vt 0.879725 0.000000
vt 0.876289 0.000000
vt 0.872852 0.000000
vt 0.869416 0.000000
vt 0.003436 0.000000
vt 0.975945 0.000000
vt 0.865979 0.000000
vt 0.979381 0.000000
vt 0.862543 0.000000
vt 0.982818 0.000000
vt 0.859107 0.000000
vt 0.986254 0.000000
vt 0.855670 0.000000
vt 0.989691 0.000000
vt 0.852234 0.000000
vt 0.993127 0.000000
vt 0.848797 0.000000
vt 0.996564 0.000000
vt 0.845361 0.000000
vt 0.841924 0.000000
vt 0.666667 0.000000
vt 0.838488 0.000000
vt 0.670103 0.000000
vt 0.835052 0.000000
vt 0.673540 0.000000
vt 0.831615 0.000000
vt 0.676976 0.000000
vt 0.828179 0.000000
vt 0.680412 0.000000
vt 0.824742 0.000000
vt 0.683849 0.000000
vt 0.821306 0.000000
vt 0.687285 0.000000
vt 0.817869 0.000000
vt 0.690722 0.000000
vt 0.814433 0.000000
vt 0.694158 0.000000
vt 0.810997 0.000000
vt 0.697595 0.000000
vt 0.807560 0.000000
vt 0.701031 0.000000
vt 0.804124 0.000000
vt 0.704467 0.000000
vt 0.800687 0.000000
vt 0.707904 0.000000
vt 0.797251 0.000000
vt 0.711340 0.000000
vt 0.793814 0.000000
vt 0.714777 0.000000
vt 0.790378 0.000000
vt 0.786942 0.000000
vt 0.718213 0.000000
vt 0.329897 0.000000
vt 0.006873 0.000000
vt 0.783505 0.000000
vt 0.721649 0.000000
vt 0.780069 0.000000
vt 0.725086 0.000000
vt 0.776632 0.000000
vt 0.728522 0.000000
vt 0.773196 0.000000
vt 0.731959 0.000000
vt 0.326460 0.000000
vt 0.010309 0.000000
vt 0.769759 0.000000
vt 0.735395 0.000000
vt 0.766323 0.000000
vt 0.738832 0.000000
vt 0.762887 0.000000
vt 0.742268 0.000000
vt 0.759450 0.000000
vt 0.745704 0.000000
vt 0.756014 0.000000
vt 0.749141 0.000000
vt 0.752577 0.000000
vt 0.323024 0.000000
vt 0.013746 0.000000
vt 0.319588 0.000000
vt 0.017182 0.000000
vt 0.316151 0.000000
vt 0.020619 0.000000
vt 0.312715 0.000000
vt 0.024055 0.000000
vt 0.309278 0.000000
vt 0.027491 0.000000
vt 0.305842 0.000000
vt 0.030928 0.000000
vt 0.302406 0.000000
vt 0.034364 0.000000
vt 0.298969 0.000000
vt 0.037801 0.000000
vt 0.295533 0.000000
vt 0.041237 0.000000
vt 0.292096 0.000000
vt 0.044674 0.000000
vt 0.288660 0.000000
vt 0.048110 0.000000
vt 0.285223 0.000000
vt 0.051546 0.000000
vt 0.281787 0.000000
vt 0.054983 0.000000
vt 0.278351 0.000000
vt 0.058419 0.000000
vt 0.274914 0.000000
vt 0.061856 0.000000
vt 0.271478 0.000000
vt 0.065292 0.000000
vt 0.268041 0.000000
vt 0.068729 0.000000
vt 0.264605 0.000000
vt 0.072165 0.000000
vt 0.261168 0.000000
vt 0.075601 0.000000
vt 0.257732 0.000000
vt 0.079038 0.000000
vt 0.254296 0.000000
vt 0.082474 0.000000
vt 0.250859 0.000000
vt 0.085911 0.000000
vt 0.247423 0.000000
vt 0.089347 0.000000
vt 0.092784 0.000000
vt 0.243986 0.000000
vt 0.096220 0.000000
vt 0.240550 0.000000
vt 0.099656 0.000000
vt 0.237113 0.000000
vt 0.103093 0.000000
vt 0.233677 0.000000
vt 0.106529 0.000000
vt 0.230241 0.000000
vt 0.109966 0.000000
vt 0.226804 0.000000
vt 0.113402 0.000000
vt 0.223368 0.000000
vt 0.116838 0.000000
vt 0.219931 0.000000
vt 0.120275 0.000000
vt 0.216495 0.000000
vt 0.123711 0.000000
vt 0.213058 0.000000
vt 0.127148 0.000000
vt 0.209622 0.000000
vt 0.206186 0.000000
vt 0.130584 0.000000
vt 0.202749 0.000000
vt 0.134021 0.000000
vt 0.199313 0.000000
vt 0.137457 0.000000
vt 0.195876 0.000000
vt 0.140893 0.000000
vt 0.192440 0.000000
vt 0.144330 0.000000
vt 0.189003 0.000000
vt 0.147766 0.000000
vt 0.185567 0.000000
vt 0.151203 0.000000
vt 0.154639 0.000000
vt 0.182131 0.000000
vt 0.158076 0.000000
vt 0.178694 0.000000
vt 0.161512 0.000000
vt 0.175258 0.000000
vt 0.164948 0.000000
vt 0.171821 0.000000
vt 0.168385 0.000000
vt 0.220238 0.000000
vt 0.232143 0.000000
vt 0.226190 0.000000
vt 0.238095 0.000000
vt 0.214286 0.000000
vt 0.244048 0.000000
vt 0.208333 0.000000
vt 0.250000 0.000000
vt 0.202381 0.000000
vt 0.255952 0.000000
vt 0.196429 0.000000
vt 0.261905 0.000000
vt 0.190476 0.000000
vt 0.267857 0.000000
vt 0.184524 0.000000
vt 0.273810 0.000000
vt 0.178571 0.000000
vt 0.279762 0.000000
vt 0.172619 0.000000
vt 0.285714 0.000000
vt 0.166667 0.000000
vt 0.291667 0.000000
vt 0.160714 0.000000
vt 0.297619 0.000000
vt 0.154762 0.000000
vt 0.303571 0.000000
vt 0.148810 0.000000
vt 0.845238 0.000000
vt 0.309524 0.000000
vt 0.315476 0.000000
vt 0.321429 0.000000
vt 0.327381 0.000000
vt 0.339286 0.000000
vt 0.345238 0.000000
vt 0.351190 0.000000
vt 0.357143 0.000000
vt 0.363095 0.000000
vt 0.369048 0.000000
vt 0.375000 0.000000
vt 0.839286 0.000000
vt 0.380952 0.000000
vt 0.851190 0.000000
vt 0.994048 0.000000
vt 0.988095 0.000000
vt 0.982143 0.000000
vt 0.976190 0.000000
vt 0.970238 0.000000
vt 0.964286 0.000000
vt 0.958333 0.000000
vt 0.952381 0.000000
vt 0.946429 0.000000
vt 0.940476 0.000000
vt 0.386905 0.000000
vt 0.934524 0.000000
vt 0.928571 0.000000
vt 0.392857 0.000000
vt 0.398810 0.000000
vt 0.922619 0.000000
vt 0.404762 0.000000
vt 0.916667 0.000000
vt 0.410714 0.000000
vt 0.910714 0.000000
vt 0.904762 0.000000
vt 0.416667 0.000000
vt 0.898810 0.000000
vt 0.892857 0.000000
vt 0.886905 0.000000
vt 0.422619 0.000000
vt 0.880952 0.000000
vt 0.875000 0.000000
vt 0.869048 0.000000
vt 0.863095 0.000000
vt 0.857143 0.000000
vt 0.678571 0.000000
vt 0.428571 0.000000
vt 0.434524 0.000000
vt 0.440476 0.000000
vt 0.446429 0.000000
vt 0.452381 0.000000
vt 0.458333 0.000000
vt 0.464286 0.000000
vt 0.470238 0.000000
vt 0.476190 0.000000
vt 0.482143 0.000000
vt 0.488095 0.000000
vt 0.494048 0.000000
vt 0.500000 0.000000
vt 0.505952 0.000000
vt 0.511905 0.000000
vt 0.517857 0.000000
vt 0.523810 0.000000
vt 0.529762 0.000000
vt 0.535714 0.000000
vt 0.541667 0.000000
vt 0.547619 0.000000
vt 0.553571 0.000000
vt 0.559524 0.000000
vt 0.565476 0.000000
vt 0.571429 0.000000
vt 0.577381 0.000000
vt 0.672619 0.000000
vt 0.583333 0.000000
vt 0.684524 0.000000
vt 0.833333 0.000000
vt 0.827381 0.000000
vt 0.821429 0.000000
vt 0.815476 0.000000
vt 0.809524 0.000000
vt 0.803571 0.000000
vt 0.589286 0.000000
vt 0.797619 0.000000
vt 0.791667 0.000000
vt 0.785714 0.000000
vt 0.595238 0.000000
vt 0.779762 0.000000
vt 0.773810 0.000000
vt 0.601190 0.000000
vt 0.767857 0.000000
vt 0.761905 0.000000
vt 0.755952 0.000000
vt 0.750000 0.000000
vt 0.744048 0.000000
vt 0.738095 0.000000
vt 0.732143 0.000000
vt 0.726190 0.000000
vt 0.720238 0.000000
vt 0.714286 0.000000
vt 0.708333 0.000000
vt 0.702381 0.000000
vt 0.696429 0.000000
vt 0.690476 0.000000
vt 0.607143 0.000000
vt 0.613095 0.000000
vt 0.619048 0.000000
vt 0.625000 0.000000
vt 0.630952 0.000000
vt 0.636905 0.000000
vt 0.642857 0.000000
vt 0.648810 0.000000
vt 0.654762 0.000000
vt 0.660714 0.000000
vt 0.005952 0.000000
vt 0.142857 0.000000
vt 0.011905 0.000000
vt 0.136905 0.000000
vt 0.017857 0.000000
vt 0.130952 0.000000
vt 0.023810 0.000000
vt 0.125000 0.000000
vt 0.029762 0.000000
vt 0.119048 0.000000
vt 0.035714 0.000000
vt 0.113095 0.000000
vt 0.041667 0.000000
vt 0.107143 0.000000
vt 0.047619 0.000000
vt 0.101190 0.000000
vt 0.053571 0.000000
vt 0.095238 0.000000
vt 0.059524 0.000000
vt 0.089286 0.000000
vt 0.065476 0.000000
vt 0.083333 0.000000
vt 0.071429 0.000000
vt 0.077381 0.000000
vt 0.401274 0.000000
vt 0.414013 0.000000
vt 0.407643 0.000000
vt 0.420382 0.000000
vt 0.426752 0.000000
vt 0.394904 0.000000
vt 0.433121 0.000000
vt 0.388535 0.000000
vt 0.439490 0.000000
vt 0.382166 0.000000
vt 0.445860 0.000000
vt 0.375796 0.000000
vt 0.452229 0.000000
vt 0.369427 0.000000
vt 0.458599 0.000000
vt 0.363057 0.000000
vt 0.464968 0.000000
vt 0.356688 0.000000
vt 0.471338 0.000000
vt 0.350318 0.000000
vt 0.477707 0.000000
vt 0.343949 0.000000
vt 0.484076 0.000000
vt 0.337580 0.000000
vt 0.490446 0.000000
vt 0.331210 0.000000
vt 0.324841 0.000000
vt 0.840764 0.000000
vt 0.834395 0.000000
vt 0.828025 0.000000
vt 0.993631 0.000000
vt 0.987261 0.000000
vt 0.496815 0.000000
vt 0.847134 0.000000
vt 0.980892 0.000000
vt 0.853503 0.000000
vt 0.974522 0.000000
vt 0.859873 0.000000
vt 0.968153 0.000000
vt 0.866242 0.000000
vt 0.961783 0.000000
vt 0.872611 0.000000
vt 0.955414 0.000000
vt 0.878981 0.000000
vt 0.949045 0.000000
vt 0.885350 0.000000
vt 0.942675 0.000000
vt 0.891720 0.000000
vt 0.936306 0.000000
vt 0.898089 0.000000
vt 0.929936 0.000000
vt 0.904459 0.000000
vt 0.923567 0.000000
vt 0.910828 0.000000
vt 0.917197 0.000000
vt 0.318471 0.000000
vt 0.503185 0.000000
vt 0.312102 0.000000
vt 0.509554 0.000000
vt 0.305732 0.000000
vt 0.515924 0.000000
vt 0.299363 0.000000
vt 0.522293 0.000000
vt 0.292994 0.000000
vt 0.528662 0.000000
vt 0.286624 0.000000
vt 0.535032 0.000000
vt 0.280255 0.000000
vt 0.541401 0.000000
vt 0.273885 0.000000
vt 0.547771 0.000000
vt 0.267516 0.000000
vt 0.554140 0.000000
vt 0.261146 0.000000
vt 0.560510 0.000000
vt 0.254777 0.000000
vt 0.566879 0.000000
vt 0.248408 0.000000
vt 0.573248 0.000000
vt 0.242038 0.000000
vt 0.579618 0.000000
vt 0.235669 0.000000
vt 0.585987 0.000000
vt 0.229299 0.000000
vt 0.592357 0.000000
vt 0.222930 0.000000
vt 0.598726 0.000000
vt 0.216561 0.000000
vt 0.605096 0.000000
vt 0.210191 0.000000
vt 0.611465 0.000000
vt 0.203822 0.000000
vt 0.617834 0.000000
vt 0.197452 0.000000
vt 0.624204 0.000000
vt 0.191083 0.000000
vt 0.630573 0.000000
vt 0.184713 0.000000
vt 0.636943 0.000000
vt 0.178344 0.000000
vt 0.643312 0.000000
vt 0.171975 0.000000
vt 0.649682 0.000000
vt 0.165605 0.000000
vt 0.821656 0.000000
vt 0.656051 0.000000
vt 0.006369 0.000000
vt 0.815287 0.000000
vt 0.159236 0.000000
vt 0.012739 0.000000
vt 0.808917 0.000000
vt 0.662420 0.000000
vt 0.152866 0.000000
vt 0.802548 0.000000
vt 0.019108 0.000000
vt 0.668790 0.000000
vt 0.146497 0.000000
vt 0.796178 0.000000
vt 0.025478 0.000000
vt 0.675159 0.000000
vt 0.140127 0.000000
vt 0.789809 0.000000
vt 0.031847 0.000000
vt 0.681529 0.000000
vt 0.133758 0.000000
vt 0.783440 0.000000
vt 0.038217 0.000000
vt 0.687898 0.000000
vt 0.127389 0.000000
vt 0.777070 0.000000
vt 0.044586 0.000000
vt 0.694268 0.000000
vt 0.121019 0.000000
vt 0.770701 0.000000
vt 0.050955 0.000000
vt 0.700637 0.000000
vt 0.114650 0.000000
vt 0.764331 0.000000
vt 0.057325 0.000000
vt 0.707006 0.000000
vt 0.108280 0.000000
vt 0.757962 0.000000
vt 0.063694 0.000000
vt 0.713376 0.000000
vt 0.101911 0.000000
vt 0.751592 0.000000
vt 0.070064 0.000000
vt 0.719745 0.000000
vt 0.095541 0.000000
vt 0.745223 0.000000
vt 0.076433 0.000000
vt 0.726115 0.000000
vt 0.089172 0.000000
vt 0.738854 0.000000
vt 0.082803 0.000000
vt 0.732484 0.000000
vt 0.000000 1.000000
vt 0.007692 1.000000
vt 0.007692 0.000000
vt 0.015385 1.000000
vt 0.015385 0.000000
vt 0.023077 1.000000
vt 0.023077 0.000000
vt 0.030769 1.000000
vt 0.030769 0.000000
vt 0.038462 1.000000
vt 0.038462 0.000000
vt 0.046154 1.000000
vt 0.046154 0.000000
vt 0.053846 1.000000
vt 0.053846 0.000000
vt 0.061538 1.000000
vt 0.061538 0.000000
vt 0.069231 1.000000
vt 0.069231 0.000000
vt 0.076923 1.000000
vt 0.076923 0.000000
vt 0.084615 1.000000
vt 0.084615 0.000000
vt 0.092308 1.000000
vt 0.092308 0.000000
vt 0.100000 1.000000
vt 0.100000 0.000000
vt 0.107692 1.000000
vt 0.107692 0.000000
vt 0.115385 1.000000
vt 0.115385 0.000000
vt 0.123077 1.000000
vt 0.123077 0.000000
vt 0.130769 1.000000
vt 0.130769 0.000000
vt 0.138462 1.000000
vt 0.138462 0.000000
vt 0.146154 1.000000
vt 0.146154 0.000000
vt 0.153846 1.000000
vt 0.153846 0.000000
vt 0.161538 1.000000
vt 0.161538 0.000000
vt 0.169231 1.000000
vt 0.169231 0.000000
vt 0.176923 1.000000
vt 0.176923 0.000000
vt 0.184615 1.000000
vt 0.184615 0.000000
vt 0.192308 1.000000
vt 0.192308 0.000000
vt 0.200000 1.000000
vt 0.200000 0.000000
vt 0.207692 1.000000
vt 0.207692 0.000000
vt 0.215385 1.000000
vt 0.215385 0.000000
vt 0.223077 1.000000
vt 0.223077 0.000000
vt 0.230769 1.000000
vt 0.230769 0.000000
vt 0.238462 1.000000
vt 0.238462 0.000000
vt 0.246154 1.000000
vt 0.246154 0.000000
vt 0.253846 1.000000
vt 0.253846 0.000000
vt 0.261538 1.000000
vt 0.261538 0.000000
vt 0.269231 1.000000
vt 0.269231 0.000000
vt 0.276923 1.000000
vt 0.276923 0.000000
vt 0.284615 1.000000
vt 0.284615 0.000000
vt 0.292308 1.000000
vt 0.292308 0.000000
vt 0.300000 1.000000
vt 0.300000 0.000000
vt 0.307692 1.000000
vt 0.307692 0.000000
vt 0.315385 1.000000
vt 0.315385 0.000000
vt 0.323077 1.000000
vt 0.323077 0.000000
vt 0.330769 1.000000
vt 0.330769 0.000000
vt 0.338462 1.000000
vt 0.338462 0.000000
vt 0.346154 1.000000
vt 0.346154 0.000000
vt 0.353846 1.000000
vt 0.353846 0.000000
vt 0.361538 1.000000
vt 0.361538 0.000000
vt 0.369231 1.000000
vt 0.369231 0.000000
vt 0.376923 1.000000
vt 0.376923 0.000000
vt 0.384615 1.000000
vt 0.384615 0.000000
vt 0.392308 1.000000
vt 0.392308 0.000000
vt 0.400000 1.000000
vt 0.400000 0.000000
vt 0.407692 1.000000
vt 0.407692 0.000000
vt 0.415385 1.000000
vt 0.415385 0.000000
vt 0.423077 1.000000
vt 0.423077 0.000000
vt 0.430769 1.000000
vt 0.430769 0.000000
vt 0.438462 1.000000
vt 0.438462 0.000000
vt 0.446154 1.000000
vt 0.446154 0.000000
vt 0.453846 1.000000
vt 0.453846 0.000000
vt 0.461538 1.000000
vt 0.461538 0.000000
vt 0.469231 1.000000
vt 0.469231 0.000000
vt 0.476923 1.000000
vt 0.476923 0.000000
vt 0.484615 1.000000
vt 0.484615 0.000000
vt 0.492308 1.000000
vt 0.492308 0.000000
vt 0.500000 1.000000
vt 0.507692 1.000000
vt 0.507692 0.000000
vt 0.515385 1.000000
vt 0.515385 0.000000
vt 0.523077 1.000000
vt 0.523077 0.000000
vt 0.530769 1.000000
vt 0.530769 0.000000
vt 0.538462 1.000000
vt 0.538462 0.000000
vt 0.546154 1.000000
vt 0.546154 0.000000
vt 0.553846 1.000000
vt 0.553846 0.000000
vt 0.561538 1.000000
vt 0.561538 0.000000
vt 0.569231 1.000000
vt 0.569231 0.000000
vt 0.576923 1.000000
vt 0.576923 0.000000
vt 0.584615 1.000000
vt 0.584615 0.000000
vt 0.592308 1.000000
vt 0.592308 0.000000
vt 0.600000 1.000000
vt 0.600000 0.000000
vt 0.607692 1.000000
vt 0.607692 0.000000
vt 0.615385 1.000000
vt 0.615385 0.000000
vt 0.623077 1.000000
vt 0.623077 0.000000
vt 0.630769 1.000000
vt 0.630769 0.000000
vt 0.638462 1.000000
vt 0.638462 0.000000
vt 0.646154 1.000000
vt 0.646154 0.000000
vt 0.653846 1.000000
vt 0.653846 0.000000
vt 0.661538 1.000000
vt 0.661538 0.000000
vt 0.669231 1.000000
vt 0.669231 0.000000
vt 0.676923 1.000000
vt 0.676923 0.000000
vt 0.684615 1.000000
vt 0.684615 0.000000
vt 0.692308 1.000000
vt 0.692308 0.000000
vt 0.700000 1.000000
vt 0.700000 0.000000
vt 0.707692 1.000000
vt 0.707692 0.000000
vt 0.715385 1.000000
vt 0.715385 0.000000
vt 0.723077 1.000000
vt 0.723077 0.000000
vt 0.730769 1.000000
vt 0.730769 0.000000
vt 0.738462 1.000000
vt 0.738462 0.000000
vt 0.746154 1.000000
vt 0.746154 0.000000
vt 0.753846 1.000000
vt 0.753846 0.000000
vt 0.761538 1.000000
vt 0.761538 0.000000
vt 0.769231 1.000000
vt 0.769231 0.000000
vt 0.776923 1.000000
vt 0.776923 0.000000
vt 0.784615 1.000000
vt 0.784615 0.000000
vt 0.792308 1.000000
vt 0.792308 0.000000
vt 0.800000 1.000000
vt 0.800000 0.000000
vt 0.807692 1.000000
vt 0.807692 0.000000
vt 0.815385 1.000000
vt 0.815385 0.000000
vt 0.823077 1.000000
vt 0.823077 0.000000
vt 0.830769 1.000000
vt 0.830769 0.000000
vt 0.838462 1.000000
vt 0.838462 0.000000
vt 0.846154 1.000000
vt 0.846154 0.000000
vt 0.853846 1.000000
vt 0.853846 0.000000
vt 0.861538 1.000000
vt 0.861538 0.000000
vt 0.869231 1.000000
vt 0.869231 0.000000
vt 0.876923 1.000000
vt 0.876923 0.000000
vt 0.884615 1.000000
vt 0.884615 0.000000
vt 0.892308 1.000000
vt 0.892308 0.000000
vt 0.900000 1.000000
vt 0.900000 0.000000
vt 0.907692 1.000000
vt 0.907692 0.000000
vt 0.915385 1.000000
vt 0.915385 0.000000
vt 0.923077 1.000000
vt 0.923077 0.000000
vt 0.930769 1.000000
vt 0.930769 0.000000
vt 0.938462 1.000000
vt 0.938462 0.000000
vt 0.946154 1.000000
vt 0.946154 0.000000
vt 0.953846 1.000000
vt 0.953846 0.000000
vt 0.961538 1.000000
vt 0.961538 0.000000
vt 0.969231 1.000000
vt 0.969231 0.000000
vt 0.976923 1.000000
vt 0.976923 0.000000
vt 0.984615 1.000000
vt 0.984615 0.000000
vt 0.992308 1.000000
vt 0.992308 0.000000
vt 1.000000 1.000000
vt 0.035714 1.000000
vt 0.071429 1.000000
vt 0.107143 1.000000
vt 0.142857 1.000000
vt 0.178571 1.000000
vt 0.214286 1.000000
vt 0.250000 1.000000
vt 0.285714 1.000000
vt 0.321429 1.000000
vt 0.357143 1.000000
vt 0.392857 1.000000
vt 0.428571 1.000000
vt 0.464286 1.000000
vt 0.535714 1.000000
vt 0.571429 1.000000
vt 0.607143 1.000000
vt 0.642857 1.000000
vt 0.678571 1.000000
vt 0.714286 1.000000
vt 0.750000 1.000000
vt 0.785714 1.000000
vt 0.821429 1.000000
vt 0.857143 1.000000
vt 0.892857 1.000000
vt 0.928571 1.000000
vt 0.964286 1.000000
vt 0.008850 1.000000
vt 0.008850 0.000000
vt 0.017699 1.000000
vt 0.017699 0.000000
vt 0.026549 1.000000
vt 0.026549 0.000000
vt 0.035398 1.000000
vt 0.035398 0.000000
vt 0.044248 1.000000
vt 0.044248 0.000000
vt 0.053097 1.000000
vt 0.053097 0.000000
vt 0.061947 1.000000
vt 0.061947 0.000000
vt 0.070796 1.000000
vt 0.070796 0.000000
vt 0.079646 1.000000
vt 0.079646 0.000000
vt 0.088496 1.000000
vt 0.088496 0.000000
vt 0.097345 1.000000
vt 0.097345 0.000000
vt 0.106195 1.000000
vt 0.106195 0.000000
vt 0.115044 1.000000
vt 0.115044 0.000000
vt 0.123894 1.000000
vt 0.123894 0.000000
vt 0.132743 1.000000
vt 0.132743 0.000000
vt 0.141593 1.000000
vt 0.141593 0.000000
vt 0.150442 1.000000
vt 0.150442 0.000000
vt 0.159292 1.000000
vt 0.159292 0.000000
vt 0.168142 1.000000
vt 0.168142 0.000000
vt 0.176991 1.000000
vt 0.176991 0.000000
vt 0.185841 1.000000
vt 0.185841 0.000000
vt 0.194690 1.000000
vt 0.194690 0.000000
vt 0.203540 1.000000
vt 0.203540 0.000000
vt 0.212389 1.000000
vt 0.212389 0.000000
vt 0.221239 1.000000
vt 0.221239 0.000000
vt 0.230089 1.000000
vt 0.230089 0.000000
vt 0.238938 1.000000
vt 0.238938 0.000000
vt 0.247788 1.000000
vt 0.247788 0.000000
vt 0.256637 1.000000
vt 0.256637 0.000000
vt 0.265487 1.000000
vt 0.265487 0.000000
vt 0.274336 1.000000
vt 0.274336 0.000000
vt 0.283186 1.000000
vt 0.283186 0.000000
vt 0.292035 1.000000
vt 0.292035 0.000000
vt 0.300885 1.000000
vt 0.300885 0.000000
vt 0.309735 1.000000
vt 0.309735 0.000000
vt 0.318584 1.000000
vt 0.318584 0.000000
vt 0.327434 1.000000
vt 0.327434 0.000000
vt 0.336283 1.000000
vt 0.336283 0.000000
vt 0.345133 1.000000
vt 0.345133 0.000000
vt 0.353982 1.000000
vt 0.353982 0.000000
vt 0.362832 1.000000
vt 0.362832 0.000000
vt 0.371681 1.000000
vt 0.371681 0.000000
vt 0.380531 1.000000
vt 0.380531 0.000000
vt 0.389381 1.000000
vt 0.389381 0.000000
vt 0.398230 1.000000
vt 0.398230 0.000000
vt 0.407080 1.000000
vt 0.407080 0.000000
vt 0.415929 1.000000
vt 0.415929 0.000000
vt 0.424779 1.000000
vt 0.424779 0.000000
vt 0.433628 1.000000
vt 0.433628 0.000000
vt 0.442478 1.000000
vt 0.442478 0.000000
vt 0.451327 1.000000
vt 0.451327 0.000000
vt 0.460177 1.000000
vt 0.460177 0.000000
vt 0.469027 1.000000
vt 0.469027 0.000000
vt 0.477876 1.000000
vt 0.477876 0.000000
vt 0.486726 1.000000
vt 0.486726 0.000000
vt 0.495575 1.000000
vt 0.495575 0.000000
vt 0.504425 1.000000
vt 0.504425 0.000000
vt 0.513274 1.000000
vt 0.513274 0.000000
vt 0.522124 1.000000
vt 0.522124 0.000000
vt 0.530973 1.000000
vt 0.530973 0.000000
vt 0.539823 1.000000
vt 0.539823 0.000000
vt 0.548673 1.000000
vt 0.548673 0.000000
vt 0.557522 1.000000
vt 0.557522 0.000000
vt 0.566372 1.000000
vt 0.566372 0.000000
vt 0.575221 1.000000
vt 0.575221 0.000000
vt 0.584071 1.000000
vt 0.584071 0.000000
vt 0.592920 1.000000
vt 0.592920 0.000000
vt 0.601770 1.000000
vt 0.601770 0.000000
vt 0.610619 1.000000
vt 0.610619 0.000000
vt 0.619469 1.000000
vt 0.619469 0.000000
vt 0.628319 1.000000
vt 0.628319 0.000000
vt 0.637168 1.000000
vt 0.637168 0.000000
vt 0.646018 1.000000
vt 0.646018 0.000000
vt 0.654867 1.000000
vt 0.654867 0.000000
vt 0.663717 1.000000
vt 0.663717 0.000000
vt 0.672566 1.000000
vt 0.672566 0.000000
vt 0.681416 1.000000
vt 0.681416 0.000000
vt 0.690265 1.000000
vt 0.690265 0.000000
vt 0.699115 1.000000
vt 0.699115 0.000000
vt 0.707965 1.000000
vt 0.707965 0.000000
vt 0.716814 1.000000
vt 0.716814 0.000000
vt 0.725664 1.000000
vt 0.725664 0.000000
vt 0.734513 1.000000
vt 0.734513 0.000000
vt 0.743363 1.000000
vt 0.743363 0.000000
vt 0.752212 1.000000
vt 0.752212 0.000000
vt 0.761062 1.000000
vt 0.761062 0.000000
vt 0.769912 1.000000
vt 0.769912 0.000000
vt 0.778761 1.000000
vt 0.778761 0.000000
vt 0.787611 1.000000
vt 0.787611 0.000000
vt 0.796460 1.000000
vt 0.796460 0.000000
vt 0.805310 1.000000
vt 0.805310 0.000000
vt 0.814159 1.000000
vt 0.814159 0.000000
vt 0.823009 1.000000
vt 0.823009 0.000000
vt 0.831858 1.000000
vt 0.831858 0.000000
vt 0.840708 1.000000
vt 0.840708 0.000000
vt 0.849558 1.000000
vt 0.849558 0.000000
vt 0.858407 1.000000
vt 0.858407 0.000000
vt 0.867257 1.000000
vt 0.867257 0.000000
vt 0.876106 1.000000
vt 0.876106 0.000000
vt 0.884956 1.000000
vt 0.884956 0.000000
vt 0.893805 1.000000
vt 0.893805 0.000000
vt 0.902655 1.000000
vt 0.902655 0.000000
vt 0.911504 1.000000
vt 0.911504 0.000000
vt 0.920354 1.000000
vt 0.920354 0.000000
vt 0.929204 1.000000
vt 0.929204 0.000000
vt 0.938053 1.000000
vt 0.938053 0.000000
vt 0.946903 1.000000
vt 0.946903 0.000000
vt 0.955752 1.000000
vt 0.955752 0.000000
vt 0.964602 1.000000
vt 0.964602 0.000000
vt 0.973451 1.000000
vt 0.973451 0.000000
vt 0.982301 1.000000
vt 0.982301 0.000000
vt 0.991150 1.000000
vt 0.991150 0.000000
vt 0.005155 1.000000
vt 0.005155 0.000000
vt 0.010309 1.000000
vt 0.015464 1.000000
vt 0.015464 0.000000
vt 0.020619 1.000000
vt 0.025773 1.000000
vt 0.025773 0.000000
vt 0.030928 1.000000
vt 0.036082 1.000000
vt 0.036082 0.000000
vt 0.041237 1.000000
vt 0.046392 1.000000
vt 0.046392 0.000000
vt 0.051546 1.000000
vt 0.056701 1.000000
vt 0.056701 0.000000
vt 0.061856 1.000000
vt 0.067010 1.000000
vt 0.067010 0.000000
vt 0.072165 1.000000
vt 0.077320 1.000000
vt 0.077320 0.000000
vt 0.082474 1.000000
vt 0.087629 1.000000
vt 0.087629 0.000000
vt 0.092784 1.000000
vt 0.097938 1.000000
vt 0.097938 0.000000
vt 0.103093 1.000000
vt 0.108247 1.000000
vt 0.108247 0.000000
vt 0.113402 1.000000
vt 0.118557 1.000000
vt 0.118557 0.000000
vt 0.123711 1.000000
vt 0.128866 1.000000
vt 0.128866 0.000000
vt 0.134021 1.000000
vt 0.139175 1.000000
vt 0.139175 0.000000
vt 0.144330 1.000000
vt 0.149485 1.000000
vt 0.149485 0.000000
vt 0.154639 1.000000
vt 0.159794 1.000000
vt 0.159794 0.000000
vt 0.164948 1.000000
vt 0.170103 1.000000
vt 0.170103 0.000000
vt 0.175258 1.000000
vt 0.180412 1.000000
vt 0.180412 0.000000
vt 0.185567 1.000000
vt 0.190722 1.000000
vt 0.190722 0.000000
vt 0.195876 1.000000
vt 0.201031 1.000000
vt 0.201031 0.000000
vt 0.206186 1.000000
vt 0.211340 1.000000
vt 0.211340 0.000000
vt 0.216495 1.000000
vt 0.221649 1.000000
vt 0.221649 0.000000
vt 0.226804 1.000000
vt 0.231959 1.000000
vt 0.231959 0.000000
vt 0.237113 1.000000
vt 0.242268 1.000000
vt 0.242268 0.000000
vt 0.247423 1.000000
vt 0.252577 1.000000
vt 0.252577 0.000000
vt 0.257732 1.000000
vt 0.262887 1.000000
vt 0.262887 0.000000
vt 0.268041 1.000000
vt 0.273196 1.000000
vt 0.273196 0.000000
vt 0.278351 1.000000
vt 0.283505 1.000000
vt 0.283505 0.000000
vt 0.288660 1.000000
vt 0.293814 1.000000
vt 0.293814 0.000000
vt 0.298969 1.000000
vt 0.304124 1.000000
vt 0.304124 0.000000
vt 0.309278 1.000000
vt 0.314433 1.000000
vt 0.314433 0.000000
vt 0.319588 1.000000
vt 0.324742 1.000000
vt 0.324742 0.000000
vt 0.329897 1.000000
vt 0.335052 1.000000
vt 0.335052 0.000000
vt 0.340206 1.000000
vt 0.345361 1.000000
vt 0.345361 0.000000
vt 0.350515 1.000000
vt 0.355670 1.000000
vt 0.355670 0.000000
vt 0.360825 1.000000
vt 0.365979 1.000000
vt 0.365979 0.000000
vt 0.371134 1.000000
vt 0.376289 1.000000
vt 0.376289 0.000000
vt 0.381443 1.000000
vt 0.386598 1.000000
vt 0.386598 0.000000
vt 0.391753 1.000000
vt 0.396907 1.000000
vt 0.396907 0.000000
vt 0.402062 1.000000
vt 0.407216 1.000000
vt 0.407216 0.000000
vt 0.412371 1.000000
vt 0.417526 1.000000
vt 0.417526 0.000000
vt 0.422680 1.000000
vt 0.427835 1.000000
vt 0.427835 0.000000
vt 0.432990 1.000000
vt 0.438144 1.000000
vt 0.438144 0.000000
vt 0.443299 1.000000
vt 0.448454 1.000000
vt 0.448454 0.000000
vt 0.453608 1.000000
vt 0.458763 1.000000
vt 0.458763 0.000000
vt 0.463918 1.000000
vt 0.469072 1.000000
vt 0.469072 0.000000
vt 0.474227 1.000000
vt 0.479381 1.000000
vt 0.479381 0.000000
vt 0.484536 1.000000
vt 0.489691 1.000000
vt 0.489691 0.000000
vt 0.494845 1.000000
vt 0.505155 1.000000
vt 0.510309 1.000000
vt 0.510309 0.000000
vt 0.515464 1.000000
vt 0.520619 1.000000
vt 0.520619 0.000000
vt 0.525773 1.000000
vt 0.530928 1.000000
vt 0.530928 0.000000
vt 0.536082 1.000000
vt 0.541237 1.000000
vt 0.541237 0.000000
vt 0.546392 1.000000
vt 0.551546 1.000000
vt 0.551546 0.000000
vt 0.556701 1.000000
vt 0.561856 1.000000
vt 0.561856 0.000000
vt 0.567010 1.000000
vt 0.572165 1.000000
vt 0.572165 0.000000
vt 0.577320 1.000000
vt 0.582474 1.000000
vt 0.582474 0.000000
vt 0.587629 1.000000
vt 0.592784 1.000000
vt 0.592784 0.000000
vt 0.597938 1.000000
vt 0.603093 1.000000
vt 0.603093 0.000000
vt 0.608247 1.000000
vt 0.613402 1.000000
vt 0.613402 0.000000
vt 0.618557 1.000000
vt 0.623711 1.000000
vt 0.623711 0.000000
vt 0.628866 1.000000
vt 0.634021 1.000000
vt 0.634021 0.000000
vt 0.639175 1.000000
vt 0.644330 1.000000
vt 0.644330 0.000000
vt 0.649485 1.000000
vt 0.654639 1.000000
vt 0.654639 0.000000
vt 0.659794 1.000000
vt 0.664948 1.000000
vt 0.664948 0.000000
vt 0.670103 1.000000
vt 0.675258 1.000000
vt 0.675258 0.000000
vt 0.680412 1.000000
vt 0.685567 1.000000
vt 0.685567 0.000000
vt 0.690722 1.000000
vt 0.695876 1.000000
vt 0.695876 0.000000
vt 0.701031 1.000000
vt 0.706186 1.000000
vt 0.706186 0.000000
vt 0.711340 1.000000
vt 0.716495 1.000000
vt 0.716495 0.000000
vt 0.721649 1.000000
vt 0.726804 1.000000
vt 0.726804 0.000000
vt 0.731959 1.000000
vt 0.737113 1.000000
vt 0.737113 0.000000
vt 0.742268 1.000000
vt 0.747423 1.000000
vt 0.747423 0.000000
vt 0.752577 1.000000
vt 0.757732 1.000000
vt 0.757732 0.000000
vt 0.762887 1.000000
vt 0.768041 1.000000
vt 0.768041 0.000000
vt 0.773196 1.000000
vt 0.778351 1.000000
vt 0.778351 0.000000
vt 0.783505 1.000000
vt 0.788660 1.000000
vt 0.788660 0.000000
vt 0.793814 1.000000
vt 0.798969 1.000000
vt 0.798969 0.000000
vt 0.804124 1.000000
vt 0.809278 1.000000
vt 0.809278 0.000000
vt 0.814433 1.000000
vt 0.819588 1.000000
vt 0.819588 0.000000
vt 0.824742 1.000000
vt 0.829897 1.000000
vt 0.829897 0.000000
vt 0.835052 1.000000
vt 0.840206 1.000000
vt 0.840206 0.000000
vt 0.845361 1.000000
vt 0.850515 1.000000
vt 0.850515 0.000000
vt 0.855670 1.000000
vt 0.860825 1.000000
vt 0.860825 0.000000
vt 0.865979 1.000000
vt 0.871134 1.000000
vt 0.871134 0.000000
vt 0.876289 1.000000
vt 0.881443 1.000000
vt 0.881443 0.000000
vt 0.886598 1.000000
vt 0.891753 1.000000
vt 0.891753 0.000000
vt 0.896907 1.000000
vt 0.902062 1.000000
vt 0.902062 0.000000
vt 0.907216 1.000000
vt 0.912371 1.000000
vt 0.912371 0.000000
vt 0.917526 1.000000
vt 0.922680 1.000000
vt 0.922680 0.000000
vt 0.927835 1.000000
vt 0.932990 1.000000
vt 0.932990 0.000000
vt 0.938144 1.000000
vt 0.943299 1.000000
vt 0.943299 0.000000
vt 0.948454 1.000000
vt 0.953608 1.000000
vt 0.953608 0.000000
vt 0.958763 1.000000
vt 0.963918 1.000000
vt 0.963918 0.000000
vt 0.969072 1.000000
vt 0.974227 1.000000
vt 0.974227 0.000000
vt 0.979381 1.000000
vt 0.984536 1.000000
vt 0.984536 0.000000
vt 0.989691 1.000000
vt 0.994845 1.000000
vt 0.994845 0.000000
vt 0.010204 1.000000
vt 0.010204 0.000000
vt 0.020408 1.000000
vt 0.020408 0.000000
vt 0.030612 1.000000
vt 0.030612 0.000000
vt 0.040816 1.000000
vt 0.040816 0.000000
vt 0.051020 1.000000
vt 0.051020 0.000000
vt 0.061224 1.000000
vt 0.061224 0.000000
vt 0.081633 1.000000
vt 0.081633 0.000000
vt 0.091837 1.000000
vt 0.091837 0.000000
vt 0.102041 1.000000
vt 0.102041 0.000000
vt 0.112245 1.000000
vt 0.112245 0.000000
vt 0.122449 1.000000
vt 0.122449 0.000000
vt 0.132653 1.000000
vt 0.132653 0.000000
vt 0.153061 1.000000
vt 0.153061 0.000000
vt 0.163265 1.000000
vt 0.163265 0.000000
vt 0.173469 1.000000
vt 0.173469 0.000000
vt 0.183673 1.000000
vt 0.183673 0.000000
vt 0.193878 1.000000
vt 0.193878 0.000000
vt 0.204082 1.000000
vt 0.204082 0.000000
vt 0.224490 1.000000
vt 0.224490 0.000000
vt 0.234694 1.000000
vt 0.234694 0.000000
vt 0.244898 1.000000
vt 0.244898 0.000000
vt 0.255102 1.000000
vt 0.255102 0.000000
vt 0.265306 1.000000
vt 0.265306 0.000000
vt 0.275510 1.000000
vt 0.275510 0.000000
vt 0.295918 1.000000
vt 0.295918 0.000000
vt 0.306122 1.000000
vt 0.306122 0.000000
vt 0.316327 1.000000
vt 0.316327 0.000000
vt 0.326531 1.000000
vt 0.326531 0.000000
vt 0.336735 1.000000
vt 0.336735 0.000000
vt 0.346939 1.000000
vt 0.346939 0.000000
vt 0.367347 1.000000
vt 0.367347 0.000000
vt 0.377551 1.000000
vt 0.377551 0.000000
vt 0.387755 1.000000
vt 0.387755 0.000000
vt 0.397959 1.000000
vt 0.397959 0.000000
vt 0.408163 1.000000
vt 0.408163 0.000000
vt 0.418367 1.000000
vt 0.418367 0.000000
vt 0.438776 1.000000
vt 0.438776 0.000000
vt 0.448980 1.000000
vt 0.448980 0.000000
vt 0.459184 1.000000
vt 0.459184 0.000000
vt 0.469388 1.000000
vt 0.469388 0.000000
vt 0.479592 1.000000
vt 0.479592 0.000000
vt 0.489796 1.000000
vt 0.489796 0.000000
vt 0.510204 1.000000
vt 0.510204 0.000000
vt 0.520408 1.000000
vt 0.520408 0.000000
vt 0.530612 1.000000
vt 0.530612 0.000000
vt 0.540816 1.000000
vt 0.540816 0.000000
vt 0.551020 1.000000
vt 0.551020 0.000000
vt 0.561224 1.000000
vt 0.561224 0.000000
vt 0.581633 1.000000
vt 0.581633 0.000000
vt 0.591837 1.000000
vt 0.591837 0.000000
vt 0.602041 1.000000
vt 0.602041 0.000000
vt 0.612245 1.000000
vt 0.612245 0.000000
vt 0.622449 1.000000
vt 0.622449 0.000000
vt 0.632653 1.000000
vt 0.632653 0.000000
vt 0.653061 1.000000
vt 0.653061 0.000000
vt 0.663265 1.000000
vt 0.663265 0.000000
vt 0.673469 1.000000
vt 0.673469 0.000000
vt 0.683673 1.000000
vt 0.683673 0.000000
vt 0.693878 1.000000
vt 0.693878 0.000000
vt 0.704082 1.000000
vt 0.704082 0.000000
vt 0.724490 1.000000
vt 0.724490 0.000000
vt 0.734694 1.000000
vt 0.734694 0.000000
vt 0.744898 1.000000
vt 0.744898 0.000000
vt 0.755102 1.000000
vt 0.755102 0.000000
vt 0.765306 1.000000
vt 0.765306 0.000000
vt 0.775510 1.000000
vt 0.775510 0.000000
vt 0.795918 1.000000
vt 0.795918 0.000000
vt 0.806122 1.000000
vt 0.806122 0.000000
vt 0.816327 1.000000
vt 0.816327 0.000000
vt 0.826531 1.000000
vt 0.826531 0.000000
vt 0.836735 1.000000
vt 0.836735 0.000000
vt 0.846939 1.000000
vt 0.846939 0.000000
vt 0.867347 1.000000
vt 0.867347 0.000000
vt 0.877551 1.000000
vt 0.877551 0.000000
vt 0.887755 1.000000
vt 0.887755 0.000000
vt 0.897959 1.000000
vt 0.897959 0.000000
vt 0.908163 1.000000
vt 0.908163 0.000000
vt 0.918367 1.000000
vt 0.918367 0.000000
vt 0.938776 1.000000
vt 0.938776 0.000000
vt 0.948980 1.000000
vt 0.948980 0.000000
vt 0.959184 1.000000
vt 0.959184 0.000000
vt 0.969388 1.000000
vt 0.969388 0.000000
vt 0.979592 1.000000
vt 0.979592 0.000000
vt 0.989796 1.000000
vt 0.989796 0.000000
vt 0.005051 1.000000
vt 0.005051 0.000000
vt 0.010101 1.000000
vt 0.010101 0.000000
vt 0.015152 1.000000
vt 0.015152 0.000000
vt 0.020202 1.000000
vt 0.020202 0.000000
vt 0.025253 1.000000
vt 0.025253 0.000000
vt 0.030303 1.000000
vt 0.030303 0.000000
vt 0.035354 1.000000
vt 0.035354 0.000000
vt 0.040404 1.000000
vt 0.040404 0.000000
vt 0.045455 1.000000
vt 0.045455 0.000000
vt 0.050505 1.000000
vt 0.050505 0.000000
vt 0.055556 1.000000
vt 0.055556 0.000000
vt 0.060606 1.000000
vt 0.060606 0.000000
vt 0.065657 1.000000
vt 0.065657 0.000000
vt 0.070707 1.000000
vt 0.070707 0.000000
vt 0.075758 1.000000
vt 0.075758 0.000000
vt 0.080808 1.000000
vt 0.080808 0.000000
vt 0.085859 1.000000
vt 0.085859 0.000000
vt 0.090909 1.000000
vt 0.090909 0.000000
vt 0.095960 1.000000
vt 0.095960 0.000000
vt 0.101010 1.000000
vt 0.101010 0.000000
vt 0.106061 1.000000
vt 0.106061 0.000000
vt 0.111111 1.000000
vt 0.111111 0.000000
vt 0.116162 1.000000
vt 0.116162 0.000000
vt 0.121212 1.000000
vt 0.121212 0.000000
vt 0.126263 1.000000
vt 0.126263 0.000000
vt 0.131313 1.000000
vt 0.131313 0.000000
vt 0.136364 1.000000
vt 0.136364 0.000000
vt 0.141414 1.000000
vt 0.141414 0.000000
vt 0.146465 1.000000
vt 0.146465 0.000000
vt 0.151515 1.000000
vt 0.151515 0.000000
vt 0.156566 1.000000
vt 0.156566 0.000000
vt 0.161616 1.000000
vt 0.161616 0.000000
vt 0.166667 1.000000
vt 0.171717 1.000000
vt 0.171717 0.000000
vt 0.176768 1.000000
vt 0.176768 0.000000
vt 0.181818 1.000000
vt 0.181818 0.000000
vt 0.186869 1.000000
vt 0.186869 0.000000
vt 0.191919 1.000000
vt 0.191919 0.000000
vt 0.196970 1.000000
vt 0.196970 0.000000
vt 0.202020 1.000000
vt 0.202020 0.000000
vt 0.207071 1.000000
vt 0.207071 0.000000
vt 0.212121 1.000000
vt 0.212121 0.000000
vt 0.217172 1.000000
vt 0.217172 0.000000
vt 0.222222 1.000000
vt 0.222222 0.000000
vt 0.227273 1.000000
vt 0.227273 0.000000
vt 0.232323 1.000000
vt 0.232323 0.000000
vt 0.237374 1.000000
vt 0.237374 0.000000
vt 0.242424 1.000000
vt 0.242424 0.000000
vt 0.247475 1.000000
vt 0.247475 0.000000
vt 0.252525 1.000000
vt 0.252525 0.000000
vt 0.257576 1.000000
vt 0.257576 0.000000
vt 0.262626 1.000000
vt 0.262626 0.000000
vt 0.267677 1.000000
vt 0.267677 0.000000
vt 0.272727 1.000000
vt 0.272727 0.000000
vt 0.277778 1.000000
vt 0.277778 0.000000
vt 0.282828 1.000000
vt 0.282828 0.000000
vt 0.287879 1.000000
vt 0.287879 0.000000
vt 0.292929 1.000000
vt 0.292929 0.000000
vt 0.297980 1.000000
vt 0.297980 0.000000
vt 0.303030 1.000000
vt 0.303030 0.000000
vt 0.308081 1.000000
vt 0.308081 0.000000
vt 0.313131 1.000000
vt 0.313131 0.000000
vt 0.318182 1.000000
vt 0.318182 0.000000
vt 0.323232 1.000000
vt 0.323232 0.000000
vt 0.328283 1.000000
vt 0.328283 0.000000
vt 0.333333 1.000000
vt 0.338384 1.000000
vt 0.338384 0.000000
vt 0.343434 1.000000
vt 0.343434 0.000000
vt 0.348485 1.000000
vt 0.348485 0.000000
vt 0.353535 1.000000
vt 0.353535 0.000000
vt 0.358586 1.000000
vt 0.358586 0.000000
vt 0.363636 1.000000
vt 0.363636 0.000000
vt 0.368687 1.000000
vt 0.368687 0.000000
vt 0.373737 1.000000
vt 0.373737 0.000000
vt 0.378788 1.000000
vt 0.378788 0.000000
vt 0.383838 1.000000
vt 0.383838 0.000000
vt 0.388889 1.000000
vt 0.388889 0.000000
vt 0.393939 1.000000
vt 0.393939 0.000000
vt 0.398990 1.000000
vt 0.398990 0.000000
vt 0.404040 1.000000
vt 0.404040 0.000000
vt 0.409091 1.000000
vt 0.409091 0.000000
vt 0.414141 1.000000
vt 0.414141 0.000000
vt 0.419192 1.000000
vt 0.419192 0.000000
vt 0.424242 1.000000
vt 0.424242 0.000000
vt 0.429293 1.000000
vt 0.429293 0.000000
vt 0.434343 1.000000
vt 0.434343 0.000000
vt 0.439394 1.000000
vt 0.439394 0.000000
vt 0.444444 1.000000
vt 0.444444 0.000000
vt 0.449495 1.000000
vt 0.449495 0.000000
vt 0.454545 1.000000
vt 0.454545 0.000000
vt 0.459596 1.000000
vt 0.459596 0.000000
vt 0.464646 1.000000
vt 0.464646 0.000000
vt 0.469697 1.000000
vt 0.469697 0.000000
vt 0.474747 1.000000
vt 0.474747 0.000000
vt 0.479798 1.000000
vt 0.479798 0.000000
vt 0.484848 1.000000
vt 0.484848 0.000000
vt 0.489899 1.000000
vt 0.489899 0.000000
vt 0.494949 1.000000
vt 0.494949 0.000000
vt 0.505050 1.000000
vt 0.505050 0.000000
vt 0.510101 1.000000
vt 0.510101 0.000000
vt 0.515152 1.000000
vt 0.515152 0.000000
vt 0.520202 1.000000
vt 0.520202 0.000000
vt 0.525253 1.000000
vt 0.525253 0.000000
vt 0.530303 1.000000
vt 0.530303 0.000000
vt 0.535354 1.000000
vt 0.535354 0.000000
vt 0.540404 1.000000
vt 0.540404 0.000000
vt 0.545455 1.000000
vt 0.545455 0.000000
vt 0.550505 1.000000
vt 0.550505 0.000000
vt 0.555556 1.000000
vt 0.555556 0.000000
vt 0.560606 1.000000
vt 0.560606 0.000000
vt 0.565657 1.000000
vt 0.565657 0.000000
vt 0.570707 1.000000
vt 0.570707 0.000000
vt 0.575758 1.000000
vt 0.575758 0.000000
vt 0.580808 1.000000
vt 0.580808 0.000000
vt 0.585859 1.000000
vt 0.585859 0.000000
vt 0.590909 1.000000
vt 0.590909 0.000000
vt 0.595960 1.000000
vt 0.595960 0.000000
vt 0.601010 1.000000
vt 0.601010 0.000000
vt 0.606061 1.000000
vt 0.606061 0.000000
vt 0.611111 1.000000
vt 0.611111 0.000000
vt 0.616162 1.000000
vt 0.616162 0.000000
vt 0.621212 1.000000
vt 0.621212 0.000000
vt 0.626263 1.000000
vt 0.626263 0.000000
vt 0.631313 1.000000
vt 0.631313 0.000000
vt 0.636364 1.000000
vt 0.636364 0.000000
vt 0.641414 1.000000
vt 0.641414 0.000000
vt 0.646465 1.000000
vt 0.646465 0.000000
vt 0.651515 1.000000
vt 0.651515 0.000000
vt 0.656566 1.000000
vt 0.656566 0.000000
vt 0.661616 1.000000
vt 0.661616 0.000000
vt 0.666667 1.000000
vt 0.671717 1.000000
vt 0.671717 0.000000
vt 0.676768 1.000000
vt 0.676768 0.000000
vt 0.681818 1.000000
vt 0.681818 0.000000
vt 0.686869 1.000000
vt 0.686869 0.000000
vt 0.691919 1.000000
vt 0.691919 0.000000
vt 0.696970 1.000000
vt 0.696970 0.000000
vt 0.702020 1.000000
vt 0.702020 0.000000
vt 0.707071 1.000000
vt 0.707071 0.000000
vt 0.712121 1.000000
vt 0.712121 0.000000
vt 0.717172 1.000000
vt 0.717172 0.000000
vt 0.722222 1.000000
vt 0.722222 0.000000
vt 0.727273 1.000000
vt 0.727273 0.000000
vt 0.732323 1.000000
vt 0.732323 0.000000
vt 0.737374 1.000000
vt 0.737374 0.000000
vt 0.742424 1.000000
vt 0.742424 0.000000
vt 0.747475 1.000000
vt 0.747475 0.000000
vt 0.752525 1.000000
vt 0.752525 0.000000
vt 0.757576 1.000000
vt 0.757576 0.000000
vt 0.762626 1.000000
vt 0.762626 0.000000
vt 0.767677 1.000000
vt 0.767677 0.000000
vt 0.772727 1.000000
vt 0.772727 0.000000
vt 0.777778 1.000000
vt 0.777778 0.000000
vt 0.782828 1.000000
vt 0.782828 0.000000
vt 0.787879 1.000000
vt 0.787879 0.000000
vt 0.792929 1.000000
vt 0.792929 0.000000
vt 0.797980 1.000000
vt 0.797980 0.000000
vt 0.803030 1.000000
vt 0.803030 0.000000
vt 0.808081 1.000000
vt 0.808081 0.000000
vt 0.813131 1.000000
vt 0.813131 0.000000
vt 0.818182 1.000000
vt 0.818182 0.000000
vt 0.823232 1.000000
vt 0.823232 0.000000
vt 0.828283 1.000000
vt 0.828283 0.000000
vt 0.833333 1.000000
vt 0.838384 1.000000
vt 0.838384 0.000000
vt 0.843434 1.000000
vt 0.843434 0.000000
vt 0.848485 1.000000
vt 0.848485 0.000000
vt 0.853535 1.000000
vt 0.853535 0.000000
vt 0.858586 1.000000
vt 0.858586 0.000000
vt 0.863636 1.000000
vt 0.863636 0.000000
vt 0.868687 1.000000
vt 0.868687 0.000000
vt 0.873737 1.000000
vt 0.873737 0.000000
vt 0.878788 1.000000
vt 0.878788 0.000000
vt 0.883838 1.000000
vt 0.883838 0.000000
vt 0.888889 1.000000
vt 0.888889 0.000000
vt 0.893939 1.000000
vt 0.893939 0.000000
vt 0.898990 1.000000
vt 0.898990 0.000000
vt 0.904040 1.000000
vt 0.904040 0.000000
vt 0.909091 1.000000
vt 0.909091 0.000000
vt 0.914141 1.000000
vt 0.914141 0.000000
vt 0.919192 1.000000
vt 0.919192 0.000000
vt 0.924242 1.000000
vt 0.924242 0.000000
vt 0.929293 1.000000
vt 0.929293 0.000000
vt 0.934343 1.000000
vt 0.934343 0.000000
vt 0.939394 1.000000
vt 0.939394 0.000000
vt 0.944444 1.000000
vt 0.944444 0.000000
vt 0.949495 1.000000
vt 0.949495 0.000000
vt 0.954545 1.000000
vt 0.954545 0.000000
vt 0.959596 1.000000
vt 0.959596 0.000000
vt 0.964646 1.000000
vt 0.964646 0.000000
vt 0.969697 1.000000
vt 0.969697 0.000000
vt 0.974747 1.000000
vt 0.974747 0.000000
vt 0.979798 1.000000
vt 0.979798 0.000000
vt 0.984848 1.000000
vt 0.984848 0.000000
vt 0.989899 1.000000
vt 0.989899 0.000000
vt 0.994950 1.000000
vt 0.994950 0.000000
vt 0.012500 1.000000
vt 0.012500 0.000000
vt 0.025000 1.000000
vt 0.025000 0.000000
vt 0.037500 1.000000
vt 0.037500 0.000000
vt 0.050000 1.000000
vt 0.050000 0.000000
vt 0.062500 1.000000
vt 0.062500 0.000000
vt 0.075000 1.000000
vt 0.075000 0.000000
vt 0.087500 1.000000
vt 0.087500 0.000000
vt 0.112500 1.000000
vt 0.112500 0.000000
vt 0.125000 1.000000
vt 0.137500 1.000000
vt 0.137500 0.000000
vt 0.150000 1.000000
vt 0.150000 0.000000
vt 0.162500 1.000000
vt 0.162500 0.000000
vt 0.175000 1.000000
vt 0.175000 0.000000
vt 0.187500 1.000000
vt 0.187500 0.000000
vt 0.212500 1.000000
vt 0.212500 0.000000
vt 0.225000 1.000000
vt 0.225000 0.000000
vt 0.237500 1.000000
vt 0.237500 0.000000
vt 0.262500 1.000000
vt 0.262500 0.000000
vt 0.275000 1.000000
vt 0.275000 0.000000
vt 0.287500 1.000000
vt 0.287500 0.000000
vt 0.312500 1.000000
vt 0.312500 0.000000
vt 0.325000 1.000000
vt 0.325000 0.000000
vt 0.337500 1.000000
vt 0.337500 0.000000
vt 0.350000 1.000000
vt 0.350000 0.000000
vt 0.362500 1.000000
vt 0.362500 0.000000
vt 0.375000 1.000000
vt 0.387500 1.000000
vt 0.387500 0.000000
vt 0.412500 1.000000
vt 0.412500 0.000000
vt 0.425000 1.000000
vt 0.425000 0.000000
vt 0.437500 1.000000
vt 0.437500 0.000000
vt 0.450000 1.000000
vt 0.450000 0.000000
vt 0.462500 1.000000
vt 0.462500 0.000000
vt 0.475000 1.000000
vt 0.475000 0.000000
vt 0.487500 1.000000
vt 0.487500 0.000000
vt 0.512500 1.000000
vt 0.512500 0.000000
vt 0.525000 1.000000
vt 0.525000 0.000000
vt 0.537500 1.000000
vt 0.537500 0.000000
vt 0.550000 1.000000
vt 0.550000 0.000000
vt 0.562500 1.000000
vt 0.562500 0.000000
vt 0.575000 1.000000
vt 0.575000 0.000000
vt 0.587500 1.000000
vt 0.587500 0.000000
vt 0.612500 1.000000
vt 0.612500 0.000000
vt 0.625000 1.000000
vt 0.637500 1.000000
vt 0.637500 0.000000
vt 0.650000 1.000000
vt 0.650000 0.000000
vt 0.662500 1.000000
vt 0.662500 0.000000
vt 0.675000 1.000000
vt 0.675000 0.000000
vt 0.687500 1.000000
vt 0.687500 0.000000
vt 0.712500 1.000000
vt 0.712500 0.000000
vt 0.725000 1.000000
vt 0.725000 0.000000
vt 0.737500 1.000000
vt 0.737500 0.000000
vt 0.762500 1.000000
vt 0.762500 0.000000
vt 0.775000 1.000000
vt 0.775000 0.000000
vt 0.787500 1.000000
vt 0.787500 0.000000
vt 0.812500 1.000000
vt 0.812500 0.000000
vt 0.825000 1.000000
vt 0.825000 0.000000
vt 0.837500 1.000000
vt 0.837500 0.000000
vt 0.850000 1.000000
vt 0.850000 0.000000
vt 0.862500 1.000000
vt 0.862500 0.000000
vt 0.875000 1.000000
vt 0.887500 1.000000
vt 0.887500 0.000000
vt 0.912500 1.000000
vt 0.912500 0.000000
vt 0.925000 1.000000
vt 0.925000 0.000000
vt 0.937500 1.000000
vt 0.937500 0.000000
vt 0.950000 1.000000
vt 0.950000 0.000000
vt 0.962500 1.000000
vt 0.962500 0.000000
vt 0.975000 1.000000
vt 0.975000 0.000000
vt 0.987500 1.000000
vt 0.987500 0.000000
vt 0.005495 1.000000
vt 0.005495 0.000000
vt 0.010989 1.000000
vt 0.010989 0.000000
vt 0.016484 1.000000
vt 0.016484 0.000000
vt 0.021978 1.000000
vt 0.021978 0.000000
vt 0.027473 1.000000
vt 0.027473 0.000000
vt 0.032967 1.000000
vt 0.032967 0.000000
vt 0.043956 1.000000
vt 0.043956 0.000000
vt 0.049451 1.000000
vt 0.049451 0.000000
vt 0.054945 1.000000
vt 0.054945 0.000000
vt 0.060440 1.000000
vt 0.060440 0.000000
vt 0.065934 1.000000
vt 0.065934 0.000000
vt 0.082418 1.000000
vt 0.082418 0.000000
vt 0.087912 1.000000
vt 0.087912 0.000000
vt 0.093407 1.000000
vt 0.093407 0.000000
vt 0.098901 1.000000
vt 0.098901 0.000000
vt 0.104396 1.000000
vt 0.104396 0.000000
vt 0.109890 1.000000
vt 0.109890 0.000000
vt 0.120879 1.000000
vt 0.120879 0.000000
vt 0.126374 1.000000
vt 0.126374 0.000000
vt 0.131868 1.000000
vt 0.131868 0.000000
vt 0.137363 1.000000
vt 0.137363 0.000000
vt 0.148352 1.000000
vt 0.148352 0.000000
vt 0.159341 1.000000
vt 0.159341 0.000000
vt 0.164835 1.000000
vt 0.164835 0.000000
vt 0.170330 1.000000
vt 0.170330 0.000000
vt 0.175824 1.000000
vt 0.175824 0.000000
vt 0.181319 1.000000
vt 0.181319 0.000000
vt 0.186813 1.000000
vt 0.186813 0.000000
vt 0.197802 1.000000
vt 0.197802 0.000000
vt 0.203297 1.000000
vt 0.203297 0.000000
vt 0.208791 1.000000
vt 0.208791 0.000000
vt 0.219780 1.000000
vt 0.219780 0.000000
vt 0.225275 1.000000
vt 0.225275 0.000000
vt 0.236264 1.000000
vt 0.236264 0.000000
vt 0.241758 1.000000
vt 0.241758 0.000000
vt 0.247253 1.000000
vt 0.247253 0.000000
vt 0.252747 1.000000
vt 0.252747 0.000000
vt 0.258242 1.000000
vt 0.258242 0.000000
vt 0.263736 1.000000
vt 0.263736 0.000000
vt 0.274725 1.000000
vt 0.274725 0.000000
vt 0.280220 1.000000
vt 0.280220 0.000000
vt 0.291209 1.000000
vt 0.291209 0.000000
vt 0.296703 1.000000
vt 0.296703 0.000000
vt 0.302198 1.000000
vt 0.302198 0.000000
vt 0.313187 1.000000
vt 0.313187 0.000000
vt 0.318681 1.000000
vt 0.318681 0.000000
vt 0.324176 1.000000
vt 0.324176 0.000000
vt 0.329670 1.000000
vt 0.329670 0.000000
vt 0.335165 1.000000
vt 0.335165 0.000000
vt 0.340659 1.000000
vt 0.340659 0.000000
vt 0.351648 1.000000
vt 0.351648 0.000000
vt 0.362637 1.000000
vt 0.362637 0.000000
vt 0.368132 1.000000
vt 0.368132 0.000000
vt 0.373626 1.000000
vt 0.373626 0.000000
vt 0.379121 1.000000
vt 0.379121 0.000000
vt 0.390110 1.000000
vt 0.390110 0.000000
vt 0.395604 1.000000
vt 0.395604 0.000000
vt 0.401099 1.000000
vt 0.401099 0.000000
vt 0.406593 1.000000
vt 0.406593 0.000000
vt 0.412088 1.000000
vt 0.412088 0.000000
vt 0.417582 1.000000
vt 0.417582 0.000000
vt 0.434066 1.000000
vt 0.434066 0.000000
vt 0.439560 1.000000
vt 0.439560 0.000000
vt 0.445055 1.000000
vt 0.445055 0.000000
vt 0.450549 1.000000
vt 0.450549 0.000000
vt 0.456044 1.000000
vt 0.456044 0.000000
vt 0.467033 1.000000
vt 0.467033 0.000000
vt 0.472527 1.000000
vt 0.472527 0.000000
vt 0.478022 1.000000
vt 0.478022 0.000000
vt 0.483516 1.000000
vt 0.483516 0.000000
vt 0.489011 1.000000
vt 0.489011 0.000000
vt 0.494505 1.000000
vt 0.494505 0.000000
vt 0.505495 1.000000
vt 0.505495 0.000000
vt 0.510989 1.000000
vt 0.510989 0.000000
vt 0.516484 1.000000
vt 0.516484 0.000000
vt 0.521978 1.000000
vt 0.521978 0.000000
vt 0.527473 1.000000
vt 0.527473 0.000000
vt 0.532967 1.000000
vt 0.532967 0.000000
vt 0.543956 1.000000
vt 0.543956 0.000000
vt 0.549451 1.000000
vt 0.549451 0.000000
vt 0.554945 1.000000
vt 0.554945 0.000000
vt 0.560440 1.000000
vt 0.560440 0.000000
vt 0.565934 1.000000
vt 0.565934 0.000000
vt 0.582418 1.000000
vt 0.582418 0.000000
vt 0.587912 1.000000
vt 0.587912 0.000000
vt 0.593407 1.000000
vt 0.593407 0.000000
vt 0.598901 1.000000
vt 0.598901 0.000000
vt 0.604396 1.000000
vt 0.604396 0.000000
vt 0.609890 1.000000
vt 0.609890 0.000000
vt 0.620879 1.000000
vt 0.620879 0.000000
vt 0.626374 1.000000
vt 0.626374 0.000000
vt 0.631868 1.000000
vt 0.631868 0.000000
vt 0.637363 1.000000
vt 0.637363 0.000000
vt 0.648352 1.000000
vt 0.648352 0.000000
vt 0.659341 1.000000
vt 0.659341 0.000000
vt 0.664835 1.000000
vt 0.664835 0.000000
vt 0.670330 1.000000
vt 0.670330 0.000000
vt 0.675824 1.000000
vt 0.675824 0.000000
vt 0.681319 1.000000
vt 0.681319 0.000000
vt 0.686813 1.000000
vt 0.686813 0.000000
vt 0.697802 1.000000
vt 0.697802 0.000000
vt 0.703297 1.000000
vt 0.703297 0.000000
vt 0.708791 1.000000
vt 0.708791 0.000000
vt 0.719780 1.000000
vt 0.719780 0.000000
vt 0.725275 1.000000
vt 0.725275 0.000000
vt 0.736264 1.000000
vt 0.736264 0.000000
vt 0.741758 1.000000
vt 0.741758 0.000000
vt 0.747253 1.000000
vt 0.747253 0.000000
vt 0.752747 1.000000
vt 0.752747 0.000000
vt 0.758242 1.000000
vt 0.758242 0.000000
vt 0.763736 1.000000
vt 0.763736 0.000000
vt 0.774725 1.000000
vt 0.774725 0.000000
vt 0.780220 1.000000
vt 0.780220 0.000000
vt 0.791209 1.000000
vt 0.791209 0.000000
vt 0.796703 1.000000
vt 0.796703 0.000000
vt 0.802198 1.000000
vt 0.802198 0.000000
vt 0.813187 1.000000
vt 0.813187 0.000000
vt 0.818681 1.000000
vt 0.818681 0.000000
vt 0.824176 1.000000
vt 0.824176 0.000000
vt 0.829670 1.000000
vt 0.829670 0.000000
vt 0.835165 1.000000
vt 0.835165 0.000000
vt 0.840659 1.000000
vt 0.840659 0.000000
vt 0.851648 1.000000
vt 0.851648 0.000000
vt 0.862637 1.000000
vt 0.862637 0.000000
vt 0.868132 1.000000
vt 0.868132 0.000000
vt 0.873626 1.000000
vt 0.873626 0.000000
vt 0.879121 1.000000
vt 0.879121 0.000000
vt 0.890110 1.000000
vt 0.890110 0.000000
vt 0.895604 1.000000
vt 0.895604 0.000000
vt 0.901099 1.000000
vt 0.901099 0.000000
vt 0.906593 1.000000
vt 0.906593 0.000000
vt 0.912088 1.000000
vt 0.912088 0.000000
vt 0.917582 1.000000
vt 0.917582 0.000000
vt 0.934066 1.000000
vt 0.934066 0.000000
vt 0.939560 1.000000
vt 0.939560 0.000000
vt 0.945055 1.000000
vt 0.945055 0.000000
vt 0.950549 1.000000
vt 0.950549 0.000000
vt 0.956044 1.000000
vt 0.956044 0.000000
vt 0.967033 1.000000
vt 0.967033 0.000000
vt 0.972527 1.000000
vt 0.972527 0.000000
vt 0.978022 1.000000
vt 0.978022 0.000000
vt 0.983516 1.000000
vt 0.983516 0.000000
vt 0.989011 1.000000
vt 0.989011 0.000000
vt 0.994505 1.000000
vt 0.994505 0.000000
vt 0.009259 1.000000
vt 0.009259 0.000000
vt 0.018519 1.000000
vt 0.018519 0.000000
vt 0.027778 1.000000
vt 0.027778 0.000000
vt 0.037037 1.000000
vt 0.037037 0.000000
vt 0.046296 1.000000
vt 0.046296 0.000000
vt 0.064815 1.000000
vt 0.064815 0.000000
vt 0.074074 1.000000
vt 0.074074 0.000000
vt 0.083333 1.000000
vt 0.092593 1.000000
vt 0.092593 0.000000
vt 0.101852 1.000000
vt 0.101852 0.000000
vt 0.120370 1.000000
vt 0.120370 0.000000
vt 0.129630 1.000000
vt 0.129630 0.000000
vt 0.138889 1.000000
vt 0.138889 0.000000
vt 0.148148 1.000000
vt 0.148148 0.000000
vt 0.157407 1.000000
vt 0.157407 0.000000
vt 0.175926 1.000000
vt 0.175926 0.000000
vt 0.185185 1.000000
vt 0.185185 0.000000
vt 0.194444 1.000000
vt 0.194444 0.000000
vt 0.203704 1.000000
vt 0.203704 0.000000
vt 0.212963 1.000000
vt 0.212963 0.000000
vt 0.231481 1.000000
vt 0.231481 0.000000
vt 0.240741 1.000000
vt 0.240741 0.000000
vt 0.259259 1.000000
vt 0.259259 0.000000
vt 0.268519 1.000000
vt 0.268519 0.000000
vt 0.287037 1.000000
vt 0.287037 0.000000
vt 0.296296 1.000000
vt 0.296296 0.000000
vt 0.305556 1.000000
vt 0.305556 0.000000
vt 0.314815 1.000000
vt 0.314815 0.000000
vt 0.324074 1.000000
vt 0.324074 0.000000
vt 0.342593 1.000000
vt 0.342593 0.000000
vt 0.351852 1.000000
vt 0.351852 0.000000
vt 0.361111 1.000000
vt 0.361111 0.000000
vt 0.370370 1.000000
vt 0.370370 0.000000
vt 0.379630 1.000000
vt 0.379630 0.000000
vt 0.398148 1.000000
vt 0.398148 0.000000
vt 0.407407 1.000000
vt 0.407407 0.000000
vt 0.416667 1.000000
vt 0.425926 1.000000
vt 0.425926 0.000000
vt 0.435185 1.000000
vt 0.435185 0.000000
vt 0.453704 1.000000
vt 0.453704 0.000000
vt 0.462963 1.000000
vt 0.462963 0.000000
vt 0.472222 1.000000
vt 0.472222 0.000000
vt 0.481481 1.000000
vt 0.481481 0.000000
vt 0.490741 1.000000
vt 0.490741 0.000000
vt 0.509259 1.000000
vt 0.509259 0.000000
vt 0.518519 1.000000
vt 0.518519 0.000000
vt 0.527778 1.000000
vt 0.527778 0.000000
vt 0.537037 1.000000
vt 0.537037 0.000000
vt 0.546296 1.000000
vt 0.546296 0.000000
vt 0.564815 1.000000
vt 0.564815 0.000000
vt 0.574074 1.000000
vt 0.574074 0.000000
vt 0.583333 1.000000
vt 0.592593 1.000000
vt 0.592593 0.000000
vt 0.601852 1.000000
vt 0.601852 0.000000
vt 0.620370 1.000000
vt 0.620370 0.000000
vt 0.629630 1.000000
vt 0.629630 0.000000
vt 0.638889 1.000000
vt 0.638889 0.000000
vt 0.648148 1.000000
vt 0.648148 0.000000
vt 0.657407 1.000000
vt 0.657407 0.000000
vt 0.675926 1.000000
vt 0.675926 0.000000
vt 0.685185 1.000000
vt 0.685185 0.000000
vt 0.694444 1.000000
vt 0.694444 0.000000
vt 0.703704 1.000000
vt 0.703704 0.000000
vt 0.712963 1.000000
vt 0.712963 0.000000
vt 0.731481 1.000000
vt 0.731481 0.000000
vt 0.740741 1.000000
vt 0.740741 0.000000
vt 0.759259 1.000000
vt 0.759259 0.000000
vt 0.768519 1.000000
vt 0.768519 0.000000
vt 0.787037 1.000000
vt 0.787037 0.000000
vt 0.796296 1.000000
vt 0.796296 0.000000
vt 0.805556 1.000000
vt 0.805556 0.000000
vt 0.814815 1.000000
vt 0.814815 0.000000
vt 0.824074 1.000000
vt 0.824074 0.000000
vt 0.842593 1.000000
vt 0.842593 0.000000
vt 0.851852 1.000000
vt 0.851852 0.000000
vt 0.861111 1.000000
vt 0.861111 0.000000
vt 0.870370 1.000000
vt 0.870370 0.000000
vt 0.879630 1.000000
vt 0.879630 0.000000
vt 0.898148 1.000000
vt 0.898148 0.000000
vt 0.907407 1.000000
vt 0.907407 0.000000
vt 0.916667 1.000000
vt 0.925926 1.000000
vt 0.925926 0.000000
vt 0.935185 1.000000
vt 0.935185 0.000000
vt 0.953704 1.000000
vt 0.953704 0.000000
vt 0.962963 1.000000
vt 0.962963 0.000000
vt 0.972222 1.000000
vt 0.972222 0.000000
vt 0.981481 1.000000
vt 0.981481 0.000000
vt 0.990741 1.000000
vt 0.990741 0.000000
s 0
f 38/1/1 40/2/1 39/3/1
f 38/1/1 41/4/1 40/2/1
f 38/1/1 42/5/1 41/4/1
f 37/6/1 42/5/1 38/1/1
f 37/6/1 43/7/1 42/5/1
f 36/8/1 43/7/1 37/6/1
f 36/8/1 44/9/1 43/7/1
f 35/10/1 44/9/1 36/8/1
f 35/10/1 45/11/1 44/9/1
f 34/12/1 45/11/1 35/10/1
f 34/12/1 46/13/1 45/11/1
f 33/14/1 46/13/1 34/12/1
f 33/14/1 47/15/1 46/13/1
f 32/16/1 47/15/1 33/14/1
f 32/16/1 48/17/1 47/15/1
f 31/18/1 48/17/1 32/16/1
f 31/18/1 49/19/1 48/17/1
f 30/20/1 49/19/1 31/18/1
f 30/20/1 50/21/1 49/19/1
f 29/22/1 50/21/1 30/20/1
f 29/22/1 51/23/1 50/21/1
f 28/24/1 51/23/1 29/22/1
f 27/25/1 51/23/1 28/24/1
f 27/25/1 52/26/1 51/23/1
f 26/27/1 66/28/1 27/25/1
f 66/28/1 52/26/1 27/25/1
f 66/28/1 53/29/1 52/26/1
f 66/28/1 54/30/1 53/29/1
f 66/28/1 55/31/1 54/30/1
f 66/28/1 56/32/1 55/31/1
f 66/28/1 57/33/1 56/32/1
f 66/28/1 58/34/1 57/33/1
f 66/28/1 59/35/1 58/34/1
f 66/28/1 60/36/1 59/35/1
f 66/28/1 61/37/1 60/36/1
f 66/28/1 62/38/1 61/37/1
f 66/28/1 63/39/1 62/38/1
f 66/28/1 64/40/1 63/39/1
f 66/28/1 65/41/1 64/40/1
f 26/27/1 67/42/1 66/28/1
f 26/27/1 94/43/1 67/42/1
f 94/43/1 68/44/1 67/42/1
f 94/43/1 69/45/1 68/44/1
f 94/43/1 70/46/1 69/45/1
f 94/43/1 71/47/1 70/46/1
f 94/43/1 72/48/1 71/47/1
f 94/43/1 73/49/1 72/48/1
f 94/43/1 74/50/1 73/49/1
f 94/43/1 75/51/1 74/50/1
f 94/43/1 76/52/1 75/51/1
f 94/43/1 77/53/1 76/52/1
f 94/43/1 78/54/1 77/53/1
f 94/43/1 79/55/1 78/54/1
f 94/43/1 80/56/1 79/55/1
f 94/43/1 81/57/1 80/56/1
f 94/43/1 82/58/1 81/57/1
f 94/43/1 83/59/1 82/58/1
f 94/43/1 84/60/1 83/59/1
f 94/43/1 85/61/1 84/60/1
f 94/43/1 86/62/1 85/61/1
f 94/43/1 87/63/1 86/62/1
f 94/43/1 88/64/1 87/63/1
f 94/43/1 89/65/1 88/64/1
f 94/43/1 90/66/1 89/65/1
f 94/43/1 91/67/1 90/66/1
f 94/43/1 92/68/1 91/67/1
f 94/43/1 93/69/1 92/68/1
f 26/27/1 95/70/1 94/43/1
f 26/27/1 96/71/1 95/70/1
f 26/27/1 97/72/1 96/71/1
f 26/27/1 98/73/1 97/72/1
f 26/27/1 99/74/1 98/73/1
f 26/27/1 100/75/1 99/74/1
f 26/27/1 101/76/1 100/75/1
f 26/27/1 102/77/1 101/76/1
f 26/27/1 103/78/1 102/77/1
f 26/27/1 104/79/1 103/78/1
f 26/27/1 105/80/1 104/79/1
f 26/27/1 106/81/1 105/80/1
f 26/27/1 107/82/1 106/81/1
f 26/27/1 108/83/1 107/82/1
f 26/27/1 1/84/1 108/83/1
f 25/85/1 1/84/1 26/27/1
f 25/85/1 2/86/1 1/84/1
f 24/87/1 2/86/1 25/85/1
f 24/87/1 3/88/1 2/86/1
f 23/89/1 3/88/1 24/87/1
f 23/89/1 4/90/1 3/88/1
f 22/91/1 4/90/1 23/89/1
f 22/91/1 5/92/1 4/90/1
f 21/93/1 5/92/1 22/91/1
f 21/93/1 6/94/1 5/92/1
f 20/95/1 6/94/1 21/93/1
f 20/95/1 7/96/1 6/94/1
f 19/97/1 7/96/1 20/95/1
f 19/97/1 8/98/1 7/96/1
f 18/99/1 8/98/1 19/97/1
f 18/99/1 9/100/1 8/98/1
f 17/101/1 9/100/1 18/99/1
f 17/101/1 10/102/1 9/100/1
f 16/103/1 10/102/1 17/101/1
f 16/103/1 11/104/1 10/102/1
f 15/105/1 11/104/1 16/103/1
f 15/105/1 12/106/1 11/104/1
f 14/107/1 12/106/1 15/105/1
f 14/107/1 13/108/1 12/106/1
f 146/109/1 148/110/1 147/111/1
f 146/109/1 149/112/1 148/110/1
f 222/113/1 224/114/1 223/115/1
f 222/113/1 225/116/1 224/114/1
f 146/109/1 150/117/1 149/112/1
f 221/118/1 225/116/1 222/113/1
f 221/118/1 226/119/1 225/116/1
f 145/120/1 150/117/1 146/109/1
f 145/120/1 151/121/1 150/117/1
f 220/122/1 226/119/1 221/118/1
f 220/122/1 227/123/1 226/119/1
f 144/124/1 151/121/1 145/120/1
f 144/124/1 152/125/1 151/121/1
f 219/126/1 227/123/1 220/122/1
f 219/126/1 228/127/1 227/123/1
f 143/128/1 152/125/1 144/124/1
f 143/128/1 153/129/1 152/125/1
f 218/130/1 228/127/1 219/126/1
f 218/130/1 229/131/1 228/127/1
f 142/132/1 153/129/1 143/128/1
f 142/132/1 154/133/1 153/129/1
f 217/134/1 229/131/1 218/130/1
f 217/134/1 230/135/1 229/131/1
f 141/136/1 154/133/1 142/132/1
f 141/136/1 155/137/1 154/133/1
f 216/138/1 230/135/1 217/134/1
f 216/138/1 231/139/1 230/135/1
f 140/140/1 155/137/1 141/136/1
f 140/140/1 156/141/1 155/137/1
f 215/142/1 231/139/1 216/138/1
f 215/142/1 232/143/1 231/139/1
f 139/144/1 156/141/1 140/140/1
f 139/144/1 157/145/1 156/141/1
f 214/146/1 232/143/1 215/142/1
f 214/146/1 233/147/1 232/143/1
f 138/148/1 157/145/1 139/144/1
f 138/148/1 158/149/1 157/145/1
f 213/150/1 233/147/1 214/146/1
f 213/150/1 234/151/1 233/147/1
f 137/152/1 158/149/1 138/148/1
f 137/152/1 159/153/1 158/149/1
f 212/154/1 234/151/1 213/150/1
f 212/154/1 235/155/1 234/151/1
f 136/156/1 159/153/1 137/152/1
f 136/156/1 160/157/1 159/153/1
f 211/158/1 235/155/1 212/154/1
f 136/156/1 161/159/1 160/157/1
f 210/160/1 235/155/1 211/158/1
f 135/161/1 161/159/1 136/156/1
f 210/160/1 236/162/1 235/155/1
f 134/163/1 290/83/1 135/161/1
f 290/83/1 161/159/1 135/161/1
f 210/160/1 263/164/1 236/162/1
f 263/164/1 237/165/1 236/162/1
f 290/83/1 162/166/1 161/159/1
f 209/167/1 263/164/1 210/160/1
f 290/83/1 163/168/1 162/166/1
f 208/169/1 263/164/1 209/167/1
f 290/83/1 164/170/1 163/168/1
f 207/171/1 263/164/1 208/169/1
f 290/83/1 165/172/1 164/170/1
f 206/173/1 263/164/1 207/171/1
f 290/83/1 166/174/1 165/172/1
f 205/175/1 263/164/1 206/173/1
f 290/83/1 167/176/1 166/174/1
f 204/177/1 263/164/1 205/175/1
f 290/83/1 168/178/1 167/176/1
f 203/179/1 263/164/1 204/177/1
f 290/83/1 169/180/1 168/178/1
f 202/181/1 263/164/1 203/179/1
f 290/83/1 170/182/1 169/180/1
f 201/183/1 263/164/1 202/181/1
f 290/83/1 171/184/1 170/182/1
f 200/185/1 263/164/1 201/183/1
f 290/83/1 172/186/1 171/184/1
f 199/187/1 263/164/1 200/185/1
f 290/83/1 173/188/1 172/186/1
f 198/189/1 263/164/1 199/187/1
f 290/83/1 174/190/1 173/188/1
f 197/191/1 263/164/1 198/189/1
f 290/83/1 175/192/1 174/190/1
f 196/193/1 263/164/1 197/191/1
f 290/83/1 176/194/1 175/192/1
f 195/195/1 263/164/1 196/193/1
f 290/83/1 177/196/1 176/194/1
f 194/197/1 263/164/1 195/195/1
f 290/83/1 178/198/1 177/196/1
f 193/199/1 263/164/1 194/197/1
f 290/83/1 179/200/1 178/198/1
f 192/201/1 263/164/1 193/199/1
f 290/83/1 180/202/1 179/200/1
f 191/203/1 263/164/1 192/201/1
f 290/83/1 181/204/1 180/202/1
f 190/205/1 263/164/1 191/203/1
f 290/83/1 182/206/1 181/204/1
f 189/207/1 263/164/1 190/205/1
f 290/83/1 183/208/1 182/206/1
f 188/209/1 263/164/1 189/207/1
f 290/83/1 184/210/1 183/208/1
f 187/211/1 263/164/1 188/209/1
f 290/83/1 185/212/1 184/210/1
f 186/213/1 263/164/1 187/211/1
f 290/83/1 186/213/1 185/212/1
f 290/83/1 263/164/1 186/213/1
f 134/163/1 109/84/1 290/83/1
f 289/214/1 263/164/1 290/83/1
f 289/214/1 264/215/1 263/164/1
f 262/216/1 237/165/1 263/164/1
f 288/217/1 264/215/1 289/214/1
f 288/217/1 265/218/1 264/215/1
f 287/219/1 265/218/1 288/217/1
f 287/219/1 266/220/1 265/218/1
f 286/221/1 266/220/1 287/219/1
f 286/221/1 267/222/1 266/220/1
f 285/223/1 267/222/1 286/221/1
f 285/223/1 268/224/1 267/222/1
f 284/225/1 268/224/1 285/223/1
f 284/225/1 269/226/1 268/224/1
f 283/227/1 269/226/1 284/225/1
f 283/227/1 270/228/1 269/226/1
f 282/229/1 270/228/1 283/227/1
f 282/229/1 271/230/1 270/228/1
f 281/231/1 271/230/1 282/229/1
f 281/231/1 272/232/1 271/230/1
f 280/233/1 272/232/1 281/231/1
f 280/233/1 273/234/1 272/232/1
f 279/235/1 273/234/1 280/233/1
f 279/235/1 274/236/1 273/234/1
f 278/237/1 274/236/1 279/235/1
f 278/237/1 275/238/1 274/236/1
f 277/239/1 275/238/1 278/237/1
f 277/239/1 276/240/1 275/238/1
f 133/241/1 109/84/1 134/163/1
f 133/241/1 110/242/1 109/84/1
f 261/243/1 237/165/1 262/216/1
f 261/243/1 238/244/1 237/165/1
f 132/245/1 110/242/1 133/241/1
f 260/246/1 238/244/1 261/243/1
f 132/245/1 111/247/1 110/242/1
f 260/246/1 239/248/1 238/244/1
f 131/249/1 111/247/1 132/245/1
f 259/250/1 239/248/1 260/246/1
f 131/249/1 112/251/1 111/247/1
f 259/250/1 240/252/1 239/248/1
f 130/253/1 112/251/1 131/249/1
f 258/254/1 240/252/1 259/250/1
f 130/253/1 113/255/1 112/251/1
f 258/254/1 241/256/1 240/252/1
f 129/257/1 113/255/1 130/253/1
f 257/258/1 241/256/1 258/254/1
f 129/257/1 114/259/1 113/255/1
f 257/258/1 242/260/1 241/256/1
f 128/261/1 114/259/1 129/257/1
f 256/262/1 242/260/1 257/258/1
f 128/261/1 115/263/1 114/259/1
f 256/262/1 243/264/1 242/260/1
f 127/265/1 115/263/1 128/261/1
f 255/266/1 243/264/1 256/262/1
f 127/265/1 116/267/1 115/263/1
f 255/266/1 244/268/1 243/264/1
f 126/269/1 116/267/1 127/265/1
f 254/270/1 244/268/1 255/266/1
f 126/269/1 117/271/1 116/267/1
f 254/270/1 245/272/1 244/268/1
f 125/273/1 117/271/1 126/269/1
f 253/274/1 245/272/1 254/270/1
f 125/273/1 118/275/1 117/271/1
f 253/274/1 246/276/1 245/272/1
f 124/277/1 118/275/1 125/273/1
f 252/278/1 246/276/1 253/274/1
f 124/277/1 119/279/1 118/275/1
f 252/278/1 247/280/1 246/276/1
f 123/281/1 119/279/1 124/277/1
f 251/282/1 247/280/1 252/278/1
f 123/281/1 120/283/1 119/279/1
f 251/282/1 248/284/1 247/280/1
f 122/285/1 120/283/1 123/281/1
f 250/286/1 248/284/1 251/282/1
f 122/285/1 121/287/1 120/283/1
f 250/286/1 249/288/1 248/284/1
f 342/289/1 344/290/1 343/291/1
f 342/289/1 345/292/1 344/290/1
f 342/289/1 346/293/1 345/292/1
f 341/294/1 346/293/1 342/289/1
f 341/294/1 347/295/1 346/293/1
f 340/296/1 347/295/1 341/294/1
f 340/296/1 348/297/1 347/295/1
f 339/298/1 348/297/1 340/296/1
f 339/298/1 349/299/1 348/297/1
f 338/300/1 349/299/1 339/298/1
f 338/300/1 350/301/1 349/299/1
f 337/302/1 350/301/1 338/300/1
f 337/302/1 351/303/1 350/301/1
f 336/304/1 351/303/1 337/302/1
f 336/304/1 352/305/1 351/303/1
f 335/306/1 352/305/1 336/304/1
f 335/306/1 353/307/1 352/305/1
f 334/308/1 353/307/1 335/306/1
f 334/308/1 354/309/1 353/307/1
f 333/310/1 354/309/1 334/308/1
f 333/310/1 355/311/1 354/309/1
f 332/312/1 355/311/1 333/310/1
f 331/313/1 355/311/1 332/312/1
f 331/313/1 356/314/1 355/311/1
f 330/315/1 356/314/1 331/313/1
f 330/315/1 357/316/1 356/314/1
f 329/317/1 357/316/1 330/315/1
f 329/317/1 358/318/1 357/316/1
f 328/319/1 358/318/1 329/317/1
f 328/319/1 359/320/1 358/318/1
f 327/321/1 359/320/1 328/319/1
f 327/321/1 360/322/1 359/320/1
f 326/323/1 360/322/1 327/321/1
f 326/323/1 361/324/1 360/322/1
f 325/325/1 361/324/1 326/323/1
f 325/325/1 362/326/1 361/324/1
f 324/327/1 362/326/1 325/325/1
f 324/327/1 363/328/1 362/326/1
f 323/329/1 363/328/1 324/327/1
f 323/329/1 364/330/1 363/328/1
f 322/331/1 364/330/1 323/329/1
f 322/331/1 365/332/1 364/330/1
f 321/333/1 365/332/1 322/331/1
f 321/333/1 366/334/1 365/332/1
f 320/335/1 366/334/1 321/333/1
f 320/335/1 367/336/1 366/334/1
f 319/337/1 367/336/1 320/335/1
f 319/337/1 368/338/1 367/336/1
f 318/339/1 368/338/1 319/337/1
f 318/339/1 369/340/1 368/338/1
f 317/341/1 369/340/1 318/339/1
f 316/342/1 370/83/1 317/341/1
f 370/83/1 369/340/1 317/341/1
f 316/342/1 291/84/1 370/83/1
f 315/343/1 291/84/1 316/342/1
f 315/343/1 292/344/1 291/84/1
f 314/345/1 292/344/1 315/343/1
f 314/345/1 293/346/1 292/344/1
f 313/347/1 293/346/1 314/345/1
f 313/347/1 294/348/1 293/346/1
f 312/349/1 294/348/1 313/347/1
f 312/349/1 295/350/1 294/348/1
f 311/351/1 295/350/1 312/349/1
f 311/351/1 296/352/1 295/350/1
f 310/353/1 296/352/1 311/351/1
f 310/353/1 297/354/1 296/352/1
f 309/355/1 297/354/1 310/353/1
f 309/355/1 298/356/1 297/354/1
f 308/357/1 298/356/1 309/355/1
f 308/357/1 299/358/1 298/356/1
f 307/359/1 299/358/1 308/357/1
f 307/359/1 300/360/1 299/358/1
f 306/361/1 300/360/1 307/359/1
f 306/361/1 301/362/1 300/360/1
f 305/363/1 301/362/1 306/361/1
f 305/363/1 302/364/1 301/362/1
f 304/365/1 302/364/1 305/363/1
f 304/365/1 303/366/1 302/364/1
f 480/367/1 482/368/1 481/369/1
f 480/367/1 483/370/1 482/368/1
f 555/371/1 557/372/1 556/373/1
f 555/371/1 558/374/1 557/372/1
f 480/367/1 484/375/1 483/370/1
f 555/371/1 559/376/1 558/374/1
f 479/377/1 484/375/1 480/367/1
f 554/378/1 559/376/1 555/371/1
f 479/377/1 485/379/1 484/375/1
f 554/378/1 560/380/1 559/376/1
f 478/381/1 485/379/1 479/377/1
f 553/382/1 560/380/1 554/378/1
f 478/381/1 486/383/1 485/379/1
f 553/382/1 561/384/1 560/380/1
f 477/385/1 486/383/1 478/381/1
f 552/386/1 561/384/1 553/382/1
f 477/385/1 487/387/1 486/383/1
f 552/386/1 562/388/1 561/384/1
f 476/389/1 487/387/1 477/385/1
f 551/390/1 562/388/1 552/386/1
f 476/389/1 488/391/1 487/387/1
f 551/390/1 563/392/1 562/388/1
f 475/393/1 488/391/1 476/389/1
f 550/394/1 563/392/1 551/390/1
f 475/393/1 489/395/1 488/391/1
f 550/394/1 564/396/1 563/392/1
f 474/397/1 489/395/1 475/393/1
f 549/398/1 564/396/1 550/394/1
f 474/397/1 490/399/1 489/395/1
f 549/398/1 565/400/1 564/396/1
f 473/401/1 490/399/1 474/397/1
f 548/402/1 565/400/1 549/398/1
f 473/401/1 491/403/1 490/399/1
f 548/402/1 566/404/1 565/400/1
f 472/405/1 491/403/1 473/401/1
f 547/406/1 566/404/1 548/402/1
f 472/405/1 492/407/1 491/403/1
f 547/406/1 567/408/1 566/404/1
f 471/409/1 492/407/1 472/405/1
f 546/410/1 567/408/1 547/406/1
f 471/409/1 493/411/1 492/407/1
f 546/410/1 568/83/1 567/408/1
f 470/412/1 493/411/1 471/409/1
f 545/413/1 568/83/1 546/410/1
f 469/414/1 493/411/1 470/412/1
f 469/414/1 494/415/1 493/411/1
f 544/416/1 568/83/1 545/413/1
f 544/416/1 371/84/1 568/83/1
f 468/417/1 494/415/1 469/414/1
f 468/417/1 495/418/1 494/415/1
f 543/419/1 371/84/1 544/416/1
f 543/419/1 372/420/1 371/84/1
f 468/417/1 496/421/1 495/418/1
f 542/422/1 372/420/1 543/419/1
f 541/423/1 372/420/1 542/422/1
f 468/417/1 497/424/1 496/421/1
f 540/425/1 372/420/1 541/423/1
f 468/417/1 498/426/1 497/424/1
f 539/427/1 372/420/1 540/425/1
f 468/417/1 499/428/1 498/426/1
f 538/429/1 372/420/1 539/427/1
f 468/417/1 500/430/1 499/428/1
f 537/431/1 372/420/1 538/429/1
f 468/417/1 501/432/1 500/430/1
f 536/433/1 372/420/1 537/431/1
f 468/417/1 502/434/1 501/432/1
f 535/435/1 372/420/1 536/433/1
f 468/417/1 503/436/1 502/434/1
f 534/437/1 372/420/1 535/435/1
f 468/417/1 504/438/1 503/436/1
f 533/439/1 372/420/1 534/437/1
f 468/417/1 505/440/1 504/438/1
f 532/441/1 372/420/1 533/439/1
f 468/417/1 506/442/1 505/440/1
f 531/443/1 372/420/1 532/441/1
f 468/417/1 507/444/1 506/442/1
f 468/417/1 508/445/1 507/444/1
f 530/446/1 372/420/1 531/443/1
f 468/417/1 509/447/1 508/445/1
f 529/448/1 372/420/1 530/446/1
f 468/417/1 510/449/1 509/447/1
f 528/450/1 372/420/1 529/448/1
f 467/451/1 510/449/1 468/417/1
f 528/450/1 373/452/1 372/420/1
f 467/451/1 511/453/1 510/449/1
f 527/454/1 373/452/1 528/450/1
f 467/451/1 512/455/1 511/453/1
f 526/456/1 373/452/1 527/454/1
f 467/451/1 513/457/1 512/455/1
f 525/458/1 373/452/1 526/456/1
f 467/451/1 514/459/1 513/457/1
f 524/460/1 373/452/1 525/458/1
f 467/451/1 515/461/1 514/459/1
f 523/462/1 373/452/1 524/460/1
f 467/451/1 516/463/1 515/461/1
f 522/464/1 373/452/1 523/462/1
f 467/451/1 517/465/1 516/463/1
f 521/466/1 373/452/1 522/464/1
f 466/467/1 517/465/1 467/451/1
f 521/466/1 374/468/1 373/452/1
f 466/467/1 518/469/1 517/465/1
f 520/470/1 374/468/1 521/466/1
f 466/467/1 519/471/1 518/469/1
f 519/471/1 374/468/1 520/470/1
f 466/467/1 374/468/1 519/471/1
f 465/472/1 374/468/1 466/467/1
f 465/472/1 375/473/1 374/468/1
f 464/474/1 375/473/1 465/472/1
f 464/474/1 376/475/1 375/473/1
f 463/476/1 376/475/1 464/474/1
f 463/476/1 377/477/1 376/475/1
f 462/478/1 377/477/1 463/476/1
f 462/478/1 378/479/1 377/477/1
f 461/480/1 378/479/1 462/478/1
f 461/480/1 379/481/1 378/479/1
f 460/482/1 379/481/1 461/480/1
f 460/482/1 380/483/1 379/481/1
f 459/484/1 380/483/1 460/482/1
f 459/484/1 381/485/1 380/483/1
f 458/486/1 381/485/1 459/484/1
f 458/486/1 382/487/1 381/485/1
f 457/488/1 382/487/1 458/486/1
f 457/488/1 383/489/1 382/487/1
f 456/490/1 383/489/1 457/488/1
f 456/490/1 384/491/1 383/489/1
f 455/492/1 384/491/1 456/490/1
f 455/492/1 385/493/1 384/491/1
f 454/494/1 385/493/1 455/492/1
f 454/494/1 386/495/1 385/493/1
f 453/496/1 386/495/1 454/494/1
f 453/496/1 387/497/1 386/495/1
f 452/498/1 387/497/1 453/496/1
f 452/498/1 388/499/1 387/497/1
f 451/500/1 388/499/1 452/498/1
f 451/500/1 389/501/1 388/499/1
f 450/502/1 389/501/1 451/500/1
f 450/502/1 390/503/1 389/501/1
f 449/504/1 390/503/1 450/502/1
f 449/504/1 391/505/1 390/503/1
f 448/506/1 391/505/1 449/504/1
f 448/506/1 392/507/1 391/505/1
f 447/508/1 392/507/1 448/506/1
f 447/508/1 393/509/1 392/507/1
f 446/510/1 393/509/1 447/508/1
f 446/510/1 394/511/1 393/509/1
f 445/512/1 394/511/1 446/510/1
f 445/512/1 395/513/1 394/511/1
f 444/514/1 395/513/1 445/512/1
f 444/514/1 396/515/1 395/513/1
f 443/516/1 396/515/1 444/514/1
f 443/516/1 397/517/1 396/515/1
f 443/516/1 398/518/1 397/517/1
f 442/519/1 398/518/1 443/516/1
f 442/519/1 399/520/1 398/518/1
f 441/521/1 399/520/1 442/519/1
f 441/521/1 400/522/1 399/520/1
f 440/523/1 400/522/1 441/521/1
f 440/523/1 401/524/1 400/522/1
f 439/525/1 401/524/1 440/523/1
f 439/525/1 402/526/1 401/524/1
f 438/527/1 402/526/1 439/525/1
f 438/527/1 403/528/1 402/526/1
f 437/529/1 403/528/1 438/527/1
f 437/529/1 404/530/1 403/528/1
f 436/531/1 404/530/1 437/529/1
f 436/531/1 405/532/1 404/530/1
f 435/533/1 405/532/1 436/531/1
f 435/533/1 406/534/1 405/532/1
f 434/535/1 406/534/1 435/533/1
f 434/535/1 407/536/1 406/534/1
f 433/537/1 407/536/1 434/535/1
f 433/537/1 408/538/1 407/536/1
f 432/539/1 408/538/1 433/537/1
f 431/540/1 408/538/1 432/539/1
f 431/540/1 409/541/1 408/538/1
f 430/542/1 409/541/1 431/540/1
f 430/542/1 410/543/1 409/541/1
f 429/544/1 410/543/1 430/542/1
f 429/544/1 411/545/1 410/543/1
f 428/546/1 411/545/1 429/544/1
f 428/546/1 412/547/1 411/545/1
f 427/548/1 412/547/1 428/546/1
f 427/548/1 413/549/1 412/547/1
f 426/550/1 413/549/1 427/548/1
f 426/550/1 414/551/1 413/549/1
f 425/552/1 414/551/1 426/550/1
f 425/552/1 415/553/1 414/551/1
f 425/552/1 416/554/1 415/553/1
f 424/555/1 416/554/1 425/552/1
f 424/555/1 417/556/1 416/554/1
f 423/557/1 417/556/1 424/555/1
f 423/557/1 418/558/1 417/556/1
f 422/559/1 418/558/1 423/557/1
f 422/559/1 419/560/1 418/558/1
f 421/561/1 419/560/1 422/559/1
f 420/562/1 419/560/1 421/561/1
f 714/563/1 716/564/1 715/565/1
f 713/566/1 716/564/1 714/563/1
f 713/566/1 717/567/1 716/564/1
f 712/568/1 717/567/1 713/566/1
f 712/568/1 718/569/1 717/567/1
f 711/570/1 718/569/1 712/568/1
f 711/570/1 719/571/1 718/569/1
f 710/572/1 719/571/1 711/570/1
f 710/572/1 720/573/1 719/571/1
f 709/574/1 720/573/1 710/572/1
f 709/574/1 721/575/1 720/573/1
f 708/576/1 721/575/1 709/574/1
f 708/576/1 722/577/1 721/575/1
f 707/578/1 722/577/1 708/576/1
f 707/578/1 723/579/1 722/577/1
f 706/580/1 723/579/1 707/578/1
f 706/580/1 724/581/1 723/579/1
f 705/582/1 724/581/1 706/580/1
f 705/582/1 725/583/1 724/581/1
f 704/584/1 725/583/1 705/582/1
f 704/584/1 726/585/1 725/583/1
f 703/586/1 726/585/1 704/584/1
f 703/586/1 727/587/1 726/585/1
f 702/588/1 727/587/1 703/586/1
f 702/588/1 728/589/1 727/587/1
f 701/590/1 728/589/1 702/588/1
f 701/590/1 729/591/1 728/589/1
f 700/592/1 729/591/1 701/590/1
f 700/592/1 730/593/1 729/591/1
f 699/594/1 730/593/1 700/592/1
f 699/594/1 731/595/1 730/593/1
f 698/596/1 731/595/1 699/594/1
f 698/596/1 732/597/1 731/595/1
f 697/598/1 732/597/1 698/596/1
f 697/598/1 733/599/1 732/597/1
f 696/600/1 733/599/1 697/598/1
f 696/600/1 734/601/1 733/599/1
f 695/602/1 734/601/1 696/600/1
f 695/602/1 735/603/1 734/601/1
f 694/604/1 735/603/1 695/602/1
f 694/604/1 736/605/1 735/603/1
f 693/606/1 736/605/1 694/604/1
f 693/606/1 737/607/1 736/605/1
f 692/608/1 737/607/1 693/606/1
f 692/608/1 738/609/1 737/607/1
f 691/610/1 738/609/1 692/608/1
f 691/610/1 739/611/1 738/609/1
f 690/612/1 739/611/1 691/610/1
f 690/612/1 740/613/1 739/611/1
f 690/612/1 741/614/1 740/613/1
f 689/615/1 741/614/1 690/612/1
f 689/615/1 742/616/1 741/614/1
f 688/617/1 742/616/1 689/615/1
f 688/617/1 743/618/1 742/616/1
f 687/619/1 743/618/1 688/617/1
f 687/619/1 744/620/1 743/618/1
f 686/621/1 744/620/1 687/619/1
f 686/621/1 745/622/1 744/620/1
f 685/623/1 745/622/1 686/621/1
f 685/623/1 746/624/1 745/622/1
f 684/625/1 746/624/1 685/623/1
f 684/625/1 747/626/1 746/624/1
f 683/627/1 747/626/1 684/625/1
f 683/627/1 748/628/1 747/626/1
f 682/629/1 748/628/1 683/627/1
f 682/629/1 749/630/1 748/628/1
f 681/631/1 749/630/1 682/629/1
f 680/632/1 749/630/1 681/631/1
f 680/632/1 750/633/1 749/630/1
f 679/634/1 750/633/1 680/632/1
f 679/634/1 751/635/1 750/633/1
f 678/636/1 751/635/1 679/634/1
f 678/636/1 752/637/1 751/635/1
f 677/638/1 752/637/1 678/636/1
f 677/638/1 753/639/1 752/637/1
f 676/640/1 753/639/1 677/638/1
f 676/640/1 754/641/1 753/639/1
f 675/642/1 754/641/1 676/640/1
f 675/642/1 755/643/1 754/641/1
f 674/644/1 755/643/1 675/642/1
f 674/644/1 756/645/1 755/643/1
f 673/646/1 756/645/1 674/644/1
f 673/646/1 757/647/1 756/645/1
f 672/648/1 757/647/1 673/646/1
f 672/648/1 758/649/1 757/647/1
f 671/650/1 758/649/1 672/648/1
f 671/650/1 759/651/1 758/649/1
f 670/652/1 759/651/1 671/650/1
f 670/652/1 760/653/1 759/651/1
f 669/654/1 760/653/1 670/652/1
f 669/654/1 761/655/1 760/653/1
f 668/656/1 761/655/1 669/654/1
f 668/656/1 837/657/1 761/655/1
f 837/657/1 762/658/1 761/655/1
f 668/656/1 838/659/1 837/657/1
f 836/660/1 762/658/1 837/657/1
f 835/661/1 762/658/1 836/660/1
f 668/656/1 839/662/1 838/659/1
f 834/663/1 762/658/1 835/661/1
f 668/656/1 840/664/1 839/662/1
f 833/665/1 762/658/1 834/663/1
f 668/656/1 841/666/1 840/664/1
f 832/667/1 762/658/1 833/665/1
f 668/656/1 842/668/1 841/666/1
f 831/669/1 762/658/1 832/667/1
f 668/656/1 843/670/1 842/668/1
f 667/671/1 843/670/1 668/656/1
f 831/669/1 569/84/1 762/658/1
f 830/672/1 569/84/1 831/669/1
f 667/671/1 844/673/1 843/670/1
f 829/674/1 569/84/1 830/672/1
f 667/671/1 845/675/1 844/673/1
f 828/676/1 569/84/1 829/674/1
f 667/671/1 846/677/1 845/675/1
f 827/678/1 569/84/1 828/676/1
f 667/671/1 847/679/1 846/677/1
f 826/680/1 569/84/1 827/678/1
f 667/671/1 848/681/1 847/679/1
f 666/682/1 852/683/1 667/671/1
f 852/683/1 851/684/1 667/671/1
f 851/684/1 850/685/1 667/671/1
f 850/685/1 849/686/1 667/671/1
f 849/686/1 848/681/1 667/671/1
f 826/680/1 825/687/1 569/84/1
f 825/687/1 824/688/1 569/84/1
f 824/688/1 823/689/1 569/84/1
f 823/689/1 822/690/1 569/84/1
f 822/690/1 570/691/1 569/84/1
f 666/682/2 853/692/2 852/683/2
f 821/693/1 570/691/1 822/690/1
f 666/682/3 854/694/3 853/692/3
f 820/695/1 570/691/1 821/693/1
f 666/682/1 855/696/1 854/694/1
f 819/697/1 570/691/1 820/695/1
f 666/682/1 856/698/1 855/696/1
f 818/699/1 570/691/1 819/697/1
f 666/682/1 857/700/1 856/698/1
f 817/701/1 570/691/1 818/699/1
f 666/682/1 858/702/1 857/700/1
f 816/703/1 570/691/1 817/701/1
f 666/682/1 859/704/1 858/702/1
f 815/705/1 570/691/1 816/703/1
f 666/682/1 860/83/1 859/704/1
f 814/706/1 570/691/1 815/705/1
f 666/682/1 763/707/1 860/83/1
f 813/708/1 570/691/1 814/706/1
f 666/682/1 764/709/1 763/707/1
f 812/710/1 570/691/1 813/708/1
f 666/682/1 765/711/1 764/709/1
f 811/712/1 570/691/1 812/710/1
f 666/682/1 766/713/1 765/711/1
f 810/714/1 570/691/1 811/712/1
f 666/682/1 767/715/1 766/713/1
f 809/716/1 570/691/1 810/714/1
f 666/682/1 768/717/1 767/715/1
f 808/718/1 570/691/1 809/716/1
f 666/682/1 769/719/1 768/717/1
f 807/720/1 570/691/1 808/718/1
f 666/682/1 770/721/1 769/719/1
f 806/722/1 570/691/1 807/720/1
f 666/682/1 771/723/1 770/721/1
f 805/724/1 570/691/1 806/722/1
f 666/682/1 772/725/1 771/723/1
f 804/726/1 570/691/1 805/724/1
f 666/682/1 773/727/1 772/725/1
f 803/728/1 570/691/1 804/726/1
f 666/682/1 774/729/1 773/727/1
f 802/730/1 570/691/1 803/728/1
f 666/682/1 775/731/1 774/729/1
f 801/732/1 570/691/1 802/730/1
f 666/682/1 776/733/1 775/731/1
f 800/734/1 570/691/1 801/732/1
f 666/682/1 777/735/1 776/733/1
f 799/736/1 570/691/1 800/734/1
f 798/737/1 570/691/1 799/736/1
f 666/682/1 778/738/1 777/735/1
f 665/739/1 778/738/1 666/682/1
f 798/737/1 571/740/1 570/691/1
f 797/741/1 571/740/1 798/737/1
f 665/739/1 779/742/1 778/738/1
f 796/743/1 571/740/1 797/741/1
f 665/739/1 780/744/1 779/742/1
f 795/745/1 571/740/1 796/743/1
f 665/739/1 781/746/1 780/744/1
f 794/747/1 571/740/1 795/745/1
f 665/739/1 782/748/1 781/746/1
f 664/749/1 782/748/1 665/739/1
f 794/747/1 572/750/1 571/740/1
f 793/751/1 572/750/1 794/747/1
f 664/749/1 783/752/1 782/748/1
f 792/753/1 572/750/1 793/751/1
f 664/749/1 784/754/1 783/752/1
f 791/755/1 572/750/1 792/753/1
f 664/749/1 785/756/1 784/754/1
f 790/757/1 572/750/1 791/755/1
f 664/749/1 786/758/1 785/756/1
f 789/759/1 572/750/1 790/757/1
f 664/749/1 787/760/1 786/758/1
f 788/761/1 572/750/1 789/759/1
f 664/749/1 788/761/1 787/760/1
f 664/749/1 572/750/1 788/761/1
f 663/762/1 572/750/1 664/749/1
f 663/762/1 573/763/1 572/750/1
f 662/764/1 573/763/1 663/762/1
f 662/764/1 574/765/1 573/763/1
f 661/766/1 574/765/1 662/764/1
f 661/766/1 575/767/1 574/765/1
f 660/768/1 575/767/1 661/766/1
f 660/768/1 576/769/1 575/767/1
f 659/770/1 576/769/1 660/768/1
f 659/770/1 577/771/1 576/769/1
f 658/772/1 577/771/1 659/770/1
f 658/772/1 578/773/1 577/771/1
f 657/774/1 578/773/1 658/772/1
f 657/774/1 579/775/1 578/773/1
f 656/776/1 579/775/1 657/774/1
f 656/776/1 580/777/1 579/775/1
f 655/778/1 580/777/1 656/776/1
f 655/778/1 581/779/1 580/777/1
f 654/780/1 581/779/1 655/778/1
f 654/780/1 582/781/1 581/779/1
f 653/782/1 582/781/1 654/780/1
f 653/782/1 583/783/1 582/781/1
f 652/784/1 583/783/1 653/782/1
f 652/784/1 584/785/1 583/783/1
f 651/786/1 584/785/1 652/784/1
f 651/786/1 585/787/1 584/785/1
f 650/788/1 585/787/1 651/786/1
f 650/788/1 586/789/1 585/787/1
f 649/790/1 586/789/1 650/788/1
f 649/790/1 587/791/1 586/789/1
f 648/792/1 587/791/1 649/790/1
f 648/792/1 588/793/1 587/791/1
f 647/794/1 588/793/1 648/792/1
f 647/794/1 589/795/1 588/793/1
f 646/796/1 589/795/1 647/794/1
f 646/796/1 590/797/1 589/795/1
f 645/798/1 590/797/1 646/796/1
f 645/798/1 591/799/1 590/797/1
f 644/800/1 591/799/1 645/798/1
f 644/800/1 592/801/1 591/799/1
f 643/802/1 592/801/1 644/800/1
f 643/802/1 593/803/1 592/801/1
f 642/804/1 593/803/1 643/802/1
f 642/804/1 594/805/1 593/803/1
f 641/806/1 594/805/1 642/804/1
f 641/806/1 595/807/1 594/805/1
f 641/806/1 596/808/1 595/807/1
f 640/809/1 596/808/1 641/806/1
f 640/809/1 597/810/1 596/808/1
f 639/811/1 597/810/1 640/809/1
f 639/811/1 598/812/1 597/810/1
f 638/813/1 598/812/1 639/811/1
f 638/813/1 599/814/1 598/812/1
f 637/815/1 599/814/1 638/813/1
f 637/815/1 600/816/1 599/814/1
f 636/817/1 600/816/1 637/815/1
f 636/817/1 601/818/1 600/816/1
f 635/819/1 601/818/1 636/817/1
f 635/819/1 602/820/1 601/818/1
f 634/821/1 602/820/1 635/819/1
f 634/821/1 603/822/1 602/820/1
f 633/823/1 603/822/1 634/821/1
f 633/823/1 604/824/1 603/822/1
f 632/825/1 604/824/1 633/823/1
f 632/825/1 605/826/1 604/824/1
f 631/827/1 605/826/1 632/825/1
f 631/827/1 606/828/1 605/826/1
f 630/829/1 606/828/1 631/827/1
f 629/830/1 606/828/1 630/829/1
f 629/830/1 607/831/1 606/828/1
f 628/832/1 607/831/1 629/830/1
f 628/832/1 608/833/1 607/831/1
f 627/834/1 608/833/1 628/832/1
f 627/834/1 609/835/1 608/833/1
f 626/836/1 609/835/1 627/834/1
f 626/836/1 610/837/1 609/835/1
f 625/838/1 610/837/1 626/836/1
f 625/838/1 611/839/1 610/837/1
f 624/840/1 611/839/1 625/838/1
f 624/840/1 612/841/1 611/839/1
f 623/842/1 612/841/1 624/840/1
f 623/842/1 613/843/1 612/841/1
f 623/842/1 614/844/1 613/843/1
f 622/845/1 614/844/1 623/842/1
f 622/845/1 615/846/1 614/844/1
f 621/847/1 615/846/1 622/845/1
f 621/847/1 616/848/1 615/846/1
f 620/849/1 616/848/1 621/847/1
f 620/849/1 617/850/1 616/848/1
f 619/851/1 617/850/1 620/849/1
f 618/852/1 617/850/1 619/851/1
f 898/853/1 900/854/1 899/855/1
f 898/853/1 901/856/1 900/854/1
f 897/857/1 901/856/1 898/853/1
f 897/857/1 902/858/1 901/856/1
f 896/859/1 902/858/1 897/857/1
f 896/859/1 903/860/1 902/858/1
f 895/861/1 903/860/1 896/859/1
f 895/861/1 904/862/1 903/860/1
f 894/863/1 904/862/1 895/861/1
f 894/863/1 905/864/1 904/862/1
f 893/865/1 905/864/1 894/863/1
f 893/865/1 906/866/1 905/864/1
f 892/867/1 906/866/1 893/865/1
f 892/867/1 907/868/1 906/866/1
f 891/869/1 907/868/1 892/867/1
f 891/869/1 908/870/1 907/868/1
f 890/871/1 908/870/1 891/869/1
f 890/871/1 909/872/1 908/870/1
f 889/873/1 909/872/1 890/871/1
f 889/873/1 910/874/1 909/872/1
f 888/875/1 910/874/1 889/873/1
f 888/875/1 911/876/1 910/874/1
f 887/877/1 911/876/1 888/875/1
f 887/877/1 912/878/1 911/876/1
f 886/879/1 1003/880/1 887/877/1
f 1003/880/1 912/878/1 887/877/1
f 1003/880/1 913/881/1 912/878/1
f 1003/880/1 914/882/1 913/881/1
f 1003/880/1 915/883/1 914/882/1
f 1003/880/1 916/884/1 915/883/1
f 1003/880/1 917/682/1 916/884/1
f 1003/880/1 918/885/1 917/682/1
f 1003/880/1 919/886/1 918/885/1
f 1003/880/1 920/887/1 919/886/1
f 1003/880/1 921/888/1 920/887/1
f 1003/880/1 922/889/1 921/888/1
f 1003/880/1 923/890/1 922/889/1
f 1003/880/1 924/891/1 923/890/1
f 1003/880/1 1002/892/1 924/891/1
f 1002/892/1 1029/83/1 924/891/1
f 1029/83/1 925/893/1 924/891/1
f 886/879/1 1004/894/1 1003/880/1
f 1028/895/1 925/893/1 1029/83/1
f 1027/896/1 925/893/1 1028/895/1
f 1026/897/1 925/893/1 1027/896/1
f 1025/898/1 925/893/1 1026/897/1
f 1024/899/1 925/893/1 1025/898/1
f 1023/900/1 925/893/1 1024/899/1
f 1022/901/1 925/893/1 1023/900/1
f 1021/902/1 925/893/1 1022/901/1
f 1020/903/1 925/893/1 1021/902/1
f 1019/904/1 925/893/1 1020/903/1
f 1019/904/1 926/905/1 925/893/1
f 1018/906/1 926/905/1 1019/904/1
f 1017/907/1 926/905/1 1018/906/1
f 1017/907/1 927/908/1 926/905/1
f 1017/907/1 928/909/1 927/908/1
f 1016/910/1 928/909/1 1017/907/1
f 1016/910/1 929/911/1 928/909/1
f 1015/912/1 929/911/1 1016/910/1
f 1015/912/1 930/913/1 929/911/1
f 1014/914/1 930/913/1 1015/912/1
f 1013/915/1 930/913/1 1014/914/1
f 1013/915/1 931/916/1 930/913/1
f 1012/917/1 931/916/1 1013/915/1
f 1011/918/1 931/916/1 1012/917/1
f 1010/919/1 931/916/1 1011/918/1
f 1010/919/1 932/920/1 931/916/1
f 1009/921/1 932/920/1 1010/919/1
f 1008/922/1 932/920/1 1009/921/1
f 1007/923/1 932/920/1 1008/922/1
f 1006/924/1 932/920/1 1007/923/1
f 1005/925/1 932/920/1 1006/924/1
f 886/879/1 1005/925/1 1004/894/1
f 886/879/1 975/926/1 1005/925/1
f 975/926/1 932/920/1 1005/925/1
f 975/926/1 933/927/1 932/920/1
f 975/926/1 934/928/1 933/927/1
f 975/926/1 935/929/1 934/928/1
f 975/926/1 936/930/1 935/929/1
f 975/926/1 937/931/1 936/930/1
f 975/926/1 938/932/1 937/931/1
f 975/926/1 939/933/1 938/932/1
f 975/926/1 940/934/1 939/933/1
f 975/926/1 941/935/1 940/934/1
f 975/926/1 942/936/1 941/935/1
f 975/926/1 943/937/1 942/936/1
f 975/926/1 944/938/1 943/937/1
f 975/926/1 945/939/1 944/938/1
f 975/926/1 946/940/1 945/939/1
f 975/926/1 947/941/1 946/940/1
f 975/926/1 948/942/1 947/941/1
f 975/926/1 949/943/1 948/942/1
f 975/926/1 950/944/1 949/943/1
f 975/926/1 951/945/1 950/944/1
f 975/926/1 952/946/1 951/945/1
f 975/926/1 953/947/1 952/946/1
f 975/926/1 954/948/1 953/947/1
f 975/926/1 955/949/1 954/948/1
f 975/926/1 956/950/1 955/949/1
f 975/926/1 957/951/1 956/950/1
f 975/926/1 958/952/1 957/951/1
f 975/926/1 974/953/1 958/952/1
f 974/953/1 959/954/1 958/952/1
f 886/879/1 976/955/1 975/926/1
f 1001/956/1 959/954/1 974/953/1
f 1000/957/1 959/954/1 1001/956/1
f 999/958/1 959/954/1 1000/957/1
f 998/959/1 959/954/1 999/958/1
f 997/960/1 959/954/1 998/959/1
f 996/961/1 959/954/1 997/960/1
f 996/961/1 960/962/1 959/954/1
f 995/963/1 960/962/1 996/961/1
f 994/964/1 960/962/1 995/963/1
f 993/965/1 960/962/1 994/964/1
f 993/965/1 961/966/1 960/962/1
f 992/967/1 961/966/1 993/965/1
f 991/968/1 961/966/1 992/967/1
f 991/968/1 962/969/1 961/966/1
f 990/970/1 962/969/1 991/968/1
f 989/971/1 962/969/1 990/970/1
f 988/972/1 962/969/1 989/971/1
f 987/973/1 962/969/1 988/972/1
f 986/974/1 962/969/1 987/973/1
f 985/975/1 962/969/1 986/974/1
f 984/976/1 962/969/1 985/975/1
f 983/977/1 962/969/1 984/976/1
f 982/978/1 962/969/1 983/977/1
f 981/979/1 962/969/1 982/978/1
f 980/980/1 962/969/1 981/979/1
f 979/981/1 962/969/1 980/980/1
f 978/982/1 962/969/1 979/981/1
f 977/983/1 962/969/1 978/982/1
f 886/879/1 977/983/1 976/955/1
f 886/879/1 962/969/1 977/983/1
f 886/879/1 963/984/1 962/969/1
f 886/879/1 964/985/1 963/984/1
f 886/879/1 965/986/1 964/985/1
f 886/879/1 966/987/1 965/986/1
f 886/879/1 967/988/1 966/987/1
f 886/879/1 968/989/1 967/988/1
f 886/879/1 969/990/1 968/989/1
f 886/879/1 970/991/1 969/990/1
f 886/879/1 971/992/1 970/991/1
f 886/879/1 972/993/1 971/992/1
f 886/879/1 973/707/1 972/993/1
f 886/879/1 861/84/1 973/707/1
f 886/879/1 862/994/1 861/84/1
f 885/995/1 862/994/1 886/879/1
f 885/995/1 863/996/1 862/994/1
f 884/997/1 863/996/1 885/995/1
f 884/997/1 864/998/1 863/996/1
f 883/999/1 864/998/1 884/997/1
f 883/999/1 865/1000/1 864/998/1
f 882/1001/1 865/1000/1 883/999/1
f 882/1001/1 866/1002/1 865/1000/1
f 881/1003/1 866/1002/1 882/1001/1
f 881/1003/1 867/1004/1 866/1002/1
f 880/1005/1 867/1004/1 881/1003/1
f 880/1005/1 868/1006/1 867/1004/1
f 879/1007/1 868/1006/1 880/1005/1
f 879/1007/1 869/1008/1 868/1006/1
f 878/1009/1 869/1008/1 879/1007/1
f 878/1009/1 870/1010/1 869/1008/1
f 877/1011/1 870/1010/1 878/1009/1
f 877/1011/1 871/1012/1 870/1010/1
f 876/1013/1 871/1012/1 877/1011/1
f 876/1013/1 872/1014/1 871/1012/1
f 875/1015/1 872/1014/1 876/1013/1
f 875/1015/1 873/1016/1 872/1014/1
f 874/1017/1 873/1016/1 875/1015/1
f 1093/1018/1 1095/1019/1 1094/1020/1
f 1093/1018/1 1096/1021/1 1095/1019/1
f 1093/1018/1 1097/1022/1 1096/1021/1
f 1092/1023/1 1097/1022/1 1093/1018/1
f 1092/1023/1 1098/1024/1 1097/1022/1
f 1091/1025/1 1098/1024/1 1092/1023/1
f 1091/1025/1 1099/1026/1 1098/1024/1
f 1090/1027/1 1099/1026/1 1091/1025/1
f 1090/1027/1 1100/1028/1 1099/1026/1
f 1089/1029/1 1100/1028/1 1090/1027/1
f 1089/1029/1 1101/1030/1 1100/1028/1
f 1088/1031/1 1101/1030/1 1089/1029/1
f 1088/1031/1 1102/1032/1 1101/1030/1
f 1087/1033/1 1102/1032/1 1088/1031/1
f 1087/1033/1 1103/1034/1 1102/1032/1
f 1086/1035/1 1103/1034/1 1087/1033/1
f 1086/1035/1 1104/1036/1 1103/1034/1
f 1085/1037/1 1104/1036/1 1086/1035/1
f 1085/1037/1 1105/1038/1 1104/1036/1
f 1084/1039/1 1105/1038/1 1085/1037/1
f 1084/1039/1 1106/1040/1 1105/1038/1
f 1083/1041/1 1106/1040/1 1084/1039/1
f 1083/1041/1 1107/1042/1 1106/1040/1
f 1082/1043/1 1107/1042/1 1083/1041/1
f 1081/1044/1 1107/1042/1 1082/1043/1
f 1081/1044/1 1162/1045/1 1107/1042/1
f 1162/1045/1 1161/1046/1 1107/1042/1
f 1161/1046/1 1160/1047/1 1107/1042/1
f 1160/1047/1 1187/83/1 1107/1042/1
f 1187/83/1 1186/1048/1 1107/1042/1
f 1186/1048/1 1185/1049/1 1107/1042/1
f 1185/1049/1 1108/1050/1 1107/1042/1
f 1081/1044/1 1163/1051/1 1162/1045/1
f 1184/1052/1 1108/1050/1 1185/1049/1
f 1081/1044/1 1164/1053/1 1163/1051/1
f 1183/1054/1 1108/1050/1 1184/1052/1
f 1081/1044/1 1165/1055/1 1164/1053/1
f 1182/1056/1 1108/1050/1 1183/1054/1
f 1081/1044/1 1166/1057/1 1165/1055/1
f 1181/1058/1 1108/1050/1 1182/1056/1
f 1081/1044/1 1167/1059/1 1166/1057/1
f 1180/1060/1 1108/1050/1 1181/1058/1
f 1081/1044/1 1168/1061/1 1167/1059/1
f 1179/1062/1 1108/1050/1 1180/1060/1
f 1081/1044/1 1169/1063/1 1168/1061/1
f 1178/1064/1 1108/1050/1 1179/1062/1
f 1081/1044/1 1170/1065/1 1169/1063/1
f 1177/1066/1 1108/1050/1 1178/1064/1
f 1081/1044/1 1171/1067/1 1170/1065/1
f 1176/1068/1 1108/1050/1 1177/1066/1
f 1081/1044/1 1172/1069/1 1171/1067/1
f 1175/1070/1 1108/1050/1 1176/1068/1
f 1081/1044/1 1173/1071/1 1172/1069/1
f 1174/1072/1 1108/1050/1 1175/1070/1
f 1080/1073/1 1173/1071/1 1081/1044/1
f 1174/1072/1 1109/1074/1 1108/1050/1
f 1079/1075/1 1173/1071/1 1080/1073/1
f 1174/1072/1 1110/1076/1 1109/1074/1
f 1078/1077/1 1173/1071/1 1079/1075/1
f 1174/1072/1 1111/1078/1 1110/1076/1
f 1077/1079/1 1173/1071/1 1078/1077/1
f 1174/1072/1 1112/1080/1 1111/1078/1
f 1076/1081/1 1173/1071/1 1077/1079/1
f 1174/1072/1 1113/1082/1 1112/1080/1
f 1075/1083/1 1173/1071/1 1076/1081/1
f 1174/1072/1 1114/1084/1 1113/1082/1
f 1074/1085/1 1173/1071/1 1075/1083/1
f 1174/1072/1 1115/1086/1 1114/1084/1
f 1073/1087/1 1173/1071/1 1074/1085/1
f 1174/1072/1 1116/1088/1 1115/1086/1
f 1072/1089/1 1173/1071/1 1073/1087/1
f 1174/1072/1 1117/1090/1 1116/1088/1
f 1071/1091/1 1173/1071/1 1072/1089/1
f 1174/1072/1 1118/1092/1 1117/1090/1
f 1070/1093/1 1173/1071/1 1071/1091/1
f 1174/1072/1 1119/1094/1 1118/1092/1
f 1069/1095/1 1173/1071/1 1070/1093/1
f 1174/1072/1 1120/1096/1 1119/1094/1
f 1068/1097/1 1173/1071/1 1069/1095/1
f 1174/1072/1 1121/1098/1 1120/1096/1
f 1067/1099/1 1173/1071/1 1068/1097/1
f 1174/1072/1 1122/1100/1 1121/1098/1
f 1067/1099/1 1174/1072/1 1173/1071/1
f 1067/1099/1 1122/1100/1 1174/1072/1
f 1066/1101/1 1122/1100/1 1067/1099/1
f 1066/1101/1 1123/1102/1 1122/1100/1
f 1065/1103/1 1123/1102/1 1066/1101/1
f 1065/1103/1 1124/1104/1 1123/1102/1
f 1064/1105/1 1124/1104/1 1065/1103/1
f 1064/1105/1 1125/1106/1 1124/1104/1
f 1063/1107/1 1125/1106/1 1064/1105/1
f 1063/1107/1 1126/1108/1 1125/1106/1
f 1062/1109/1 1126/1108/1 1063/1107/1
f 1062/1109/1 1127/1110/1 1126/1108/1
f 1061/1111/1 1127/1110/1 1062/1109/1
f 1061/1111/1 1128/1112/1 1127/1110/1
f 1060/1113/1 1128/1112/1 1061/1111/1
f 1060/1113/1 1129/1114/1 1128/1112/1
f 1059/1115/1 1129/1114/1 1060/1113/1
f 1059/1115/1 1130/1116/1 1129/1114/1
f 1058/1117/1 1130/1116/1 1059/1115/1
f 1058/1117/1 1131/1118/1 1130/1116/1
f 1057/1119/1 1131/1118/1 1058/1117/1
f 1057/1119/1 1132/1120/1 1131/1118/1
f 1056/1121/1 1030/84/1 1057/1119/1
f 1030/84/1 1132/1120/1 1057/1119/1
f 1030/84/1 1159/1122/1 1132/1120/1
f 1159/1122/1 1133/1123/1 1132/1120/1
f 1056/1121/1 1031/1124/1 1030/84/1
f 1158/1125/1 1133/1123/1 1159/1122/1
f 1055/1126/1 1031/1124/1 1056/1121/1
f 1055/1126/1 1032/1127/1 1031/1124/1
f 1157/1128/1 1133/1123/1 1158/1125/1
f 1157/1128/1 1134/1129/1 1133/1123/1
f 1054/1130/1 1032/1127/1 1055/1126/1
f 1156/1131/1 1134/1129/1 1157/1128/1
f 1054/1130/1 1033/1132/1 1032/1127/1
f 1156/1131/1 1135/1133/1 1134/1129/1
f 1053/1134/1 1033/1132/1 1054/1130/1
f 1155/1135/1 1135/1133/1 1156/1131/1
f 1053/1134/1 1034/1136/1 1033/1132/1
f 1155/1135/1 1136/1137/1 1135/1133/1
f 1052/1138/1 1034/1136/1 1053/1134/1
f 1154/1139/1 1136/1137/1 1155/1135/1
f 1052/1138/1 1035/1140/1 1034/1136/1
f 1154/1139/1 1137/1141/1 1136/1137/1
f 1051/1142/1 1035/1140/1 1052/1138/1
f 1153/1143/1 1137/1141/1 1154/1139/1
f 1051/1142/1 1036/1144/1 1035/1140/1
f 1153/1143/1 1138/1145/1 1137/1141/1
f 1050/1146/1 1036/1144/1 1051/1142/1
f 1152/1147/1 1138/1145/1 1153/1143/1
f 1050/1146/1 1037/1148/1 1036/1144/1
f 1152/1147/1 1139/1149/1 1138/1145/1
f 1049/1150/1 1037/1148/1 1050/1146/1
f 1151/1151/1 1139/1149/1 1152/1147/1
f 1049/1150/1 1038/1152/1 1037/1148/1
f 1151/1151/1 1140/1153/1 1139/1149/1
f 1048/1154/1 1038/1152/1 1049/1150/1
f 1150/1155/1 1140/1153/1 1151/1151/1
f 1048/1154/1 1039/1156/1 1038/1152/1
f 1150/1155/1 1141/1157/1 1140/1153/1
f 1047/1158/1 1039/1156/1 1048/1154/1
f 1149/1159/1 1141/1157/1 1150/1155/1
f 1047/1158/1 1040/1160/1 1039/1156/1
f 1149/1159/1 1142/1161/1 1141/1157/1
f 1046/1162/1 1040/1160/1 1047/1158/1
f 1148/1163/1 1142/1161/1 1149/1159/1
f 1046/1162/1 1041/1164/1 1040/1160/1
f 1148/1163/1 1143/1165/1 1142/1161/1
f 1045/1166/1 1041/1164/1 1046/1162/1
f 1147/1167/1 1143/1165/1 1148/1163/1
f 1045/1166/1 1042/1168/1 1041/1164/1
f 1147/1167/1 1144/1169/1 1143/1165/1
f 1044/1170/1 1042/1168/1 1045/1166/1
f 1146/1171/1 1144/1169/1 1147/1167/1
f 1044/1170/1 1043/1172/1 1042/1168/1
f 1146/1171/1 1145/1173/1 1144/1169/1
f 1225/1/4 1226/3/4 1227/2/4
f 1225/1/4 1227/2/4 1228/4/4
f 1225/1/4 1228/4/4 1229/5/4
f 1224/6/4 1225/1/4 1229/5/4
f 1224/6/4 1229/5/4 1230/7/4
f 1223/8/4 1224/6/4 1230/7/4
f 1223/8/4 1230/7/4 1231/9/4
f 1222/10/4 1223/8/4 1231/9/4
f 1222/10/4 1231/9/4 1232/11/4
f 1221/12/4 1222/10/4 1232/11/4
f 1221/12/4 1232/11/4 1233/13/4
f 1220/14/4 1221/12/4 1233/13/4
f 1220/14/4 1233/13/4 1234/15/4
f 1219/16/4 1220/14/4 1234/15/4
f 1219/16/4 1234/15/4 1235/17/4
f 1218/18/4 1219/16/4 1235/17/4
f 1218/18/4 1235/17/4 1236/19/4
f 1217/20/4 1218/18/4 1236/19/4
f 1217/20/4 1236/19/4 1237/21/4
f 1216/22/4 1217/20/4 1237/21/4
f 1216/22/4 1237/21/4 1238/23/4
f 1215/24/4 1216/22/4 1238/23/4
f 1214/25/4 1215/24/4 1238/23/4
f 1214/25/4 1238/23/4 1239/26/4
f 1213/27/4 1214/25/4 1253/28/4
f 1253/28/4 1214/25/4 1239/26/4
f 1253/28/4 1239/26/4 1240/29/4
f 1253/28/4 1240/29/4 1241/30/4
f 1253/28/4 1241/30/4 1242/31/4
f 1253/28/4 1242/31/4 1243/32/4
f 1253/28/4 1243/32/4 1244/33/4
f 1253/28/4 1244/33/4 1245/34/4
f 1253/28/4 1245/34/4 1246/35/4
f 1253/28/4 1246/35/4 1247/36/4
f 1253/28/4 1247/36/4 1248/37/4
f 1253/28/4 1248/37/4 1249/38/4
f 1253/28/4 1249/38/4 1250/39/4
f 1253/28/4 1250/39/4 1251/40/4
f 1253/28/4 1251/40/4 1252/41/4
f 1213/27/4 1253/28/4 1254/42/4
f 1213/27/4 1254/42/4 1281/43/4
f 1281/43/4 1254/42/4 1255/44/4
f 1281/43/4 1255/44/4 1256/45/4
f 1281/43/4 1256/45/4 1257/46/4
f 1281/43/4 1257/46/4 1258/47/4
f 1281/43/4 1258/47/4 1259/48/4
f 1281/43/4 1259/48/4 1260/49/4
f 1281/43/4 1260/49/4 1261/50/4
f 1281/43/4 1261/50/4 1262/51/4
f 1281/43/4 1262/51/4 1263/52/4
f 1281/43/4 1263/52/4 1264/53/4
f 1281/43/4 1264/53/4 1265/54/4
f 1281/43/4 1265/54/4 1266/55/4
f 1281/43/4 1266/55/4 1267/56/4
f 1281/43/4 1267/56/4 1268/57/4
f 1281/43/4 1268/57/4 1269/58/4
f 1281/43/4 1269/58/4 1270/59/4
f 1281/43/4 1270/59/4 1271/60/4
f 1281/43/4 1271/60/4 1272/61/4
f 1281/43/4 1272/61/4 1273/62/4
f 1281/43/4 1273/62/4 1274/63/4
f 1281/43/4 1274/63/4 1275/64/4
f 1281/43/4 1275/64/4 1276/65/4
f 1281/43/4 1276/65/4 1277/66/4
f 1281/43/4 1277/66/4 1278/67/4
f 1281/43/4 1278/67/4 1279/68/4
f 1281/43/4 1279/68/4 1280/69/4
f 1213/27/4 1281/43/4 1282/70/4
f 1213/27/4 1282/70/4 1283/71/4
f 1213/27/4 1283/71/4 1284/72/4
f 1213/27/4 1284/72/4 1285/73/4
f 1213/27/4 1285/73/4 1286/74/4
f 1213/27/4 1286/74/4 1287/75/4
f 1213/27/4 1287/75/4 1288/76/4
f 1213/27/4 1288/76/4 1289/77/4
f 1213/27/4 1289/77/4 1290/78/4
f 1213/27/4 1290/78/4 1291/79/4
f 1213/27/4 1291/79/4 1292/80/4
f 1213/27/4 1292/80/4 1293/81/4
f 1213/27/4 1293/81/4 1294/82/4
f 1213/27/4 1294/82/4 1295/83/4
f 1213/27/4 1295/83/4 1188/84/4
f 1212/85/4 1213/27/4 1188/84/4
f 1212/85/4 1188/84/4 1189/86/4
f 1211/87/4 1212/85/4 1189/86/4
f 1211/87/4 1189/86/4 1190/88/4
f 1210/89/4 1211/87/4 1190/88/4
f 1210/89/4 1190/88/4 1191/90/4
f 1209/91/4 1210/89/4 1191/90/4
f 1209/91/4 1191/90/4 1192/92/4
f 1208/93/4 1209/91/4 1192/92/4
f 1208/93/4 1192/92/4 1193/94/4
f 1207/95/4 1208/93/4 1193/94/4
f 1207/95/4 1193/94/4 1194/96/4
f 1206/97/4 1207/95/4 1194/96/4
f 1206/97/4 1194/96/4 1195/98/4
f 1205/99/4 1206/97/4 1195/98/4
f 1205/99/4 1195/98/4 1196/100/4
f 1204/101/4 1205/99/4 1196/100/4
f 1204/101/4 1196/100/4 1197/102/4
f 1203/103/4 1204/101/4 1197/102/4
f 1203/103/4 1197/102/4 1198/104/4
f 1202/105/4 1203/103/4 1198/104/4
f 1202/105/4 1198/104/4 1199/106/4
f 1201/107/4 1202/105/4 1199/106/4
f 1201/107/4 1199/106/4 1200/108/4
f 1333/109/4 1334/111/4 1335/110/4
f 1333/109/4 1335/110/4 1336/112/4
f 1409/113/4 1410/115/4 1411/114/4
f 1409/113/4 1411/114/4 1412/116/4
f 1333/109/4 1336/112/4 1337/117/4
f 1408/118/4 1409/113/4 1412/116/4
f 1408/118/4 1412/116/4 1413/119/4
f 1332/120/4 1333/109/4 1337/117/4
f 1332/120/4 1337/117/4 1338/121/4
f 1407/122/4 1408/118/4 1413/119/4
f 1407/122/4 1413/119/4 1414/123/4
f 1331/124/4 1332/120/4 1338/121/4
f 1331/124/4 1338/121/4 1339/125/4
f 1406/126/4 1407/122/4 1414/123/4
f 1406/126/4 1414/123/4 1415/127/4
f 1330/128/4 1331/124/4 1339/125/4
f 1330/128/4 1339/125/4 1340/129/4
f 1405/130/4 1406/126/4 1415/127/4
f 1405/130/4 1415/127/4 1416/131/4
f 1329/132/4 1330/128/4 1340/129/4
f 1329/132/4 1340/129/4 1341/133/4
f 1404/134/4 1405/130/4 1416/131/4
f 1404/134/4 1416/131/4 1417/135/4
f 1328/136/4 1329/132/4 1341/133/4
f 1328/136/4 1341/133/4 1342/137/4
f 1403/138/4 1404/134/4 1417/135/4
f 1403/138/4 1417/135/4 1418/139/4
f 1327/140/4 1328/136/4 1342/137/4
f 1327/140/4 1342/137/4 1343/141/4
f 1402/142/4 1403/138/4 1418/139/4
f 1402/142/4 1418/139/4 1419/143/4
f 1326/144/4 1327/140/4 1343/141/4
f 1326/144/4 1343/141/4 1344/145/4
f 1401/146/4 1402/142/4 1419/143/4
f 1401/146/4 1419/143/4 1420/147/4
f 1325/148/4 1326/144/4 1344/145/4
f 1325/148/4 1344/145/4 1345/149/4
f 1400/150/4 1401/146/4 1420/147/4
f 1400/150/4 1420/147/4 1421/151/4
f 1324/152/4 1325/148/4 1345/149/4
f 1324/152/4 1345/149/4 1346/153/4
f 1399/154/4 1400/150/4 1421/151/4
f 1399/154/4 1421/151/4 1422/155/4
f 1323/156/4 1324/152/4 1346/153/4
f 1323/156/4 1346/153/4 1347/157/4
f 1398/158/4 1399/154/4 1422/155/4
f 1323/156/4 1347/157/4 1348/159/4
f 1397/160/4 1398/158/4 1422/155/4
f 1322/161/4 1323/156/4 1348/159/4
f 1397/160/4 1422/155/4 1423/162/4
f 1321/163/4 1322/161/4 1477/83/4
f 1477/83/4 1322/161/4 1348/159/4
f 1397/160/4 1423/162/4 1450/164/4
f 1450/164/4 1423/162/4 1424/165/4
f 1477/83/4 1348/159/4 1349/166/4
f 1396/167/4 1397/160/4 1450/164/4
f 1477/83/4 1349/166/4 1350/168/4
f 1395/169/4 1396/167/4 1450/164/4
f 1477/83/4 1350/168/4 1351/170/4
f 1394/171/4 1395/169/4 1450/164/4
f 1477/83/4 1351/170/4 1352/172/4
f 1393/173/4 1394/171/4 1450/164/4
f 1477/83/4 1352/172/4 1353/174/4
f 1392/175/4 1393/173/4 1450/164/4
f 1477/83/4 1353/174/4 1354/176/4
f 1391/177/4 1392/175/4 1450/164/4
f 1477/83/4 1354/176/4 1355/178/4
f 1390/179/4 1391/177/4 1450/164/4
f 1477/83/4 1355/178/4 1356/180/4
f 1389/181/4 1390/179/4 1450/164/4
f 1477/83/4 1356/180/4 1357/182/4
f 1388/183/4 1389/181/4 1450/164/4
f 1477/83/4 1357/182/4 1358/184/4
f 1387/185/4 1388/183/4 1450/164/4
f 1477/83/4 1358/184/4 1359/186/4
f 1386/187/4 1387/185/4 1450/164/4
f 1477/83/4 1359/186/4 1360/188/4
f 1385/189/4 1386/187/4 1450/164/4
f 1477/83/4 1360/188/4 1361/190/4
f 1384/191/4 1385/189/4 1450/164/4
f 1477/83/4 1361/190/4 1362/192/4
f 1383/193/4 1384/191/4 1450/164/4
f 1477/83/4 1362/192/4 1363/194/4
f 1382/195/4 1383/193/4 1450/164/4
f 1477/83/4 1363/194/4 1364/196/4
f 1381/197/4 1382/195/4 1450/164/4
f 1477/83/4 1364/196/4 1365/198/4
f 1380/199/4 1381/197/4 1450/164/4
f 1477/83/4 1365/198/4 1366/200/4
f 1379/201/4 1380/199/4 1450/164/4
f 1477/83/4 1366/200/4 1367/202/4
f 1378/203/4 1379/201/4 1450/164/4
f 1477/83/4 1367/202/4 1368/204/4
f 1377/205/4 1378/203/4 1450/164/4
f 1477/83/4 1368/204/4 1369/206/4
f 1376/207/4 1377/205/4 1450/164/4
f 1477/83/4 1369/206/4 1370/208/4
f 1375/209/4 1376/207/4 1450/164/4
f 1477/83/4 1370/208/4 1371/210/4
f 1374/211/4 1375/209/4 1450/164/4
f 1477/83/4 1371/210/4 1372/212/4
f 1373/213/4 1374/211/4 1450/164/4
f 1477/83/4 1372/212/4 1373/213/4
f 1477/83/4 1373/213/4 1450/164/4
f 1321/163/4 1477/83/4 1296/84/4
f 1476/214/4 1477/83/4 1450/164/4
f 1476/214/4 1450/164/4 1451/215/4
f 1449/216/4 1450/164/4 1424/165/4
f 1475/217/4 1476/214/4 1451/215/4
f 1475/217/4 1451/215/4 1452/218/4
f 1474/219/4 1475/217/4 1452/218/4
f 1474/219/4 1452/218/4 1453/220/4
f 1473/221/4 1474/219/4 1453/220/4
f 1473/221/4 1453/220/4 1454/222/4
f 1472/223/4 1473/221/4 1454/222/4
f 1472/223/4 1454/222/4 1455/224/4
f 1471/225/4 1472/223/4 1455/224/4
f 1471/225/4 1455/224/4 1456/226/4
f 1470/227/4 1471/225/4 1456/226/4
f 1470/227/4 1456/226/4 1457/228/4
f 1469/229/4 1470/227/4 1457/228/4
f 1469/229/4 1457/228/4 1458/230/4
f 1468/231/4 1469/229/4 1458/230/4
f 1468/231/4 1458/230/4 1459/232/4
f 1467/233/4 1468/231/4 1459/232/4
f 1467/233/4 1459/232/4 1460/234/4
f 1466/235/4 1467/233/4 1460/234/4
f 1466/235/4 1460/234/4 1461/236/4
f 1465/237/4 1466/235/4 1461/236/4
f 1465/237/4 1461/236/4 1462/238/4
f 1464/239/4 1465/237/4 1462/238/4
f 1464/239/4 1462/238/4 1463/240/4
f 1320/241/4 1321/163/4 1296/84/4
f 1320/241/4 1296/84/4 1297/242/4
f 1448/243/4 1449/216/4 1424/165/4
f 1448/243/4 1424/165/4 1425/244/4
f 1319/245/4 1320/241/4 1297/242/4
f 1447/246/4 1448/243/4 1425/244/4
f 1319/245/4 1297/242/4 1298/247/4
f 1447/246/4 1425/244/4 1426/248/4
f 1318/249/4 1319/245/4 1298/247/4
f 1446/250/4 1447/246/4 1426/248/4
f 1318/249/4 1298/247/4 1299/251/4
f 1446/250/4 1426/248/4 1427/252/4
f 1317/253/4 1318/249/4 1299/251/4
f 1445/254/4 1446/250/4 1427/252/4
f 1317/253/4 1299/251/4 1300/255/4
f 1445/254/4 1427/252/4 1428/256/4
f 1316/257/4 1317/253/4 1300/255/4
f 1444/258/4 1445/254/4 1428/256/4
f 1316/257/4 1300/255/4 1301/259/4
f 1444/258/4 1428/256/4 1429/260/4
f 1315/261/4 1316/257/4 1301/259/4
f 1443/262/4 1444/258/4 1429/260/4
f 1315/261/4 1301/259/4 1302/263/4
f 1443/262/4 1429/260/4 1430/264/4
f 1314/265/4 1315/261/4 1302/263/4
f 1442/266/4 1443/262/4 1430/264/4
f 1314/265/4 1302/263/4 1303/267/4
f 1442/266/4 1430/264/4 1431/268/4
f 1313/269/4 1314/265/4 1303/267/4
f 1441/270/4 1442/266/4 1431/268/4
f 1313/269/4 1303/267/4 1304/271/4
f 1441/270/4 1431/268/4 1432/272/4
f 1312/273/4 1313/269/4 1304/271/4
f 1440/274/4 1441/270/4 1432/272/4
f 1312/273/4 1304/271/4 1305/275/4
f 1440/274/4 1432/272/4 1433/276/4
f 1311/277/4 1312/273/4 1305/275/4
f 1439/278/4 1440/274/4 1433/276/4
f 1311/277/4 1305/275/4 1306/279/4
f 1439/278/4 1433/276/4 1434/280/4
f 1310/281/4 1311/277/4 1306/279/4
f 1438/282/4 1439/278/4 1434/280/4
f 1310/281/4 1306/279/4 1307/283/4
f 1438/282/4 1434/280/4 1435/284/4
f 1309/285/4 1310/281/4 1307/283/4
f 1437/286/4 1438/282/4 1435/284/4
f 1309/285/4 1307/283/4 1308/287/4
f 1437/286/4 1435/284/4 1436/288/4
f 1529/289/4 1530/291/4 1531/290/4
f 1529/289/4 1531/290/4 1532/292/4
f 1529/289/4 1532/292/4 1533/293/4
f 1528/294/4 1529/289/4 1533/293/4
f 1528/294/4 1533/293/4 1534/295/4
f 1527/296/4 1528/294/4 1534/295/4
f 1527/296/4 1534/295/4 1535/297/4
f 1526/298/4 1527/296/4 1535/297/4
f 1526/298/4 1535/297/4 1536/299/4
f 1525/300/4 1526/298/4 1536/299/4
f 1525/300/4 1536/299/4 1537/301/4
f 1524/302/4 1525/300/4 1537/301/4
f 1524/302/4 1537/301/4 1538/303/4
f 1523/304/4 1524/302/4 1538/303/4
f 1523/304/4 1538/303/4 1539/305/4
f 1522/306/4 1523/304/4 1539/305/4
f 1522/306/4 1539/305/4 1540/307/4
f 1521/308/4 1522/306/4 1540/307/4
f 1521/308/4 1540/307/4 1541/309/4
f 1520/310/4 1521/308/4 1541/309/4
f 1520/310/4 1541/309/4 1542/311/4
f 1519/312/4 1520/310/4 1542/311/4
f 1518/313/4 1519/312/4 1542/311/4
f 1518/313/4 1542/311/4 1543/314/4
f 1517/315/4 1518/313/4 1543/314/4
f 1517/315/4 1543/314/4 1544/316/4
f 1516/317/4 1517/315/4 1544/316/4
f 1516/317/4 1544/316/4 1545/318/4
f 1515/319/4 1516/317/4 1545/318/4
f 1515/319/4 1545/318/4 1546/320/4
f 1514/321/4 1515/319/4 1546/320/4
f 1514/321/4 1546/320/4 1547/322/4
f 1513/323/4 1514/321/4 1547/322/4
f 1513/323/4 1547/322/4 1548/324/4
f 1512/325/4 1513/323/4 1548/324/4
f 1512/325/4 1548/324/4 1549/326/4
f 1511/327/4 1512/325/4 1549/326/4
f 1511/327/4 1549/326/4 1550/328/4
f 1510/329/4 1511/327/4 1550/328/4
f 1510/329/4 1550/328/4 1551/330/4
f 1509/331/4 1510/329/4 1551/330/4
f 1509/331/4 1551/330/4 1552/332/4
f 1508/333/4 1509/331/4 1552/332/4
f 1508/333/4 1552/332/4 1553/334/4
f 1507/335/4 1508/333/4 1553/334/4
f 1507/335/4 1553/334/4 1554/336/4
f 1506/337/4 1507/335/4 1554/336/4
f 1506/337/4 1554/336/4 1555/338/4
f 1505/339/4 1506/337/4 1555/338/4
f 1505/339/4 1555/338/4 1556/340/4
f 1504/341/1 1505/339/1 1556/340/1
f 1503/342/4 1504/341/4 1557/83/4
f 1557/83/1 1504/341/1 1556/340/1
f 1503/342/4 1557/83/4 1478/84/4
f 1502/343/4 1503/342/4 1478/84/4
f 1502/343/4 1478/84/4 1479/344/4
f 1501/345/4 1502/343/4 1479/344/4
f 1501/345/4 1479/344/4 1480/346/4
f 1500/347/4 1501/345/4 1480/346/4
f 1500/347/4 1480/346/4 1481/348/4
f 1499/349/4 1500/347/4 1481/348/4
f 1499/349/4 1481/348/4 1482/350/4
f 1498/351/4 1499/349/4 1482/350/4
f 1498/351/4 1482/350/4 1483/352/4
f 1497/353/4 1498/351/4 1483/352/4
f 1497/353/4 1483/352/4 1484/354/4
f 1496/355/4 1497/353/4 1484/354/4
f 1496/355/4 1484/354/4 1485/356/4
f 1495/357/4 1496/355/4 1485/356/4
f 1495/357/4 1485/356/4 1486/358/4
f 1494/359/4 1495/357/4 1486/358/4
f 1494/359/4 1486/358/4 1487/360/4
f 1493/361/4 1494/359/4 1487/360/4
f 1493/361/4 1487/360/4 1488/362/4
f 1492/363/4 1493/361/4 1488/362/4
f 1492/363/4 1488/362/4 1489/364/4
f 1491/365/4 1492/363/4 1489/364/4
f 1491/365/4 1489/364/4 1490/366/4
f 1667/367/4 1668/369/4 1669/368/4
f 1667/367/4 1669/368/4 1670/370/4
f 1742/371/4 1743/373/4 1744/372/4
f 1742/371/4 1744/372/4 1745/374/4
f 1667/367/4 1670/370/4 1671/375/4
f 1742/371/4 1745/374/4 1746/376/4
f 1666/377/4 1667/367/4 1671/375/4
f 1741/378/4 1742/371/4 1746/376/4
f 1666/377/4 1671/375/4 1672/379/4
f 1741/378/4 1746/376/4 1747/380/4
f 1665/381/4 1666/377/4 1672/379/4
f 1740/382/4 1741/378/4 1747/380/4
f 1665/381/4 1672/379/4 1673/383/4
f 1740/382/4 1747/380/4 1748/384/4
f 1664/385/4 1665/381/4 1673/383/4
f 1739/386/4 1740/382/4 1748/384/4
f 1664/385/4 1673/383/4 1674/387/4
f 1739/386/4 1748/384/4 1749/388/4
f 1663/389/4 1664/385/4 1674/387/4
f 1738/390/4 1739/386/4 1749/388/4
f 1663/389/4 1674/387/4 1675/391/4
f 1738/390/4 1749/388/4 1750/392/4
f 1662/393/4 1663/389/4 1675/391/4
f 1737/394/4 1738/390/4 1750/392/4
f 1662/393/4 1675/391/4 1676/395/4
f 1737/394/4 1750/392/4 1751/396/4
f 1661/397/4 1662/393/4 1676/395/4
f 1736/398/4 1737/394/4 1751/396/4
f 1661/397/4 1676/395/4 1677/399/4
f 1736/398/4 1751/396/4 1752/400/4
f 1660/401/4 1661/397/4 1677/399/4
f 1735/402/4 1736/398/4 1752/400/4
f 1660/401/4 1677/399/4 1678/403/4
f 1735/402/4 1752/400/4 1753/404/4
f 1659/405/4 1660/401/4 1678/403/4
f 1734/406/4 1735/402/4 1753/404/4
f 1659/405/4 1678/403/4 1679/407/4
f 1734/406/4 1753/404/4 1754/408/4
f 1658/409/4 1659/405/4 1679/407/4
f 1733/410/4 1734/406/4 1754/408/4
f 1658/409/4 1679/407/4 1680/411/4
f 1733/410/4 1754/408/4 1755/83/4
f 1657/412/4 1658/409/4 1680/411/4
f 1732/413/4 1733/410/4 1755/83/4
f 1656/414/4 1657/412/4 1680/411/4
f 1656/414/4 1680/411/4 1681/415/4
f 1731/416/4 1732/413/4 1755/83/4
f 1731/416/4 1755/83/4 1558/84/4
f 1655/417/4 1656/414/4 1681/415/4
f 1655/417/4 1681/415/4 1682/418/4
f 1730/419/4 1731/416/4 1558/84/4
f 1730/419/4 1558/84/4 1559/420/4
f 1655/417/4 1682/418/4 1683/421/4
f 1729/422/4 1730/419/4 1559/420/4
f 1728/423/4 1729/422/4 1559/420/4
f 1655/417/4 1683/421/4 1684/424/4
f 1727/425/4 1728/423/4 1559/420/4
f 1655/417/4 1684/424/4 1685/426/4
f 1726/427/4 1727/425/4 1559/420/4
f 1655/417/4 1685/426/4 1686/428/4
f 1725/429/4 1726/427/4 1559/420/4
f 1655/417/4 1686/428/4 1687/430/4
f 1724/431/4 1725/429/4 1559/420/4
f 1655/417/4 1687/430/4 1688/432/4
f 1723/433/4 1724/431/4 1559/420/4
f 1655/417/4 1688/432/4 1689/434/4
f 1722/435/4 1723/433/4 1559/420/4
f 1655/417/4 1689/434/4 1690/436/4
f 1721/437/4 1722/435/4 1559/420/4
f 1655/417/4 1690/436/4 1691/438/4
f 1720/439/4 1721/437/4 1559/420/4
f 1655/417/4 1691/438/4 1692/440/4
f 1719/441/4 1720/439/4 1559/420/4
f 1655/417/4 1692/440/4 1693/442/4
f 1718/443/4 1719/441/4 1559/420/4
f 1655/417/4 1693/442/4 1694/444/4
f 1655/417/4 1694/444/4 1695/445/4
f 1717/446/4 1718/443/4 1559/420/4
f 1655/417/4 1695/445/4 1696/447/4
f 1716/448/4 1717/446/4 1559/420/4
f 1655/417/4 1696/447/4 1697/449/4
f 1715/450/4 1716/448/4 1559/420/4
f 1654/451/4 1655/417/4 1697/449/4
f 1715/450/4 1559/420/4 1560/452/4
f 1654/451/4 1697/449/4 1698/453/4
f 1714/454/4 1715/450/4 1560/452/4
f 1654/451/4 1698/453/4 1699/455/4
f 1713/456/4 1714/454/4 1560/452/4
f 1654/451/4 1699/455/4 1700/457/4
f 1712/458/4 1713/456/4 1560/452/4
f 1654/451/4 1700/457/4 1701/459/4
f 1711/460/4 1712/458/4 1560/452/4
f 1654/451/4 1701/459/4 1702/461/4
f 1710/462/4 1711/460/4 1560/452/4
f 1654/451/4 1702/461/4 1703/463/4
f 1709/464/4 1710/462/4 1560/452/4
f 1654/451/4 1703/463/4 1704/465/4
f 1708/466/4 1709/464/4 1560/452/4
f 1653/467/4 1654/451/4 1704/465/4
f 1708/466/4 1560/452/4 1561/468/4
f 1653/467/4 1704/465/4 1705/469/4
f 1707/470/4 1708/466/4 1561/468/4
f 1653/467/4 1705/469/4 1706/471/4
f 1706/471/4 1707/470/4 1561/468/4
f 1653/467/4 1706/471/4 1561/468/4
f 1652/472/4 1653/467/4 1561/468/4
f 1652/472/4 1561/468/4 1562/473/4
f 1651/474/4 1652/472/4 1562/473/4
f 1651/474/4 1562/473/4 1563/475/4
f 1650/476/4 1651/474/4 1563/475/4
f 1650/476/4 1563/475/4 1564/477/4
f 1649/478/4 1650/476/4 1564/477/4
f 1649/478/4 1564/477/4 1565/479/4
f 1648/480/4 1649/478/4 1565/479/4
f 1648/480/4 1565/479/4 1566/481/4
f 1647/482/4 1648/480/4 1566/481/4
f 1647/482/4 1566/481/4 1567/483/4
f 1646/484/4 1647/482/4 1567/483/4
f 1646/484/4 1567/483/4 1568/485/4
f 1645/486/4 1646/484/4 1568/485/4
f 1645/486/4 1568/485/4 1569/487/4
f 1644/488/4 1645/486/4 1569/487/4
f 1644/488/4 1569/487/4 1570/489/4
f 1643/490/4 1644/488/4 1570/489/4
f 1643/490/4 1570/489/4 1571/491/4
f 1642/492/4 1643/490/4 1571/491/4
f 1642/492/4 1571/491/4 1572/493/4
f 1641/494/4 1642/492/4 1572/493/4
f 1641/494/4 1572/493/4 1573/495/4
f 1640/496/4 1641/494/4 1573/495/4
f 1640/496/4 1573/495/4 1574/497/4
f 1639/498/4 1640/496/4 1574/497/4
f 1639/498/4 1574/497/4 1575/499/4
f 1638/500/4 1639/498/4 1575/499/4
f 1638/500/4 1575/499/4 1576/501/4
f 1637/502/4 1638/500/4 1576/501/4
f 1637/502/4 1576/501/4 1577/503/4
f 1636/504/4 1637/502/4 1577/503/4
f 1636/504/4 1577/503/4 1578/505/4
f 1635/506/4 1636/504/4 1578/505/4
f 1635/506/4 1578/505/4 1579/507/4
f 1634/508/4 1635/506/4 1579/507/4
f 1634/508/4 1579/507/4 1580/509/4
f 1633/510/4 1634/508/4 1580/509/4
f 1633/510/4 1580/509/4 1581/511/4
f 1632/512/4 1633/510/4 1581/511/4
f 1632/512/4 1581/511/4 1582/513/4
f 1631/514/4 1632/512/4 1582/513/4
f 1631/514/4 1582/513/4 1583/515/4
f 1630/516/4 1631/514/4 1583/515/4
f 1630/516/4 1583/515/4 1584/517/4
f 1630/516/4 1584/517/4 1585/518/4
f 1629/519/4 1630/516/4 1585/518/4
f 1629/519/4 1585/518/4 1586/520/4
f 1628/521/4 1629/519/4 1586/520/4
f 1628/521/4 1586/520/4 1587/522/4
f 1627/523/4 1628/521/4 1587/522/4
f 1627/523/4 1587/522/4 1588/524/4
f 1626/525/4 1627/523/4 1588/524/4
f 1626/525/4 1588/524/4 1589/526/4
f 1625/527/4 1626/525/4 1589/526/4
f 1625/527/4 1589/526/4 1590/528/4
f 1624/529/4 1625/527/4 1590/528/4
f 1624/529/4 1590/528/4 1591/530/4
f 1623/531/4 1624/529/4 1591/530/4
f 1623/531/4 1591/530/4 1592/532/4
f 1622/533/4 1623/531/4 1592/532/4
f 1622/533/4 1592/532/4 1593/534/4
f 1621/535/4 1622/533/4 1593/534/4
f 1621/535/4 1593/534/4 1594/536/4
f 1620/537/4 1621/535/4 1594/536/4
f 1620/537/4 1594/536/4 1595/538/4
f 1619/539/4 1620/537/4 1595/538/4
f 1618/540/4 1619/539/4 1595/538/4
f 1618/540/4 1595/538/4 1596/541/4
f 1617/542/4 1618/540/4 1596/541/4
f 1617/542/4 1596/541/4 1597/543/4
f 1616/544/4 1617/542/4 1597/543/4
f 1616/544/4 1597/543/4 1598/545/4
f 1615/546/4 1616/544/4 1598/545/4
f 1615/546/4 1598/545/4 1599/547/4
f 1614/548/4 1615/546/4 1599/547/4
f 1614/548/4 1599/547/4 1600/549/4
f 1613/550/4 1614/548/4 1600/549/4
f 1613/550/4 1600/549/4 1601/551/4
f 1612/552/4 1613/550/4 1601/551/4
f 1612/552/4 1601/551/4 1602/553/4
f 1612/552/4 1602/553/4 1603/554/4
f 1611/555/4 1612/552/4 1603/554/4
f 1611/555/4 1603/554/4 1604/556/4
f 1610/557/4 1611/555/4 1604/556/4
f 1610/557/4 1604/556/4 1605/558/4
f 1609/559/4 1610/557/4 1605/558/4
f 1609/559/4 1605/558/4 1606/560/4
f 1608/561/4 1609/559/4 1606/560/4
f 1607/562/4 1608/561/4 1606/560/4
f 1901/563/4 1902/565/4 1903/564/4
f 1900/566/4 1901/563/4 1903/564/4
f 1900/566/4 1903/564/4 1904/567/4
f 1899/568/4 1900/566/4 1904/567/4
f 1899/568/4 1904/567/4 1905/569/4
f 1898/570/4 1899/568/4 1905/569/4
f 1898/570/4 1905/569/4 1906/571/4
f 1897/572/4 1898/570/4 1906/571/4
f 1897/572/4 1906/571/4 1907/573/4
f 1896/574/4 1897/572/4 1907/573/4
f 1896/574/4 1907/573/4 1908/575/4
f 1895/576/4 1896/574/4 1908/575/4
f 1895/576/4 1908/575/4 1909/577/4
f 1894/578/4 1895/576/4 1909/577/4
f 1894/578/4 1909/577/4 1910/579/4
f 1893/580/4 1894/578/4 1910/579/4
f 1893/580/4 1910/579/4 1911/581/4
f 1892/582/4 1893/580/4 1911/581/4
f 1892/582/4 1911/581/4 1912/583/4
f 1891/584/4 1892/582/4 1912/583/4
f 1891/584/4 1912/583/4 1913/585/4
f 1890/586/4 1891/584/4 1913/585/4
f 1890/586/4 1913/585/4 1914/587/4
f 1889/588/4 1890/586/4 1914/587/4
f 1889/588/4 1914/587/4 1915/589/4
f 1888/590/4 1889/588/4 1915/589/4
f 1888/590/4 1915/589/4 1916/591/4
f 1887/592/4 1888/590/4 1916/591/4
f 1887/592/4 1916/591/4 1917/593/4
f 1886/594/4 1887/592/4 1917/593/4
f 1886/594/4 1917/593/4 1918/595/4
f 1885/596/4 1886/594/4 1918/595/4
f 1885/596/4 1918/595/4 1919/597/4
f 1884/598/4 1885/596/4 1919/597/4
f 1884/598/4 1919/597/4 1920/599/4
f 1883/600/4 1884/598/4 1920/599/4
f 1883/600/4 1920/599/4 1921/601/4
f 1882/602/4 1883/600/4 1921/601/4
f 1882/602/4 1921/601/4 1922/603/4
f 1881/604/4 1882/602/4 1922/603/4
f 1881/604/4 1922/603/4 1923/605/4
f 1880/606/4 1881/604/4 1923/605/4
f 1880/606/4 1923/605/4 1924/607/4
f 1879/608/4 1880/606/4 1924/607/4
f 1879/608/4 1924/607/4 1925/609/4
f 1878/610/4 1879/608/4 1925/609/4
f 1878/610/4 1925/609/4 1926/611/4
f 1877/612/4 1878/610/4 1926/611/4
f 1877/612/4 1926/611/4 1927/613/4
f 1877/612/4 1927/613/4 1928/614/4
f 1876/615/4 1877/612/4 1928/614/4
f 1876/615/4 1928/614/4 1929/616/4
f 1875/617/4 1876/615/4 1929/616/4
f 1875/617/4 1929/616/4 1930/618/4
f 1874/619/4 1875/617/4 1930/618/4
f 1874/619/4 1930/618/4 1931/620/4
f 1873/621/4 1874/619/4 1931/620/4
f 1873/621/4 1931/620/4 1932/622/4
f 1872/623/4 1873/621/4 1932/622/4
f 1872/623/4 1932/622/4 1933/624/4
f 1871/625/4 1872/623/4 1933/624/4
f 1871/625/4 1933/624/4 1934/626/4
f 1870/627/4 1871/625/4 1934/626/4
f 1870/627/4 1934/626/4 1935/628/4
f 1869/629/4 1870/627/4 1935/628/4
f 1869/629/4 1935/628/4 1936/630/4
f 1868/631/4 1869/629/4 1936/630/4
f 1867/632/4 1868/631/4 1936/630/4
f 1867/632/4 1936/630/4 1937/633/4
f 1866/634/4 1867/632/4 1937/633/4
f 1866/634/4 1937/633/4 1938/635/4
f 1865/636/4 1866/634/4 1938/635/4
f 1865/636/4 1938/635/4 1939/637/4
f 1864/638/4 1865/636/4 1939/637/4
f 1864/638/4 1939/637/4 1940/639/4
f 1863/640/4 1864/638/4 1940/639/4
f 1863/640/4 1940/639/4 1941/641/4
f 1862/642/4 1863/640/4 1941/641/4
f 1862/642/4 1941/641/4 1942/643/4
f 1861/644/4 1862/642/4 1942/643/4
f 1861/644/4 1942/643/4 1943/645/4
f 1860/646/4 1861/644/4 1943/645/4
f 1860/646/4 1943/645/4 1944/647/4
f 1859/648/4 1860/646/4 1944/647/4
f 1859/648/4 1944/647/4 1945/649/4
f 1858/650/4 1859/648/4 1945/649/4
f 1858/650/4 1945/649/4 1946/651/4
f 1857/652/4 1858/650/4 1946/651/4
f 1857/652/4 1946/651/4 1947/653/4
f 1856/654/4 1857/652/4 1947/653/4
f 1856/654/4 1947/653/4 1948/655/4
f 1855/656/4 1856/654/4 1948/655/4
f 1855/656/4 1948/655/4 2024/657/4
f 2024/657/4 1948/655/4 1949/658/4
f 1855/656/4 2024/657/4 2025/659/4
f 2023/660/4 2024/657/4 1949/658/4
f 2022/661/4 2023/660/4 1949/658/4
f 1855/656/4 2025/659/4 2026/662/4
f 2021/663/4 2022/661/4 1949/658/4
f 1855/656/4 2026/662/4 2027/664/4
f 2020/665/4 2021/663/4 1949/658/4
f 1855/656/4 2027/664/4 2028/666/4
f 2019/667/4 2020/665/4 1949/658/4
f 1855/656/4 2028/666/4 2029/668/4
f 2018/669/4 2019/667/4 1949/658/4
f 1855/656/4 2029/668/4 2030/670/4
f 1854/671/4 1855/656/4 2030/670/4
f 2018/669/4 1949/658/4 1756/84/4
f 2017/672/4 2018/669/4 1756/84/4
f 1854/671/4 2030/670/4 2031/673/4
f 2016/674/4 2017/672/4 1756/84/4
f 1854/671/4 2031/673/4 2032/675/4
f 2015/676/4 2016/674/4 1756/84/4
f 1854/671/4 2032/675/4 2033/677/4
f 2014/678/4 2015/676/4 1756/84/4
f 1854/671/4 2033/677/4 2034/679/4
f 2013/680/4 2014/678/4 1756/84/4
f 1854/671/4 2034/679/4 2035/681/4
f 1853/682/4 1854/671/4 2039/683/4
f 2039/683/4 1854/671/4 2038/684/4
f 2038/684/4 1854/671/4 2037/685/4
f 2037/685/4 1854/671/4 2036/686/4
f 2036/686/4 1854/671/4 2035/681/4
f 2013/680/4 1756/84/4 2012/687/4
f 2012/687/4 1756/84/4 2011/688/4
f 2011/688/4 1756/84/4 2010/689/4
f 2010/689/4 1756/84/4 2009/690/4
f 2009/690/4 1756/84/4 1757/691/4
f 1853/682/5 2039/683/5 2040/692/5
f 2008/693/4 2009/690/4 1757/691/4
f 1853/682/6 2040/692/6 2041/694/6
f 2007/695/4 2008/693/4 1757/691/4
f 1853/682/4 2041/694/4 2042/696/4
f 2006/697/4 2007/695/4 1757/691/4
f 1853/682/4 2042/696/4 2043/698/4
f 2005/699/4 2006/697/4 1757/691/4
f 1853/682/4 2043/698/4 2044/700/4
f 2004/701/4 2005/699/4 1757/691/4
f 1853/682/4 2044/700/4 2045/702/4
f 2003/703/4 2004/701/4 1757/691/4
f 1853/682/4 2045/702/4 2046/704/4
f 2002/705/4 2003/703/4 1757/691/4
f 1853/682/4 2046/704/4 2047/83/4
f 2001/706/4 2002/705/4 1757/691/4
f 1853/682/4 2047/83/4 1950/707/4
f 2000/708/4 2001/706/4 1757/691/4
f 1853/682/4 1950/707/4 1951/709/4
f 1999/710/4 2000/708/4 1757/691/4
f 1853/682/4 1951/709/4 1952/711/4
f 1998/712/4 1999/710/4 1757/691/4
f 1853/682/4 1952/711/4 1953/713/4
f 1997/714/4 1998/712/4 1757/691/4
f 1853/682/4 1953/713/4 1954/715/4
f 1996/716/4 1997/714/4 1757/691/4
f 1853/682/4 1954/715/4 1955/717/4
f 1995/718/4 1996/716/4 1757/691/4
f 1853/682/4 1955/717/4 1956/719/4
f 1994/720/4 1995/718/4 1757/691/4
f 1853/682/4 1956/719/4 1957/721/4
f 1993/722/4 1994/720/4 1757/691/4
f 1853/682/4 1957/721/4 1958/723/4
f 1992/724/4 1993/722/4 1757/691/4
f 1853/682/4 1958/723/4 1959/725/4
f 1991/726/4 1992/724/4 1757/691/4
f 1853/682/4 1959/725/4 1960/727/4
f 1990/728/4 1991/726/4 1757/691/4
f 1853/682/4 1960/727/4 1961/729/4
f 1989/730/4 1990/728/4 1757/691/4
f 1853/682/4 1961/729/4 1962/731/4
f 1988/732/4 1989/730/4 1757/691/4
f 1853/682/4 1962/731/4 1963/733/4
f 1987/734/4 1988/732/4 1757/691/4
f 1853/682/4 1963/733/4 1964/735/4
f 1986/736/4 1987/734/4 1757/691/4
f 1985/737/4 1986/736/4 1757/691/4
f 1853/682/4 1964/735/4 1965/738/4
f 1852/739/4 1853/682/4 1965/738/4
f 1985/737/4 1757/691/4 1758/740/4
f 1984/741/4 1985/737/4 1758/740/4
f 1852/739/4 1965/738/4 1966/742/4
f 1983/743/4 1984/741/4 1758/740/4
f 1852/739/4 1966/742/4 1967/744/4
f 1982/745/4 1983/743/4 1758/740/4
f 1852/739/4 1967/744/4 1968/746/4
f 1981/747/4 1982/745/4 1758/740/4
f 1852/739/4 1968/746/4 1969/748/4
f 1851/749/4 1852/739/4 1969/748/4
f 1981/747/4 1758/740/4 1759/750/4
f 1980/751/4 1981/747/4 1759/750/4
f 1851/749/4 1969/748/4 1970/752/4
f 1979/753/4 1980/751/4 1759/750/4
f 1851/749/4 1970/752/4 1971/754/4
f 1978/755/4 1979/753/4 1759/750/4
f 1851/749/4 1971/754/4 1972/756/4
f 1977/757/4 1978/755/4 1759/750/4
f 1851/749/4 1972/756/4 1973/758/4
f 1976/759/4 1977/757/4 1759/750/4
f 1851/749/4 1973/758/4 1974/760/4
f 1975/761/4 1976/759/4 1759/750/4
f 1851/749/4 1974/760/4 1975/761/4
f 1851/749/4 1975/761/4 1759/750/4
f 1850/762/4 1851/749/4 1759/750/4
f 1850/762/4 1759/750/4 1760/763/4
f 1849/764/4 1850/762/4 1760/763/4
f 1849/764/4 1760/763/4 1761/765/4
f 1848/766/4 1849/764/4 1761/765/4
f 1848/766/4 1761/765/4 1762/767/4
f 1847/768/4 1848/766/4 1762/767/4
f 1847/768/4 1762/767/4 1763/769/4
f 1846/770/4 1847/768/4 1763/769/4
f 1846/770/4 1763/769/4 1764/771/4
f 1845/772/4 1846/770/4 1764/771/4
f 1845/772/4 1764/771/4 1765/773/4
f 1844/774/4 1845/772/4 1765/773/4
f 1844/774/4 1765/773/4 1766/775/4
f 1843/776/4 1844/774/4 1766/775/4
f 1843/776/4 1766/775/4 1767/777/4
f 1842/778/4 1843/776/4 1767/777/4
f 1842/778/4 1767/777/4 1768/779/4
f 1841/780/4 1842/778/4 1768/779/4
f 1841/780/4 1768/779/4 1769/781/4
f 1840/782/4 1841/780/4 1769/781/4
f 1840/782/4 1769/781/4 1770/783/4
f 1839/784/4 1840/782/4 1770/783/4
f 1839/784/4 1770/783/4 1771/785/4
f 1838/786/4 1839/784/4 1771/785/4
f 1838/786/4 1771/785/4 1772/787/4
f 1837/788/4 1838/786/4 1772/787/4
f 1837/788/4 1772/787/4 1773/789/4
f 1836/790/4 1837/788/4 1773/789/4
f 1836/790/4 1773/789/4 1774/791/4
f 1835/792/4 1836/790/4 1774/791/4
f 1835/792/4 1774/791/4 1775/793/4
f 1834/794/4 1835/792/4 1775/793/4
f 1834/794/4 1775/793/4 1776/795/4
f 1833/796/4 1834/794/4 1776/795/4
f 1833/796/4 1776/795/4 1777/797/4
f 1832/798/4 1833/796/4 1777/797/4
f 1832/798/4 1777/797/4 1778/799/4
f 1831/800/4 1832/798/4 1778/799/4
f 1831/800/4 1778/799/4 1779/801/4
f 1830/802/4 1831/800/4 1779/801/4
f 1830/802/4 1779/801/4 1780/803/4
f 1829/804/4 1830/802/4 1780/803/4
f 1829/804/4 1780/803/4 1781/805/4
f 1828/806/4 1829/804/4 1781/805/4
f 1828/806/4 1781/805/4 1782/807/4
f 1828/806/4 1782/807/4 1783/808/4
f 1827/809/4 1828/806/4 1783/808/4
f 1827/809/4 1783/808/4 1784/810/4
f 1826/811/4 1827/809/4 1784/810/4
f 1826/811/4 1784/810/4 1785/812/4
f 1825/813/4 1826/811/4 1785/812/4
f 1825/813/4 1785/812/4 1786/814/4
f 1824/815/4 1825/813/4 1786/814/4
f 1824/815/4 1786/814/4 1787/816/4
f 1823/817/4 1824/815/4 1787/816/4
f 1823/817/4 1787/816/4 1788/818/4
f 1822/819/4 1823/817/4 1788/818/4
f 1822/819/4 1788/818/4 1789/820/4
f 1821/821/4 1822/819/4 1789/820/4
f 1821/821/4 1789/820/4 1790/822/4
f 1820/823/4 1821/821/4 1790/822/4
f 1820/823/4 1790/822/4 1791/824/4
f 1819/825/4 1820/823/4 1791/824/4
f 1819/825/4 1791/824/4 1792/826/4
f 1818/827/4 1819/825/4 1792/826/4
f 1818/827/4 1792/826/4 1793/828/4
f 1817/829/4 1818/827/4 1793/828/4
f 1816/830/4 1817/829/4 1793/828/4
f 1816/830/4 1793/828/4 1794/831/4
f 1815/832/4 1816/830/4 1794/831/4
f 1815/832/4 1794/831/4 1795/833/4
f 1814/834/4 1815/832/4 1795/833/4
f 1814/834/4 1795/833/4 1796/835/4
f 1813/836/4 1814/834/4 1796/835/4
f 1813/836/4 1796/835/4 1797/837/4
f 1812/838/4 1813/836/4 1797/837/4
f 1812/838/4 1797/837/4 1798/839/4
f 1811/840/4 1812/838/4 1798/839/4
f 1811/840/4 1798/839/4 1799/841/4
f 1810/842/4 1811/840/4 1799/841/4
f 1810/842/4 1799/841/4 1800/843/4
f 1810/842/4 1800/843/4 1801/844/4
f 1809/845/4 1810/842/4 1801/844/4
f 1809/845/4 1801/844/4 1802/846/4
f 1808/847/4 1809/845/4 1802/846/4
f 1808/847/4 1802/846/4 1803/848/4
f 1807/849/4 1808/847/4 1803/848/4
f 1807/849/4 1803/848/4 1804/850/4
f 1806/851/4 1807/849/4 1804/850/4
f 1805/852/4 1806/851/4 1804/850/4
f 2085/853/4 2086/855/4 2087/854/4
f 2085/853/4 2087/854/4 2088/856/4
f 2084/857/4 2085/853/4 2088/856/4
f 2084/857/4 2088/856/4 2089/858/4
f 2083/859/4 2084/857/4 2089/858/4
f 2083/859/4 2089/858/4 2090/860/4
f 2082/861/4 2083/859/4 2090/860/4
f 2082/861/4 2090/860/4 2091/862/4
f 2081/863/4 2082/861/4 2091/862/4
f 2081/863/4 2091/862/4 2092/864/4
f 2080/865/4 2081/863/4 2092/864/4
f 2080/865/4 2092/864/4 2093/866/4
f 2079/867/4 2080/865/4 2093/866/4
f 2079/867/4 2093/866/4 2094/868/4
f 2078/869/4 2079/867/4 2094/868/4
f 2078/869/4 2094/868/4 2095/870/4
f 2077/871/4 2078/869/4 2095/870/4
f 2077/871/4 2095/870/4 2096/872/4
f 2076/873/4 2077/871/4 2096/872/4
f 2076/873/4 2096/872/4 2097/874/4
f 2075/875/4 2076/873/4 2097/874/4
f 2075/875/4 2097/874/4 2098/876/4
f 2074/877/4 2075/875/4 2098/876/4
f 2074/877/4 2098/876/4 2099/878/4
f 2073/879/4 2074/877/4 2190/880/4
f 2190/880/4 2074/877/4 2099/878/4
f 2190/880/4 2099/878/4 2100/881/4
f 2190/880/4 2100/881/4 2101/882/4
f 2190/880/4 2101/882/4 2102/883/4
f 2190/880/4 2102/883/4 2103/884/4
f 2190/880/4 2103/884/4 2104/682/4
f 2190/880/4 2104/682/4 2105/885/4
f 2190/880/4 2105/885/4 2106/886/4
f 2190/880/4 2106/886/4 2107/887/4
f 2190/880/4 2107/887/4 2108/888/4
f 2190/880/4 2108/888/4 2109/889/4
f 2190/880/4 2109/889/4 2110/890/4
f 2190/880/4 2110/890/4 2111/891/4
f 2190/880/4 2111/891/4 2189/892/4
f 2189/892/4 2111/891/4 2216/83/4
f 2216/83/4 2111/891/4 2112/893/4
f 2073/879/4 2190/880/4 2191/894/4
f 2215/895/4 2216/83/4 2112/893/4
f 2214/896/4 2215/895/4 2112/893/4
f 2213/897/4 2214/896/4 2112/893/4
f 2212/898/4 2213/897/4 2112/893/4
f 2211/899/4 2212/898/4 2112/893/4
f 2210/900/4 2211/899/4 2112/893/4
f 2209/901/4 2210/900/4 2112/893/4
f 2208/902/4 2209/901/4 2112/893/4
f 2207/903/4 2208/902/4 2112/893/4
f 2206/904/4 2207/903/4 2112/893/4
f 2206/904/4 2112/893/4 2113/905/4
f 2205/906/4 2206/904/4 2113/905/4
f 2204/907/4 2205/906/4 2113/905/4
f 2204/907/4 2113/905/4 2114/908/4
f 2204/907/4 2114/908/4 2115/909/4
f 2203/910/4 2204/907/4 2115/909/4
f 2203/910/4 2115/909/4 2116/911/4
f 2202/912/4 2203/910/4 2116/911/4
f 2202/912/4 2116/911/4 2117/913/4
f 2201/914/4 2202/912/4 2117/913/4
f 2200/915/4 2201/914/4 2117/913/4
f 2200/915/4 2117/913/4 2118/916/4
f 2199/917/4 2200/915/4 2118/916/4
f 2198/918/4 2199/917/4 2118/916/4
f 2197/919/4 2198/918/4 2118/916/4
f 2197/919/4 2118/916/4 2119/920/4
f 2196/921/4 2197/919/4 2119/920/4
f 2195/922/4 2196/921/4 2119/920/4
f 2194/923/4 2195/922/4 2119/920/4
f 2193/924/4 2194/923/4 2119/920/4
f 2192/925/4 2193/924/4 2119/920/4
f 2073/879/4 2191/894/4 2192/925/4
f 2073/879/4 2192/925/4 2162/926/4
f 2162/926/4 2192/925/4 2119/920/4
f 2162/926/4 2119/920/4 2120/927/4
f 2162/926/4 2120/927/4 2121/928/4
f 2162/926/4 2121/928/4 2122/929/4
f 2162/926/4 2122/929/4 2123/930/4
f 2162/926/4 2123/930/4 2124/931/4
f 2162/926/4 2124/931/4 2125/932/4
f 2162/926/4 2125/932/4 2126/933/4
f 2162/926/4 2126/933/4 2127/934/4
f 2162/926/4 2127/934/4 2128/935/4
f 2162/926/4 2128/935/4 2129/936/4
f 2162/926/4 2129/936/4 2130/937/4
f 2162/926/4 2130/937/4 2131/938/4
f 2162/926/4 2131/938/4 2132/939/4
f 2162/926/4 2132/939/4 2133/940/4
f 2162/926/4 2133/940/4 2134/941/4
f 2162/926/4 2134/941/4 2135/942/4
f 2162/926/4 2135/942/4 2136/943/4
f 2162/926/4 2136/943/4 2137/944/4
f 2162/926/4 2137/944/4 2138/945/4
f 2162/926/4 2138/945/4 2139/946/4
f 2162/926/4 2139/946/4 2140/947/4
f 2162/926/4 2140/947/4 2141/948/4
f 2162/926/4 2141/948/4 2142/949/4
f 2162/926/4 2142/949/4 2143/950/4
f 2162/926/4 2143/950/4 2144/951/4
f 2162/926/4 2144/951/4 2145/952/4
f 2162/926/4 2145/952/4 2161/953/4
f 2161/953/4 2145/952/4 2146/954/4
f 2073/879/4 2162/926/4 2163/955/4
f 2188/956/4 2161/953/4 2146/954/4
f 2187/957/4 2188/956/4 2146/954/4
f 2186/958/4 2187/957/4 2146/954/4
f 2185/959/4 2186/958/4 2146/954/4
f 2184/960/4 2185/959/4 2146/954/4
f 2183/961/4 2184/960/4 2146/954/4
f 2183/961/4 2146/954/4 2147/962/4
f 2182/963/4 2183/961/4 2147/962/4
f 2181/964/4 2182/963/4 2147/962/4
f 2180/965/4 2181/964/4 2147/962/4
f 2180/965/4 2147/962/4 2148/966/4
f 2179/967/4 2180/965/4 2148/966/4
f 2178/968/4 2179/967/4 2148/966/4
f 2178/968/4 2148/966/4 2149/969/4
f 2177/970/4 2178/968/4 2149/969/4
f 2176/971/4 2177/970/4 2149/969/4
f 2175/972/4 2176/971/4 2149/969/4
f 2174/973/4 2175/972/4 2149/969/4
f 2173/974/4 2174/973/4 2149/969/4
f 2172/975/4 2173/974/4 2149/969/4
f 2171/976/4 2172/975/4 2149/969/4
f 2170/977/4 2171/976/4 2149/969/4
f 2169/978/4 2170/977/4 2149/969/4
f 2168/979/4 2169/978/4 2149/969/4
f 2167/980/4 2168/979/4 2149/969/4
f 2166/981/4 2167/980/4 2149/969/4
f 2165/982/4 2166/981/4 2149/969/4
f 2164/983/4 2165/982/4 2149/969/4
f 2073/879/4 2163/955/4 2164/983/4
f 2073/879/4 2164/983/4 2149/969/4
f 2073/879/4 2149/969/4 2150/984/4
f 2073/879/4 2150/984/4 2151/985/4
f 2073/879/4 2151/985/4 2152/986/4
f 2073/879/4 2152/986/4 2153/987/4
f 2073/879/4 2153/987/4 2154/988/4
f 2073/879/4 2154/988/4 2155/989/4
f 2073/879/4 2155/989/4 2156/990/4
f 2073/879/4 2156/990/4 2157/991/4
f 2073/879/4 2157/991/4 2158/992/4
f 2073/879/4 2158/992/4 2159/993/4
f 2073/879/4 2159/993/4 2160/707/4
f 2073/879/4 2160/707/4 2048/84/4
f 2073/879/4 2048/84/4 2049/994/4
f 2072/995/4 2073/879/4 2049/994/4
f 2072/995/4 2049/994/4 2050/996/4
f 2071/997/4 2072/995/4 2050/996/4
f 2071/997/4 2050/996/4 2051/998/4
f 2070/999/4 2071/997/4 2051/998/4
f 2070/999/4 2051/998/4 2052/1000/4
f 2069/1001/4 2070/999/4 2052/1000/4
f 2069/1001/4 2052/1000/4 2053/1002/4
f 2068/1003/4 2069/1001/4 2053/1002/4
f 2068/1003/4 2053/1002/4 2054/1004/4
f 2067/1005/4 2068/1003/4 2054/1004/4
f 2067/1005/4 2054/1004/4 2055/1006/4
f 2066/1007/4 2067/1005/4 2055/1006/4
f 2066/1007/4 2055/1006/4 2056/1008/4
f 2065/1009/4 2066/1007/4 2056/1008/4
f 2065/1009/4 2056/1008/4 2057/1010/4
f 2064/1011/4 2065/1009/4 2057/1010/4
f 2064/1011/4 2057/1010/4 2058/1012/4
f 2063/1013/4 2064/1011/4 2058/1012/4
f 2063/1013/4 2058/1012/4 2059/1014/4
f 2062/1015/4 2063/1013/4 2059/1014/4
f 2062/1015/4 2059/1014/4 2060/1016/4
f 2061/1017/4 2062/1015/4 2060/1016/4
f 2280/1018/4 2281/1020/4 2282/1019/4
f 2280/1018/4 2282/1019/4 2283/1021/4
f 2280/1018/4 2283/1021/4 2284/1022/4
f 2279/1023/4 2280/1018/4 2284/1022/4
f 2279/1023/4 2284/1022/4 2285/1024/4
f 2278/1025/4 2279/1023/4 2285/1024/4
f 2278/1025/4 2285/1024/4 2286/1026/4
f 2277/1027/4 2278/1025/4 2286/1026/4
f 2277/1027/4 2286/1026/4 2287/1028/4
f 2276/1029/4 2277/1027/4 2287/1028/4
f 2276/1029/4 2287/1028/4 2288/1030/4
f 2275/1031/4 2276/1029/4 2288/1030/4
f 2275/1031/4 2288/1030/4 2289/1032/4
f 2274/1033/4 2275/1031/4 2289/1032/4
f 2274/1033/4 2289/1032/4 2290/1034/4
f 2273/1035/4 2274/1033/4 2290/1034/4
f 2273/1035/4 2290/1034/4 2291/1036/4
f 2272/1037/4 2273/1035/4 2291/1036/4
f 2272/1037/4 2291/1036/4 2292/1038/4
f 2271/1039/4 2272/1037/4 2292/1038/4
f 2271/1039/4 2292/1038/4 2293/1040/4
f 2270/1041/4 2271/1039/4 2293/1040/4
f 2270/1041/4 2293/1040/4 2294/1042/4
f 2269/1043/4 2270/1041/4 2294/1042/4
f 2268/1044/4 2269/1043/4 2294/1042/4
f 2268/1044/4 2294/1042/4 2349/1045/4
f 2349/1045/4 2294/1042/4 2348/1046/4
f 2348/1046/4 2294/1042/4 2347/1047/4
f 2347/1047/4 2294/1042/4 2374/83/4
f 2374/83/4 2294/1042/4 2373/1048/4
f 2373/1048/4 2294/1042/4 2372/1049/4
f 2372/1049/4 2294/1042/4 2295/1050/4
f 2268/1044/4 2349/1045/4 2350/1051/4
f 2371/1052/4 2372/1049/4 2295/1050/4
f 2268/1044/4 2350/1051/4 2351/1053/4
f 2370/1054/4 2371/1052/4 2295/1050/4
f 2268/1044/4 2351/1053/4 2352/1055/4
f 2369/1056/4 2370/1054/4 2295/1050/4
f 2268/1044/4 2352/1055/4 2353/1057/4
f 2368/1058/4 2369/1056/4 2295/1050/4
f 2268/1044/4 2353/1057/4 2354/1059/4
f 2367/1060/4 2368/1058/4 2295/1050/4
f 2268/1044/4 2354/1059/4 2355/1061/4
f 2366/1062/4 2367/1060/4 2295/1050/4
f 2268/1044/4 2355/1061/4 2356/1063/4
f 2365/1064/4 2366/1062/4 2295/1050/4
f 2268/1044/4 2356/1063/4 2357/1065/4
f 2364/1066/4 2365/1064/4 2295/1050/4
f 2268/1044/4 2357/1065/4 2358/1067/4
f 2363/1068/4 2364/1066/4 2295/1050/4
f 2268/1044/4 2358/1067/4 2359/1069/4
f 2362/1070/4 2363/1068/4 2295/1050/4
f 2268/1044/4 2359/1069/4 2360/1071/4
f 2361/1072/4 2362/1070/4 2295/1050/4
f 2267/1073/4 2268/1044/4 2360/1071/4
f 2361/1072/4 2295/1050/4 2296/1074/4
f 2266/1075/4 2267/1073/4 2360/1071/4
f 2361/1072/4 2296/1074/4 2297/1076/4
f 2265/1077/4 2266/1075/4 2360/1071/4
f 2361/1072/4 2297/1076/4 2298/1078/4
f 2264/1079/4 2265/1077/4 2360/1071/4
f 2361/1072/4 2298/1078/4 2299/1080/4
f 2263/1081/4 2264/1079/4 2360/1071/4
f 2361/1072/4 2299/1080/4 2300/1082/4
f 2262/1083/4 2263/1081/4 2360/1071/4
f 2361/1072/4 2300/1082/4 2301/1084/4
f 2261/1085/4 2262/1083/4 2360/1071/4
f 2361/1072/4 2301/1084/4 2302/1086/4
f 2260/1087/4 2261/1085/4 2360/1071/4
f 2361/1072/4 2302/1086/4 2303/1088/4
f 2259/1089/4 2260/1087/4 2360/1071/4
f 2361/1072/4 2303/1088/4 2304/1090/4
f 2258/1091/4 2259/1089/4 2360/1071/4
f 2361/1072/4 2304/1090/4 2305/1092/4
f 2257/1093/4 2258/1091/4 2360/1071/4
f 2361/1072/4 2305/1092/4 2306/1094/4
f 2256/1095/4 2257/1093/4 2360/1071/4
f 2361/1072/4 2306/1094/4 2307/1096/4
f 2255/1097/4 2256/1095/4 2360/1071/4
f 2361/1072/4 2307/1096/4 2308/1098/4
f 2254/1099/4 2255/1097/4 2360/1071/4
f 2361/1072/4 2308/1098/4 2309/1100/4
f 2254/1099/4 2360/1071/4 2361/1072/4
f 2254/1099/4 2361/1072/4 2309/1100/4
f 2253/1101/4 2254/1099/4 2309/1100/4
f 2253/1101/4 2309/1100/4 2310/1102/4
f 2252/1103/4 2253/1101/4 2310/1102/4
f 2252/1103/4 2310/1102/4 2311/1104/4
f 2251/1105/4 2252/1103/4 2311/1104/4
f 2251/1105/4 2311/1104/4 2312/1106/4
f 2250/1107/4 2251/1105/4 2312/1106/4
f 2250/1107/4 2312/1106/4 2313/1108/4
f 2249/1109/4 2250/1107/4 2313/1108/4
f 2249/1109/4 2313/1108/4 2314/1110/4
f 2248/1111/4 2249/1109/4 2314/1110/4
f 2248/1111/4 2314/1110/4 2315/1112/4
f 2247/1113/4 2248/1111/4 2315/1112/4
f 2247/1113/4 2315/1112/4 2316/1114/4
f 2246/1115/4 2247/1113/4 2316/1114/4
f 2246/1115/4 2316/1114/4 2317/1116/4
f 2245/1117/4 2246/1115/4 2317/1116/4
f 2245/1117/4 2317/1116/4 2318/1118/4
f 2244/1119/4 2245/1117/4 2318/1118/4
f 2244/1119/4 2318/1118/4 2319/1120/4
f 2243/1121/4 2244/1119/4 2217/84/4
f 2217/84/4 2244/1119/4 2319/1120/4
f 2217/84/4 2319/1120/4 2346/1122/4
f 2346/1122/4 2319/1120/4 2320/1123/4
f 2243/1121/4 2217/84/4 2218/1124/4
f 2345/1125/4 2346/1122/4 2320/1123/4
f 2242/1126/4 2243/1121/4 2218/1124/4
f 2242/1126/4 2218/1124/4 2219/1127/4
f 2344/1128/4 2345/1125/4 2320/1123/4
f 2344/1128/4 2320/1123/4 2321/1129/4
f 2241/1130/4 2242/1126/4 2219/1127/4
f 2343/1131/4 2344/1128/4 2321/1129/4
f 2241/1130/4 2219/1127/4 2220/1132/4
f 2343/1131/4 2321/1129/4 2322/1133/4
f 2240/1134/4 2241/1130/4 2220/1132/4
f 2342/1135/4 2343/1131/4 2322/1133/4
f 2240/1134/4 2220/1132/4 2221/1136/4
f 2342/1135/4 2322/1133/4 2323/1137/4
f 2239/1138/4 2240/1134/4 2221/1136/4
f 2341/1139/4 2342/1135/4 2323/1137/4
f 2239/1138/4 2221/1136/4 2222/1140/4
f 2341/1139/4 2323/1137/4 2324/1141/4
f 2238/1142/4 2239/1138/4 2222/1140/4
f 2340/1143/4 2341/1139/4 2324/1141/4
f 2238/1142/4 2222/1140/4 2223/1144/4
f 2340/1143/4 2324/1141/4 2325/1145/4
f 2237/1146/4 2238/1142/4 2223/1144/4
f 2339/1147/4 2340/1143/4 2325/1145/4
f 2237/1146/4 2223/1144/4 2224/1148/4
f 2339/1147/4 2325/1145/4 2326/1149/4
f 2236/1150/4 2237/1146/4 2224/1148/4
f 2338/1151/4 2339/1147/4 2326/1149/4
f 2236/1150/4 2224/1148/4 2225/1152/4
f 2338/1151/4 2326/1149/4 2327/1153/4
f 2235/1154/4 2236/1150/4 2225/1152/4
f 2337/1155/4 2338/1151/4 2327/1153/4
f 2235/1154/4 2225/1152/4 2226/1156/4
f 2337/1155/4 2327/1153/4 2328/1157/4
f 2234/1158/4 2235/1154/4 2226/1156/4
f 2336/1159/4 2337/1155/4 2328/1157/4
f 2234/1158/4 2226/1156/4 2227/1160/4
f 2336/1159/4 2328/1157/4 2329/1161/4
f 2233/1162/4 2234/1158/4 2227/1160/4
f 2335/1163/4 2336/1159/4 2329/1161/4
f 2233/1162/4 2227/1160/4 2228/1164/4
f 2335/1163/4 2329/1161/4 2330/1165/4
f 2232/1166/4 2233/1162/4 2228/1164/4
f 2334/1167/4 2335/1163/4 2330/1165/4
f 2232/1166/4 2228/1164/4 2229/1168/4
f 2334/1167/4 2330/1165/4 2331/1169/4
f 2231/1170/4 2232/1166/4 2229/1168/4
f 2333/1171/4 2334/1167/4 2331/1169/4
f 2231/1170/4 2229/1168/4 2230/1172/4
f 2333/1171/4 2331/1169/4 2332/1173/4
s 1
f 2376/1174/7 2378/1175/8 2377/1176/8 2375/84/7
f 2378/1175/8 2380/1177/9 2379/1178/9 2377/1176/8
f 2380/1177/9 2382/1179/10 2381/1180/10 2379/1178/9
f 2382/1179/10 2384/1181/11 2383/1182/11 2381/1180/10
f 2384/1181/11 2386/1183/12 2385/1184/12 2383/1182/11
f 2386/1183/12 2388/1185/13 2387/1186/13 2385/1184/12
f 2388/1185/13 2390/1187/7 2389/1188/7 2387/1186/13
f 2390/1187/7 2392/1189/14 2391/1190/14 2389/1188/7
f 2392/1189/14 2394/1191/15 2393/1192/15 2391/1190/14
f 2394/1191/15 2396/1193/16 2395/1194/16 2393/1192/15
f 2396/1193/16 2398/1195/17 2397/1196/17 2395/1194/16
f 2398/1195/17 2400/1197/18 2399/1198/18 2397/1196/17
f 2400/1197/18 2402/1199/19 2401/1200/19 2399/1198/18
f 2402/1199/19 2404/1201/20 2403/1202/20 2401/1200/19
f 2404/1201/20 2406/1203/21 2405/1204/21 2403/1202/20
f 2406/1203/21 2408/1205/22 2407/1206/22 2405/1204/21
f 2408/1205/22 2410/1207/23 2409/1208/23 2407/1206/22
f 2410/1207/23 2412/1209/24 2411/1210/24 2409/1208/23
f 2412/1209/24 2414/1211/25 2413/1212/25 2411/1210/24
f 2414/1211/25 2416/1213/26 2415/1214/26 2413/1212/25
f 2416/1213/26 2418/1215/27 2417/1216/27 2415/1214/26
f 2418/1215/27 2420/1217/28 2419/1218/28 2417/1216/27
f 2420/1217/28 2422/1219/29 2421/1220/29 2419/1218/28
f 2422/1219/29 2424/1221/30 2423/1222/30 2421/1220/29
f 2424/1221/30 2426/1223/31 2425/1224/31 2423/1222/30
f 2426/1223/31 2428/1225/32 2427/1226/32 2425/1224/31
f 2428/1225/32 2430/1227/33 2429/1228/33 2427/1226/32
f 2430/1227/33 2432/1229/34 2431/1230/34 2429/1228/33
f 2432/1229/34 2434/1231/35 2433/1232/35 2431/1230/34
f 2434/1231/35 2436/1233/36 2435/1234/36 2433/1232/35
f 2436/1233/36 2438/1235/37 2437/1236/37 2435/1234/36
f 2438/1235/37 2440/1237/38 2439/1238/38 2437/1236/37
f 2440/1237/38 2442/1239/39 2441/1240/39 2439/1238/38
f 2442/1239/39 2444/1241/40 2443/1242/40 2441/1240/39
f 2444/1241/40 2446/1243/41 2445/1244/41 2443/1242/40
f 2446/1243/41 2448/1245/42 2447/1246/42 2445/1244/41
f 2448/1245/42 2450/1247/43 2449/1248/43 2447/1246/42
f 2450/1247/43 2452/1249/44 2451/1250/44 2449/1248/43
f 2452/1249/44 2454/1251/45 2453/1252/45 2451/1250/44
f 2454/1251/45 2456/1253/46 2455/1254/46 2453/1252/45
f 2456/1253/46 2458/1255/47 2457/1256/47 2455/1254/46
f 2458/1255/47 2460/1257/48 2459/1258/48 2457/1256/47
f 2460/1257/48 2462/1259/49 2461/1260/49 2459/1258/48
f 2462/1259/49 2464/1261/50 2463/1262/50 2461/1260/49
f 2464/1261/50 2466/1263/51 2465/1264/51 2463/1262/50
f 2466/1263/51 2468/1265/52 2467/1266/52 2465/1264/51
f 2468/1265/52 2470/1267/53 2469/1268/53 2467/1266/52
f 2470/1267/53 2472/1269/54 2471/1270/54 2469/1268/53
f 2472/1269/54 2474/1271/55 2473/1272/55 2471/1270/54
f 2474/1271/55 2476/1273/56 2475/1274/56 2473/1272/55
f 2476/1273/56 2478/1275/57 2477/1276/57 2475/1274/56
f 2478/1275/57 2480/1277/58 2479/1278/58 2477/1276/57
f 2480/1277/58 2482/1279/59 2481/1280/59 2479/1278/58
f 2482/1279/59 2484/1281/60 2483/1282/60 2481/1280/59
f 2484/1281/60 2486/1283/61 2485/1284/61 2483/1282/60
f 2486/1283/61 2488/1285/62 2487/1286/62 2485/1284/61
f 2488/1285/62 2490/1287/63 2489/1288/63 2487/1286/62
f 2490/1287/63 2492/1289/64 2491/1290/64 2489/1288/63
f 2492/1289/64 2494/1291/65 2493/1292/65 2491/1290/64
f 2494/1291/65 2496/1293/66 2495/1294/66 2493/1292/65
f 2496/1293/66 2498/1295/67 2497/1296/67 2495/1294/66
f 2498/1295/67 2500/1297/68 2499/1298/68 2497/1296/67
f 2500/1297/68 2502/1299/69 2501/1300/69 2499/1298/68
f 2502/1299/69 2504/1301/70 2503/1302/70 2501/1300/69
f 2504/1301/70 2506/1303/71 2505/939/71 2503/1302/70
f 2506/1303/71 2508/1304/72 2507/1305/72 2505/939/71
f 2508/1304/72 2510/1306/73 2509/1307/73 2507/1305/72
f 2510/1306/73 2512/1308/74 2511/1309/74 2509/1307/73
f 2512/1308/74 2514/1310/75 2513/1311/75 2511/1309/74
f 2514/1310/75 2516/1312/76 2515/1313/76 2513/1311/75
f 2516/1312/76 2518/1314/77 2517/1315/77 2515/1313/76
f 2518/1314/77 2520/1316/78 2519/1317/78 2517/1315/77
f 2520/1316/78 2522/1318/79 2521/1319/79 2519/1317/78
f 2522/1318/79 2524/1320/80 2523/1321/80 2521/1319/79
f 2524/1320/80 2526/1322/81 2525/1323/81 2523/1321/80
f 2526/1322/81 2528/1324/82 2527/1325/82 2525/1323/81
f 2528/1324/82 2530/1326/83 2529/1327/83 2527/1325/82
f 2530/1326/83 2532/1328/84 2531/1329/84 2529/1327/83
f 2532/1328/84 2534/1330/85 2533/1331/85 2531/1329/84
f 2534/1330/85 2536/1332/86 2535/1333/86 2533/1331/85
f 2536/1332/86 2538/1334/87 2537/1335/87 2535/1333/86
f 2538/1334/87 2540/1336/88 2539/1337/88 2537/1335/87
f 2540/1336/88 2542/1338/89 2541/1339/89 2539/1337/88
f 2542/1338/89 2544/1340/90 2543/1341/90 2541/1339/89
f 2544/1340/90 2546/1342/91 2545/1343/91 2543/1341/90
f 2546/1342/91 2548/1344/92 2547/1345/92 2545/1343/91
f 2548/1344/92 2550/1346/93 2549/1347/93 2547/1345/92
f 2550/1346/93 2552/1348/94 2551/1349/94 2549/1347/93
f 2552/1348/94 2554/1350/95 2553/1351/95 2551/1349/94
f 2554/1350/95 2556/1352/96 2555/1353/96 2553/1351/95
f 2556/1352/96 2558/1354/97 2557/1355/97 2555/1353/96
f 2558/1354/97 2560/1356/98 2559/1357/98 2557/1355/97
f 2560/1356/98 2562/1358/99 2561/1359/99 2559/1357/98
f 2562/1358/99 2564/1360/100 2563/1361/100 2561/1359/99
f 2564/1360/100 2566/1362/101 2565/1363/101 2563/1361/100
f 2566/1362/101 2568/1364/102 2567/1365/102 2565/1363/101
f 2568/1364/102 2570/1366/103 2569/1367/103 2567/1365/102
f 2570/1366/103 2572/1368/104 2571/1369/104 2569/1367/103
f 2572/1368/104 2574/1370/105 2573/1371/105 2571/1369/104
f 2574/1370/105 2576/1372/106 2575/1373/106 2573/1371/105
f 2576/1372/106 2578/1374/107 2577/1375/107 2575/1373/106
f 2578/1374/107 2580/1376/108 2579/1377/108 2577/1375/107
f 2580/1376/108 2582/1378/8 2581/1379/8 2579/1377/108
f 2582/1378/8 2584/1380/9 2583/1381/9 2581/1379/8
f 2584/1380/9 2586/1382/10 2585/1383/10 2583/1381/9
f 2586/1382/10 2588/1384/11 2587/1385/11 2585/1383/10
f 2588/1384/11 2590/1386/12 2589/1387/12 2587/1385/11
f 2590/1386/12 2592/1388/13 2591/1389/13 2589/1387/12
f 2592/1388/13 2594/1390/7 2593/1391/7 2591/1389/13
f 2594/1390/7 2596/1392/14 2595/1393/14 2593/1391/7
f 2596/1392/14 2598/1394/15 2597/1395/15 2595/1393/14
f 2598/1394/15 2600/1396/16 2599/1397/16 2597/1395/15
f 2600/1396/16 2602/1398/17 2601/1399/17 2599/1397/16
f 2602/1398/17 2604/1400/18 2603/1401/18 2601/1399/17
f 2604/1400/18 2606/1402/19 2605/1403/19 2603/1401/18
f 2606/1402/19 2608/1404/109 2607/1405/109 2605/1403/19
f 2608/1404/109 2610/1406/110 2609/1407/110 2607/1405/109
f 2610/1406/110 2612/1408/111 2611/1409/111 2609/1407/110
f 2612/1408/111 2614/1410/112 2613/1411/112 2611/1409/111
f 2614/1410/112 2616/1412/113 2615/1413/113 2613/1411/112
f 2616/1412/113 2618/1414/114 2617/1415/114 2615/1413/113
f 2618/1414/114 2620/1416/115 2619/1417/115 2617/1415/114
f 2620/1416/115 2622/1418/116 2621/1419/116 2619/1417/115
f 2622/1418/116 2624/1420/117 2623/1421/117 2621/1419/116
f 2624/1420/117 2626/1422/118 2625/1423/118 2623/1421/117
f 2626/1422/118 2628/1424/119 2627/1425/119 2625/1423/118
f 2628/1424/119 2630/1426/120 2629/1427/120 2627/1425/119
f 2630/1426/120 2632/1428/121 2631/1429/121 2629/1427/120
f 2632/1428/121 2634/1430/26 2633/1431/26 2631/1429/121
f 2634/1430/26 2376/1432/7 2375/83/7 2633/1431/26
f 2636/1174/122 2638/1433/123 2637/1004/123 2635/84/122
f 2638/1433/123 2640/1434/124 2639/1016/124 2637/1004/123
f 2640/1434/124 2642/1435/125 2641/1007/125 2639/1016/124
f 2642/1435/125 2644/1436/126 2643/995/126 2641/1007/125
f 2644/1436/126 2646/1437/127 2645/869/127 2643/995/126
f 2646/1437/127 2648/1438/128 2647/857/128 2645/869/127
f 2648/1438/128 2650/1439/129 2649/860/129 2647/857/128
f 2650/1439/129 2652/1440/130 2651/872/130 2649/860/129
f 2652/1440/130 2654/1441/131 2653/883/131 2651/872/130
f 2654/1441/131 2656/1442/132 2655/888/132 2653/883/131
f 2656/1442/132 2658/1443/133 2657/908/133 2655/888/132
f 2658/1443/133 2660/1444/134 2659/927/134 2657/908/133
f 2660/1444/134 2662/1445/135 2661/933/135 2659/927/134
f 2662/1445/135 2664/1303/136 2663/939/136 2661/933/135
f 2664/1303/136 2666/1446/137 2665/945/137 2663/939/136
f 2666/1446/137 2668/1447/138 2667/951/138 2665/945/137
f 2668/1447/138 2670/1448/139 2669/984/139 2667/951/138
f 2670/1448/139 2672/1449/140 2671/990/140 2669/984/139
f 2672/1449/140 2674/1450/141 2673/926/141 2671/990/140
f 2674/1450/141 2676/1451/142 2675/979/142 2673/926/141
f 2676/1451/142 2678/1452/143 2677/973/143 2675/979/142
f 2678/1452/143 2680/1453/144 2679/965/144 2677/973/143
f 2680/1453/144 2682/1454/145 2681/958/145 2679/965/144
f 2682/1454/145 2684/1455/146 2683/925/146 2681/958/145
f 2684/1455/146 2686/1456/147 2685/918/147 2683/925/146
f 2686/1456/147 2688/1457/148 2687/907/148 2685/918/147
f 2688/1457/148 2690/1458/149 2689/900/149 2687/907/148
f 2690/1458/149 2636/1432/122 2635/83/122 2689/900/149
f 2692/1174/150 2694/1459/151 2693/1460/151 2691/84/150
f 2694/1459/151 2696/1461/152 2695/1462/152 2693/1460/151
f 2696/1461/152 2698/1463/153 2697/1464/153 2695/1462/152
f 2698/1463/153 2700/1465/154 2699/1466/154 2697/1464/153
f 2700/1465/154 2702/1467/155 2701/1468/155 2699/1466/154
f 2702/1467/155 2704/1469/156 2703/1470/156 2701/1468/155
f 2704/1469/156 2706/1471/157 2705/1472/157 2703/1470/156
f 2706/1471/157 2708/1473/158 2707/1474/158 2705/1472/157
f 2708/1473/158 2710/1475/159 2709/1476/159 2707/1474/158
f 2710/1475/159 2712/1477/160 2711/1478/160 2709/1476/159
f 2712/1477/160 2714/1479/161 2713/1480/161 2711/1478/160
f 2714/1479/161 2716/1481/162 2715/1482/162 2713/1480/161
f 2716/1481/162 2718/1483/20 2717/1484/20 2715/1482/162
f 2718/1483/20 2720/1485/21 2719/1486/21 2717/1484/20
f 2720/1485/21 2722/1487/22 2721/1488/22 2719/1486/21
f 2722/1487/22 2724/1489/23 2723/1490/23 2721/1488/22
f 2724/1489/23 2726/1491/24 2725/1492/24 2723/1490/23
f 2726/1491/24 2728/1493/25 2727/1494/25 2725/1492/24
f 2728/1493/25 2730/1495/26 2729/1496/26 2727/1494/25
f 2730/1495/26 2732/1497/27 2731/1498/27 2729/1496/26
f 2732/1497/27 2734/1499/28 2733/1500/28 2731/1498/27
f 2734/1499/28 2736/1501/29 2735/1502/29 2733/1500/28
f 2736/1501/29 2738/1503/30 2737/1504/30 2735/1502/29
f 2738/1503/30 2740/1505/163 2739/1506/163 2737/1504/30
f 2740/1505/163 2742/1507/164 2741/1508/164 2739/1506/163
f 2742/1507/164 2744/1509/165 2743/1510/165 2741/1508/164
f 2744/1509/165 2746/1511/166 2745/1512/166 2743/1510/165
f 2746/1511/166 2748/1513/167 2747/1514/167 2745/1512/166
f 2748/1513/167 2750/1515/168 2749/1516/168 2747/1514/167
f 2750/1515/168 2752/1517/169 2751/1518/169 2749/1516/168
f 2752/1517/169 2754/1519/170 2753/1520/170 2751/1518/169
f 2754/1519/170 2756/1521/171 2755/1522/171 2753/1520/170
f 2756/1521/171 2758/1523/172 2757/1524/172 2755/1522/171
f 2758/1523/172 2760/1525/173 2759/1526/173 2757/1524/172
f 2760/1525/173 2762/1527/174 2761/1528/174 2759/1526/173
f 2762/1527/174 2764/1529/175 2763/1530/175 2761/1528/174
f 2764/1529/175 2766/1531/176 2765/1532/176 2763/1530/175
f 2766/1531/176 2768/1533/177 2767/1534/177 2765/1532/176
f 2768/1533/177 2770/1535/178 2769/1536/178 2767/1534/177
f 2770/1535/178 2772/1537/179 2771/1538/179 2769/1536/178
f 2772/1537/179 2774/1539/180 2773/1540/180 2771/1538/179
f 2774/1539/180 2776/1541/181 2775/1542/181 2773/1540/180
f 2776/1541/181 2778/1543/182 2777/1544/182 2775/1542/181
f 2778/1543/182 2780/1545/183 2779/1546/183 2777/1544/182
f 2780/1545/183 2782/1547/184 2781/1548/184 2779/1546/183
f 2782/1547/184 2784/1549/185 2783/1550/185 2781/1548/184
f 2784/1549/185 2786/1551/186 2785/1552/186 2783/1550/185
f 2786/1551/186 2788/1553/187 2787/1554/187 2785/1552/186
f 2788/1553/187 2790/1555/188 2789/1556/188 2787/1554/187
f 2790/1555/188 2792/1557/189 2791/1558/189 2789/1556/188
f 2792/1557/189 2794/1559/190 2793/1560/190 2791/1558/189
f 2794/1559/190 2796/1561/191 2795/1562/191 2793/1560/190
f 2796/1561/191 2798/1563/192 2797/1564/192 2795/1562/191
f 2798/1563/192 2800/1565/193 2799/1566/193 2797/1564/192
f 2800/1565/193 2802/1567/194 2801/1568/194 2799/1566/193
f 2802/1567/194 2804/1569/195 2803/1570/195 2801/1568/194
f 2804/1569/195 2806/1571/196 2805/1572/196 2803/1570/195
f 2806/1571/196 2808/1573/197 2807/1574/197 2805/1572/196
f 2808/1573/197 2810/1575/198 2809/1576/198 2807/1574/197
f 2810/1575/198 2812/1577/199 2811/1578/199 2809/1576/198
f 2812/1577/199 2814/1579/200 2813/1580/200 2811/1578/199
f 2814/1579/200 2816/1581/201 2815/1582/201 2813/1580/200
f 2816/1581/201 2818/1583/202 2817/1584/202 2815/1582/201
f 2818/1583/202 2820/1585/203 2819/1586/203 2817/1584/202
f 2820/1585/203 2822/1587/204 2821/1588/204 2819/1586/203
f 2822/1587/204 2824/1589/205 2823/1590/205 2821/1588/204
f 2824/1589/205 2826/1591/206 2825/1592/206 2823/1590/205
f 2826/1591/206 2828/1593/207 2827/1594/207 2825/1592/206
f 2828/1593/207 2830/1595/208 2829/1596/208 2827/1594/207
f 2830/1595/208 2832/1597/209 2831/1598/209 2829/1596/208
f 2832/1597/209 2834/1599/210 2833/1600/210 2831/1598/209
f 2834/1599/210 2836/1601/211 2835/1602/211 2833/1600/210
f 2836/1601/211 2838/1603/212 2837/1604/212 2835/1602/211
f 2838/1603/212 2840/1605/213 2839/1606/213 2837/1604/212
f 2840/1605/213 2842/1607/214 2841/1608/214 2839/1606/213
f 2842/1607/214 2844/1609/215 2843/1610/215 2841/1608/214
f 2844/1609/215 2846/1611/216 2845/1612/216 2843/1610/215
f 2846/1611/216 2848/1613/217 2847/1614/217 2845/1612/216
f 2848/1613/217 2850/1615/218 2849/1616/218 2847/1614/217
f 2850/1615/218 2852/1617/219 2851/1618/219 2849/1616/218
f 2852/1617/219 2854/1619/220 2853/1620/220 2851/1618/219
f 2854/1619/220 2856/1621/221 2855/1622/221 2853/1620/220
f 2856/1621/221 2858/1623/222 2857/1624/222 2855/1622/221
f 2858/1623/222 2860/1625/223 2859/1626/223 2857/1624/222
f 2860/1625/223 2862/1627/224 2861/1628/224 2859/1626/223
f 2862/1627/224 2864/1629/225 2863/1630/225 2861/1628/224
f 2864/1629/225 2866/1631/226 2865/1632/226 2863/1630/225
f 2866/1631/226 2868/1633/227 2867/1634/227 2865/1632/226
f 2868/1633/227 2870/1635/228 2869/1636/228 2867/1634/227
f 2870/1635/228 2872/1637/229 2871/1638/229 2869/1636/228
f 2872/1637/229 2874/1639/230 2873/1640/230 2871/1638/229
f 2874/1639/230 2876/1641/231 2875/1642/231 2873/1640/230
f 2876/1641/231 2878/1643/232 2877/1644/232 2875/1642/231
f 2878/1643/232 2880/1645/233 2879/1646/233 2877/1644/232
f 2880/1645/233 2882/1647/234 2881/1648/234 2879/1646/233
f 2882/1647/234 2884/1649/235 2883/1650/235 2881/1648/234
f 2884/1649/235 2886/1651/236 2885/1652/236 2883/1650/235
f 2886/1651/236 2888/1653/237 2887/1654/237 2885/1652/236
f 2888/1653/237 2890/1655/238 2889/1656/238 2887/1654/237
f 2890/1655/238 2892/1657/239 2891/1658/239 2889/1656/238
f 2892/1657/239 2894/1659/240 2893/1660/240 2891/1658/239
f 2894/1659/240 2896/1661/241 2895/1662/241 2893/1660/240
f 2896/1661/241 2898/1663/242 2897/1664/242 2895/1662/241
f 2898/1663/242 2900/1665/243 2899/1666/243 2897/1664/242
f 2900/1665/243 2902/1667/244 2901/1668/244 2899/1666/243
f 2902/1667/244 2904/1669/245 2903/1670/245 2901/1668/244
f 2904/1669/245 2906/1671/246 2905/1672/246 2903/1670/245
f 2906/1671/246 2908/1673/247 2907/1674/247 2905/1672/246
f 2908/1673/247 2910/1675/248 2909/1676/248 2907/1674/247
f 2910/1675/248 2912/1677/249 2911/1678/249 2909/1676/248
f 2912/1677/249 2914/1679/250 2913/1680/250 2911/1678/249
f 2914/1679/250 2916/1681/251 2915/1682/251 2913/1680/250
f 2916/1681/251 2692/1432/150 2691/83/150 2915/1682/251
f 2918/1174/252 2920/1433/7 2919/1004/7 2917/84/252
f 2920/1433/7 2922/1434/253 2921/1016/253 2919/1004/7
f 2922/1434/253 2924/1435/254 2923/1007/254 2921/1016/253
f 2924/1435/254 2926/1436/255 2925/995/255 2923/1007/254
f 2926/1436/255 2928/1437/256 2927/869/256 2925/995/255
f 2928/1437/256 2930/1438/257 2929/857/257 2927/869/256
f 2930/1438/257 2932/1439/258 2931/860/258 2929/857/257
f 2932/1439/258 2934/1440/259 2933/872/259 2931/860/258
f 2934/1440/259 2936/1441/260 2935/883/260 2933/872/259
f 2936/1441/260 2938/1442/261 2937/888/261 2935/883/260
f 2938/1442/261 2940/1443/262 2939/908/262 2937/888/261
f 2940/1443/262 2942/1444/263 2941/927/263 2939/908/262
f 2942/1444/263 2944/1445/264 2943/933/264 2941/927/263
f 2944/1445/264 2946/1303/265 2945/939/265 2943/933/264
f 2946/1303/265 2948/1446/266 2947/945/266 2945/939/265
f 2948/1446/266 2950/1447/267 2949/951/267 2947/945/266
f 2950/1447/267 2952/1448/268 2951/984/268 2949/951/267
f 2952/1448/268 2954/1449/269 2953/990/269 2951/984/268
f 2954/1449/269 2956/1450/270 2955/926/270 2953/990/269
f 2956/1450/270 2958/1451/271 2957/979/271 2955/926/270
f 2958/1451/271 2960/1452/272 2959/973/272 2957/979/271
f 2960/1452/272 2962/1453/273 2961/965/273 2959/973/272
f 2962/1453/273 2964/1454/274 2963/958/274 2961/965/273
f 2964/1454/274 2966/1455/275 2965/925/275 2963/958/274
f 2966/1455/275 2968/1456/276 2967/918/276 2965/925/275
f 2968/1456/276 2970/1457/277 2969/907/277 2967/918/276
f 2970/1457/277 2972/1458/278 2971/900/278 2969/907/277
f 2972/1458/278 2918/1432/252 2917/83/252 2971/900/278
f 2974/1174/279 2976/1433/7 2975/1004/7 2973/84/279
f 2976/1433/7 2978/1434/253 2977/1016/253 2975/1004/7
f 2978/1434/253 2980/1435/254 2979/1007/254 2977/1016/253
f 2980/1435/254 2982/1436/255 2981/995/255 2979/1007/254
f 2982/1436/255 2984/1437/256 2983/869/256 2981/995/255
f 2984/1437/256 2986/1438/257 2985/857/257 2983/869/256
f 2986/1438/257 2988/1439/258 2987/860/258 2985/857/257
f 2988/1439/258 2990/1440/259 2989/872/259 2987/860/258
f 2990/1440/259 2992/1441/260 2991/883/260 2989/872/259
f 2992/1441/260 2994/1442/261 2993/888/261 2991/883/260
f 2994/1442/261 2996/1443/262 2995/908/262 2993/888/261
f 2996/1443/262 2998/1444/263 2997/927/263 2995/908/262
f 2998/1444/263 3000/1445/264 2999/933/264 2997/927/263
f 3000/1445/264 3002/1303/265 3001/939/265 2999/933/264
f 3002/1303/265 3004/1446/266 3003/945/266 3001/939/265
f 3004/1446/266 3006/1447/280 3005/951/280 3003/945/266
f 3006/1447/280 3008/1448/281 3007/984/281 3005/951/280
f 3008/1448/281 3010/1449/282 3009/990/282 3007/984/281
f 3010/1449/282 3012/1450/283 3011/926/283 3009/990/282
f 3012/1450/283 3014/1451/284 3013/979/284 3011/926/283
f 3014/1451/284 3016/1452/285 3015/973/285 3013/979/284
f 3016/1452/285 3018/1453/286 3017/965/286 3015/973/285
f 3018/1453/286 3020/1454/287 3019/958/287 3017/965/286
f 3020/1454/287 3022/1455/288 3021/925/288 3019/958/287
f 3022/1455/288 3024/1456/289 3023/918/289 3021/925/288
f 3024/1456/289 3026/1457/290 3025/907/290 3023/918/289
f 3026/1457/290 3028/1458/291 3027/900/291 3025/907/290
f 3028/1458/291 2974/1432/279 2973/83/279 3027/900/291
f 3030/1174/292 3032/1683/293 3031/1684/293 3029/84/292
f 3032/1683/293 3034/1685/294 3033/750/294 3031/1684/293
f 3034/1685/294 3036/1686/295 3035/1687/295 3033/750/294
f 3036/1686/295 3038/1688/296 3037/767/296 3035/1687/295
f 3038/1688/296 3040/1689/297 3039/1690/297 3037/767/296
f 3040/1689/297 3042/1691/298 3041/773/298 3039/1690/297
f 3042/1691/298 3044/1692/299 3043/1693/299 3041/773/298
f 3044/1692/299 3046/1694/300 3045/779/300 3043/1693/299
f 3046/1694/300 3048/1695/301 3047/1696/301 3045/779/300
f 3048/1695/301 3050/1697/302 3049/785/302 3047/1696/301
f 3050/1697/302 3052/1698/303 3051/1699/303 3049/785/302
f 3052/1698/303 3054/1700/304 3053/791/304 3051/1699/303
f 3054/1700/304 3056/1701/305 3055/1702/305 3053/791/304
f 3056/1701/305 3058/1703/306 3057/797/306 3055/1702/305
f 3058/1703/306 3060/1704/307 3059/1705/307 3057/797/306
f 3060/1704/307 3062/1706/308 3061/803/308 3059/1705/307
f 3062/1706/308 3064/1707/309 3063/1708/309 3061/803/308
f 3064/1707/309 3066/1709/310 3065/808/310 3063/1708/309
f 3066/1709/310 3068/1710/311 3067/1711/311 3065/808/310
f 3068/1710/311 3070/1712/312 3069/814/312 3067/1711/311
f 3070/1712/312 3072/1713/313 3071/1714/313 3069/814/312
f 3072/1713/313 3074/1715/314 3073/820/314 3071/1714/313
f 3074/1715/314 3076/1716/315 3075/1717/315 3073/820/314
f 3076/1716/315 3078/1718/316 3077/826/316 3075/1717/315
f 3078/1718/316 3080/1719/317 3079/1720/317 3077/826/316
f 3080/1719/317 3082/1721/318 3081/833/318 3079/1720/317
f 3082/1721/318 3084/1722/319 3083/1723/319 3081/833/318
f 3084/1722/319 3086/1724/320 3085/839/320 3083/1723/319
f 3086/1724/320 3088/1725/321 3087/1726/321 3085/839/320
f 3088/1725/321 3090/1727/322 3089/844/322 3087/1726/321
f 3090/1727/322 3092/1728/323 3091/1729/323 3089/844/322
f 3092/1728/323 3094/1730/324 3093/850/324 3091/1729/323
f 3094/1730/324 3096/1731/325 3095/1732/325 3093/850/324
f 3096/1731/325 3098/1733/326 3097/849/326 3095/1732/325
f 3098/1733/326 3100/1734/327 3099/1735/327 3097/849/326
f 3100/1734/327 3102/1736/328 3101/842/328 3099/1735/327
f 3102/1736/328 3104/1737/329 3103/1738/329 3101/842/328
f 3104/1737/329 3106/1739/330 3105/836/330 3103/1738/329
f 3106/1739/330 3108/1740/331 3107/1741/331 3105/836/330
f 3108/1740/331 3110/1742/332 3109/830/332 3107/1741/331
f 3110/1742/332 3112/1743/333 3111/1744/333 3109/830/332
f 3112/1743/333 3114/1745/334 3113/825/334 3111/1744/333
f 3114/1745/334 3116/1746/335 3115/1747/335 3113/825/334
f 3116/1746/335 3118/1748/336 3117/819/336 3115/1747/335
f 3118/1748/336 3120/1749/337 3119/1750/337 3117/819/336
f 3120/1749/337 3122/1751/338 3121/813/338 3119/1750/337
f 3122/1751/338 3124/1752/339 3123/1753/339 3121/813/338
f 3124/1752/339 3126/1754/340 3125/806/340 3123/1753/339
f 3126/1754/340 3128/1755/341 3127/1756/341 3125/806/340
f 3128/1755/341 3130/1757/342 3129/800/342 3127/1756/341
f 3130/1757/342 3132/1758/343 3131/1759/343 3129/800/342
f 3132/1758/343 3134/1760/344 3133/794/344 3131/1759/343
f 3134/1760/344 3136/1761/345 3135/1762/345 3133/794/344
f 3136/1761/345 3138/1763/346 3137/788/346 3135/1762/345
f 3138/1763/346 3140/1764/347 3139/1765/347 3137/788/346
f 3140/1764/347 3142/1766/348 3141/782/348 3139/1765/347
f 3142/1766/348 3144/1767/349 3143/1768/349 3141/782/348
f 3144/1767/349 3146/1769/350 3145/776/350 3143/1768/349
f 3146/1769/350 3148/1770/351 3147/1771/351 3145/776/350
f 3148/1770/351 3150/1772/352 3149/770/352 3147/1771/351
f 3150/1772/352 3152/1773/353 3151/1774/353 3149/770/352
f 3152/1773/353 3154/1775/354 3153/764/354 3151/1774/353
f 3154/1775/354 3156/1776/355 3155/1777/355 3153/764/354
f 3156/1776/355 3158/1778/356 3157/739/356 3155/1777/355
f 3158/1778/356 3160/1779/357 3159/1780/357 3157/739/356
f 3160/1779/357 3162/1781/358 3161/656/358 3159/1780/357
f 3162/1781/358 3164/1782/359 3163/1783/359 3161/656/358
f 3164/1782/359 3166/1784/360 3165/650/360 3163/1783/359
f 3166/1784/360 3168/1785/361 3167/1786/361 3165/650/360
f 3168/1785/361 3170/1787/362 3169/644/362 3167/1786/361
f 3170/1787/362 3172/1788/363 3171/1789/363 3169/644/362
f 3172/1788/363 3174/1790/364 3173/638/364 3171/1789/363
f 3174/1790/364 3176/1791/365 3175/1792/365 3173/638/364
f 3176/1791/365 3178/1793/366 3177/632/366 3175/1792/365
f 3178/1793/366 3180/1794/367 3179/1795/367 3177/632/366
f 3180/1794/367 3182/1796/368 3181/627/368 3179/1795/367
f 3182/1796/368 3184/1797/369 3183/1798/369 3181/627/368
f 3184/1797/369 3186/1799/370 3185/621/370 3183/1798/369
f 3186/1799/370 3188/1800/371 3187/1801/371 3185/621/370
f 3188/1800/371 3190/1802/372 3189/615/372 3187/1801/371
f 3190/1802/372 3192/1803/373 3191/1804/373 3189/615/372
f 3192/1803/373 3194/1805/374 3193/608/374 3191/1804/373
f 3194/1805/374 3196/1806/375 3195/1807/375 3193/608/374
f 3196/1806/375 3198/1808/376 3197/602/376 3195/1807/375
f 3198/1808/376 3200/1809/377 3199/1810/377 3197/602/376
f 3200/1809/377 3202/1811/378 3201/596/378 3199/1810/377
f 3202/1811/378 3204/1812/379 3203/1813/379 3201/596/378
f 3204/1812/379 3206/1814/380 3205/590/380 3203/1813/379
f 3206/1814/380 3208/1815/381 3207/1816/381 3205/590/380
f 3208/1815/381 3210/1817/382 3209/584/382 3207/1816/381
f 3210/1817/382 3212/1818/383 3211/1819/383 3209/584/382
f 3212/1818/383 3214/1820/384 3213/578/384 3211/1819/383
f 3214/1820/384 3216/1821/385 3215/1822/385 3213/578/384
f 3216/1821/385 3218/1823/386 3217/572/386 3215/1822/385
f 3218/1823/386 3220/1824/387 3219/1825/387 3217/572/386
f 3220/1824/387 3222/1826/388 3221/566/388 3219/1825/387
f 3222/1826/388 3224/1303/389 3223/939/389 3221/566/388
f 3224/1303/389 3226/1827/390 3225/564/390 3223/939/389
f 3226/1827/390 3228/1828/391 3227/1829/391 3225/564/390
f 3228/1828/391 3230/1830/392 3229/571/392 3227/1829/391
f 3230/1830/392 3232/1831/393 3231/1832/393 3229/571/392
f 3232/1831/393 3234/1833/394 3233/577/394 3231/1832/393
f 3234/1833/394 3236/1834/395 3235/1835/395 3233/577/394
f 3236/1834/395 3238/1836/396 3237/583/396 3235/1835/395
f 3238/1836/396 3240/1837/397 3239/1838/397 3237/583/396
f 3240/1837/397 3242/1839/398 3241/589/398 3239/1838/397
f 3242/1839/398 3244/1840/399 3243/1841/399 3241/589/398
f 3244/1840/399 3246/1842/400 3245/595/400 3243/1841/399
f 3246/1842/400 3248/1843/401 3247/1844/401 3245/595/400
f 3248/1843/401 3250/1845/402 3249/601/402 3247/1844/401
f 3250/1845/402 3252/1846/403 3251/1847/403 3249/601/402
f 3252/1846/403 3254/1848/404 3253/607/404 3251/1847/403
f 3254/1848/404 3256/1849/405 3255/1850/405 3253/607/404
f 3256/1849/405 3258/1851/406 3257/613/406 3255/1850/405
f 3258/1851/406 3260/1852/407 3259/1853/407 3257/613/406
f 3260/1852/407 3262/1854/408 3261/618/408 3259/1853/407
f 3262/1854/408 3264/1855/409 3263/1856/409 3261/618/408
f 3264/1855/409 3266/1857/410 3265/624/410 3263/1856/409
f 3266/1857/410 3268/1858/411 3267/1859/411 3265/624/410
f 3268/1858/411 3270/1860/412 3269/630/412 3267/1859/411
f 3270/1860/412 3272/1861/413 3271/1862/413 3269/630/412
f 3272/1861/413 3274/1863/414 3273/637/414 3271/1862/413
f 3274/1863/414 3276/1864/415 3275/1865/415 3273/637/414
f 3276/1864/415 3278/1866/416 3277/643/416 3275/1865/415
f 3278/1866/416 3280/1867/417 3279/1868/417 3277/643/416
f 3280/1867/417 3282/1869/418 3281/649/418 3279/1868/417
f 3282/1869/418 3284/1870/419 3283/1871/419 3281/649/418
f 3284/1870/419 3286/1872/420 3285/655/420 3283/1871/419
f 3286/1872/420 3288/1873/421 3287/1874/421 3285/655/420
f 3288/1873/421 3290/1875/422 3289/709/422 3287/1874/421
f 3290/1875/422 3292/1876/423 3291/1877/423 3289/709/422
f 3292/1876/423 3294/1878/424 3293/715/424 3291/1877/423
f 3294/1878/424 3296/1879/425 3295/1880/425 3293/715/424
f 3296/1879/425 3298/1881/426 3297/721/426 3295/1880/425
f 3298/1881/426 3300/1882/427 3299/1883/427 3297/721/426
f 3300/1882/427 3302/1884/428 3301/727/428 3299/1883/427
f 3302/1884/428 3304/1885/429 3303/1886/429 3301/727/428
f 3304/1885/429 3306/1887/430 3305/733/430 3303/1886/429
f 3306/1887/430 3308/1888/431 3307/1889/431 3305/733/430
f 3308/1888/431 3310/1890/432 3309/742/432 3307/1889/431
f 3310/1890/432 3312/1891/433 3311/1892/433 3309/742/432
f 3312/1891/433 3314/1893/434 3313/748/434 3311/1892/433
f 3314/1893/434 3316/1894/435 3315/1895/435 3313/748/434
f 3316/1894/435 3318/1896/436 3317/756/436 3315/1895/435
f 3318/1896/436 3320/1897/437 3319/1898/437 3317/756/436
f 3320/1897/437 3322/1899/438 3321/761/438 3319/1898/437
f 3322/1899/438 3324/1900/439 3323/1901/439 3321/761/438
f 3324/1900/439 3326/1902/440 3325/755/440 3323/1901/439
f 3326/1902/440 3328/1903/441 3327/1904/441 3325/755/440
f 3328/1903/441 3330/1905/442 3329/747/442 3327/1904/441
f 3330/1905/442 3332/1906/443 3331/1907/443 3329/747/442
f 3332/1906/443 3334/1908/444 3333/741/444 3331/1907/443
f 3334/1908/444 3336/1909/445 3335/1910/445 3333/741/444
f 3336/1909/445 3338/1911/446 3337/734/446 3335/1910/445
f 3338/1911/446 3340/1912/447 3339/1913/447 3337/734/446
f 3340/1912/447 3342/1914/448 3341/728/448 3339/1913/447
f 3342/1914/448 3344/1915/449 3343/1916/449 3341/728/448
f 3344/1915/449 3346/1917/450 3345/722/450 3343/1916/449
f 3346/1917/450 3348/1918/451 3347/1919/451 3345/722/450
f 3348/1918/451 3350/1920/452 3349/716/452 3347/1919/451
f 3350/1920/452 3352/1921/453 3351/1922/453 3349/716/452
f 3352/1921/453 3354/1923/454 3353/710/454 3351/1922/453
f 3354/1923/454 3356/1924/455 3355/1925/455 3353/710/454
f 3356/1924/455 3358/1926/456 3357/705/456 3355/1925/455
f 3358/1926/456 3360/1927/457 3359/1928/457 3357/705/456
f 3360/1927/457 3362/1929/458 3361/699/458 3359/1928/457
f 3362/1929/458 3364/1930/459 3363/1931/459 3361/699/458
f 3364/1930/459 3366/1932/460 3365/693/460 3363/1931/459
f 3366/1932/460 3368/1933/461 3367/1934/461 3365/693/460
f 3368/1933/461 3370/1935/462 3369/688/462 3367/1934/461
f 3370/1935/462 3372/1936/463 3371/1937/463 3369/688/462
f 3372/1936/463 3374/1938/464 3373/678/464 3371/1937/463
f 3374/1938/464 3376/1939/465 3375/1940/465 3373/678/464
f 3376/1939/465 3378/1941/466 3377/672/466 3375/1940/465
f 3378/1941/466 3380/1942/467 3379/1943/467 3377/672/466
f 3380/1942/467 3382/1944/468 3381/665/468 3379/1943/467
f 3382/1944/468 3384/1945/469 3383/1946/469 3381/665/468
f 3384/1945/469 3386/1947/470 3385/660/470 3383/1946/469
f 3386/1947/470 3388/1948/471 3387/1949/471 3385/660/470
f 3388/1948/471 3390/1950/472 3389/662/472 3387/1949/471
f 3390/1950/472 3392/1951/473 3391/1952/473 3389/662/472
f 3392/1951/473 3394/1953/474 3393/668/474 3391/1952/473
f 3394/1953/474 3396/1954/475 3395/1955/475 3393/668/474
f 3396/1954/475 3398/1956/476 3397/675/476 3395/1955/475
f 3398/1956/476 3400/1957/477 3399/1958/477 3397/675/476
f 3400/1957/477 3402/1959/478 3401/681/478 3399/1958/477
f 3402/1959/478 3404/1960/479 3403/1961/479 3401/681/478
f 3404/1960/479 3406/1962/480 3405/684/480 3403/1961/479
f 3406/1962/480 3408/1963/481 3407/1964/481 3405/684/480
f 3408/1963/481 3410/1965/482 3409/694/482 3407/1964/481
f 3410/1965/482 3412/1966/483 3411/1967/483 3409/694/482
f 3412/1966/483 3414/1968/484 3413/700/484 3411/1967/483
f 3414/1968/484 3416/1969/485 3415/1970/485 3413/700/484
f 3416/1969/485 3030/1432/292 3029/83/292 3415/1970/485
f 3418/1174/486 3420/1971/487 3419/1972/487 3417/84/486
f 3420/1971/487 3422/1973/488 3421/1974/488 3419/1972/487
f 3422/1973/488 3424/1975/489 3423/1976/489 3421/1974/488
f 3424/1975/489 3426/1977/490 3425/1978/490 3423/1976/489
f 3426/1977/490 3428/1979/491 3427/1980/491 3425/1978/490
f 3428/1979/491 3430/1981/492 3429/1982/492 3427/1980/491
f 3430/1981/492 3432/1434/493 3431/1016/493 3429/1982/492
f 3432/1434/493 3434/1983/494 3433/1984/494 3431/1016/493
f 3434/1983/494 3436/1985/495 3435/1986/495 3433/1984/494
f 3436/1985/495 3438/1987/496 3437/1988/496 3435/1986/495
f 3438/1987/496 3440/1989/497 3439/1990/497 3437/1988/496
f 3440/1989/497 3442/1991/498 3441/1992/498 3439/1990/497
f 3442/1991/498 3444/1993/499 3443/1994/499 3441/1992/498
f 3444/1993/499 3446/1436/500 3445/995/500 3443/1994/499
f 3446/1436/500 3448/1995/501 3447/1996/501 3445/995/500
f 3448/1995/501 3450/1997/502 3449/1998/502 3447/1996/501
f 3450/1997/502 3452/1999/503 3451/2000/503 3449/1998/502
f 3452/1999/503 3454/2001/504 3453/2002/504 3451/2000/503
f 3454/2001/504 3456/2003/505 3455/2004/505 3453/2002/504
f 3456/2003/505 3458/2005/506 3457/2006/506 3455/2004/505
f 3458/2005/506 3460/1438/507 3459/857/507 3457/2006/506
f 3460/1438/507 3462/2007/508 3461/2008/508 3459/857/507
f 3462/2007/508 3464/2009/509 3463/2010/509 3461/2008/508
f 3464/2009/509 3466/2011/510 3465/2012/510 3463/2010/509
f 3466/2011/510 3468/2013/511 3467/2014/511 3465/2012/510
f 3468/2013/511 3470/2015/512 3469/2016/512 3467/2014/511
f 3470/2015/512 3472/2017/513 3471/2018/513 3469/2016/512
f 3472/2017/513 3474/1440/514 3473/872/514 3471/2018/513
f 3474/1440/514 3476/2019/515 3475/2020/515 3473/872/514
f 3476/2019/515 3478/2021/516 3477/2022/516 3475/2020/515
f 3478/2021/516 3480/2023/517 3479/2024/517 3477/2022/516
f 3480/2023/517 3482/2025/518 3481/2026/518 3479/2024/517
f 3482/2025/518 3484/2027/519 3483/2028/519 3481/2026/518
f 3484/2027/519 3486/2029/520 3485/2030/520 3483/2028/519
f 3486/2029/520 3488/1442/521 3487/888/521 3485/2030/520
f 3488/1442/521 3490/2031/522 3489/2032/522 3487/888/521
f 3490/2031/522 3492/2033/523 3491/2034/523 3489/2032/522
f 3492/2033/523 3494/2035/524 3493/2036/524 3491/2034/523
f 3494/2035/524 3496/2037/525 3495/2038/525 3493/2036/524
f 3496/2037/525 3498/2039/526 3497/2040/526 3495/2038/525
f 3498/2039/526 3500/2041/527 3499/2042/527 3497/2040/526
f 3500/2041/527 3502/1444/528 3501/927/528 3499/2042/527
f 3502/1444/528 3504/2043/529 3503/2044/529 3501/927/528
f 3504/2043/529 3506/2045/530 3505/2046/530 3503/2044/529
f 3506/2045/530 3508/2047/531 3507/2048/531 3505/2046/530
f 3508/2047/531 3510/2049/532 3509/2050/532 3507/2048/531
f 3510/2049/532 3512/2051/533 3511/2052/533 3509/2050/532
f 3512/2051/533 3514/2053/534 3513/2054/534 3511/2052/533
f 3514/2053/534 3516/1303/535 3515/939/535 3513/2054/534
f 3516/1303/535 3518/2055/536 3517/2056/536 3515/939/535
f 3518/2055/536 3520/2057/537 3519/2058/537 3517/2056/536
f 3520/2057/537 3522/2059/538 3521/2060/538 3519/2058/537
f 3522/2059/538 3524/2061/539 3523/2062/539 3521/2060/538
f 3524/2061/539 3526/2063/540 3525/2064/540 3523/2062/539
f 3526/2063/540 3528/2065/541 3527/2066/541 3525/2064/540
f 3528/2065/541 3530/1447/542 3529/951/542 3527/2066/541
f 3530/1447/542 3532/2067/543 3531/2068/543 3529/951/542
f 3532/2067/543 3534/2069/544 3533/2070/544 3531/2068/543
f 3534/2069/544 3536/2071/545 3535/2072/545 3533/2070/544
f 3536/2071/545 3538/2073/546 3537/2074/546 3535/2072/545
f 3538/2073/546 3540/2075/547 3539/2076/547 3537/2074/546
f 3540/2075/547 3542/2077/548 3541/2078/548 3539/2076/547
f 3542/2077/548 3544/1449/549 3543/990/549 3541/2078/548
f 3544/1449/549 3546/2079/550 3545/2080/550 3543/990/549
f 3546/2079/550 3548/2081/551 3547/2082/551 3545/2080/550
f 3548/2081/551 3550/2083/552 3549/2084/552 3547/2082/551
f 3550/2083/552 3552/2085/553 3551/2086/553 3549/2084/552
f 3552/2085/553 3554/2087/554 3553/2088/554 3551/2086/553
f 3554/2087/554 3556/2089/555 3555/2090/555 3553/2088/554
f 3556/2089/555 3558/1451/556 3557/979/556 3555/2090/555
f 3558/1451/556 3560/2091/557 3559/2092/557 3557/979/556
f 3560/2091/557 3562/2093/558 3561/2094/558 3559/2092/557
f 3562/2093/558 3564/2095/559 3563/2096/559 3561/2094/558
f 3564/2095/559 3566/2097/560 3565/2098/560 3563/2096/559
f 3566/2097/560 3568/2099/19 3567/2100/19 3565/2098/560
f 3568/2099/19 3570/2101/561 3569/2102/561 3567/2100/19
f 3570/2101/561 3572/1453/562 3571/965/562 3569/2102/561
f 3572/1453/562 3574/2103/563 3573/2104/563 3571/965/562
f 3574/2103/563 3576/2105/564 3575/2106/564 3573/2104/563
f 3576/2105/564 3578/2107/565 3577/2108/565 3575/2106/564
f 3578/2107/565 3580/2109/566 3579/2110/566 3577/2108/565
f 3580/2109/566 3582/2111/567 3581/2112/567 3579/2110/566
f 3582/2111/567 3584/2113/568 3583/2114/568 3581/2112/567
f 3584/2113/568 3586/1455/569 3585/925/569 3583/2114/568
f 3586/1455/569 3588/2115/570 3587/2116/570 3585/925/569
f 3588/2115/570 3590/2117/571 3589/2118/571 3587/2116/570
f 3590/2117/571 3592/2119/572 3591/2120/572 3589/2118/571
f 3592/2119/572 3594/2121/573 3593/2122/573 3591/2120/572
f 3594/2121/573 3596/2123/574 3595/2124/574 3593/2122/573
f 3596/2123/574 3598/2125/575 3597/2126/575 3595/2124/574
f 3598/2125/575 3600/1457/576 3599/907/576 3597/2126/575
f 3600/1457/576 3602/2127/577 3601/2128/577 3599/907/576
f 3602/2127/577 3604/2129/578 3603/2130/578 3601/2128/577
f 3604/2129/578 3606/2131/579 3605/2132/579 3603/2130/578
f 3606/2131/579 3608/2133/580 3607/2134/580 3605/2132/579
f 3608/2133/580 3610/2135/581 3609/2136/581 3607/2134/580
f 3610/2135/581 3612/2137/582 3611/2138/582 3609/2136/581
f 3612/2137/582 3418/1432/486 3417/83/486 3611/2138/582
f 3614/1174/583 3616/2139/293 3615/2140/293 3613/84/583
f 3616/2139/293 3618/2141/294 3617/2142/294 3615/2140/293
f 3618/2141/294 3620/2143/295 3619/2144/295 3617/2142/294
f 3620/2143/295 3622/2145/296 3621/2146/296 3619/2144/295
f 3622/2145/296 3624/2147/297 3623/2148/297 3621/2146/296
f 3624/2147/297 3626/2149/298 3625/2150/298 3623/2148/297
f 3626/2149/298 3628/2151/299 3627/2152/299 3625/2150/298
f 3628/2151/299 3630/2153/300 3629/2154/300 3627/2152/299
f 3630/2153/300 3632/2155/301 3631/2156/301 3629/2154/300
f 3632/2155/301 3634/2157/302 3633/2158/302 3631/2156/301
f 3634/2157/302 3636/2159/303 3635/2160/303 3633/2158/302
f 3636/2159/303 3638/2161/304 3637/2162/304 3635/2160/303
f 3638/2161/304 3640/2163/584 3639/2164/584 3637/2162/304
f 3640/2163/584 3642/2165/585 3641/2166/585 3639/2164/584
f 3642/2165/585 3644/2167/586 3643/2168/586 3641/2166/585
f 3644/2167/586 3646/2169/587 3645/2170/587 3643/2168/586
f 3646/2169/587 3648/2171/588 3647/2172/588 3645/2170/587
f 3648/2171/588 3650/2173/589 3649/2174/589 3647/2172/588
f 3650/2173/589 3652/2175/590 3651/2176/590 3649/2174/589
f 3652/2175/590 3654/2177/591 3653/2178/591 3651/2176/590
f 3654/2177/591 3656/2179/592 3655/2180/592 3653/2178/591
f 3656/2179/592 3658/2181/593 3657/2182/593 3655/2180/592
f 3658/2181/593 3660/2183/594 3659/2184/594 3657/2182/593
f 3660/2183/594 3662/2185/595 3661/2186/595 3659/2184/594
f 3662/2185/595 3664/2187/596 3663/2188/596 3661/2186/595
f 3664/2187/596 3666/2189/597 3665/2190/597 3663/2188/596
f 3666/2189/597 3668/2191/598 3667/2192/598 3665/2190/597
f 3668/2191/598 3670/2193/599 3669/2194/599 3667/2192/598
f 3670/2193/599 3672/2195/600 3671/2196/600 3669/2194/599
f 3672/2195/600 3674/2197/601 3673/2198/601 3671/2196/600
f 3674/2197/601 3676/2199/323 3675/2200/323 3673/2198/601
f 3676/2199/323 3678/2201/602 3677/2202/602 3675/2200/323
f 3678/2201/602 3680/2203/603 3679/873/603 3677/2202/602
f 3680/2203/603 3682/2204/604 3681/2205/604 3679/873/603
f 3682/2204/604 3684/2206/605 3683/2207/605 3681/2205/604
f 3684/2206/605 3686/2208/606 3685/2209/606 3683/2207/605
f 3686/2208/606 3688/2210/607 3687/2211/607 3685/2209/606
f 3688/2210/607 3690/2212/608 3689/2213/608 3687/2211/607
f 3690/2212/608 3692/2214/609 3691/2215/609 3689/2213/608
f 3692/2214/609 3694/2216/610 3693/2217/610 3691/2215/609
f 3694/2216/610 3696/2218/611 3695/2219/611 3693/2217/610
f 3696/2218/611 3698/2220/612 3697/2221/612 3695/2219/611
f 3698/2220/612 3700/2222/613 3699/2223/613 3697/2221/612
f 3700/2222/613 3702/2224/614 3701/2225/614 3699/2223/613
f 3702/2224/614 3704/2226/615 3703/2227/615 3701/2225/614
f 3704/2226/615 3706/2228/616 3705/2229/616 3703/2227/615
f 3706/2228/616 3708/2230/617 3707/2231/617 3705/2229/616
f 3708/2230/617 3710/2232/618 3709/2233/618 3707/2231/617
f 3710/2232/618 3712/2234/341 3711/2235/341 3709/2233/618
f 3712/2234/341 3714/2236/619 3713/2237/619 3711/2235/341
f 3714/2236/619 3716/2238/620 3715/2239/620 3713/2237/619
f 3716/2238/620 3718/2240/621 3717/2241/621 3715/2239/620
f 3718/2240/621 3720/2242/622 3719/2243/622 3717/2241/621
f 3720/2242/622 3722/2244/623 3721/2245/623 3719/2243/622
f 3722/2244/623 3724/2246/624 3723/2247/624 3721/2245/623
f 3724/2246/624 3726/2248/625 3725/2249/625 3723/2247/624
f 3726/2248/625 3728/2250/626 3727/2251/626 3725/2249/625
f 3728/2250/626 3730/2252/627 3729/2253/627 3727/2251/626
f 3730/2252/627 3732/2254/628 3731/2255/628 3729/2253/627
f 3732/2254/628 3734/2256/629 3733/2257/629 3731/2255/628
f 3734/2256/629 3736/2258/630 3735/2259/630 3733/2257/629
f 3736/2258/630 3738/2260/631 3737/2261/631 3735/2259/630
f 3738/2260/631 3740/2262/632 3739/2263/632 3737/2261/631
f 3740/2262/632 3742/2264/633 3741/2265/633 3739/2263/632
f 3742/2264/633 3744/2266/634 3743/2267/634 3741/2265/633
f 3744/2266/634 3746/2268/635 3745/682/635 3743/2267/634
f 3746/2268/635 3748/2269/359 3747/2270/359 3745/682/635
f 3748/2269/359 3750/2271/636 3749/2272/636 3747/2270/359
f 3750/2271/636 3752/2273/637 3751/2274/637 3749/2272/636
f 3752/2273/637 3754/2275/638 3753/2276/638 3751/2274/637
f 3754/2275/638 3756/2277/639 3755/2278/639 3753/2276/638
f 3756/2277/639 3758/2279/640 3757/2280/640 3755/2278/639
f 3758/2279/640 3760/2281/641 3759/2282/641 3757/2280/640
f 3760/2281/641 3762/2283/642 3761/2284/642 3759/2282/641
f 3762/2283/642 3764/2285/643 3763/2286/643 3761/2284/642
f 3764/2285/643 3766/2287/644 3765/2288/644 3763/2286/643
f 3766/2287/644 3768/2289/645 3767/2290/645 3765/2288/644
f 3768/2289/645 3770/2291/646 3769/2292/646 3767/2290/645
f 3770/2291/646 3772/2293/371 3771/2294/371 3769/2292/646
f 3772/2293/371 3774/2295/647 3773/2296/647 3771/2294/371
f 3774/2295/647 3776/2297/648 3775/2298/648 3773/2296/647
f 3776/2297/648 3778/2299/649 3777/2300/649 3775/2298/648
f 3778/2299/649 3780/2301/650 3779/2302/650 3777/2300/649
f 3780/2301/650 3782/2303/651 3781/2304/651 3779/2302/650
f 3782/2303/651 3784/2305/652 3783/2306/652 3781/2304/651
f 3784/2305/652 3786/2307/653 3785/2308/653 3783/2306/652
f 3786/2307/653 3788/2309/654 3787/2310/654 3785/2308/653
f 3788/2309/654 3790/2311/655 3789/2312/655 3787/2310/654
f 3790/2311/655 3792/2313/656 3791/2314/656 3789/2312/655
f 3792/2313/656 3794/2315/657 3793/2316/657 3791/2314/656
f 3794/2315/657 3796/2317/658 3795/2318/658 3793/2316/657
f 3796/2317/658 3798/2319/659 3797/2320/659 3795/2318/658
f 3798/2319/659 3800/2321/660 3799/2322/660 3797/2320/659
f 3800/2321/660 3802/2323/661 3801/2324/661 3799/2322/660
f 3802/2323/661 3804/2325/662 3803/2326/662 3801/2324/661
f 3804/2325/662 3806/2327/663 3805/2328/663 3803/2326/662
f 3806/2327/663 3808/2329/664 3807/2330/664 3805/2328/663
f 3808/2329/664 3810/2331/165 3809/2332/165 3807/2330/664
f 3810/2331/165 3812/1303/665 3811/939/665 3809/2332/165
f 3812/1303/665 3814/2333/167 3813/2334/167 3811/939/665
f 3814/2333/167 3816/2335/168 3815/2336/168 3813/2334/167
f 3816/2335/168 3818/2337/169 3817/2338/169 3815/2336/168
f 3818/2337/169 3820/2339/170 3819/2340/170 3817/2338/169
f 3820/2339/170 3822/2341/171 3821/2342/171 3819/2340/170
f 3822/2341/171 3824/2343/172 3823/2344/172 3821/2342/171
f 3824/2343/172 3826/2345/173 3825/2346/173 3823/2344/172
f 3826/2345/173 3828/2347/174 3827/2348/174 3825/2346/173
f 3828/2347/174 3830/2349/175 3829/2350/175 3827/2348/174
f 3830/2349/175 3832/2351/176 3831/2352/176 3829/2350/175
f 3832/2351/176 3834/2353/177 3833/2354/177 3831/2352/176
f 3834/2353/177 3836/2355/666 3835/2356/666 3833/2354/177
f 3836/2355/666 3838/2357/667 3837/2358/667 3835/2356/666
f 3838/2357/667 3840/2359/668 3839/2360/668 3837/2358/667
f 3840/2359/668 3842/2361/669 3841/2362/669 3839/2360/668
f 3842/2361/669 3844/2363/670 3843/2364/670 3841/2362/669
f 3844/2363/670 3846/2365/671 3845/2366/671 3843/2364/670
f 3846/2365/671 3848/2367/253 3847/2368/253 3845/2366/671
f 3848/2367/253 3850/2369/672 3849/2370/672 3847/2368/253
f 3850/2369/672 3852/2371/673 3851/2372/673 3849/2370/672
f 3852/2371/673 3854/2373/674 3853/2374/674 3851/2372/673
f 3854/2373/674 3856/2375/675 3855/2376/675 3853/2374/674
f 3856/2375/675 3858/2377/676 3857/2378/676 3855/2376/675
f 3858/2377/676 3860/2379/583 3859/2380/583 3857/2378/676
f 3860/2379/583 3862/2381/487 3861/2382/487 3859/2380/583
f 3862/2381/487 3864/2383/488 3863/2384/488 3861/2382/487
f 3864/2383/488 3866/2385/481 3865/2386/481 3863/2384/488
f 3866/2385/481 3868/2387/490 3867/2388/490 3865/2386/481
f 3868/2387/490 3870/2389/491 3869/2390/491 3867/2388/490
f 3870/2389/491 3872/2391/492 3871/2392/492 3869/2390/491
f 3872/2391/492 3874/2393/677 3873/2394/677 3871/2392/492
f 3874/2393/677 3876/2395/494 3875/2396/494 3873/2394/677
f 3876/2395/494 3878/2397/678 3877/707/678 3875/2396/494
f 3878/2397/678 3880/2398/496 3879/2399/496 3877/707/678
f 3880/2398/496 3882/2400/497 3881/2401/497 3879/2399/496
f 3882/2400/497 3884/2402/498 3883/2403/498 3881/2401/497
f 3884/2402/498 3886/2404/679 3885/2405/679 3883/2403/498
f 3886/2404/679 3888/2406/680 3887/2407/680 3885/2405/679
f 3888/2406/680 3890/2408/681 3889/2409/681 3887/2407/680
f 3890/2408/681 3892/2410/682 3891/2411/682 3889/2409/681
f 3892/2410/682 3894/2412/683 3893/2413/683 3891/2411/682
f 3894/2412/683 3896/2414/684 3895/2415/684 3893/2413/683
f 3896/2414/684 3898/2416/685 3897/2417/685 3895/2415/684
f 3898/2416/685 3900/2418/686 3899/2419/686 3897/2417/685
f 3900/2418/686 3902/2420/687 3901/2421/687 3899/2419/686
f 3902/2420/687 3904/2422/688 3903/2423/688 3901/2421/687
f 3904/2422/688 3906/2424/689 3905/2425/689 3903/2423/688
f 3906/2424/689 3908/2426/690 3907/2427/690 3905/2425/689
f 3908/2426/690 3910/2428/511 3909/2429/511 3907/2427/690
f 3910/2428/511 3912/2430/254 3911/2431/254 3909/2429/511
f 3912/2430/254 3914/2432/691 3913/2433/691 3911/2431/254
f 3914/2432/691 3916/2434/692 3915/2435/692 3913/2433/691
f 3916/2434/692 3918/2436/693 3917/2437/693 3915/2435/692
f 3918/2436/693 3920/2438/694 3919/2439/694 3917/2437/693
f 3920/2438/694 3922/2440/695 3921/2441/695 3919/2439/694
f 3922/2440/695 3924/2442/696 3923/2443/696 3921/2441/695
f 3924/2442/696 3926/2444/697 3925/2445/697 3923/2443/696
f 3926/2444/697 3928/2446/698 3927/2447/698 3925/2445/697
f 3928/2446/698 3930/2448/699 3929/2449/699 3927/2447/698
f 3930/2448/699 3932/2450/700 3931/2451/700 3929/2449/699
f 3932/2450/700 3934/2452/701 3933/2453/701 3931/2451/700
f 3934/2452/701 3936/2454/702 3935/2455/702 3933/2453/701
f 3936/2454/702 3938/2456/703 3937/2457/703 3935/2455/702
f 3938/2456/703 3940/2458/704 3939/2459/704 3937/2457/703
f 3940/2458/704 3942/2460/705 3941/2461/705 3939/2459/704
f 3942/2460/705 3944/2462/706 3943/956/706 3941/2461/705
f 3944/2462/706 3946/2463/707 3945/2464/707 3943/956/706
f 3946/2463/707 3948/2465/708 3947/2466/708 3945/2464/707
f 3948/2465/708 3950/2467/709 3949/2468/709 3947/2466/708
f 3950/2467/709 3952/2469/710 3951/2470/710 3949/2468/709
f 3952/2469/710 3954/2471/711 3953/2472/711 3951/2470/710
f 3954/2471/711 3956/2473/712 3955/2474/712 3953/2472/711
f 3956/2473/712 3958/2475/713 3957/2476/713 3955/2474/712
f 3958/2475/713 3960/2477/165 3959/2478/165 3957/2476/713
f 3960/2477/165 3962/2479/665 3961/2480/665 3959/2478/165
f 3962/2479/665 3964/2481/167 3963/2482/167 3961/2480/665
f 3964/2481/167 3966/2483/168 3965/2484/168 3963/2482/167
f 3966/2483/168 3968/2485/169 3967/2486/169 3965/2484/168
f 3968/2485/169 3970/2487/170 3969/2488/170 3967/2486/169
f 3970/2487/170 3972/2489/171 3971/2490/171 3969/2488/170
f 3972/2489/171 3974/2491/172 3973/2492/172 3971/2490/171
f 3974/2491/172 3976/2493/173 3975/2494/173 3973/2492/172
f 3976/2493/173 3978/2495/174 3977/2496/174 3975/2494/173
f 3978/2495/174 3980/2497/175 3979/2498/175 3977/2496/174
f 3980/2497/175 3982/2499/176 3981/2500/176 3979/2498/175
f 3982/2499/176 3984/2501/177 3983/2502/177 3981/2500/176
f 3984/2501/177 3986/2503/666 3985/2504/666 3983/2502/177
f 3986/2503/666 3988/2505/667 3987/2506/667 3985/2504/666
f 3988/2505/667 3990/2507/668 3989/2508/668 3987/2506/667
f 3990/2507/668 3992/2509/669 3991/2510/669 3989/2508/668
f 3992/2509/669 3994/2511/670 3993/2512/670 3991/2510/669
f 3994/2511/670 3996/2513/671 3995/2514/671 3993/2512/670
f 3996/2513/671 3998/2515/253 3997/2516/253 3995/2514/671
f 3998/2515/253 4000/2517/672 3999/2518/672 3997/2516/253
f 4000/2517/672 4002/2519/673 4001/2520/673 3999/2518/672
f 4002/2519/673 4004/2521/674 4003/2522/674 4001/2520/673
f 4004/2521/674 4006/2523/675 4005/2524/675 4003/2522/674
f 4006/2523/675 4008/2525/676 4007/2526/676 4005/2524/675
f 4008/2525/676 3614/1432/583 3613/83/583 4007/2526/676
f 4010/1174/8 4012/2527/714 4011/2528/714 4009/84/8
f 4012/2527/714 4014/2529/10 4013/2530/10 4011/2528/714
f 4014/2529/10 4016/2531/11 4015/2532/11 4013/2530/10
f 4016/2531/11 4018/2533/12 4017/2534/12 4015/2532/11
f 4018/2533/12 4020/2535/13 4019/2536/13 4017/2534/12
f 4020/2535/13 4022/2537/7 4021/2538/7 4019/2536/13
f 4022/2537/7 4024/2539/14 4023/2540/14 4021/2538/7
f 4024/2539/14 4026/1199/15 4025/1200/15 4023/2540/14
f 4026/1199/15 4028/2541/16 4027/2542/16 4025/1200/15
f 4028/2541/16 4030/2543/17 4029/1001/17 4027/2542/16
f 4030/2543/17 4032/2544/18 4031/2545/18 4029/1001/17
f 4032/2544/18 4034/2546/19 4033/2547/19 4031/2545/18
f 4034/2546/19 4036/2548/20 4035/2549/20 4033/2547/19
f 4036/2548/20 4038/2550/21 4037/2551/21 4035/2549/20
f 4038/2550/21 4040/2552/22 4039/2553/22 4037/2551/21
f 4040/2552/22 4042/1225/23 4041/1226/23 4039/2553/22
f 4042/1225/23 4044/2554/24 4043/2555/24 4041/1226/23
f 4044/2554/24 4046/2556/25 4045/2557/25 4043/2555/24
f 4046/2556/25 4048/2558/26 4047/2559/26 4045/2557/25
f 4048/2558/26 4050/1439/27 4049/860/27 4047/2559/26
f 4050/1439/27 4052/2560/28 4051/2561/28 4049/860/27
f 4052/2560/28 4054/2562/29 4053/2563/29 4051/2561/28
f 4054/2562/29 4056/2564/30 4055/2565/30 4053/2563/29
f 4056/2564/30 4058/1251/163 4057/1252/163 4055/2565/30
f 4058/1251/163 4060/2566/164 4059/2567/164 4057/1252/163
f 4060/2566/164 4062/2568/26 4061/2569/26 4059/2567/164
f 4062/2568/26 4064/2570/20 4063/2571/20 4061/2569/26
f 4064/2570/20 4066/2572/21 4065/2573/21 4063/2571/20
f 4066/2572/21 4068/2574/22 4067/2575/22 4065/2573/21
f 4068/2574/22 4070/2576/23 4069/891/23 4067/2575/22
f 4070/2576/23 4072/2577/24 4071/2578/24 4069/891/23
f 4072/2577/24 4074/1277/25 4073/1278/25 4071/2578/24
f 4074/1277/25 4076/2579/26 4075/2580/26 4073/1278/25
f 4076/2579/26 4078/2581/27 4077/2582/27 4075/2580/26
f 4078/2581/27 4080/2583/28 4079/2584/28 4077/2582/27
f 4080/2583/28 4082/2585/29 4081/2586/29 4079/2584/28
f 4082/2585/29 4084/2587/30 4083/2588/30 4081/2586/29
f 4084/2587/30 4086/2589/163 4085/2590/163 4083/2588/30
f 4086/2589/163 4088/2591/164 4087/2592/164 4085/2590/163
f 4088/2591/164 4090/1303/165 4089/939/165 4087/2592/164
f 4090/1303/165 4092/2593/665 4091/2594/665 4089/939/165
f 4092/2593/665 4094/2595/167 4093/2596/167 4091/2594/665
f 4094/2595/167 4096/2597/168 4095/2598/168 4093/2596/167
f 4096/2597/168 4098/2599/169 4097/2600/169 4095/2598/168
f 4098/2599/169 4100/2601/170 4099/2602/170 4097/2600/169
f 4100/2601/170 4102/2603/171 4101/2604/171 4099/2602/170
f 4102/2603/171 4104/2605/172 4103/2606/172 4101/2604/171
f 4104/2605/172 4106/1328/173 4105/1329/173 4103/2606/172
f 4106/1328/173 4108/2607/174 4107/2608/174 4105/1329/173
f 4108/2607/174 4110/2609/175 4109/987/175 4107/2608/174
f 4110/2609/175 4112/2610/176 4111/2611/176 4109/987/175
f 4112/2610/176 4114/2612/177 4113/2613/177 4111/2611/176
f 4114/2612/177 4116/2614/666 4115/2615/666 4113/2613/177
f 4116/2614/666 4118/2616/667 4117/2617/667 4115/2615/666
f 4118/2616/667 4120/2618/668 4119/2619/668 4117/2617/667
f 4120/2618/668 4122/1354/669 4121/1355/669 4119/2619/668
f 4122/1354/669 4124/2620/670 4123/2621/670 4121/1355/669
f 4124/2620/670 4126/2622/671 4125/2623/671 4123/2621/670
f 4126/2622/671 4128/2624/253 4127/2625/253 4125/2623/671
f 4128/2624/253 4130/1452/672 4129/973/672 4127/2625/253
f 4130/1452/672 4132/2626/673 4131/2627/673 4129/973/672
f 4132/2626/673 4134/2628/674 4133/2629/674 4131/2627/673
f 4134/2628/674 4136/2630/675 4135/2631/675 4133/2629/674
f 4136/2630/675 4138/1380/676 4137/1381/676 4135/2631/675
f 4138/1380/676 4140/2632/583 4139/2633/583 4137/1381/676
f 4140/2632/583 4142/2634/8 4141/2635/8 4139/2633/583
f 4142/2634/8 4144/2636/714 4143/2637/714 4141/2635/8
f 4144/2636/714 4146/2638/10 4145/2639/10 4143/2637/714
f 4146/2638/10 4148/2640/11 4147/2641/11 4145/2639/10
f 4148/2640/11 4150/2642/12 4149/922/12 4147/2641/11
f 4150/2642/12 4152/2643/13 4151/2644/13 4149/922/12
f 4152/2643/13 4154/1406/7 4153/1407/7 4151/2644/13
f 4154/1406/7 4156/2645/14 4155/2646/14 4153/1407/7
f 4156/2645/14 4158/2647/15 4157/2648/15 4155/2646/14
f 4158/2647/15 4160/2649/16 4159/2650/16 4157/2648/15
f 4160/2649/16 4162/2651/17 4161/2652/17 4159/2650/16
f 4162/2651/17 4164/2653/18 4163/2654/18 4161/2652/17
f 4164/2653/18 4166/2655/19 4165/2656/19 4163/2654/18
f 4166/2655/19 4168/2657/7 4167/2658/7 4165/2656/19
f 4168/2657/7 4010/1432/8 4009/83/8 4167/2658/7
f 4170/1174/8 4172/2659/9 4171/2660/9 4169/84/8
f 4172/2659/9 4174/2661/10 4173/2662/10 4171/2660/9
f 4174/2661/10 4176/2663/11 4175/2664/11 4173/2662/10
f 4176/2663/11 4178/2665/12 4177/2666/12 4175/2664/11
f 4178/2665/12 4180/2667/13 4179/2668/13 4177/2666/12
f 4180/2667/13 4182/2669/7 4181/2670/7 4179/2668/13
f 4182/2669/7 4184/1183/14 4183/1184/14 4181/2670/7
f 4184/1183/14 4186/2671/15 4185/2672/15 4183/1184/14
f 4186/2671/15 4188/2673/16 4187/2674/16 4185/2672/15
f 4188/2673/16 4190/2675/17 4189/2676/17 4187/2674/16
f 4190/2675/17 4192/2677/18 4191/2678/18 4189/2676/17
f 4192/2677/18 4194/2679/19 4193/2680/19 4191/2678/18
f 4194/2679/19 4196/1434/20 4195/1016/20 4193/2680/19
f 4196/1434/20 4198/1193/21 4197/1194/21 4195/1016/20
f 4198/1193/21 4200/2681/22 4199/2682/22 4197/1194/21
f 4200/2681/22 4202/2683/23 4201/2684/23 4199/2682/22
f 4202/2683/23 4204/2685/24 4203/2686/24 4201/2684/23
f 4204/2685/24 4206/2687/25 4205/2688/25 4203/2686/24
f 4206/2687/25 4208/2689/26 4207/2690/26 4205/2688/25
f 4208/2689/26 4210/2691/27 4209/2692/27 4207/2690/26
f 4210/2691/27 4212/1203/28 4211/1204/28 4209/2692/27
f 4212/1203/28 4214/2693/29 4213/2694/29 4211/1204/28
f 4214/2693/29 4216/2695/30 4215/2696/30 4213/2694/29
f 4216/2695/30 4218/2697/163 4217/2698/163 4215/2696/30
f 4218/2697/163 4220/2699/164 4219/2700/164 4217/2698/163
f 4220/2699/164 4222/1436/165 4221/995/165 4219/2700/164
f 4222/1436/165 4224/2701/665 4223/2702/665 4221/995/165
f 4224/2701/665 4226/1213/167 4225/1214/167 4223/2702/665
f 4226/1213/167 4228/2703/168 4227/2704/168 4225/1214/167
f 4228/2703/168 4230/2705/169 4229/2706/169 4227/2704/168
f 4230/2705/169 4232/2707/170 4231/2708/170 4229/2706/169
f 4232/2707/170 4234/2709/171 4233/2710/171 4231/2708/170
f 4234/2709/171 4236/2711/172 4235/2712/172 4233/2710/171
f 4236/2711/172 4238/2713/173 4237/2714/173 4235/2712/172
f 4238/2713/173 4240/1223/174 4239/1224/174 4237/2714/173
f 4240/1223/174 4242/2715/175 4241/2716/175 4239/1224/174
f 4242/2715/175 4244/2717/176 4243/2718/176 4241/2716/175
f 4244/2717/176 4246/2719/177 4245/2720/177 4243/2718/176
f 4246/2719/177 4248/1438/715 4247/857/715 4245/2720/177
f 4248/1438/715 4250/2721/716 4249/2722/716 4247/857/715
f 4250/2721/716 4252/2723/717 4251/2724/717 4249/2722/716
f 4252/2723/717 4254/1233/718 4253/1234/718 4251/2724/717
f 4254/1233/718 4256/2725/719 4255/2726/719 4253/1234/718
f 4256/2725/719 4258/2727/720 4257/2728/720 4255/2726/719
f 4258/2727/720 4260/2729/721 4259/2730/721 4257/2728/720
f 4260/2729/721 4262/2731/722 4261/2732/722 4259/2730/721
f 4262/2731/722 4264/2733/723 4263/2734/723 4261/2732/722
f 4264/2733/723 4266/2735/724 4265/2736/724 4263/2734/723
f 4266/2735/724 4268/1243/725 4267/1244/725 4265/2736/724
f 4268/1243/725 4270/2737/726 4269/2738/726 4267/1244/725
f 4270/2737/726 4272/2739/727 4271/2740/727 4269/2738/726
f 4272/2739/727 4274/1440/728 4273/872/728 4271/2740/727
f 4274/1440/728 4276/2741/729 4275/2742/729 4273/872/728
f 4276/2741/729 4278/2743/730 4277/2744/730 4275/2742/729
f 4278/2743/730 4280/2745/731 4279/2746/731 4277/2744/730
f 4280/2745/731 4282/1253/732 4281/1254/732 4279/2746/731
f 4282/1253/732 4284/2747/733 4283/2748/733 4281/1254/732
f 4284/2747/733 4286/2749/734 4285/2750/734 4283/2748/733
f 4286/2749/734 4288/2751/735 4287/2752/735 4285/2750/734
f 4288/2751/735 4290/2753/736 4289/2754/736 4287/2752/735
f 4290/2753/736 4292/2755/737 4291/2756/737 4289/2754/736
f 4292/2755/737 4294/2757/738 4293/2758/738 4291/2756/737
f 4294/2757/738 4296/1263/739 4295/1264/739 4293/2758/738
f 4296/1263/739 4298/2759/740 4297/2760/740 4295/1264/739
f 4298/2759/740 4300/1442/741 4299/888/741 4297/2760/740
f 4300/1442/741 4302/2761/742 4301/2762/742 4299/888/741
f 4302/2761/742 4304/2763/743 4303/2764/743 4301/2762/742
f 4304/2763/743 4306/2765/744 4305/2766/744 4303/2764/743
f 4306/2765/744 4308/2767/745 4307/2768/745 4305/2766/744
f 4308/2767/745 4310/1273/746 4309/1274/746 4307/2768/745
f 4310/1273/746 4312/2769/747 4311/2770/747 4309/1274/746
f 4312/2769/747 4314/2771/748 4313/2772/748 4311/2770/747
f 4314/2771/748 4316/2773/749 4315/2774/749 4313/2772/748
f 4316/2773/749 4318/2775/750 4317/2776/750 4315/2774/749
f 4318/2775/750 4320/2777/751 4319/2778/751 4317/2776/750
f 4320/2777/751 4322/2779/752 4321/2780/752 4319/2778/751
f 4322/2779/752 4324/1283/753 4323/1284/753 4321/2780/752
f 4324/1283/753 4326/1444/754 4325/927/754 4323/1284/753
f 4326/1444/754 4328/2781/755 4327/2782/755 4325/927/754
f 4328/2781/755 4330/2783/756 4329/2784/756 4327/2782/755
f 4330/2783/756 4332/2785/757 4331/2786/757 4329/2784/756
f 4332/2785/757 4334/2787/758 4333/2788/758 4331/2786/757
f 4334/2787/758 4336/2789/759 4335/2790/759 4333/2788/758
f 4336/2789/759 4338/1293/760 4337/1294/760 4335/2790/759
f 4338/1293/760 4340/2791/761 4339/2792/761 4337/1294/760
f 4340/2791/761 4342/2793/762 4341/2794/762 4339/2792/761
f 4342/2793/762 4344/2795/763 4343/2796/763 4341/2794/762
f 4344/2795/763 4346/2797/764 4345/2798/764 4343/2796/763
f 4346/2797/764 4348/2799/765 4347/2800/765 4345/2798/764
f 4348/2799/765 4350/2801/766 4349/2802/766 4347/2800/765
f 4350/2801/766 4352/1303/767 4351/939/767 4349/2802/766
f 4352/1303/767 4354/2803/61 4353/2804/61 4351/939/767
f 4354/2803/61 4356/2805/768 4355/2806/768 4353/2804/61
f 4356/2805/768 4358/2807/769 4357/2808/769 4355/2806/768
f 4358/2807/769 4360/2809/770 4359/2810/770 4357/2808/769
f 4360/2809/770 4362/2811/771 4361/2812/771 4359/2810/770
f 4362/2811/771 4364/2813/772 4363/2814/772 4361/2812/771
f 4364/2813/772 4366/1312/773 4365/1313/773 4363/2814/772
f 4366/1312/773 4368/2815/774 4367/2816/774 4365/1313/773
f 4368/2815/774 4370/2817/775 4369/2818/775 4367/2816/774
f 4370/2817/775 4372/2819/776 4371/2820/776 4369/2818/775
f 4372/2819/776 4374/2821/777 4373/2822/777 4371/2820/776
f 4374/2821/777 4376/2823/778 4375/2824/778 4373/2822/777
f 4376/2823/778 4378/1447/779 4377/951/779 4375/2824/778
f 4378/1447/779 4380/1322/780 4379/1323/780 4377/951/779
f 4380/1322/780 4382/2825/781 4381/2826/781 4379/1323/780
f 4382/2825/781 4384/2827/782 4383/2828/782 4381/2826/781
f 4384/2827/782 4386/2829/783 4385/2830/783 4383/2828/782
f 4386/2829/783 4388/2831/784 4387/2832/784 4385/2830/783
f 4388/2831/784 4390/2833/785 4389/2834/785 4387/2832/784
f 4390/2833/785 4392/2835/786 4391/2836/786 4389/2834/785
f 4392/2835/786 4394/1332/787 4393/1333/787 4391/2836/786
f 4394/1332/787 4396/2837/788 4395/2838/788 4393/1333/787
f 4396/2837/788 4398/2839/789 4397/2840/789 4395/2838/788
f 4398/2839/789 4400/2841/666 4399/2842/666 4397/2840/789
f 4400/2841/666 4402/2843/667 4401/2844/667 4399/2842/666
f 4402/2843/667 4404/1449/668 4403/990/668 4401/2844/667
f 4404/1449/668 4406/2845/669 4405/2846/669 4403/990/668
f 4406/2845/669 4408/1342/670 4407/1343/670 4405/2846/669
f 4408/1342/670 4410/2847/671 4409/2848/671 4407/1343/670
f 4410/2847/671 4412/2849/253 4411/2850/253 4409/2848/671
f 4412/2849/253 4414/2851/672 4413/2852/672 4411/2850/253
f 4414/2851/672 4416/2853/673 4415/2854/673 4413/2852/672
f 4416/2853/673 4418/2855/674 4417/2856/674 4415/2854/673
f 4418/2855/674 4420/2857/675 4419/2858/675 4417/2856/674
f 4420/2857/675 4422/1352/676 4421/1353/676 4419/2858/675
f 4422/1352/676 4424/2859/583 4423/2860/583 4421/1353/676
f 4424/2859/583 4426/2861/8 4425/2862/8 4423/2860/583
f 4426/2861/8 4428/2863/9 4427/2864/9 4425/2862/8
f 4428/2863/9 4430/1451/10 4429/979/10 4427/2864/9
f 4430/1451/10 4432/2865/11 4431/2866/11 4429/979/10
f 4432/2865/11 4434/2867/12 4433/2868/12 4431/2866/11
f 4434/2867/12 4436/1362/13 4435/1363/13 4433/2868/12
f 4436/1362/13 4438/2869/7 4437/2870/7 4435/1363/13
f 4438/2869/7 4440/2871/14 4439/2872/14 4437/2870/7
f 4440/2871/14 4442/2873/15 4441/2874/15 4439/2872/14
f 4442/2873/15 4444/2875/16 4443/2876/16 4441/2874/15
f 4444/2875/16 4446/2877/17 4445/2878/17 4443/2876/16
f 4446/2877/17 4448/2879/18 4447/2880/18 4445/2878/17
f 4448/2879/18 4450/1372/19 4449/1373/19 4447/2880/18
f 4450/1372/19 4452/2881/20 4451/2882/20 4449/1373/19
f 4452/2881/20 4454/2883/21 4453/2884/21 4451/2882/20
f 4454/2883/21 4456/1453/22 4455/965/22 4453/2884/21
f 4456/1453/22 4458/2885/23 4457/2886/23 4455/965/22
f 4458/2885/23 4460/2887/24 4459/2888/24 4457/2886/23
f 4460/2887/24 4462/2889/25 4461/2890/25 4459/2888/24
f 4462/2889/25 4464/1382/26 4463/1383/26 4461/2890/25
f 4464/1382/26 4466/2891/27 4465/2892/27 4463/1383/26
f 4466/2891/27 4468/2893/28 4467/2894/28 4465/2892/27
f 4468/2893/28 4470/2895/29 4469/2896/29 4467/2894/28
f 4470/2895/29 4472/2897/30 4471/2898/30 4469/2896/29
f 4472/2897/30 4474/2899/163 4473/2900/163 4471/2898/30
f 4474/2899/163 4476/2901/164 4475/2902/164 4473/2900/163
f 4476/2901/164 4478/1392/790 4477/1393/790 4475/2902/164
f 4478/1392/790 4480/2903/791 4479/2904/791 4477/1393/790
f 4480/2903/791 4482/1455/792 4481/925/792 4479/2904/791
f 4482/1455/792 4484/2905/793 4483/2906/793 4481/925/792
f 4484/2905/793 4486/2907/794 4485/2908/794 4483/2906/793
f 4486/2907/794 4488/2909/795 4487/2910/795 4485/2908/794
f 4488/2909/795 4490/2911/796 4489/2912/796 4487/2910/795
f 4490/2911/796 4492/1402/797 4491/1403/797 4489/2912/796
f 4492/1402/797 4494/2913/798 4493/2914/798 4491/1403/797
f 4494/2913/798 4496/2915/799 4495/2916/799 4493/2914/798
f 4496/2915/799 4498/2917/800 4497/2918/800 4495/2916/799
f 4498/2917/800 4500/2919/801 4499/2920/801 4497/2918/800
f 4500/2919/801 4502/2921/802 4501/2922/802 4499/2920/801
f 4502/2921/802 4504/2923/803 4503/2924/803 4501/2922/802
f 4504/2923/803 4506/1412/804 4505/1413/804 4503/2924/803
f 4506/1412/804 4508/1457/805 4507/907/805 4505/1413/804
f 4508/1457/805 4510/2925/806 4509/2926/806 4507/907/805
f 4510/2925/806 4512/2927/807 4511/2928/807 4509/2926/806
f 4512/2927/807 4514/2929/808 4513/2930/808 4511/2928/807
f 4514/2929/808 4516/2931/809 4515/2932/809 4513/2930/808
f 4516/2931/809 4518/2933/810 4517/2934/810 4515/2932/809
f 4518/2933/810 4520/1422/811 4519/1423/811 4517/2934/810
f 4520/1422/811 4522/2935/812 4521/2936/812 4519/1423/811
f 4522/2935/812 4524/2937/813 4523/2938/813 4521/2936/812
f 4524/2937/813 4526/2939/814 4525/2940/814 4523/2938/813
f 4526/2939/814 4528/2941/815 4527/2942/815 4525/2940/814
f 4528/2941/815 4530/2943/816 4529/2944/816 4527/2942/815
f 4530/2943/816 4532/2945/817 4531/2946/817 4529/2944/816
f 4532/2945/817 4170/1432/8 4169/83/8 4531/2946/817
f 4534/1174/8 4536/2947/714 4535/2948/714 4533/84/8
f 4536/2947/714 4538/2949/10 4537/2950/10 4535/2948/714
f 4538/2949/10 4540/2951/11 4539/2952/11 4537/2950/10
f 4540/2951/11 4542/2953/12 4541/2954/12 4539/2952/11
f 4542/2953/12 4544/2955/13 4543/2956/13 4541/2954/12
f 4544/2955/13 4546/2159/7 4545/2160/7 4543/2956/13
f 4546/2159/7 4548/2957/14 4547/2958/14 4545/2160/7
f 4548/2957/14 4550/2959/15 4549/2960/15 4547/2958/14
f 4550/2959/15 4552/2961/16 4551/1015/16 4549/2960/15
f 4552/2961/16 4554/2962/17 4553/2963/17 4551/1015/16
f 4554/2962/17 4556/2964/18 4555/2965/18 4553/2963/17
f 4556/2964/18 4558/2181/19 4557/2182/19 4555/2965/18
f 4558/2181/19 4560/2966/20 4559/2967/20 4557/2182/19
f 4560/2966/20 4562/2968/21 4561/2969/21 4559/2967/20
f 4562/2968/21 4564/2970/22 4563/2971/22 4561/2969/21
f 4564/2970/22 4566/2972/23 4565/2973/23 4563/2971/22
f 4566/2972/23 4568/2974/24 4567/2975/24 4565/2973/23
f 4568/2974/24 4570/2203/25 4569/873/25 4567/2975/24
f 4570/2203/25 4572/2976/26 4571/2977/26 4569/873/25
f 4572/2976/26 4574/2978/27 4573/2979/27 4571/2977/26
f 4574/2978/27 4576/2980/28 4575/2981/28 4573/2979/27
f 4576/2980/28 4578/2982/29 4577/2983/29 4575/2981/28
f 4578/2982/29 4580/2984/30 4579/2985/30 4577/2983/29
f 4580/2984/30 4582/2224/31 4581/2225/31 4579/2985/30
f 4582/2224/31 4584/2986/164 4583/2987/164 4581/2225/31
f 4584/2986/164 4586/2988/165 4585/2989/165 4583/2987/164
f 4586/2988/165 4588/1439/166 4587/860/166 4585/2989/165
f 4588/1439/166 4590/2990/167 4589/2991/167 4587/860/166
f 4590/2990/167 4592/2992/168 4591/2993/168 4589/2991/167
f 4592/2992/168 4594/2246/169 4593/2247/169 4591/2993/168
f 4594/2246/169 4596/2994/170 4595/2995/170 4593/2247/169
f 4596/2994/170 4598/2996/171 4597/2997/171 4595/2995/170
f 4598/2996/171 4600/2998/172 4599/2999/172 4597/2997/171
f 4600/2998/172 4602/3000/173 4601/3001/173 4599/2999/172
f 4602/3000/173 4604/3002/174 4603/3003/174 4601/3001/173
f 4604/3002/174 4606/2268/175 4605/682/175 4603/3003/174
f 4606/2268/175 4608/3004/176 4607/3005/176 4605/682/175
f 4608/3004/176 4610/3006/177 4609/3007/177 4607/3005/176
f 4610/3006/177 4612/3008/666 4611/3009/666 4609/3007/177
f 4612/3008/666 4614/3010/667 4613/3011/667 4611/3009/666
f 4614/3010/667 4616/3012/668 4615/3013/668 4613/3011/667
f 4616/3012/668 4618/2289/669 4617/2290/669 4615/3013/668
f 4618/2289/669 4620/3014/670 4619/3015/670 4617/2290/669
f 4620/3014/670 4622/3016/671 4621/3017/671 4619/3015/670
f 4622/3016/671 4624/3018/253 4623/916/253 4621/3017/671
f 4624/3018/253 4626/3019/672 4625/3020/672 4623/916/253
f 4626/3019/672 4628/3021/673 4627/3022/673 4625/3020/672
f 4628/3021/673 4630/2311/674 4629/2312/674 4627/3022/673
f 4630/2311/674 4632/3023/675 4631/3024/675 4629/2312/674
f 4632/3023/675 4634/3025/818 4633/3026/818 4631/3024/675
f 4634/3025/818 4636/3027/819 4635/3028/819 4633/3026/818
f 4636/3027/819 4638/3029/8 4637/3030/8 4635/3028/819
f 4638/3029/8 4640/3031/714 4639/3032/714 4637/3030/8
f 4640/3031/714 4642/1303/10 4641/939/10 4639/3032/714
f 4642/1303/10 4644/3033/11 4643/3034/11 4641/939/10
f 4644/3033/11 4646/3035/12 4645/3036/12 4643/3034/11
f 4646/3035/12 4648/3037/13 4647/3038/13 4645/3036/12
f 4648/3037/13 4650/3039/7 4649/3040/7 4647/3038/13
f 4650/3039/7 4652/3041/14 4651/3042/14 4649/3040/7
f 4652/3041/14 4654/2353/15 4653/2354/15 4651/3042/14
f 4654/2353/15 4656/3043/16 4655/3044/16 4653/2354/15
f 4656/3043/16 4658/3045/17 4657/3046/17 4655/3044/16
f 4658/3045/17 4660/3047/18 4659/954/18 4657/3046/17
f 4660/3047/18 4662/3048/19 4661/3049/19 4659/954/18
f 4662/3048/19 4664/3050/7 4663/3051/7 4661/3049/19
f 4664/3050/7 4666/2375/253 4665/2376/253 4663/3051/7
f 4666/2375/253 4668/3052/666 4667/3053/666 4665/2376/253
f 4668/3052/666 4670/3054/667 4669/3055/667 4667/3053/666
f 4670/3054/667 4672/3056/668 4671/3057/668 4669/3055/667
f 4672/3056/668 4674/3058/669 4673/3059/669 4671/3057/668
f 4674/3058/669 4676/3060/670 4675/3061/670 4673/3059/669
f 4676/3060/670 4678/2397/671 4677/707/671 4675/3061/670
f 4678/2397/671 4680/3062/253 4679/3063/253 4677/707/671
f 4680/3062/253 4682/3064/672 4681/3065/672 4679/3063/253
f 4682/3064/672 4684/3066/673 4683/3067/673 4681/3065/672
f 4684/3066/673 4686/3068/674 4685/3069/674 4683/3067/673
f 4686/3068/674 4688/3070/675 4687/3071/675 4685/3069/674
f 4688/3070/675 4690/2418/818 4689/2419/818 4687/3071/675
f 4690/2418/818 4692/3072/583 4691/3073/583 4689/2419/818
f 4692/3072/583 4694/3074/8 4693/3075/8 4691/3073/583
f 4694/3074/8 4696/1452/9 4695/973/9 4693/3075/8
f 4696/1452/9 4698/3076/10 4697/3077/10 4695/973/9
f 4698/3076/10 4700/3078/11 4699/3079/11 4697/3077/10
f 4700/3078/11 4702/2440/12 4701/2441/12 4699/3079/11
f 4702/2440/12 4704/3080/13 4703/3081/13 4701/2441/12
f 4704/3080/13 4706/3082/7 4705/3083/7 4703/3081/13
f 4706/3082/7 4708/3084/14 4707/3085/14 4705/3083/7
f 4708/3084/14 4710/3086/15 4709/3087/15 4707/3085/14
f 4710/3086/15 4712/3088/16 4711/3089/16 4709/3087/15
f 4712/3088/16 4714/2462/17 4713/956/17 4711/3089/16
f 4714/2462/17 4716/3090/18 4715/3091/18 4713/956/17
f 4716/3090/18 4718/3092/19 4717/3093/19 4715/3091/18
f 4718/3092/19 4720/3094/7 4719/3095/7 4717/3093/19
f 4720/3094/7 4722/3096/253 4721/3097/253 4719/3095/7
f 4722/3096/253 4724/3098/666 4723/3099/666 4721/3097/253
f 4724/3098/666 4726/2483/667 4725/2484/667 4723/3099/666
f 4726/2483/667 4728/3100/668 4727/3101/668 4725/2484/667
f 4728/3100/668 4730/3102/669 4729/3103/669 4727/3101/668
f 4730/3102/669 4732/3104/670 4731/912/670 4729/3103/669
f 4732/3104/670 4734/3105/671 4733/3106/671 4731/912/670
f 4734/3105/671 4736/3107/253 4735/3108/253 4733/3106/671
f 4736/3107/253 4738/2505/672 4737/2506/672 4735/3108/253
f 4738/2505/672 4740/3109/673 4739/3110/673 4737/2506/672
f 4740/3109/673 4742/3111/674 4741/3112/674 4739/3110/673
f 4742/3111/674 4744/3113/675 4743/3114/675 4741/3112/674
f 4744/3113/675 4746/3115/818 4745/3116/818 4743/3114/675
f 4746/3115/818 4748/3117/819 4747/3118/819 4745/3116/818
f 4748/3117/819 4534/1432/8 4533/83/8 4747/3118/819
