# Blender 4.5.0
# www.blender.org
mtllib arrow.mtl
o Text
v 0.100000 0.290207 -0.077194
v 0.100000 0.292074 -0.076098
v 0.100000 0.294017 -0.075028
v 0.100000 0.296036 -0.073986
v 0.100000 0.298131 -0.072971
v 0.100000 0.300303 -0.071983
v 0.100000 0.302550 -0.071023
v 0.100000 0.304874 -0.070089
v 0.100000 0.307274 -0.069183
v 0.100000 0.309750 -0.068304
v 0.100000 0.312303 -0.067453
v 0.100000 0.314932 -0.066628
v 0.100000 0.317636 -0.065831
v 0.100000 0.466931 -0.023119
v 0.100000 0.469184 -0.022784
v 0.100000 0.471241 -0.022695
v 0.100000 0.473103 -0.022850
v 0.100000 0.474768 -0.023250
v 0.100000 0.476237 -0.023895
v 0.100000 0.477511 -0.024784
v 0.100000 0.478589 -0.025919
v 0.100000 0.479470 -0.027299
v 0.100000 0.480156 -0.028923
v 0.100000 0.480646 -0.030793
v 0.100000 0.480940 -0.032907
v 0.100000 0.481038 -0.035266
v 0.100000 0.481038 -0.086991
v 0.100000 0.481015 -0.088267
v 0.100000 0.480945 -0.089483
v 0.100000 0.480830 -0.090640
v 0.100000 0.480668 -0.091736
v 0.100000 0.480459 -0.092773
v 0.100000 0.480205 -0.093750
v 0.100000 0.479904 -0.094667
v 0.100000 0.479557 -0.095524
v 0.100000 0.479164 -0.096322
v 0.100000 0.478725 -0.097059
v 0.100000 0.478239 -0.097737
v 0.100000 0.477707 -0.098354
v 0.100000 0.477123 -0.098926
v 0.100000 0.476482 -0.099464
v 0.100000 0.475784 -0.099971
v 0.100000 0.475029 -0.100444
v 0.100000 0.474217 -0.100885
v 0.100000 0.473348 -0.101293
v 0.100000 0.472421 -0.101669
v 0.100000 0.471437 -0.102011
v 0.100000 0.470396 -0.102322
v 0.100000 0.469298 -0.102599
v 0.100000 0.468143 -0.102844
v 0.100000 0.466931 -0.103056
v 0.100000 0.354470 -0.133229
v 0.100000 0.353774 -0.133365
v 0.100000 0.353121 -0.133512
v 0.100000 0.352511 -0.133670
v 0.100000 0.351945 -0.133838
v 0.100000 0.351423 -0.134018
v 0.100000 0.350944 -0.134208
v 0.100000 0.350508 -0.134410
v 0.100000 0.350116 -0.134622
v 0.100000 0.349768 -0.134845
v 0.100000 0.349463 -0.135079
v 0.100000 0.349202 -0.135324
v 0.100000 0.348984 -0.135580
v 0.100000 0.348797 -0.135855
v 0.100000 0.348625 -0.136157
v 0.100000 0.348470 -0.136486
v 0.100000 0.348331 -0.136843
v 0.100000 0.348209 -0.137226
v 0.100000 0.348103 -0.137637
v 0.100000 0.348013 -0.138075
v 0.100000 0.347939 -0.138541
v 0.100000 0.347882 -0.139033
v 0.100000 0.347842 -0.139553
v 0.100000 0.347817 -0.140100
v 0.100000 0.347809 -0.140674
v 0.100000 0.347817 -0.141248
v 0.100000 0.347842 -0.141795
v 0.100000 0.347882 -0.142315
v 0.100000 0.347939 -0.142807
v 0.100000 0.348013 -0.143273
v 0.100000 0.348103 -0.143711
v 0.100000 0.348209 -0.144122
v 0.100000 0.348331 -0.144505
v 0.100000 0.348470 -0.144862
v 0.100000 0.348625 -0.145191
v 0.100000 0.348797 -0.145493
v 0.100000 0.348984 -0.145768
v 0.100000 0.349202 -0.146024
v 0.100000 0.349463 -0.146269
v 0.100000 0.349768 -0.146503
v 0.100000 0.350116 -0.146726
v 0.100000 0.350508 -0.146938
v 0.100000 0.350944 -0.147140
v 0.100000 0.351423 -0.147330
v 0.100000 0.351945 -0.147510
v 0.100000 0.352511 -0.147678
v 0.100000 0.353121 -0.147836
v 0.100000 0.353774 -0.147983
v 0.100000 0.354470 -0.148119
v 0.100000 0.466931 -0.178292
v 0.100000 0.468143 -0.178505
v 0.100000 0.469299 -0.178754
v 0.100000 0.470397 -0.179038
v 0.100000 0.471437 -0.179358
v 0.100000 0.472421 -0.179713
v 0.100000 0.473348 -0.180104
v 0.100000 0.474217 -0.180530
v 0.100000 0.475029 -0.180991
v 0.100000 0.475784 -0.181488
v 0.100000 0.476482 -0.182020
v 0.100000 0.477123 -0.182587
v 0.100000 0.477707 -0.183190
v 0.100000 0.478239 -0.183836
v 0.100000 0.478725 -0.184534
v 0.100000 0.479164 -0.185284
v 0.100000 0.479557 -0.186085
v 0.100000 0.479904 -0.186938
v 0.100000 0.480205 -0.187843
v 0.100000 0.480459 -0.188799
v 0.100000 0.480668 -0.189808
v 0.100000 0.480830 -0.190867
v 0.100000 0.480945 -0.191979
v 0.100000 0.481015 -0.193142
v 0.100000 0.481038 -0.194357
v 0.100000 0.481038 -0.246082
v 0.100000 0.480940 -0.248441
v 0.100000 0.480646 -0.250555
v 0.100000 0.480156 -0.252425
v 0.100000 0.479470 -0.254049
v 0.100000 0.478589 -0.255429
v 0.100000 0.477511 -0.256563
v 0.100000 0.476237 -0.257453
v 0.100000 0.474768 -0.258098
v 0.100000 0.473103 -0.258498
v 0.100000 0.471241 -0.258653
v 0.100000 0.469184 -0.258564
v 0.100000 0.466931 -0.258229
v 0.100000 0.317636 -0.215517
v 0.100000 0.314932 -0.214720
v 0.100000 0.312303 -0.213895
v 0.100000 0.309750 -0.213044
v 0.100000 0.307274 -0.212165
v 0.100000 0.304874 -0.211259
v 0.100000 0.302550 -0.210325
v 0.100000 0.300303 -0.209365
v 0.100000 0.298131 -0.208377
v 0.100000 0.296036 -0.207362
v 0.100000 0.294017 -0.206320
v 0.100000 0.292074 -0.205250
v 0.100000 0.290207 -0.204154
v 0.100000 0.288415 -0.203009
v 0.100000 0.286697 -0.201797
v 0.100000 0.285052 -0.200517
v 0.100000 0.283480 -0.199168
v 0.100000 0.281982 -0.197752
v 0.100000 0.280558 -0.196268
v 0.100000 0.279207 -0.194715
v 0.100000 0.277929 -0.193095
v 0.100000 0.276725 -0.191406
v 0.100000 0.275594 -0.189650
v 0.100000 0.274537 -0.187825
v 0.100000 0.273553 -0.185933
v 0.100000 0.272646 -0.183950
v 0.100000 0.271817 -0.181856
v 0.100000 0.271068 -0.179651
v 0.100000 0.270397 -0.177334
v 0.100000 0.269805 -0.174905
v 0.100000 0.269292 -0.172365
v 0.100000 0.268858 -0.169713
v 0.100000 0.268503 -0.166950
v 0.100000 0.268227 -0.164075
v 0.100000 0.268029 -0.161088
v 0.100000 0.267911 -0.157990
v 0.100000 0.267872 -0.154781
v 0.100000 0.267872 -0.126567
v 0.100000 0.267911 -0.123419
v 0.100000 0.268029 -0.120374
v 0.100000 0.268227 -0.117432
v 0.100000 0.268503 -0.114594
v 0.100000 0.268858 -0.111859
v 0.100000 0.269292 -0.109228
v 0.100000 0.269805 -0.106700
v 0.100000 0.270397 -0.104276
v 0.100000 0.271068 -0.101954
v 0.100000 0.271817 -0.099737
v 0.100000 0.272646 -0.097622
v 0.100000 0.273553 -0.095611
v 0.100000 0.274537 -0.093687
v 0.100000 0.275594 -0.091834
v 0.100000 0.276725 -0.090052
v 0.100000 0.277929 -0.088340
v 0.100000 0.279207 -0.086699
v 0.100000 0.280558 -0.085129
v 0.100000 0.281982 -0.083630
v 0.100000 0.283480 -0.082201
v 0.100000 0.285052 -0.080843
v 0.100000 0.286697 -0.079556
v 0.100000 0.288415 -0.078340
v 0.100000 0.569988 -0.077194
v 0.100000 0.571854 -0.076098
v 0.100000 0.573797 -0.075028
v 0.100000 0.575816 -0.073986
v 0.100000 0.577912 -0.072971
v 0.100000 0.580083 -0.071983
v 0.100000 0.582331 -0.071023
v 0.100000 0.584655 -0.070089
v 0.100000 0.587055 -0.069183
v 0.100000 0.589531 -0.068304
v 0.100000 0.592083 -0.067453
v 0.100000 0.594712 -0.066628
v 0.100000 0.597417 -0.065831
v 0.100000 0.746712 -0.023119
v 0.100000 0.748965 -0.022784
v 0.100000 0.751022 -0.022695
v 0.100000 0.752883 -0.022850
v 0.100000 0.754549 -0.023250
v 0.100000 0.756018 -0.023895
v 0.100000 0.757292 -0.024784
v 0.100000 0.758369 -0.025919
v 0.100000 0.759251 -0.027299
v 0.100000 0.759937 -0.028923
v 0.100000 0.760426 -0.030793
v 0.100000 0.760720 -0.032907
v 0.100000 0.760818 -0.035266
v 0.100000 0.760818 -0.086991
v 0.100000 0.760795 -0.088267
v 0.100000 0.760726 -0.089483
v 0.100000 0.760610 -0.090640
v 0.100000 0.760448 -0.091736
v 0.100000 0.760240 -0.092773
v 0.100000 0.759986 -0.093750
v 0.100000 0.759685 -0.094667
v 0.100000 0.759338 -0.095524
v 0.100000 0.758945 -0.096322
v 0.100000 0.758505 -0.097059
v 0.100000 0.758020 -0.097737
v 0.100000 0.757488 -0.098354
v 0.100000 0.756904 -0.098926
v 0.100000 0.756263 -0.099464
v 0.100000 0.755565 -0.099971
v 0.100000 0.754810 -0.100444
v 0.100000 0.753998 -0.100885
v 0.100000 0.753128 -0.101293
v 0.100000 0.752202 -0.101669
v 0.100000 0.751218 -0.102011
v 0.100000 0.750177 -0.102322
v 0.100000 0.749079 -0.102599
v 0.100000 0.747924 -0.102844
v 0.100000 0.746712 -0.103056
v 0.100000 0.634251 -0.133229
v 0.100000 0.633554 -0.133365
v 0.100000 0.632901 -0.133512
v 0.100000 0.632292 -0.133670
v 0.100000 0.631726 -0.133838
v 0.100000 0.631203 -0.134018
v 0.100000 0.630724 -0.134208
v 0.100000 0.630289 -0.134410
v 0.100000 0.629897 -0.134622
v 0.100000 0.629549 -0.134845
v 0.100000 0.629244 -0.135079
v 0.100000 0.628983 -0.135324
v 0.100000 0.628765 -0.135580
v 0.100000 0.628577 -0.135855
v 0.100000 0.628406 -0.136157
v 0.100000 0.628251 -0.136486
v 0.100000 0.628112 -0.136843
v 0.100000 0.627989 -0.137226
v 0.100000 0.627883 -0.137637
v 0.100000 0.627793 -0.138075
v 0.100000 0.627720 -0.138541
v 0.100000 0.627663 -0.139033
v 0.100000 0.627622 -0.139553
v 0.100000 0.627598 -0.140100
v 0.100000 0.627589 -0.140674
v 0.100000 0.627598 -0.141248
v 0.100000 0.627622 -0.141795
v 0.100000 0.627663 -0.142315
v 0.100000 0.627720 -0.142807
v 0.100000 0.627793 -0.143273
v 0.100000 0.627883 -0.143711
v 0.100000 0.627989 -0.144122
v 0.100000 0.628112 -0.144505
v 0.100000 0.628251 -0.144862
v 0.100000 0.628406 -0.145191
v 0.100000 0.628577 -0.145493
v 0.100000 0.628765 -0.145768
v 0.100000 0.628983 -0.146024
v 0.100000 0.629244 -0.146269
v 0.100000 0.629549 -0.146503
v 0.100000 0.629897 -0.146726
v 0.100000 0.630289 -0.146938
v 0.100000 0.630724 -0.147140
v 0.100000 0.631203 -0.147330
v 0.100000 0.631726 -0.147510
v 0.100000 0.632292 -0.147678
v 0.100000 0.632901 -0.147836
v 0.100000 0.633554 -0.147983
v 0.100000 0.634251 -0.148119
v 0.100000 0.746712 -0.178292
v 0.100000 0.747924 -0.178505
v 0.100000 0.749079 -0.178754
v 0.100000 0.750177 -0.179038
v 0.100000 0.751218 -0.179358
v 0.100000 0.752202 -0.179713
v 0.100000 0.753128 -0.180104
v 0.100000 0.753998 -0.180530
v 0.100000 0.754810 -0.180991
v 0.100000 0.755565 -0.181488
v 0.100000 0.756263 -0.182020
v 0.100000 0.756904 -0.182587
v 0.100000 0.757488 -0.183190
v 0.100000 0.758020 -0.183836
v 0.100000 0.758505 -0.184534
v 0.100000 0.758945 -0.185284
v 0.100000 0.759338 -0.186085
v 0.100000 0.759685 -0.186938
v 0.100000 0.759986 -0.187843
v 0.100000 0.760240 -0.188799
v 0.100000 0.760448 -0.189808
v 0.100000 0.760610 -0.190867
v 0.100000 0.760726 -0.191979
v 0.100000 0.760795 -0.193142
v 0.100000 0.760818 -0.194357
v 0.100000 0.760818 -0.246082
v 0.100000 0.760720 -0.248441
v 0.100000 0.760426 -0.250555
v 0.100000 0.759937 -0.252425
v 0.100000 0.759251 -0.254049
v 0.100000 0.758369 -0.255429
v 0.100000 0.757292 -0.256563
v 0.100000 0.756018 -0.257453
v 0.100000 0.754549 -0.258098
v 0.100000 0.752883 -0.258498
v 0.100000 0.751022 -0.258653
v 0.100000 0.748965 -0.258564
v 0.100000 0.746712 -0.258229
v 0.100000 0.597417 -0.215517
v 0.100000 0.594712 -0.214720
v 0.100000 0.592083 -0.213895
v 0.100000 0.589531 -0.213044
v 0.100000 0.587055 -0.212165
v 0.100000 0.584655 -0.211259
v 0.100000 0.582331 -0.210325
v 0.100000 0.580083 -0.209365
v 0.100000 0.577912 -0.208377
v 0.100000 0.575816 -0.207362
v 0.100000 0.573797 -0.206320
v 0.100000 0.571854 -0.205250
v 0.100000 0.569988 -0.204154
v 0.100000 0.568196 -0.203009
v 0.100000 0.566477 -0.201797
v 0.100000 0.564832 -0.200517
v 0.100000 0.563261 -0.199168
v 0.100000 0.561763 -0.197752
v 0.100000 0.560338 -0.196268
v 0.100000 0.558987 -0.194715
v 0.100000 0.557710 -0.193095
v 0.100000 0.556506 -0.191406
v 0.100000 0.555375 -0.189650
v 0.100000 0.554318 -0.187825
v 0.100000 0.553334 -0.185933
v 0.100000 0.552426 -0.183950
v 0.100000 0.551598 -0.181856
v 0.100000 0.550848 -0.179651
v 0.100000 0.550177 -0.177334
v 0.100000 0.549585 -0.174905
v 0.100000 0.549072 -0.172365
v 0.100000 0.548638 -0.169713
v 0.100000 0.548283 -0.166950
v 0.100000 0.548007 -0.164075
v 0.100000 0.547810 -0.161088
v 0.100000 0.547691 -0.157990
v 0.100000 0.547652 -0.154781
v 0.100000 0.547652 -0.126567
v 0.100000 0.547692 -0.123419
v 0.100000 0.547810 -0.120374
v 0.100000 0.548007 -0.117432
v 0.100000 0.548283 -0.114594
v 0.100000 0.548639 -0.111859
v 0.100000 0.549073 -0.109228
v 0.100000 0.549586 -0.106700
v 0.100000 0.550177 -0.104276
v 0.100000 0.550848 -0.101954
v 0.100000 0.551598 -0.099737
v 0.100000 0.552427 -0.097622
v 0.100000 0.553334 -0.095611
v 0.100000 0.554318 -0.093687
v 0.100000 0.555375 -0.091834
v 0.100000 0.556505 -0.090052
v 0.100000 0.557710 -0.088340
v 0.100000 0.558987 -0.086699
v 0.100000 0.560338 -0.085129
v 0.100000 0.561763 -0.083630
v 0.100000 0.563261 -0.082201
v 0.100000 0.564832 -0.080843
v 0.100000 0.566477 -0.079556
v 0.100000 0.568196 -0.078340
v 0.100000 0.849768 -0.077194
v 0.100000 0.851635 -0.076098
v 0.100000 0.853578 -0.075028
v 0.100000 0.855597 -0.073986
v 0.100000 0.857692 -0.072971
v 0.100000 0.859864 -0.071983
v 0.100000 0.862111 -0.071023
v 0.100000 0.864435 -0.070089
v 0.100000 0.866835 -0.069183
v 0.100000 0.869312 -0.068304
v 0.100000 0.871864 -0.067453
v 0.100000 0.874493 -0.066628
v 0.100000 0.877198 -0.065831
v 0.100000 1.026492 -0.023119
v 0.100000 1.028745 -0.022784
v 0.100000 1.030803 -0.022695
v 0.100000 1.032664 -0.022850
v 0.100000 1.034329 -0.023250
v 0.100000 1.035799 -0.023895
v 0.100000 1.037072 -0.024784
v 0.100000 1.038150 -0.025919
v 0.100000 1.039031 -0.027299
v 0.100000 1.039717 -0.028923
v 0.100000 1.040207 -0.030793
v 0.100000 1.040501 -0.032907
v 0.100000 1.040599 -0.035266
v 0.100000 1.040599 -0.086991
v 0.100000 1.040576 -0.088267
v 0.100000 1.040506 -0.089483
v 0.100000 1.040391 -0.090640
v 0.100000 1.040229 -0.091736
v 0.100000 1.040021 -0.092773
v 0.100000 1.039766 -0.093750
v 0.100000 1.039465 -0.094667
v 0.100000 1.039119 -0.095524
v 0.100000 1.038725 -0.096322
v 0.100000 1.038286 -0.097059
v 0.100000 1.037800 -0.097737
v 0.100000 1.037268 -0.098354
v 0.100000 1.036684 -0.098926
v 0.100000 1.036044 -0.099464
v 0.100000 1.035346 -0.099971
v 0.100000 1.034590 -0.100444
v 0.100000 1.033778 -0.100885
v 0.100000 1.032909 -0.101293
v 0.100000 1.031982 -0.101669
v 0.100000 1.030998 -0.102011
v 0.100000 1.029958 -0.102322
v 0.100000 1.028860 -0.102599
v 0.100000 1.027704 -0.102844
v 0.100000 1.026492 -0.103056
v 0.100000 0.914031 -0.133229
v 0.100000 0.913335 -0.133365
v 0.100000 0.912682 -0.133512
v 0.100000 0.912072 -0.133670
v 0.100000 0.911506 -0.133838
v 0.100000 0.910984 -0.134018
v 0.100000 0.910505 -0.134208
v 0.100000 0.910069 -0.134410
v 0.100000 0.909678 -0.134622
v 0.100000 0.909329 -0.134845
v 0.100000 0.909024 -0.135079
v 0.100000 0.908763 -0.135324
v 0.100000 0.908546 -0.135580
v 0.100000 0.908358 -0.135855
v 0.100000 0.908186 -0.136157
v 0.100000 0.908031 -0.136486
v 0.100000 0.907892 -0.136843
v 0.100000 0.907770 -0.137226
v 0.100000 0.907664 -0.137637
v 0.100000 0.907574 -0.138075
v 0.100000 0.907501 -0.138541
v 0.100000 0.907443 -0.139033
v 0.100000 0.907403 -0.139553
v 0.100000 0.907378 -0.140100
v 0.100000 0.907370 -0.140674
v 0.100000 0.907378 -0.141248
v 0.100000 0.907403 -0.141795
v 0.100000 0.907443 -0.142315
v 0.100000 0.907501 -0.142807
v 0.100000 0.907574 -0.143273
v 0.100000 0.907664 -0.143711
v 0.100000 0.907770 -0.144122
v 0.100000 0.907892 -0.144505
v 0.100000 0.908031 -0.144862
v 0.100000 0.908186 -0.145191
v 0.100000 0.908358 -0.145493
v 0.100000 0.908546 -0.145768
v 0.100000 0.908763 -0.146024
v 0.100000 0.909024 -0.146269
v 0.100000 0.909329 -0.146503
v 0.100000 0.909678 -0.146726
v 0.100000 0.910069 -0.146938
v 0.100000 0.910505 -0.147140
v 0.100000 0.910984 -0.147330
v 0.100000 0.911506 -0.147510
v 0.100000 0.912072 -0.147678
v 0.100000 0.912682 -0.147836
v 0.100000 0.913335 -0.147983
v 0.100000 0.914031 -0.148119
v 0.100000 1.026492 -0.178292
v 0.100000 1.027704 -0.178505
v 0.100000 1.028860 -0.178754
v 0.100000 1.029958 -0.179038
v 0.100000 1.030998 -0.179358
v 0.100000 1.031982 -0.179713
v 0.100000 1.032909 -0.180104
v 0.100000 1.033778 -0.180530
v 0.100000 1.034590 -0.180991
v 0.100000 1.035346 -0.181488
v 0.100000 1.036044 -0.182020
v 0.100000 1.036684 -0.182587
v 0.100000 1.037268 -0.183190
v 0.100000 1.037800 -0.183836
v 0.100000 1.038286 -0.184534
v 0.100000 1.038725 -0.185284
v 0.100000 1.039119 -0.186085
v 0.100000 1.039465 -0.186938
v 0.100000 1.039766 -0.187843
v 0.100000 1.040021 -0.188799
v 0.100000 1.040229 -0.189808
v 0.100000 1.040391 -0.190867
v 0.100000 1.040506 -0.191979
v 0.100000 1.040576 -0.193142
v 0.100000 1.040599 -0.194357
v 0.100000 1.040599 -0.246082
v 0.100000 1.040501 -0.248441
v 0.100000 1.040207 -0.250555
v 0.100000 1.039717 -0.252425
v 0.100000 1.039031 -0.254049
v 0.100000 1.038150 -0.255429
v 0.100000 1.037072 -0.256563
v 0.100000 1.035799 -0.257453
v 0.100000 1.034329 -0.258098
v 0.100000 1.032664 -0.258498
v 0.100000 1.030803 -0.258653
v 0.100000 1.028745 -0.258564
v 0.100000 1.026492 -0.258229
v 0.100000 0.877198 -0.215517
v 0.100000 0.874493 -0.214720
v 0.100000 0.871864 -0.213895
v 0.100000 0.869312 -0.213044
v 0.100000 0.866835 -0.212165
v 0.100000 0.864435 -0.211259
v 0.100000 0.862111 -0.210325
v 0.100000 0.859864 -0.209365
v 0.100000 0.857692 -0.208377
v 0.100000 0.855597 -0.207362
v 0.100000 0.853578 -0.206320
v 0.100000 0.851635 -0.205250
v 0.100000 0.849768 -0.204154
v 0.100000 0.847976 -0.203009
v 0.100000 0.846258 -0.201797
v 0.100000 0.844613 -0.200517
v 0.100000 0.843041 -0.199168
v 0.100000 0.841543 -0.197752
v 0.100000 0.840119 -0.196268
v 0.100000 0.838768 -0.194715
v 0.100000 0.837490 -0.193095
v 0.100000 0.836286 -0.191406
v 0.100000 0.835155 -0.189650
v 0.100000 0.834098 -0.187825
v 0.100000 0.833115 -0.185933
v 0.100000 0.832207 -0.183950
v 0.100000 0.831378 -0.181856
v 0.100000 0.830629 -0.179651
v 0.100000 0.829958 -0.177334
v 0.100000 0.829366 -0.174905
v 0.100000 0.828853 -0.172365
v 0.100000 0.828419 -0.169713
v 0.100000 0.828064 -0.166950
v 0.100000 0.827788 -0.164075
v 0.100000 0.827590 -0.161088
v 0.100000 0.827472 -0.157990
v 0.100000 0.827433 -0.154781
v 0.100000 0.827433 -0.126567
v 0.100000 0.827472 -0.123419
v 0.100000 0.827591 -0.120374
v 0.100000 0.827788 -0.117432
v 0.100000 0.828064 -0.114594
v 0.100000 0.828419 -0.111859
v 0.100000 0.828853 -0.109228
v 0.100000 0.829366 -0.106700
v 0.100000 0.829958 -0.104276
v 0.100000 0.830629 -0.101954
v 0.100000 0.831378 -0.099737
v 0.100000 0.832207 -0.097622
v 0.100000 0.833115 -0.095611
v 0.100000 0.834098 -0.093687
v 0.100000 0.835155 -0.091834
v 0.100000 0.836286 -0.090052
v 0.100000 0.837490 -0.088340
v 0.100000 0.838768 -0.086699
v 0.100000 0.840119 -0.085129
v 0.100000 0.841543 -0.083630
v 0.100000 0.843041 -0.082201
v 0.100000 0.844613 -0.080843
v 0.100000 0.846258 -0.079556
v 0.100000 0.847976 -0.078340
v -0.100000 0.290207 -0.077194
v -0.100000 0.292074 -0.076098
v -0.100000 0.294017 -0.075028
v -0.100000 0.296036 -0.073986
v -0.100000 0.298131 -0.072971
v -0.100000 0.300303 -0.071983
v -0.100000 0.302550 -0.071023
v -0.100000 0.304874 -0.070089
v -0.100000 0.307274 -0.069183
v -0.100000 0.309750 -0.068304
v -0.100000 0.312303 -0.067453
v -0.100000 0.314932 -0.066628
v -0.100000 0.317636 -0.065831
v -0.100000 0.466931 -0.023119
v -0.100000 0.469184 -0.022784
v -0.100000 0.471241 -0.022695
v -0.100000 0.473103 -0.022850
v -0.100000 0.474768 -0.023250
v -0.100000 0.476237 -0.023895
v -0.100000 0.477511 -0.024784
v -0.100000 0.478589 -0.025919
v -0.100000 0.479470 -0.027299
v -0.100000 0.480156 -0.028923
v -0.100000 0.480646 -0.030793
v -0.100000 0.480940 -0.032907
v -0.100000 0.481038 -0.035266
v -0.100000 0.481038 -0.086991
v -0.100000 0.481015 -0.088267
v -0.100000 0.480945 -0.089483
v -0.100000 0.480830 -0.090640
v -0.100000 0.480668 -0.091736
v -0.100000 0.480459 -0.092773
v -0.100000 0.480205 -0.093750
v -0.100000 0.479904 -0.094667
v -0.100000 0.479557 -0.095524
v -0.100000 0.479164 -0.096322
v -0.100000 0.478725 -0.097059
v -0.100000 0.478239 -0.097737
v -0.100000 0.477707 -0.098354
v -0.100000 0.477123 -0.098926
v -0.100000 0.476482 -0.099464
v -0.100000 0.475784 -0.099971
v -0.100000 0.475029 -0.100444
v -0.100000 0.474217 -0.100885
v -0.100000 0.473348 -0.101293
v -0.100000 0.472421 -0.101669
v -0.100000 0.471437 -0.102011
v -0.100000 0.470396 -0.102322
v -0.100000 0.469298 -0.102599
v -0.100000 0.468143 -0.102844
v -0.100000 0.466931 -0.103056
v -0.100000 0.354470 -0.133229
v -0.100000 0.353774 -0.133365
v -0.100000 0.353121 -0.133512
v -0.100000 0.352511 -0.133670
v -0.100000 0.351945 -0.133838
v -0.100000 0.351423 -0.134018
v -0.100000 0.350944 -0.134208
v -0.100000 0.350508 -0.134410
v -0.100000 0.350116 -0.134622
v -0.100000 0.349768 -0.134845
v -0.100000 0.349463 -0.135079
v -0.100000 0.349202 -0.135324
v -0.100000 0.348984 -0.135580
v -0.100000 0.348797 -0.135855
v -0.100000 0.348625 -0.136157
v -0.100000 0.348470 -0.136486
v -0.100000 0.348331 -0.136843
v -0.100000 0.348209 -0.137226
v -0.100000 0.348103 -0.137637
v -0.100000 0.348013 -0.138075
v -0.100000 0.347939 -0.138541
v -0.100000 0.347882 -0.139033
v -0.100000 0.347842 -0.139553
v -0.100000 0.347817 -0.140100
v -0.100000 0.347809 -0.140674
v -0.100000 0.347817 -0.141248
v -0.100000 0.347842 -0.141795
v -0.100000 0.347882 -0.142315
v -0.100000 0.347939 -0.142807
v -0.100000 0.348013 -0.143273
v -0.100000 0.348103 -0.143711
v -0.100000 0.348209 -0.144122
v -0.100000 0.348331 -0.144505
v -0.100000 0.348470 -0.144862
v -0.100000 0.348625 -0.145191
v -0.100000 0.348797 -0.145493
v -0.100000 0.348984 -0.145768
v -0.100000 0.349202 -0.146024
v -0.100000 0.349463 -0.146269
v -0.100000 0.349768 -0.146503
v -0.100000 0.350116 -0.146726
v -0.100000 0.350508 -0.146938
v -0.100000 0.350944 -0.147140
v -0.100000 0.351423 -0.147330
v -0.100000 0.351945 -0.147510
v -0.100000 0.352511 -0.147678
v -0.100000 0.353121 -0.147836
v -0.100000 0.353774 -0.147983
v -0.100000 0.354470 -0.148119
v -0.100000 0.466931 -0.178292
v -0.100000 0.468143 -0.178505
v -0.100000 0.469299 -0.178754
v -0.100000 0.470397 -0.179038
v -0.100000 0.471437 -0.179358
v -0.100000 0.472421 -0.179713
v -0.100000 0.473348 -0.180104
v -0.100000 0.474217 -0.180530
v -0.100000 0.475029 -0.180991
v -0.100000 0.475784 -0.181488
v -0.100000 0.476482 -0.182020
v -0.100000 0.477123 -0.182587
v -0.100000 0.477707 -0.183190
v -0.100000 0.478239 -0.183836
v -0.100000 0.478725 -0.184534
v -0.100000 0.479164 -0.185284
v -0.100000 0.479557 -0.186085
v -0.100000 0.479904 -0.186938
v -0.100000 0.480205 -0.187843
v -0.100000 0.480459 -0.188799
v -0.100000 0.480668 -0.189808
v -0.100000 0.480830 -0.190867
v -0.100000 0.480945 -0.191979
v -0.100000 0.481015 -0.193142
v -0.100000 0.481038 -0.194357
v -0.100000 0.481038 -0.246082
v -0.100000 0.480940 -0.248441
v -0.100000 0.480646 -0.250555
v -0.100000 0.480156 -0.252425
v -0.100000 0.479470 -0.254049
v -0.100000 0.478589 -0.255429
v -0.100000 0.477511 -0.256563
v -0.100000 0.476237 -0.257453
v -0.100000 0.474768 -0.258098
v -0.100000 0.473103 -0.258498
v -0.100000 0.471241 -0.258653
v -0.100000 0.469184 -0.258564
v -0.100000 0.466931 -0.258229
v -0.100000 0.317636 -0.215517
v -0.100000 0.314932 -0.214720
v -0.100000 0.312303 -0.213895
v -0.100000 0.309750 -0.213044
v -0.100000 0.307274 -0.212165
v -0.100000 0.304874 -0.211259
v -0.100000 0.302550 -0.210325
v -0.100000 0.300303 -0.209365
v -0.100000 0.298131 -0.208377
v -0.100000 0.296036 -0.207362
v -0.100000 0.294017 -0.206320
v -0.100000 0.292074 -0.205250
v -0.100000 0.290207 -0.204154
v -0.100000 0.288415 -0.203009
v -0.100000 0.286697 -0.201797
v -0.100000 0.285052 -0.200517
v -0.100000 0.283480 -0.199168
v -0.100000 0.281982 -0.197752
v -0.100000 0.280558 -0.196268
v -0.100000 0.279207 -0.194715
v -0.100000 0.277929 -0.193095
v -0.100000 0.276725 -0.191406
v -0.100000 0.275594 -0.189650
v -0.100000 0.274537 -0.187825
v -0.100000 0.273553 -0.185933
v -0.100000 0.272646 -0.183950
v -0.100000 0.271817 -0.181856
v -0.100000 0.271068 -0.179651
v -0.100000 0.270397 -0.177334
v -0.100000 0.269805 -0.174905
v -0.100000 0.269292 -0.172365
v -0.100000 0.268858 -0.169713
v -0.100000 0.268503 -0.166950
v -0.100000 0.268227 -0.164075
v -0.100000 0.268029 -0.161088
v -0.100000 0.267911 -0.157990
v -0.100000 0.267872 -0.154781
v -0.100000 0.267872 -0.126567
v -0.100000 0.267911 -0.123419
v -0.100000 0.268029 -0.120374
v -0.100000 0.268227 -0.117432
v -0.100000 0.268503 -0.114594
v -0.100000 0.268858 -0.111859
v -0.100000 0.269292 -0.109228
v -0.100000 0.269805 -0.106700
v -0.100000 0.270397 -0.104276
v -0.100000 0.271068 -0.101954
v -0.100000 0.271817 -0.099737
v -0.100000 0.272646 -0.097622
v -0.100000 0.273553 -0.095611
v -0.100000 0.274537 -0.093687
v -0.100000 0.275594 -0.091834
v -0.100000 0.276725 -0.090052
v -0.100000 0.277929 -0.088340
v -0.100000 0.279207 -0.086699
v -0.100000 0.280558 -0.085129
v -0.100000 0.281982 -0.083630
v -0.100000 0.283480 -0.082201
v -0.100000 0.285052 -0.080843
v -0.100000 0.286697 -0.079556
v -0.100000 0.288415 -0.078340
v -0.100000 0.569988 -0.077194
v -0.100000 0.571854 -0.076098
v -0.100000 0.573797 -0.075028
v -0.100000 0.575816 -0.073986
v -0.100000 0.577912 -0.072971
v -0.100000 0.580083 -0.071983
v -0.100000 0.582331 -0.071023
v -0.100000 0.584655 -0.070089
v -0.100000 0.587055 -0.069183
v -0.100000 0.589531 -0.068304
v -0.100000 0.592083 -0.067453
v -0.100000 0.594712 -0.066628
v -0.100000 0.597417 -0.065831
v -0.100000 0.746712 -0.023119
v -0.100000 0.748965 -0.022784
v -0.100000 0.751022 -0.022695
v -0.100000 0.752883 -0.022850
v -0.100000 0.754549 -0.023250
v -0.100000 0.756018 -0.023895
v -0.100000 0.757292 -0.024784
v -0.100000 0.758369 -0.025919
v -0.100000 0.759251 -0.027299
v -0.100000 0.759937 -0.028923
v -0.100000 0.760426 -0.030793
v -0.100000 0.760720 -0.032907
v -0.100000 0.760818 -0.035266
v -0.100000 0.760818 -0.086991
v -0.100000 0.760795 -0.088267
v -0.100000 0.760726 -0.089483
v -0.100000 0.760610 -0.090640
v -0.100000 0.760448 -0.091736
v -0.100000 0.760240 -0.092773
v -0.100000 0.759986 -0.093750
v -0.100000 0.759685 -0.094667
v -0.100000 0.759338 -0.095524
v -0.100000 0.758945 -0.096322
v -0.100000 0.758505 -0.097059
v -0.100000 0.758020 -0.097737
v -0.100000 0.757488 -0.098354
v -0.100000 0.756904 -0.098926
v -0.100000 0.756263 -0.099464
v -0.100000 0.755565 -0.099971
v -0.100000 0.754810 -0.100444
v -0.100000 0.753998 -0.100885
v -0.100000 0.753128 -0.101293
v -0.100000 0.752202 -0.101669
v -0.100000 0.751218 -0.102011
v -0.100000 0.750177 -0.102322
v -0.100000 0.749079 -0.102599
v -0.100000 0.747924 -0.102844
v -0.100000 0.746712 -0.103056
v -0.100000 0.634251 -0.133229
v -0.100000 0.633554 -0.133365
v -0.100000 0.632901 -0.133512
v -0.100000 0.632292 -0.133670
v -0.100000 0.631726 -0.133838
v -0.100000 0.631203 -0.134018
v -0.100000 0.630724 -0.134208
v -0.100000 0.630289 -0.134410
v -0.100000 0.629897 -0.134622
v -0.100000 0.629549 -0.134845
v -0.100000 0.629244 -0.135079
v -0.100000 0.628983 -0.135324
v -0.100000 0.628765 -0.135580
v -0.100000 0.628577 -0.135855
v -0.100000 0.628406 -0.136157
v -0.100000 0.628251 -0.136486
v -0.100000 0.628112 -0.136843
v -0.100000 0.627989 -0.137226
v -0.100000 0.627883 -0.137637
v -0.100000 0.627793 -0.138075
v -0.100000 0.627720 -0.138541
v -0.100000 0.627663 -0.139033
v -0.100000 0.627622 -0.139553
v -0.100000 0.627598 -0.140100
v -0.100000 0.627589 -0.140674
v -0.100000 0.627598 -0.141248
v -0.100000 0.627622 -0.141795
v -0.100000 0.627663 -0.142315
v -0.100000 0.627720 -0.142807
v -0.100000 0.627793 -0.143273
v -0.100000 0.627883 -0.143711
v -0.100000 0.627989 -0.144122
v -0.100000 0.628112 -0.144505
v -0.100000 0.628251 -0.144862
v -0.100000 0.628406 -0.145191
v -0.100000 0.628577 -0.145493
v -0.100000 0.628765 -0.145768
v -0.100000 0.628983 -0.146024
v -0.100000 0.629244 -0.146269
v -0.100000 0.629549 -0.146503
v -0.100000 0.629897 -0.146726
v -0.100000 0.630289 -0.146938
v -0.100000 0.630724 -0.147140
v -0.100000 0.631203 -0.147330
v -0.100000 0.631726 -0.147510
v -0.100000 0.632292 -0.147678
v -0.100000 0.632901 -0.147836
v -0.100000 0.633554 -0.147983
v -0.100000 0.634251 -0.148119
v -0.100000 0.746712 -0.178292
v -0.100000 0.747924 -0.178505
v -0.100000 0.749079 -0.178754
v -0.100000 0.750177 -0.179038
v -0.100000 0.751218 -0.179358
v -0.100000 0.752202 -0.179713
v -0.100000 0.753128 -0.180104
v -0.100000 0.753998 -0.180530
v -0.100000 0.754810 -0.180991
v -0.100000 0.755565 -0.181488
v -0.100000 0.756263 -0.182020
v -0.100000 0.756904 -0.182587
v -0.100000 0.757488 -0.183190
v -0.100000 0.758020 -0.183836
v -0.100000 0.758505 -0.184534
v -0.100000 0.758945 -0.185284
v -0.100000 0.759338 -0.186085
v -0.100000 0.759685 -0.186938
v -0.100000 0.759986 -0.187843
v -0.100000 0.760240 -0.188799
v -0.100000 0.760448 -0.189808
v -0.100000 0.760610 -0.190867
v -0.100000 0.760726 -0.191979
v -0.100000 0.760795 -0.193142
v -0.100000 0.760818 -0.194357
v -0.100000 0.760818 -0.246082
v -0.100000 0.760720 -0.248441
v -0.100000 0.760426 -0.250555
v -0.100000 0.759937 -0.252425
v -0.100000 0.759251 -0.254049
v -0.100000 0.758369 -0.255429
v -0.100000 0.757292 -0.256563
v -0.100000 0.756018 -0.257453
v -0.100000 0.754549 -0.258098
v -0.100000 0.752883 -0.258498
v -0.100000 0.751022 -0.258653
v -0.100000 0.748965 -0.258564
v -0.100000 0.746712 -0.258229
v -0.100000 0.597417 -0.215517
v -0.100000 0.594712 -0.214720
v -0.100000 0.592083 -0.213895
v -0.100000 0.589531 -0.213044
v -0.100000 0.587055 -0.212165
v -0.100000 0.584655 -0.211259
v -0.100000 0.582331 -0.210325
v -0.100000 0.580083 -0.209365
v -0.100000 0.577912 -0.208377
v -0.100000 0.575816 -0.207362
v -0.100000 0.573797 -0.206320
v -0.100000 0.571854 -0.205250
v -0.100000 0.569988 -0.204154
v -0.100000 0.568196 -0.203009
v -0.100000 0.566477 -0.201797
v -0.100000 0.564832 -0.200517
v -0.100000 0.563261 -0.199168
v -0.100000 0.561763 -0.197752
v -0.100000 0.560338 -0.196268
v -0.100000 0.558987 -0.194715
v -0.100000 0.557710 -0.193095
v -0.100000 0.556506 -0.191406
v -0.100000 0.555375 -0.189650
v -0.100000 0.554318 -0.187825
v -0.100000 0.553334 -0.185933
v -0.100000 0.552426 -0.183950
v -0.100000 0.551598 -0.181856
v -0.100000 0.550848 -0.179651
v -0.100000 0.550177 -0.177334
v -0.100000 0.549585 -0.174905
v -0.100000 0.549072 -0.172365
v -0.100000 0.548638 -0.169713
v -0.100000 0.548283 -0.166950
v -0.100000 0.548007 -0.164075
v -0.100000 0.547810 -0.161088
v -0.100000 0.547691 -0.157990
v -0.100000 0.547652 -0.154781
v -0.100000 0.547652 -0.126567
v -0.100000 0.547692 -0.123419
v -0.100000 0.547810 -0.120374
v -0.100000 0.548007 -0.117432
v -0.100000 0.548283 -0.114594
v -0.100000 0.548639 -0.111859
v -0.100000 0.549073 -0.109228
v -0.100000 0.549586 -0.106700
v -0.100000 0.550177 -0.104276
v -0.100000 0.550848 -0.101954
v -0.100000 0.551598 -0.099737
v -0.100000 0.552427 -0.097622
v -0.100000 0.553334 -0.095611
v -0.100000 0.554318 -0.093687
v -0.100000 0.555375 -0.091834
v -0.100000 0.556505 -0.090052
v -0.100000 0.557710 -0.088340
v -0.100000 0.558987 -0.086699
v -0.100000 0.560338 -0.085129
v -0.100000 0.561763 -0.083630
v -0.100000 0.563261 -0.082201
v -0.100000 0.564832 -0.080843
v -0.100000 0.566477 -0.079556
v -0.100000 0.568196 -0.078340
v -0.100000 0.849768 -0.077194
v -0.100000 0.851635 -0.076098
v -0.100000 0.853578 -0.075028
v -0.100000 0.855597 -0.073986
v -0.100000 0.857692 -0.072971
v -0.100000 0.859864 -0.071983
v -0.100000 0.862111 -0.071023
v -0.100000 0.864435 -0.070089
v -0.100000 0.866835 -0.069183
v -0.100000 0.869312 -0.068304
v -0.100000 0.871864 -0.067453
v -0.100000 0.874493 -0.066628
v -0.100000 0.877198 -0.065831
v -0.100000 1.026492 -0.023119
v -0.100000 1.028745 -0.022784
v -0.100000 1.030803 -0.022695
v -0.100000 1.032664 -0.022850
v -0.100000 1.034329 -0.023250
v -0.100000 1.035799 -0.023895
v -0.100000 1.037072 -0.024784
v -0.100000 1.038150 -0.025919
v -0.100000 1.039031 -0.027299
v -0.100000 1.039717 -0.028923
v -0.100000 1.040207 -0.030793
v -0.100000 1.040501 -0.032907
v -0.100000 1.040599 -0.035266
v -0.100000 1.040599 -0.086991
v -0.100000 1.040576 -0.088267
v -0.100000 1.040506 -0.089483
v -0.100000 1.040391 -0.090640
v -0.100000 1.040229 -0.091736
v -0.100000 1.040021 -0.092773
v -0.100000 1.039766 -0.093750
v -0.100000 1.039465 -0.094667
v -0.100000 1.039119 -0.095524
v -0.100000 1.038725 -0.096322
v -0.100000 1.038286 -0.097059
v -0.100000 1.037800 -0.097737
v -0.100000 1.037268 -0.098354
v -0.100000 1.036684 -0.098926
v -0.100000 1.036044 -0.099464
v -0.100000 1.035346 -0.099971
v -0.100000 1.034590 -0.100444
v -0.100000 1.033778 -0.100885
v -0.100000 1.032909 -0.101293
v -0.100000 1.031982 -0.101669
v -0.100000 1.030998 -0.102011
v -0.100000 1.029958 -0.102322
v -0.100000 1.028860 -0.102599
v -0.100000 1.027704 -0.102844
v -0.100000 1.026492 -0.103056
v -0.100000 0.914031 -0.133229
v -0.100000 0.913335 -0.133365
v -0.100000 0.912682 -0.133512
v -0.100000 0.912072 -0.133670
v -0.100000 0.911506 -0.133838
v -0.100000 0.910984 -0.134018
v -0.100000 0.910505 -0.134208
v -0.100000 0.910069 -0.134410
v -0.100000 0.909678 -0.134622
v -0.100000 0.909329 -0.134845
v -0.100000 0.909024 -0.135079
v -0.100000 0.908763 -0.135324
v -0.100000 0.908545 -0.135580
v -0.100000 0.908358 -0.135855
v -0.100000 0.908186 -0.136157
v -0.100000 0.908031 -0.136486
v -0.100000 0.907892 -0.136843
v -0.100000 0.907770 -0.137226
v -0.100000 0.907664 -0.137637
v -0.100000 0.907574 -0.138075
v -0.100000 0.907501 -0.138541
v -0.100000 0.907443 -0.139033
v -0.100000 0.907403 -0.139553
v -0.100000 0.907378 -0.140100
v -0.100000 0.907370 -0.140674
v -0.100000 0.907378 -0.141248
v -0.100000 0.907403 -0.141795
v -0.100000 0.907443 -0.142315
v -0.100000 0.907501 -0.142807
v -0.100000 0.907574 -0.143273
v -0.100000 0.907664 -0.143711
v -0.100000 0.907770 -0.144122
v -0.100000 0.907892 -0.144505
v -0.100000 0.908031 -0.144862
v -0.100000 0.908186 -0.145191
v -0.100000 0.908358 -0.145493
v -0.100000 0.908545 -0.145768
v -0.100000 0.908763 -0.146024
v -0.100000 0.909024 -0.146269
v -0.100000 0.909329 -0.146503
v -0.100000 0.909678 -0.146726
v -0.100000 0.910069 -0.146938
v -0.100000 0.910505 -0.147140
v -0.100000 0.910984 -0.147330
v -0.100000 0.911506 -0.147510
v -0.100000 0.912072 -0.147678
v -0.100000 0.912682 -0.147836
v -0.100000 0.913335 -0.147983
v -0.100000 0.914031 -0.148119
v -0.100000 1.026492 -0.178292
v -0.100000 1.027704 -0.178505
v -0.100000 1.028860 -0.178754
v -0.100000 1.029958 -0.179038
v -0.100000 1.030998 -0.179358
v -0.100000 1.031982 -0.179713
v -0.100000 1.032909 -0.180104
v -0.100000 1.033778 -0.180530
v -0.100000 1.034590 -0.180991
v -0.100000 1.035346 -0.181488
v -0.100000 1.036044 -0.182020
v -0.100000 1.036684 -0.182587
v -0.100000 1.037268 -0.183190
v -0.100000 1.037800 -0.183836
v -0.100000 1.038286 -0.184534
v -0.100000 1.038725 -0.185284
v -0.100000 1.039119 -0.186085
v -0.100000 1.039465 -0.186938
v -0.100000 1.039766 -0.187843
v -0.100000 1.040021 -0.188799
v -0.100000 1.040229 -0.189808
v -0.100000 1.040391 -0.190867
v -0.100000 1.040506 -0.191979
v -0.100000 1.040576 -0.193142
v -0.100000 1.040599 -0.194357
v -0.100000 1.040599 -0.246082
v -0.100000 1.040501 -0.248441
v -0.100000 1.040207 -0.250555
v -0.100000 1.039717 -0.252425
v -0.100000 1.039031 -0.254049
v -0.100000 1.038150 -0.255429
v -0.100000 1.037072 -0.256563
v -0.100000 1.035799 -0.257453
v -0.100000 1.034329 -0.258098
v -0.100000 1.032664 -0.258498
v -0.100000 1.030803 -0.258653
v -0.100000 1.028745 -0.258564
v -0.100000 1.026492 -0.258229
v -0.100000 0.877198 -0.215517
v -0.100000 0.874493 -0.214720
v -0.100000 0.871864 -0.213895
v -0.100000 0.869312 -0.213044
v -0.100000 0.866835 -0.212165
v -0.100000 0.864435 -0.211259
v -0.100000 0.862111 -0.210325
v -0.100000 0.859864 -0.209365
v -0.100000 0.857692 -0.208377
v -0.100000 0.855597 -0.207362
v -0.100000 0.853578 -0.206320
v -0.100000 0.851635 -0.205250
v -0.100000 0.849768 -0.204154
v -0.100000 0.847976 -0.203009
v -0.100000 0.846258 -0.201797
v -0.100000 0.844613 -0.200517
v -0.100000 0.843041 -0.199168
v -0.100000 0.841543 -0.197752
v -0.100000 0.840119 -0.196268
v -0.100000 0.838768 -0.194715
v -0.100000 0.837490 -0.193095
v -0.100000 0.836286 -0.191406
v -0.100000 0.835155 -0.189650
v -0.100000 0.834098 -0.187825
v -0.100000 0.833115 -0.185933
v -0.100000 0.832207 -0.183950
v -0.100000 0.831378 -0.181856
v -0.100000 0.830629 -0.179651
v -0.100000 0.829958 -0.177334
v -0.100000 0.829366 -0.174905
v -0.100000 0.828853 -0.172365
v -0.100000 0.828419 -0.169713
v -0.100000 0.828064 -0.166950
v -0.100000 0.827788 -0.164075
v -0.100000 0.827590 -0.161088
v -0.100000 0.827472 -0.157990
v -0.100000 0.827433 -0.154781
v -0.100000 0.827433 -0.126567
v -0.100000 0.827472 -0.123419
v -0.100000 0.827590 -0.120374
v -0.100000 0.827788 -0.117432
v -0.100000 0.828064 -0.114594
v -0.100000 0.828419 -0.111859
v -0.100000 0.828853 -0.109228
v -0.100000 0.829366 -0.106700
v -0.100000 0.829958 -0.104276
v -0.100000 0.830629 -0.101954
v -0.100000 0.831378 -0.099737
v -0.100000 0.832207 -0.097622
v -0.100000 0.833115 -0.095611
v -0.100000 0.834098 -0.093687
v -0.100000 0.835155 -0.091834
v -0.100000 0.836286 -0.090052
v -0.100000 0.837490 -0.088340
v -0.100000 0.838768 -0.086699
v -0.100000 0.840119 -0.085129
v -0.100000 0.841543 -0.083630
v -0.100000 0.843041 -0.082201
v -0.100000 0.844613 -0.080843
v -0.100000 0.846258 -0.079556
v -0.100000 0.847976 -0.078340
v -0.100000 0.849768 -0.077194
v 0.100000 0.849768 -0.077194
v -0.100000 0.851635 -0.076098
v 0.100000 0.851635 -0.076098
v -0.100000 0.853578 -0.075028
v 0.100000 0.853578 -0.075028
v -0.100000 0.855597 -0.073986
v 0.100000 0.855597 -0.073986
v -0.100000 0.857692 -0.072971
v 0.100000 0.857692 -0.072971
v -0.100000 0.859864 -0.071983
v 0.100000 0.859864 -0.071983
v -0.100000 0.862111 -0.071023
v 0.100000 0.862111 -0.071023
v -0.100000 0.864435 -0.070089
v 0.100000 0.864435 -0.070089
v -0.100000 0.866835 -0.069183
v 0.100000 0.866835 -0.069183
v -0.100000 0.869312 -0.068304
v 0.100000 0.869312 -0.068304
v -0.100000 0.871864 -0.067453
v 0.100000 0.871864 -0.067453
v -0.100000 0.874493 -0.066628
v 0.100000 0.874493 -0.066628
v -0.100000 0.877198 -0.065831
v 0.100000 0.877198 -0.065831
v -0.100000 1.026492 -0.023119
v 0.100000 1.026492 -0.023119
v -0.100000 1.028745 -0.022784
v 0.100000 1.028745 -0.022784
v -0.100000 1.030803 -0.022695
v 0.100000 1.030803 -0.022695
v -0.100000 1.032664 -0.022850
v 0.100000 1.032664 -0.022850
v -0.100000 1.034329 -0.023250
v 0.100000 1.034329 -0.023250
v -0.100000 1.035799 -0.023895
v 0.100000 1.035799 -0.023895
v -0.100000 1.037072 -0.024784
v 0.100000 1.037072 -0.024784
v -0.100000 1.038150 -0.025919
v 0.100000 1.038150 -0.025919
v -0.100000 1.039031 -0.027299
v 0.100000 1.039031 -0.027299
v -0.100000 1.039717 -0.028923
v 0.100000 1.039717 -0.028923
v -0.100000 1.040207 -0.030793
v 0.100000 1.040207 -0.030793
v -0.100000 1.040501 -0.032907
v 0.100000 1.040501 -0.032907
v -0.100000 1.040599 -0.035266
v 0.100000 1.040599 -0.035266
v -0.100000 1.040599 -0.086991
v 0.100000 1.040599 -0.086991
v -0.100000 1.040576 -0.088267
v 0.100000 1.040576 -0.088267
v -0.100000 1.040506 -0.089483
v 0.100000 1.040506 -0.089483
v -0.100000 1.040391 -0.090640
v 0.100000 1.040391 -0.090640
v -0.100000 1.040229 -0.091736
v 0.100000 1.040229 -0.091736
v -0.100000 1.040021 -0.092773
v 0.100000 1.040021 -0.092773
v -0.100000 1.039766 -0.093750
v 0.100000 1.039766 -0.093750
v -0.100000 1.039465 -0.094667
v 0.100000 1.039465 -0.094667
v -0.100000 1.039119 -0.095524
v 0.100000 1.039119 -0.095524
v -0.100000 1.038725 -0.096322
v 0.100000 1.038725 -0.096322
v -0.100000 1.038286 -0.097059
v 0.100000 1.038286 -0.097059
v -0.100000 1.037800 -0.097737
v 0.100000 1.037800 -0.097737
v -0.100000 1.037268 -0.098354
v 0.100000 1.037268 -0.098354
v -0.100000 1.036684 -0.098926
v 0.100000 1.036684 -0.098926
v -0.100000 1.036044 -0.099464
v 0.100000 1.036044 -0.099464
v -0.100000 1.035346 -0.099971
v 0.100000 1.035346 -0.099971
v -0.100000 1.034590 -0.100444
v 0.100000 1.034590 -0.100444
v -0.100000 1.033778 -0.100885
v 0.100000 1.033778 -0.100885
v -0.100000 1.032909 -0.101293
v 0.100000 1.032909 -0.101293
v -0.100000 1.031982 -0.101669
v 0.100000 1.031982 -0.101669
v -0.100000 1.030998 -0.102011
v 0.100000 1.030998 -0.102011
v -0.100000 1.029958 -0.102322
v 0.100000 1.029958 -0.102322
v -0.100000 1.028860 -0.102599
v 0.100000 1.028860 -0.102599
v -0.100000 1.027704 -0.102844
v 0.100000 1.027704 -0.102844
v -0.100000 1.026492 -0.103056
v 0.100000 1.026492 -0.103056
v -0.100000 0.914031 -0.133229
v 0.100000 0.914031 -0.133229
v -0.100000 0.913335 -0.133365
v 0.100000 0.913335 -0.133365
v -0.100000 0.912682 -0.133512
v 0.100000 0.912682 -0.133512
v -0.100000 0.912072 -0.133670
v 0.100000 0.912072 -0.133670
v -0.100000 0.911506 -0.133838
v 0.100000 0.911506 -0.133838
v -0.100000 0.910984 -0.134018
v 0.100000 0.910984 -0.134018
v -0.100000 0.910505 -0.134208
v 0.100000 0.910505 -0.134208
v -0.100000 0.910069 -0.134410
v 0.100000 0.910069 -0.134410
v -0.100000 0.909678 -0.134622
v 0.100000 0.909678 -0.134622
v -0.100000 0.909329 -0.134845
v 0.100000 0.909329 -0.134845
v -0.100000 0.909024 -0.135079
v 0.100000 0.909024 -0.135079
v -0.100000 0.908763 -0.135324
v 0.100000 0.908763 -0.135324
v -0.100000 0.908545 -0.135580
v 0.100000 0.908546 -0.135580
v -0.100000 0.908358 -0.135855
v 0.100000 0.908358 -0.135855
v -0.100000 0.908186 -0.136157
v 0.100000 0.908186 -0.136157
v -0.100000 0.908031 -0.136486
v 0.100000 0.908031 -0.136486
v -0.100000 0.907892 -0.136843
v 0.100000 0.907892 -0.136843
v -0.100000 0.907770 -0.137226
v 0.100000 0.907770 -0.137226
v -0.100000 0.907664 -0.137637
v 0.100000 0.907664 -0.137637
v -0.100000 0.907574 -0.138075
v 0.100000 0.907574 -0.138075
v -0.100000 0.907501 -0.138541
v 0.100000 0.907501 -0.138541
v -0.100000 0.907443 -0.139033
v 0.100000 0.907443 -0.139033
v -0.100000 0.907403 -0.139553
v 0.100000 0.907403 -0.139553
v -0.100000 0.907378 -0.140100
v 0.100000 0.907378 -0.140100
v -0.100000 0.907370 -0.140674
v 0.100000 0.907370 -0.140674
v -0.100000 0.907378 -0.141248
v 0.100000 0.907378 -0.141248
v -0.100000 0.907403 -0.141795
v 0.100000 0.907403 -0.141795
v -0.100000 0.907443 -0.142315
v 0.100000 0.907443 -0.142315
v -0.100000 0.907501 -0.142807
v 0.100000 0.907501 -0.142807
v -0.100000 0.907574 -0.143273
v 0.100000 0.907574 -0.143273
v -0.100000 0.907664 -0.143711
v 0.100000 0.907664 -0.143711
v -0.100000 0.907770 -0.144122
v 0.100000 0.907770 -0.144122
v -0.100000 0.907892 -0.144505
v 0.100000 0.907892 -0.144505
v -0.100000 0.908031 -0.144862
v 0.100000 0.908031 -0.144862
v -0.100000 0.908186 -0.145191
v 0.100000 0.908186 -0.145191
v -0.100000 0.908358 -0.145493
v 0.100000 0.908358 -0.145493
v -0.100000 0.908545 -0.145768
v 0.100000 0.908546 -0.145768
v -0.100000 0.908763 -0.146024
v 0.100000 0.908763 -0.146024
v -0.100000 0.909024 -0.146269
v 0.100000 0.909024 -0.146269
v -0.100000 0.909329 -0.146503
v 0.100000 0.909329 -0.146503
v -0.100000 0.909678 -0.146726
v 0.100000 0.909678 -0.146726
v -0.100000 0.910069 -0.146938
v 0.100000 0.910069 -0.146938
v -0.100000 0.910505 -0.147140
v 0.100000 0.910505 -0.147140
v -0.100000 0.910984 -0.147330
v 0.100000 0.910984 -0.147330
v -0.100000 0.911506 -0.147510
v 0.100000 0.911506 -0.147510
v -0.100000 0.912072 -0.147678
v 0.100000 0.912072 -0.147678
v -0.100000 0.912682 -0.147836
v 0.100000 0.912682 -0.147836
v -0.100000 0.913335 -0.147983
v 0.100000 0.913335 -0.147983
v -0.100000 0.914031 -0.148119
v 0.100000 0.914031 -0.148119
v -0.100000 1.026492 -0.178292
v 0.100000 1.026492 -0.178292
v -0.100000 1.027704 -0.178505
v 0.100000 1.027704 -0.178505
v -0.100000 1.028860 -0.178754
v 0.100000 1.028860 -0.178754
v -0.100000 1.029958 -0.179038
v 0.100000 1.029958 -0.179038
v -0.100000 1.030998 -0.179358
v 0.100000 1.030998 -0.179358
v -0.100000 1.031982 -0.179713
v 0.100000 1.031982 -0.179713
v -0.100000 1.032909 -0.180104
v 0.100000 1.032909 -0.180104
v -0.100000 1.033778 -0.180530
v 0.100000 1.033778 -0.180530
v -0.100000 1.034590 -0.180991
v 0.100000 1.034590 -0.180991
v -0.100000 1.035346 -0.181488
v 0.100000 1.035346 -0.181488
v -0.100000 1.036044 -0.182020
v 0.100000 1.036044 -0.182020
v -0.100000 1.036684 -0.182587
v 0.100000 1.036684 -0.182587
v -0.100000 1.037268 -0.183190
v 0.100000 1.037268 -0.183190
v -0.100000 1.037800 -0.183836
v 0.100000 1.037800 -0.183836
v -0.100000 1.038286 -0.184534
v 0.100000 1.038286 -0.184534
v -0.100000 1.038725 -0.185284
v 0.100000 1.038725 -0.185284
v -0.100000 1.039119 -0.186085
v 0.100000 1.039119 -0.186085
v -0.100000 1.039465 -0.186938
v 0.100000 1.039465 -0.186938
v -0.100000 1.039766 -0.187843
v 0.100000 1.039766 -0.187843
v -0.100000 1.040021 -0.188799
v 0.100000 1.040021 -0.188799
v -0.100000 1.040229 -0.189808
v 0.100000 1.040229 -0.189808
v -0.100000 1.040391 -0.190867
v 0.100000 1.040391 -0.190867
v -0.100000 1.040506 -0.191979
v 0.100000 1.040506 -0.191979
v -0.100000 1.040576 -0.193142
v 0.100000 1.040576 -0.193142
v -0.100000 1.040599 -0.194357
v 0.100000 1.040599 -0.194357
v -0.100000 1.040599 -0.246082
v 0.100000 1.040599 -0.246082
v -0.100000 1.040501 -0.248441
v 0.100000 1.040501 -0.248441
v -0.100000 1.040207 -0.250555
v 0.100000 1.040207 -0.250555
v -0.100000 1.039717 -0.252425
v 0.100000 1.039717 -0.252425
v -0.100000 1.039031 -0.254049
v 0.100000 1.039031 -0.254049
v -0.100000 1.038150 -0.255429
v 0.100000 1.038150 -0.255429
v -0.100000 1.037072 -0.256563
v 0.100000 1.037072 -0.256563
v -0.100000 1.035799 -0.257453
v 0.100000 1.035799 -0.257453
v -0.100000 1.034329 -0.258098
v 0.100000 1.034329 -0.258098
v -0.100000 1.032664 -0.258498
v 0.100000 1.032664 -0.258498
v -0.100000 1.030803 -0.258653
v 0.100000 1.030803 -0.258653
v -0.100000 1.028745 -0.258564
v 0.100000 1.028745 -0.258564
v -0.100000 1.026492 -0.258229
v 0.100000 1.026492 -0.258229
v -0.100000 0.877198 -0.215517
v 0.100000 0.877198 -0.215517
v -0.100000 0.874493 -0.214720
v 0.100000 0.874493 -0.214720
v -0.100000 0.871864 -0.213895
v 0.100000 0.871864 -0.213895
v -0.100000 0.869312 -0.213044
v 0.100000 0.869312 -0.213044
v -0.100000 0.866835 -0.212165
v 0.100000 0.866835 -0.212165
v -0.100000 0.864435 -0.211259
v 0.100000 0.864435 -0.211259
v -0.100000 0.862111 -0.210325
v 0.100000 0.862111 -0.210325
v -0.100000 0.859864 -0.209365
v 0.100000 0.859864 -0.209365
v -0.100000 0.857692 -0.208377
v 0.100000 0.857692 -0.208377
v -0.100000 0.855597 -0.207362
v 0.100000 0.855597 -0.207362
v -0.100000 0.853578 -0.206320
v 0.100000 0.853578 -0.206320
v -0.100000 0.851635 -0.205250
v 0.100000 0.851635 -0.205250
v -0.100000 0.849768 -0.204154
v 0.100000 0.849768 -0.204154
v -0.100000 0.847976 -0.203009
v 0.100000 0.847976 -0.203009
v -0.100000 0.846258 -0.201797
v 0.100000 0.846258 -0.201797
v -0.100000 0.844613 -0.200517
v 0.100000 0.844613 -0.200517
v -0.100000 0.843041 -0.199168
v 0.100000 0.843041 -0.199168
v -0.100000 0.841543 -0.197752
v 0.100000 0.841543 -0.197752
v -0.100000 0.840119 -0.196268
v 0.100000 0.840119 -0.196268
v -0.100000 0.838768 -0.194715
v 0.100000 0.838768 -0.194715
v -0.100000 0.837490 -0.193095
v 0.100000 0.837490 -0.193095
v -0.100000 0.836286 -0.191406
v 0.100000 0.836286 -0.191406
v -0.100000 0.835155 -0.189650
v 0.100000 0.835155 -0.189650
v -0.100000 0.834098 -0.187825
v 0.100000 0.834098 -0.187825
v -0.100000 0.833115 -0.185933
v 0.100000 0.833115 -0.185933
v -0.100000 0.832207 -0.183950
v 0.100000 0.832207 -0.183950
v -0.100000 0.831378 -0.181856
v 0.100000 0.831378 -0.181856
v -0.100000 0.830629 -0.179651
v 0.100000 0.830629 -0.179651
v -0.100000 0.829958 -0.177334
v 0.100000 0.829958 -0.177334
v -0.100000 0.829366 -0.174905
v 0.100000 0.829366 -0.174905
v -0.100000 0.828853 -0.172365
v 0.100000 0.828853 -0.172365
v -0.100000 0.828419 -0.169713
v 0.100000 0.828419 -0.169713
v -0.100000 0.828064 -0.166950
v 0.100000 0.828064 -0.166950
v -0.100000 0.827788 -0.164075
v 0.100000 0.827788 -0.164075
v -0.100000 0.827590 -0.161088
v 0.100000 0.827590 -0.161088
v -0.100000 0.827472 -0.157990
v 0.100000 0.827472 -0.157990
v -0.100000 0.827433 -0.154781
v 0.100000 0.827433 -0.154781
v -0.100000 0.827433 -0.126567
v 0.100000 0.827433 -0.126567
v -0.100000 0.827472 -0.123419
v 0.100000 0.827472 -0.123419
v -0.100000 0.827590 -0.120374
v 0.100000 0.827591 -0.120374
v -0.100000 0.827788 -0.117432
v 0.100000 0.827788 -0.117432
v -0.100000 0.828064 -0.114594
v 0.100000 0.828064 -0.114594
v -0.100000 0.828419 -0.111859
v 0.100000 0.828419 -0.111859
v -0.100000 0.828853 -0.109228
v 0.100000 0.828853 -0.109228
v -0.100000 0.829366 -0.106700
v 0.100000 0.829366 -0.106700
v -0.100000 0.829958 -0.104276
v 0.100000 0.829958 -0.104276
v -0.100000 0.830629 -0.101954
v 0.100000 0.830629 -0.101954
v -0.100000 0.831378 -0.099737
v 0.100000 0.831378 -0.099737
v -0.100000 0.832207 -0.097622
v 0.100000 0.832207 -0.097622
v -0.100000 0.833115 -0.095611
v 0.100000 0.833115 -0.095611
v -0.100000 0.834098 -0.093687
v 0.100000 0.834098 -0.093687
v -0.100000 0.835155 -0.091834
v 0.100000 0.835155 -0.091834
v -0.100000 0.836286 -0.090052
v 0.100000 0.836286 -0.090052
v -0.100000 0.837490 -0.088340
v 0.100000 0.837490 -0.088340
v -0.100000 0.838768 -0.086699
v 0.100000 0.838768 -0.086699
v -0.100000 0.840119 -0.085129
v 0.100000 0.840119 -0.085129
v -0.100000 0.841543 -0.083630
v 0.100000 0.841543 -0.083630
v -0.100000 0.843041 -0.082201
v 0.100000 0.843041 -0.082201
v -0.100000 0.844613 -0.080843
v 0.100000 0.844613 -0.080843
v -0.100000 0.846258 -0.079556
v 0.100000 0.846258 -0.079556
v -0.100000 0.847976 -0.078340
v 0.100000 0.847976 -0.078340
v -0.100000 0.569988 -0.077194
v 0.100000 0.569988 -0.077194
v -0.100000 0.571854 -0.076098
v 0.100000 0.571854 -0.076098
v -0.100000 0.573797 -0.075028
v 0.100000 0.573797 -0.075028
v -0.100000 0.575816 -0.073986
v 0.100000 0.575816 -0.073986
v -0.100000 0.577912 -0.072971
v 0.100000 0.577912 -0.072971
v -0.100000 0.580083 -0.071983
v 0.100000 0.580083 -0.071983
v -0.100000 0.582331 -0.071023
v 0.100000 0.582331 -0.071023
v -0.100000 0.584655 -0.070089
v 0.100000 0.584655 -0.070089
v -0.100000 0.587055 -0.069183
v 0.100000 0.587055 -0.069183
v -0.100000 0.589531 -0.068304
v 0.100000 0.589531 -0.068304
v -0.100000 0.592083 -0.067453
v 0.100000 0.592083 -0.067453
v -0.100000 0.594712 -0.066628
v 0.100000 0.594712 -0.066628
v -0.100000 0.597417 -0.065831
v 0.100000 0.597417 -0.065831
v -0.100000 0.746712 -0.023119
v 0.100000 0.746712 -0.023119
v -0.100000 0.748965 -0.022784
v 0.100000 0.748965 -0.022784
v -0.100000 0.751022 -0.022695
v 0.100000 0.751022 -0.022695
v -0.100000 0.752883 -0.022850
v 0.100000 0.752883 -0.022850
v -0.100000 0.754549 -0.023250
v 0.100000 0.754549 -0.023250
v -0.100000 0.756018 -0.023895
v 0.100000 0.756018 -0.023895
v -0.100000 0.757292 -0.024784
v 0.100000 0.757292 -0.024784
v -0.100000 0.758369 -0.025919
v 0.100000 0.758369 -0.025919
v -0.100000 0.759251 -0.027299
v 0.100000 0.759251 -0.027299
v -0.100000 0.759937 -0.028923
v 0.100000 0.759937 -0.028923
v -0.100000 0.760426 -0.030793
v 0.100000 0.760426 -0.030793
v -0.100000 0.760720 -0.032907
v 0.100000 0.760720 -0.032907
v -0.100000 0.760818 -0.035266
v 0.100000 0.760818 -0.035266
v -0.100000 0.760818 -0.086991
v 0.100000 0.760818 -0.086991
v -0.100000 0.760795 -0.088267
v 0.100000 0.760795 -0.088267
v -0.100000 0.760726 -0.089483
v 0.100000 0.760726 -0.089483
v -0.100000 0.760610 -0.090640
v 0.100000 0.760610 -0.090640
v -0.100000 0.760448 -0.091736
v 0.100000 0.760448 -0.091736
v -0.100000 0.760240 -0.092773
v 0.100000 0.760240 -0.092773
v -0.100000 0.759986 -0.093750
v 0.100000 0.759986 -0.093750
v -0.100000 0.759685 -0.094667
v 0.100000 0.759685 -0.094667
v -0.100000 0.759338 -0.095524
v 0.100000 0.759338 -0.095524
v -0.100000 0.758945 -0.096322
v 0.100000 0.758945 -0.096322
v -0.100000 0.758505 -0.097059
v 0.100000 0.758505 -0.097059
v -0.100000 0.758020 -0.097737
v 0.100000 0.758020 -0.097737
v -0.100000 0.757488 -0.098354
v 0.100000 0.757488 -0.098354
v -0.100000 0.756904 -0.098926
v 0.100000 0.756904 -0.098926
v -0.100000 0.756263 -0.099464
v 0.100000 0.756263 -0.099464
v -0.100000 0.755565 -0.099971
v 0.100000 0.755565 -0.099971
v -0.100000 0.754810 -0.100444
v 0.100000 0.754810 -0.100444
v -0.100000 0.753998 -0.100885
v 0.100000 0.753998 -0.100885
v -0.100000 0.753128 -0.101293
v 0.100000 0.753128 -0.101293
v -0.100000 0.752202 -0.101669
v 0.100000 0.752202 -0.101669
v -0.100000 0.751218 -0.102011
v 0.100000 0.751218 -0.102011
v -0.100000 0.750177 -0.102322
v 0.100000 0.750177 -0.102322
v -0.100000 0.749079 -0.102599
v 0.100000 0.749079 -0.102599
v -0.100000 0.747924 -0.102844
v 0.100000 0.747924 -0.102844
v -0.100000 0.746712 -0.103056
v 0.100000 0.746712 -0.103056
v -0.100000 0.634251 -0.133229
v 0.100000 0.634251 -0.133229
v -0.100000 0.633554 -0.133365
v 0.100000 0.633554 -0.133365
v -0.100000 0.632901 -0.133512
v 0.100000 0.632901 -0.133512
v -0.100000 0.632292 -0.133670
v 0.100000 0.632292 -0.133670
v -0.100000 0.631726 -0.133838
v 0.100000 0.631726 -0.133838
v -0.100000 0.631203 -0.134018
v 0.100000 0.631203 -0.134018
v -0.100000 0.630724 -0.134208
v 0.100000 0.630724 -0.134208
v -0.100000 0.630289 -0.134410
v 0.100000 0.630289 -0.134410
v -0.100000 0.629897 -0.134622
v 0.100000 0.629897 -0.134622
v -0.100000 0.629549 -0.134845
v 0.100000 0.629549 -0.134845
v -0.100000 0.629244 -0.135079
v 0.100000 0.629244 -0.135079
v -0.100000 0.628983 -0.135324
v 0.100000 0.628983 -0.135324
v -0.100000 0.628765 -0.135580
v 0.100000 0.628765 -0.135580
v -0.100000 0.628577 -0.135855
v 0.100000 0.628577 -0.135855
v -0.100000 0.628406 -0.136157
v 0.100000 0.628406 -0.136157
v -0.100000 0.628251 -0.136486
v 0.100000 0.628251 -0.136486
v -0.100000 0.628112 -0.136843
v 0.100000 0.628112 -0.136843
v -0.100000 0.627989 -0.137226
v 0.100000 0.627989 -0.137226
v -0.100000 0.627883 -0.137637
v 0.100000 0.627883 -0.137637
v -0.100000 0.627793 -0.138075
v 0.100000 0.627793 -0.138075
v -0.100000 0.627720 -0.138541
v 0.100000 0.627720 -0.138541
v -0.100000 0.627663 -0.139033
v 0.100000 0.627663 -0.139033
v -0.100000 0.627622 -0.139553
v 0.100000 0.627622 -0.139553
v -0.100000 0.627598 -0.140100
v 0.100000 0.627598 -0.140100
v -0.100000 0.627589 -0.140674
v 0.100000 0.627589 -0.140674
v -0.100000 0.627598 -0.141248
v 0.100000 0.627598 -0.141248
v -0.100000 0.627622 -0.141795
v 0.100000 0.627622 -0.141795
v -0.100000 0.627663 -0.142315
v 0.100000 0.627663 -0.142315
v -0.100000 0.627720 -0.142807
v 0.100000 0.627720 -0.142807
v -0.100000 0.627793 -0.143273
v 0.100000 0.627793 -0.143273
v -0.100000 0.627883 -0.143711
v 0.100000 0.627883 -0.143711
v -0.100000 0.627989 -0.144122
v 0.100000 0.627989 -0.144122
v -0.100000 0.628112 -0.144505
v 0.100000 0.628112 -0.144505
v -0.100000 0.628251 -0.144862
v 0.100000 0.628251 -0.144862
v -0.100000 0.628406 -0.145191
v 0.100000 0.628406 -0.145191
v -0.100000 0.628577 -0.145493
v 0.100000 0.628577 -0.145493
v -0.100000 0.628765 -0.145768
v 0.100000 0.628765 -0.145768
v -0.100000 0.628983 -0.146024
v 0.100000 0.628983 -0.146024
v -0.100000 0.629244 -0.146269
v 0.100000 0.629244 -0.146269
v -0.100000 0.629549 -0.146503
v 0.100000 0.629549 -0.146503
v -0.100000 0.629897 -0.146726
v 0.100000 0.629897 -0.146726
v -0.100000 0.630289 -0.146938
v 0.100000 0.630289 -0.146938
v -0.100000 0.630724 -0.147140
v 0.100000 0.630724 -0.147140
v -0.100000 0.631203 -0.147330
v 0.100000 0.631203 -0.147330
v -0.100000 0.631726 -0.147510
v 0.100000 0.631726 -0.147510
v -0.100000 0.632292 -0.147678
v 0.100000 0.632292 -0.147678
v -0.100000 0.632901 -0.147836
v 0.100000 0.632901 -0.147836
v -0.100000 0.633554 -0.147983
v 0.100000 0.633554 -0.147983
v -0.100000 0.634251 -0.148119
v 0.100000 0.634251 -0.148119
v -0.100000 0.746712 -0.178292
v 0.100000 0.746712 -0.178292
v -0.100000 0.747924 -0.178505
v 0.100000 0.747924 -0.178505
v -0.100000 0.749079 -0.178754
v 0.100000 0.749079 -0.178754
v -0.100000 0.750177 -0.179038
v 0.100000 0.750177 -0.179038
v -0.100000 0.751218 -0.179358
v 0.100000 0.751218 -0.179358
v -0.100000 0.752202 -0.179713
v 0.100000 0.752202 -0.179713
v -0.100000 0.753128 -0.180104
v 0.100000 0.753128 -0.180104
v -0.100000 0.753998 -0.180530
v 0.100000 0.753998 -0.180530
v -0.100000 0.754810 -0.180991
v 0.100000 0.754810 -0.180991
v -0.100000 0.755565 -0.181488
v 0.100000 0.755565 -0.181488
v -0.100000 0.756263 -0.182020
v 0.100000 0.756263 -0.182020
v -0.100000 0.756904 -0.182587
v 0.100000 0.756904 -0.182587
v -0.100000 0.757488 -0.183190
v 0.100000 0.757488 -0.183190
v -0.100000 0.758020 -0.183836
v 0.100000 0.758020 -0.183836
v -0.100000 0.758505 -0.184534
v 0.100000 0.758505 -0.184534
v -0.100000 0.758945 -0.185284
v 0.100000 0.758945 -0.185284
v -0.100000 0.759338 -0.186085
v 0.100000 0.759338 -0.186085
v -0.100000 0.759685 -0.186938
v 0.100000 0.759685 -0.186938
v -0.100000 0.759986 -0.187843
v 0.100000 0.759986 -0.187843
v -0.100000 0.760240 -0.188799
v 0.100000 0.760240 -0.188799
v -0.100000 0.760448 -0.189808
v 0.100000 0.760448 -0.189808
v -0.100000 0.760610 -0.190867
v 0.100000 0.760610 -0.190867
v -0.100000 0.760726 -0.191979
v 0.100000 0.760726 -0.191979
v -0.100000 0.760795 -0.193142
v 0.100000 0.760795 -0.193142
v -0.100000 0.760818 -0.194357
v 0.100000 0.760818 -0.194357
v -0.100000 0.760818 -0.246082
v 0.100000 0.760818 -0.246082
v -0.100000 0.760720 -0.248441
v 0.100000 0.760720 -0.248441
v -0.100000 0.760426 -0.250555
v 0.100000 0.760426 -0.250555
v -0.100000 0.759937 -0.252425
v 0.100000 0.759937 -0.252425
v -0.100000 0.759251 -0.254049
v 0.100000 0.759251 -0.254049
v -0.100000 0.758369 -0.255429
v 0.100000 0.758369 -0.255429
v -0.100000 0.757292 -0.256563
v 0.100000 0.757292 -0.256563
v -0.100000 0.756018 -0.257453
v 0.100000 0.756018 -0.257453
v -0.100000 0.754549 -0.258098
v 0.100000 0.754549 -0.258098
v -0.100000 0.752883 -0.258498
v 0.100000 0.752883 -0.258498
v -0.100000 0.751022 -0.258653
v 0.100000 0.751022 -0.258653
v -0.100000 0.748965 -0.258564
v 0.100000 0.748965 -0.258564
v -0.100000 0.746712 -0.258229
v 0.100000 0.746712 -0.258229
v -0.100000 0.597417 -0.215517
v 0.100000 0.597417 -0.215517
v -0.100000 0.594712 -0.214720
v 0.100000 0.594712 -0.214720
v -0.100000 0.592083 -0.213895
v 0.100000 0.592083 -0.213895
v -0.100000 0.589531 -0.213044
v 0.100000 0.589531 -0.213044
v -0.100000 0.587055 -0.212165
v 0.100000 0.587055 -0.212165
v -0.100000 0.584655 -0.211259
v 0.100000 0.584655 -0.211259
v -0.100000 0.582331 -0.210325
v 0.100000 0.582331 -0.210325
v -0.100000 0.580083 -0.209365
v 0.100000 0.580083 -0.209365
v -0.100000 0.577912 -0.208377
v 0.100000 0.577912 -0.208377
v -0.100000 0.575816 -0.207362
v 0.100000 0.575816 -0.207362
v -0.100000 0.573797 -0.206320
v 0.100000 0.573797 -0.206320
v -0.100000 0.571854 -0.205250
v 0.100000 0.571854 -0.205250
v -0.100000 0.569988 -0.204154
v 0.100000 0.569988 -0.204154
v -0.100000 0.568196 -0.203009
v 0.100000 0.568196 -0.203009
v -0.100000 0.566477 -0.201797
v 0.100000 0.566477 -0.201797
v -0.100000 0.564832 -0.200517
v 0.100000 0.564832 -0.200517
v -0.100000 0.563261 -0.199168
v 0.100000 0.563261 -0.199168
v -0.100000 0.561763 -0.197752
v 0.100000 0.561763 -0.197752
v -0.100000 0.560338 -0.196268
v 0.100000 0.560338 -0.196268
v -0.100000 0.558987 -0.194715
v 0.100000 0.558987 -0.194715
v -0.100000 0.557710 -0.193095
v 0.100000 0.557710 -0.193095
v -0.100000 0.556506 -0.191406
v 0.100000 0.556506 -0.191406
v -0.100000 0.555375 -0.189650
v 0.100000 0.555375 -0.189650
v -0.100000 0.554318 -0.187825
v 0.100000 0.554318 -0.187825
v -0.100000 0.553334 -0.185933
v 0.100000 0.553334 -0.185933
v -0.100000 0.552426 -0.183950
v 0.100000 0.552426 -0.183950
v -0.100000 0.551598 -0.181856
v 0.100000 0.551598 -0.181856
v -0.100000 0.550848 -0.179651
v 0.100000 0.550848 -0.179651
v -0.100000 0.550177 -0.177334
v 0.100000 0.550177 -0.177334
v -0.100000 0.549585 -0.174905
v 0.100000 0.549585 -0.174905
v -0.100000 0.549072 -0.172365
v 0.100000 0.549072 -0.172365
v -0.100000 0.548638 -0.169713
v 0.100000 0.548638 -0.169713
v -0.100000 0.548283 -0.166950
v 0.100000 0.548283 -0.166950
v -0.100000 0.548007 -0.164075
v 0.100000 0.548007 -0.164075
v -0.100000 0.547810 -0.161088
v 0.100000 0.547810 -0.161088
v -0.100000 0.547691 -0.157990
v 0.100000 0.547691 -0.157990
v -0.100000 0.547652 -0.154781
v 0.100000 0.547652 -0.154781
v -0.100000 0.547652 -0.126567
v 0.100000 0.547652 -0.126567
v -0.100000 0.547692 -0.123419
v 0.100000 0.547692 -0.123419
v -0.100000 0.547810 -0.120374
v 0.100000 0.547810 -0.120374
v -0.100000 0.548007 -0.117432
v 0.100000 0.548007 -0.117432
v -0.100000 0.548283 -0.114594
v 0.100000 0.548283 -0.114594
v -0.100000 0.548639 -0.111859
v 0.100000 0.548639 -0.111859
v -0.100000 0.549073 -0.109228
v 0.100000 0.549073 -0.109228
v -0.100000 0.549586 -0.106700
v 0.100000 0.549586 -0.106700
v -0.100000 0.550177 -0.104276
v 0.100000 0.550177 -0.104276
v -0.100000 0.550848 -0.101954
v 0.100000 0.550848 -0.101954
v -0.100000 0.551598 -0.099737
v 0.100000 0.551598 -0.099737
v -0.100000 0.552427 -0.097622
v 0.100000 0.552427 -0.097622
v -0.100000 0.553334 -0.095611
v 0.100000 0.553334 -0.095611
v -0.100000 0.554318 -0.093687
v 0.100000 0.554318 -0.093687
v -0.100000 0.555375 -0.091834
v 0.100000 0.555375 -0.091834
v -0.100000 0.556505 -0.090052
v 0.100000 0.556505 -0.090052
v -0.100000 0.557710 -0.088340
v 0.100000 0.557710 -0.088340
v -0.100000 0.558987 -0.086699
v 0.100000 0.558987 -0.086699
v -0.100000 0.560338 -0.085129
v 0.100000 0.560338 -0.085129
v -0.100000 0.561763 -0.083630
v 0.100000 0.561763 -0.083630
v -0.100000 0.563261 -0.082201
v 0.100000 0.563261 -0.082201
v -0.100000 0.564832 -0.080843
v 0.100000 0.564832 -0.080843
v -0.100000 0.566477 -0.079556
v 0.100000 0.566477 -0.079556
v -0.100000 0.568196 -0.078340
v 0.100000 0.568196 -0.078340
v -0.100000 0.290207 -0.077194
v 0.100000 0.290207 -0.077194
v -0.100000 0.292074 -0.076098
v 0.100000 0.292074 -0.076098
v -0.100000 0.294017 -0.075028
v 0.100000 0.294017 -0.075028
v -0.100000 0.296036 -0.073986
v 0.100000 0.296036 -0.073986
v -0.100000 0.298131 -0.072971
v 0.100000 0.298131 -0.072971
v -0.100000 0.300303 -0.071983
v 0.100000 0.300303 -0.071983
v -0.100000 0.302550 -0.071023
v 0.100000 0.302550 -0.071023
v -0.100000 0.304874 -0.070089
v 0.100000 0.304874 -0.070089
v -0.100000 0.307274 -0.069183
v 0.100000 0.307274 -0.069183
v -0.100000 0.309750 -0.068304
v 0.100000 0.309750 -0.068304
v -0.100000 0.312303 -0.067453
v 0.100000 0.312303 -0.067453
v -0.100000 0.314932 -0.066628
v 0.100000 0.314932 -0.066628
v -0.100000 0.317636 -0.065831
v 0.100000 0.317636 -0.065831
v -0.100000 0.466931 -0.023119
v 0.100000 0.466931 -0.023119
v -0.100000 0.469184 -0.022784
v 0.100000 0.469184 -0.022784
v -0.100000 0.471241 -0.022695
v 0.100000 0.471241 -0.022695
v -0.100000 0.473103 -0.022850
v 0.100000 0.473103 -0.022850
v -0.100000 0.474768 -0.023250
v 0.100000 0.474768 -0.023250
v -0.100000 0.476237 -0.023895
v 0.100000 0.476237 -0.023895
v -0.100000 0.477511 -0.024784
v 0.100000 0.477511 -0.024784
v -0.100000 0.478589 -0.025919
v 0.100000 0.478589 -0.025919
v -0.100000 0.479470 -0.027299
v 0.100000 0.479470 -0.027299
v -0.100000 0.480156 -0.028923
v 0.100000 0.480156 -0.028923
v -0.100000 0.480646 -0.030793
v 0.100000 0.480646 -0.030793
v -0.100000 0.480940 -0.032907
v 0.100000 0.480940 -0.032907
v -0.100000 0.481038 -0.035266
v 0.100000 0.481038 -0.035266
v -0.100000 0.481038 -0.086991
v 0.100000 0.481038 -0.086991
v -0.100000 0.481015 -0.088267
v 0.100000 0.481015 -0.088267
v -0.100000 0.480945 -0.089483
v 0.100000 0.480945 -0.089483
v -0.100000 0.480830 -0.090640
v 0.100000 0.480830 -0.090640
v -0.100000 0.480668 -0.091736
v 0.100000 0.480668 -0.091736
v -0.100000 0.480459 -0.092773
v 0.100000 0.480459 -0.092773
v -0.100000 0.480205 -0.093750
v 0.100000 0.480205 -0.093750
v -0.100000 0.479904 -0.094667
v 0.100000 0.479904 -0.094667
v -0.100000 0.479557 -0.095524
v 0.100000 0.479557 -0.095524
v -0.100000 0.479164 -0.096322
v 0.100000 0.479164 -0.096322
v -0.100000 0.478725 -0.097059
v 0.100000 0.478725 -0.097059
v -0.100000 0.478239 -0.097737
v 0.100000 0.478239 -0.097737
v -0.100000 0.477707 -0.098354
v 0.100000 0.477707 -0.098354
v -0.100000 0.477123 -0.098926
v 0.100000 0.477123 -0.098926
v -0.100000 0.476482 -0.099464
v 0.100000 0.476482 -0.099464
v -0.100000 0.475784 -0.099971
v 0.100000 0.475784 -0.099971
v -0.100000 0.475029 -0.100444
v 0.100000 0.475029 -0.100444
v -0.100000 0.474217 -0.100885
v 0.100000 0.474217 -0.100885
v -0.100000 0.473348 -0.101293
v 0.100000 0.473348 -0.101293
v -0.100000 0.472421 -0.101669
v 0.100000 0.472421 -0.101669
v -0.100000 0.471437 -0.102011
v 0.100000 0.471437 -0.102011
v -0.100000 0.470396 -0.102322
v 0.100000 0.470396 -0.102322
v -0.100000 0.469298 -0.102599
v 0.100000 0.469298 -0.102599
v -0.100000 0.468143 -0.102844
v 0.100000 0.468143 -0.102844
v -0.100000 0.466931 -0.103056
v 0.100000 0.466931 -0.103056
v -0.100000 0.354470 -0.133229
v 0.100000 0.354470 -0.133229
v -0.100000 0.353774 -0.133365
v 0.100000 0.353774 -0.133365
v -0.100000 0.353121 -0.133512
v 0.100000 0.353121 -0.133512
v -0.100000 0.352511 -0.133670
v 0.100000 0.352511 -0.133670
v -0.100000 0.351945 -0.133838
v 0.100000 0.351945 -0.133838
v -0.100000 0.351423 -0.134018
v 0.100000 0.351423 -0.134018
v -0.100000 0.350944 -0.134208
v 0.100000 0.350944 -0.134208
v -0.100000 0.350508 -0.134410
v 0.100000 0.350508 -0.134410
v -0.100000 0.350116 -0.134622
v 0.100000 0.350116 -0.134622
v -0.100000 0.349768 -0.134845
v 0.100000 0.349768 -0.134845
v -0.100000 0.349463 -0.135079
v 0.100000 0.349463 -0.135079
v -0.100000 0.349202 -0.135324
v 0.100000 0.349202 -0.135324
v -0.100000 0.348984 -0.135580
v 0.100000 0.348984 -0.135580
v -0.100000 0.348797 -0.135855
v 0.100000 0.348797 -0.135855
v -0.100000 0.348625 -0.136157
v 0.100000 0.348625 -0.136157
v -0.100000 0.348470 -0.136486
v 0.100000 0.348470 -0.136486
v -0.100000 0.348331 -0.136843
v 0.100000 0.348331 -0.136843
v -0.100000 0.348209 -0.137226
v 0.100000 0.348209 -0.137226
v -0.100000 0.348103 -0.137637
v 0.100000 0.348103 -0.137637
v -0.100000 0.348013 -0.138075
v 0.100000 0.348013 -0.138075
v -0.100000 0.347939 -0.138541
v 0.100000 0.347939 -0.138541
v -0.100000 0.347882 -0.139033
v 0.100000 0.347882 -0.139033
v -0.100000 0.347842 -0.139553
v 0.100000 0.347842 -0.139553
v -0.100000 0.347817 -0.140100
v 0.100000 0.347817 -0.140100
v -0.100000 0.347809 -0.140674
v 0.100000 0.347809 -0.140674
v -0.100000 0.347817 -0.141248
v 0.100000 0.347817 -0.141248
v -0.100000 0.347842 -0.141795
v 0.100000 0.347842 -0.141795
v -0.100000 0.347882 -0.142315
v 0.100000 0.347882 -0.142315
v -0.100000 0.347939 -0.142807
v 0.100000 0.347939 -0.142807
v -0.100000 0.348013 -0.143273
v 0.100000 0.348013 -0.143273
v -0.100000 0.348103 -0.143711
v 0.100000 0.348103 -0.143711
v -0.100000 0.348209 -0.144122
v 0.100000 0.348209 -0.144122
v -0.100000 0.348331 -0.144505
v 0.100000 0.348331 -0.144505
v -0.100000 0.348470 -0.144862
v 0.100000 0.348470 -0.144862
v -0.100000 0.348625 -0.145191
v 0.100000 0.348625 -0.145191
v -0.100000 0.348797 -0.145493
v 0.100000 0.348797 -0.145493
v -0.100000 0.348984 -0.145768
v 0.100000 0.348984 -0.145768
v -0.100000 0.349202 -0.146024
v 0.100000 0.349202 -0.146024
v -0.100000 0.349463 -0.146269
v 0.100000 0.349463 -0.146269
v -0.100000 0.349768 -0.146503
v 0.100000 0.349768 -0.146503
v -0.100000 0.350116 -0.146726
v 0.100000 0.350116 -0.146726
v -0.100000 0.350508 -0.146938
v 0.100000 0.350508 -0.146938
v -0.100000 0.350944 -0.147140
v 0.100000 0.350944 -0.147140
v -0.100000 0.351423 -0.147330
v 0.100000 0.351423 -0.147330
v -0.100000 0.351945 -0.147510
v 0.100000 0.351945 -0.147510
v -0.100000 0.352511 -0.147678
v 0.100000 0.352511 -0.147678
v -0.100000 0.353121 -0.147836
v 0.100000 0.353121 -0.147836
v -0.100000 0.353774 -0.147983
v 0.100000 0.353774 -0.147983
v -0.100000 0.354470 -0.148119
v 0.100000 0.354470 -0.148119
v -0.100000 0.466931 -0.178292
v 0.100000 0.466931 -0.178292
v -0.100000 0.468143 -0.178505
v 0.100000 0.468143 -0.178505
v -0.100000 0.469299 -0.178754
v 0.100000 0.469299 -0.178754
v -0.100000 0.470397 -0.179038
v 0.100000 0.470397 -0.179038
v -0.100000 0.471437 -0.179358
v 0.100000 0.471437 -0.179358
v -0.100000 0.472421 -0.179713
v 0.100000 0.472421 -0.179713
v -0.100000 0.473348 -0.180104
v 0.100000 0.473348 -0.180104
v -0.100000 0.474217 -0.180530
v 0.100000 0.474217 -0.180530
v -0.100000 0.475029 -0.180991
v 0.100000 0.475029 -0.180991
v -0.100000 0.475784 -0.181488
v 0.100000 0.475784 -0.181488
v -0.100000 0.476482 -0.182020
v 0.100000 0.476482 -0.182020
v -0.100000 0.477123 -0.182587
v 0.100000 0.477123 -0.182587
v -0.100000 0.477707 -0.183190
v 0.100000 0.477707 -0.183190
v -0.100000 0.478239 -0.183836
v 0.100000 0.478239 -0.183836
v -0.100000 0.478725 -0.184534
v 0.100000 0.478725 -0.184534
v -0.100000 0.479164 -0.185284
v 0.100000 0.479164 -0.185284
v -0.100000 0.479557 -0.186085
v 0.100000 0.479557 -0.186085
v -0.100000 0.479904 -0.186938
v 0.100000 0.479904 -0.186938
v -0.100000 0.480205 -0.187843
v 0.100000 0.480205 -0.187843
v -0.100000 0.480459 -0.188799
v 0.100000 0.480459 -0.188799
v -0.100000 0.480668 -0.189808
v 0.100000 0.480668 -0.189808
v -0.100000 0.480830 -0.190867
v 0.100000 0.480830 -0.190867
v -0.100000 0.480945 -0.191979
v 0.100000 0.480945 -0.191979
v -0.100000 0.481015 -0.193142
v 0.100000 0.481015 -0.193142
v -0.100000 0.481038 -0.194357
v 0.100000 0.481038 -0.194357
v -0.100000 0.481038 -0.246082
v 0.100000 0.481038 -0.246082
v -0.100000 0.480940 -0.248441
v 0.100000 0.480940 -0.248441
v -0.100000 0.480646 -0.250555
v 0.100000 0.480646 -0.250555
v -0.100000 0.480156 -0.252425
v 0.100000 0.480156 -0.252425
v -0.100000 0.479470 -0.254049
v 0.100000 0.479470 -0.254049
v -0.100000 0.478589 -0.255429
v 0.100000 0.478589 -0.255429
v -0.100000 0.477511 -0.256563
v 0.100000 0.477511 -0.256563
v -0.100000 0.476237 -0.257453
v 0.100000 0.476237 -0.257453
v -0.100000 0.474768 -0.258098
v 0.100000 0.474768 -0.258098
v -0.100000 0.473103 -0.258498
v 0.100000 0.473103 -0.258498
v -0.100000 0.471241 -0.258653
v 0.100000 0.471241 -0.258653
v -0.100000 0.469184 -0.258564
v 0.100000 0.469184 -0.258564
v -0.100000 0.466931 -0.258229
v 0.100000 0.466931 -0.258229
v -0.100000 0.317636 -0.215517
v 0.100000 0.317636 -0.215517
v -0.100000 0.314932 -0.214720
v 0.100000 0.314932 -0.214720
v -0.100000 0.312303 -0.213895
v 0.100000 0.312303 -0.213895
v -0.100000 0.309750 -0.213044
v 0.100000 0.309750 -0.213044
v -0.100000 0.307274 -0.212165
v 0.100000 0.307274 -0.212165
v -0.100000 0.304874 -0.211259
v 0.100000 0.304874 -0.211259
v -0.100000 0.302550 -0.210325
v 0.100000 0.302550 -0.210325
v -0.100000 0.300303 -0.209365
v 0.100000 0.300303 -0.209365
v -0.100000 0.298131 -0.208377
v 0.100000 0.298131 -0.208377
v -0.100000 0.296036 -0.207362
v 0.100000 0.296036 -0.207362
v -0.100000 0.294017 -0.206320
v 0.100000 0.294017 -0.206320
v -0.100000 0.292074 -0.205250
v 0.100000 0.292074 -0.205250
v -0.100000 0.290207 -0.204154
v 0.100000 0.290207 -0.204154
v -0.100000 0.288415 -0.203009
v 0.100000 0.288415 -0.203009
v -0.100000 0.286697 -0.201797
v 0.100000 0.286697 -0.201797
v -0.100000 0.285052 -0.200517
v 0.100000 0.285052 -0.200517
v -0.100000 0.283480 -0.199168
v 0.100000 0.283480 -0.199168
v -0.100000 0.281982 -0.197752
v 0.100000 0.281982 -0.197752
v -0.100000 0.280558 -0.196268
v 0.100000 0.280558 -0.196268
v -0.100000 0.279207 -0.194715
v 0.100000 0.279207 -0.194715
v -0.100000 0.277929 -0.193095
v 0.100000 0.277929 -0.193095
v -0.100000 0.276725 -0.191406
v 0.100000 0.276725 -0.191406
v -0.100000 0.275594 -0.189650
v 0.100000 0.275594 -0.189650
v -0.100000 0.274537 -0.187825
v 0.100000 0.274537 -0.187825
v -0.100000 0.273553 -0.185933
v 0.100000 0.273553 -0.185933
v -0.100000 0.272646 -0.183950
v 0.100000 0.272646 -0.183950
v -0.100000 0.271817 -0.181856
v 0.100000 0.271817 -0.181856
v -0.100000 0.271068 -0.179651
v 0.100000 0.271068 -0.179651
v -0.100000 0.270397 -0.177334
v 0.100000 0.270397 -0.177334
v -0.100000 0.269805 -0.174905
v 0.100000 0.269805 -0.174905
v -0.100000 0.269292 -0.172365
v 0.100000 0.269292 -0.172365
v -0.100000 0.268858 -0.169713
v 0.100000 0.268858 -0.169713
v -0.100000 0.268503 -0.166950
v 0.100000 0.268503 -0.166950
v -0.100000 0.268227 -0.164075
v 0.100000 0.268227 -0.164075
v -0.100000 0.268029 -0.161088
v 0.100000 0.268029 -0.161088
v -0.100000 0.267911 -0.157990
v 0.100000 0.267911 -0.157990
v -0.100000 0.267872 -0.154781
v 0.100000 0.267872 -0.154781
v -0.100000 0.267872 -0.126567
v 0.100000 0.267872 -0.126567
v -0.100000 0.267911 -0.123419
v 0.100000 0.267911 -0.123419
v -0.100000 0.268029 -0.120374
v 0.100000 0.268029 -0.120374
v -0.100000 0.268227 -0.117432
v 0.100000 0.268227 -0.117432
v -0.100000 0.268503 -0.114594
v 0.100000 0.268503 -0.114594
v -0.100000 0.268858 -0.111859
v 0.100000 0.268858 -0.111859
v -0.100000 0.269292 -0.109228
v 0.100000 0.269292 -0.109228
v -0.100000 0.269805 -0.106700
v 0.100000 0.269805 -0.106700
v -0.100000 0.270397 -0.104276
v 0.100000 0.270397 -0.104276
v -0.100000 0.271068 -0.101954
v 0.100000 0.271068 -0.101954
v -0.100000 0.271817 -0.099737
v 0.100000 0.271817 -0.099737
v -0.100000 0.272646 -0.097622
v 0.100000 0.272646 -0.097622
v -0.100000 0.273553 -0.095611
v 0.100000 0.273553 -0.095611
v -0.100000 0.274537 -0.093687
v 0.100000 0.274537 -0.093687
v -0.100000 0.275594 -0.091834
v 0.100000 0.275594 -0.091834
v -0.100000 0.276725 -0.090052
v 0.100000 0.276725 -0.090052
v -0.100000 0.277929 -0.088340
v 0.100000 0.277929 -0.088340
v -0.100000 0.279207 -0.086699
v 0.100000 0.279207 -0.086699
v -0.100000 0.280558 -0.085129
v 0.100000 0.280558 -0.085129
v -0.100000 0.281982 -0.083630
v 0.100000 0.281982 -0.083630
v -0.100000 0.283480 -0.082201
v 0.100000 0.283480 -0.082201
v -0.100000 0.285052 -0.080843
v 0.100000 0.285052 -0.080843
v -0.100000 0.286697 -0.079556
v 0.100000 0.286697 -0.079556
v -0.100000 0.288415 -0.078340
v 0.100000 0.288415 -0.078340
vn 1.0000 -0.0000 -0.0000
vn -1.0000 -0.0000 -0.0000
vn -0.0000 -0.5227 0.8525
vn -0.0000 -0.4944 0.8692
vn -0.0000 -0.4705 0.8824
vn -0.0000 -0.4474 0.8944
vn -0.0000 -0.4250 0.9052
vn -0.0000 -0.4035 0.9150
vn -0.0000 -0.3829 0.9238
vn -0.0000 -0.3630 0.9318
vn -0.0000 -0.3439 0.9390
vn -0.0000 -0.3255 0.9455
vn -0.0000 -0.3079 0.9514
vn -0.0000 -0.2910 0.9567
vn -0.0000 -0.2789 0.9603
vn -0.0000 -0.2115 0.9774
vn -0.0000 -0.0954 0.9954
vn -0.0000 0.0198 0.9998
vn -0.0000 0.1588 0.9873
vn -0.0000 0.3190 0.9478
vn -0.0000 0.4897 0.8719
vn -0.0000 0.6522 0.7580
vn -0.0000 0.7875 0.6164
vn -0.0000 0.8851 0.4654
vn -0.0000 0.9467 0.3220
vn -0.0000 0.9806 0.1959
vn -0.0000 0.9960 0.0897
vn -0.0000 0.9998 0.0207
vn -0.0000 1.0000 -0.0091
vn -0.0000 0.9993 -0.0375
vn -0.0000 0.9969 -0.0782
vn -0.0000 0.9924 -0.1228
vn -0.0000 0.9852 -0.1715
vn -0.0000 0.9745 -0.2245
vn -0.0000 0.9594 -0.2819
vn -0.0000 0.9391 -0.3436
vn -0.0000 0.9125 -0.4090
vn -0.0000 0.8786 -0.4775
vn -0.0000 0.8366 -0.5478
vn -0.0000 0.7860 -0.6182
vn -0.0000 0.7293 -0.6842
vn -0.0000 0.6720 -0.7405
vn -0.0000 0.6157 -0.7880
vn -0.0000 0.5595 -0.8289
vn -0.0000 0.5044 -0.8635
vn -0.0000 0.4512 -0.8924
vn -0.0000 0.4004 -0.9163
vn -0.0000 0.3525 -0.9358
vn -0.0000 0.3075 -0.9516
vn -0.0000 0.2654 -0.9641
vn -0.0000 0.2263 -0.9741
vn -0.0000 0.1900 -0.9818
vn -0.0000 0.2160 -0.9764
vn -0.0000 0.2255 -0.9742
vn -0.0000 0.2056 -0.9786
vn -0.0000 0.2351 -0.9720
vn -0.0000 0.2682 -0.9634
vn -0.0000 0.3054 -0.9522
vn -0.0000 0.3474 -0.9377
vn -0.0000 0.3948 -0.9188
vn -0.0000 0.4482 -0.8939
vn -0.0000 0.5082 -0.8612
vn -0.0000 0.5747 -0.8183
vn -0.0000 0.6473 -0.7623
vn -0.0000 0.7239 -0.6899
vn -0.0000 0.7947 -0.6070
vn -0.0000 0.8484 -0.5293
vn -0.0000 0.8878 -0.4602
vn -0.0000 0.9188 -0.3947
vn -0.0000 0.9427 -0.3336
vn -0.0000 0.9608 -0.2772
vn -0.0000 0.9742 -0.2255
vn -0.0000 0.9840 -0.1784
vn -0.0000 0.9908 -0.1356
vn -0.0000 0.9953 -0.0968
vn -0.0000 0.9981 -0.0615
vn -0.0000 0.9996 -0.0295
vn -0.0000 1.0000 -0.0000
vn -0.0000 0.9996 0.0295
vn -0.0000 0.9981 0.0615
vn -0.0000 0.9953 0.0968
vn -0.0000 0.9908 0.1356
vn -0.0000 0.9840 0.1784
vn -0.0000 0.9742 0.2255
vn -0.0000 0.9608 0.2772
vn -0.0000 0.9427 0.3336
vn -0.0000 0.9188 0.3947
vn -0.0000 0.8878 0.4602
vn -0.0000 0.8484 0.5293
vn -0.0000 0.7947 0.6070
vn -0.0000 0.7239 0.6899
vn -0.0000 0.6473 0.7623
vn -0.0000 0.5747 0.8183
vn -0.0000 0.5082 0.8612
vn -0.0000 0.4483 0.8939
vn -0.0000 0.3948 0.9188
vn -0.0000 0.3474 0.9377
vn -0.0000 0.3054 0.9522
vn -0.0000 0.2682 0.9634
vn -0.0000 0.2351 0.9720
vn -0.0000 0.2056 0.9786
vn -0.0000 0.2255 0.9742
vn -0.0000 0.2165 0.9763
vn -0.0000 0.1922 0.9814
vn -0.0000 0.2308 0.9730
vn -0.0000 0.2722 0.9622
vn -0.0000 0.3167 0.9485
vn -0.0000 0.3641 0.9314
vn -0.0000 0.4143 0.9101
vn -0.0000 0.4671 0.8842
vn -0.0000 0.5219 0.8530
vn -0.0000 0.5782 0.8159
vn -0.0000 0.6350 0.7725
vn -0.0000 0.6911 0.7227
vn -0.0000 0.7458 0.6661
vn -0.0000 0.7971 0.6039
vn -0.0000 0.8424 0.5389
vn -0.0000 0.8808 0.4734
vn -0.0000 0.9126 0.4089
vn -0.0000 0.9381 0.3462
vn -0.0000 0.9581 0.2864
vn -0.0000 0.9733 0.2297
vn -0.0000 0.9843 0.1767
vn -0.0000 0.9919 0.1273
vn -0.0000 0.9967 0.0815
vn -0.0000 0.9992 0.0393
vn -0.0000 1.0000 0.0095
vn -0.0000 0.9998 -0.0207
vn -0.0000 0.9960 -0.0897
vn -0.0000 0.9806 -0.1959
vn -0.0000 0.9467 -0.3220
vn -0.0000 0.8851 -0.4653
vn -0.0000 0.7875 -0.6164
vn -0.0000 0.6522 -0.7580
vn -0.0000 0.4897 -0.8719
vn -0.0000 0.3190 -0.9478
vn -0.0000 0.1588 -0.9873
vn -0.0000 0.0198 -0.9998
vn -0.0000 -0.0954 -0.9954
vn -0.0000 -0.2114 -0.9774
vn -0.0000 -0.2789 -0.9603
vn -0.0000 -0.2910 -0.9567
vn -0.0000 -0.3079 -0.9514
vn -0.0000 -0.3255 -0.9455
vn -0.0000 -0.3439 -0.9390
vn -0.0000 -0.3630 -0.9318
vn -0.0000 -0.3829 -0.9238
vn -0.0000 -0.4035 -0.9150
vn -0.0000 -0.4250 -0.9052
vn -0.0000 -0.4474 -0.8944
vn -0.0000 -0.4705 -0.8824
vn -0.0000 -0.4944 -0.8692
vn -0.0000 -0.5225 -0.8527
vn -0.0000 -0.5575 -0.8302
vn -0.0000 -0.5955 -0.8034
vn -0.0000 -0.6329 -0.7743
vn -0.0000 -0.6693 -0.7430
vn -0.0000 -0.7045 -0.7097
vn -0.0000 -0.7381 -0.6746
vn -0.0000 -0.7700 -0.6380
vn -0.0000 -0.8000 -0.6000
vn -0.0000 -0.8278 -0.5611
vn -0.0000 -0.8533 -0.5214
vn -0.0000 -0.8765 -0.4814
vn -0.0000 -0.8986 -0.4389
vn -0.0000 -0.9199 -0.3922
vn -0.0000 -0.9386 -0.3450
vn -0.0000 -0.9539 -0.3000
vn -0.0000 -0.9663 -0.2575
vn -0.0000 -0.9761 -0.2174
vn -0.0000 -0.9837 -0.1798
vn -0.0000 -0.9895 -0.1445
vn -0.0000 -0.9938 -0.1116
vn -0.0000 -0.9967 -0.0808
vn -0.0000 -0.9986 -0.0521
vn -0.0000 -0.9997 -0.0252
vn -0.0000 -1.0000 -0.0061
vn -0.0000 -1.0000 0.0063
vn -0.0000 -0.9997 0.0257
vn -0.0000 -0.9986 0.0529
vn -0.0000 -0.9966 0.0819
vn -0.0000 -0.9936 0.1128
vn -0.0000 -0.9893 0.1458
vn -0.0000 -0.9835 0.1808
vn -0.0000 -0.9759 0.2180
vn -0.0000 -0.9663 0.2574
vn -0.0000 -0.9543 0.2990
vn -0.0000 -0.9395 0.3426
vn -0.0000 -0.9216 0.3882
vn -0.0000 -0.9012 0.4334
vn -0.0000 -0.8797 0.4755
vn -0.0000 -0.8568 0.5157
vn -0.0000 -0.8314 0.5557
vn -0.0000 -0.8037 0.5950
vn -0.0000 -0.7738 0.6335
vn -0.0000 -0.7417 0.6707
vn -0.0000 -0.7078 0.7064
vn -0.0000 -0.6722 0.7404
vn -0.0000 -0.6352 0.7723
vn -0.0000 -0.5972 0.8021
vn -0.0000 -0.5584 0.8296
vn -0.0000 -0.2114 0.9774
vn -0.0000 0.8851 0.4653
vn -0.0000 0.9998 0.0208
vn -0.0000 0.9993 -0.0376
vn -0.0000 0.5748 -0.8183
vn -0.0000 0.8485 -0.5293
vn -0.0000 0.9188 -0.3948
vn -0.0000 0.9981 -0.0616
vn -0.0000 0.9981 0.0616
vn -0.0000 0.9188 0.3948
vn -0.0000 0.8485 0.5293
vn -0.0000 0.5748 0.8183
vn -0.0000 0.1921 0.9814
vn -0.0000 0.4670 0.8842
vn -0.0000 0.6350 0.7726
vn -0.0000 0.9581 0.2863
vn -0.0000 0.9998 -0.0208
vn -0.0000 -0.9759 0.2181
vn -0.0000 -0.9395 0.3427
vn -0.0000 -0.5583 0.8296
vn -0.0000 0.9745 -0.2246
vn -0.0000 0.9594 -0.2820
vn -0.0000 0.4483 -0.8939
vn -0.0000 0.5747 -0.8184
vn -0.0000 0.7238 -0.6900
vn -0.0000 0.8485 -0.5292
vn -0.0000 0.9743 -0.2255
vn -0.0000 0.9839 -0.1785
vn -0.0000 0.9907 -0.1357
vn -0.0000 0.9907 0.1357
vn -0.0000 0.9839 0.1785
vn -0.0000 0.9743 0.2255
vn -0.0000 0.8485 0.5292
vn -0.0000 0.6912 0.7227
vn -0.0000 0.7459 0.6661
vn -0.0000 0.9732 0.2298
vn -0.0000 0.8851 -0.4654
vn -0.0000 -0.8985 -0.4389
vn -0.0000 -0.9199 -0.3923
vn -0.0000 -0.9542 0.2990
vt 0.676768 0.000000
vt 0.686869 0.000000
vt 0.681818 0.000000
vt 0.691919 0.000000
vt 0.671717 0.000000
vt 0.696970 0.000000
vt 0.666667 0.000000
vt 0.661616 0.000000
vt 0.656566 0.000000
vt 0.651515 0.000000
vt 0.646465 0.000000
vt 0.641414 0.000000
vt 0.636364 0.000000
vt 0.631313 0.000000
vt 0.626263 0.000000
vt 0.702020 0.000000
vt 0.707071 0.000000
vt 0.712121 0.000000
vt 0.717172 0.000000
vt 0.722222 0.000000
vt 0.727273 0.000000
vt 0.732323 0.000000
vt 0.737374 0.000000
vt 0.742424 0.000000
vt 0.747475 0.000000
vt 0.752525 0.000000
vt 0.757576 0.000000
vt 0.762626 0.000000
vt 0.767677 0.000000
vt 0.772727 0.000000
vt 0.777778 0.000000
vt 0.782828 0.000000
vt 0.787879 0.000000
vt 0.792929 0.000000
vt 0.797980 0.000000
vt 0.621212 0.000000
vt 0.616162 0.000000
vt 0.803030 0.000000
vt 0.611111 0.000000
vt 0.808081 0.000000
vt 0.606061 0.000000
vt 0.601010 0.000000
vt 0.813131 0.000000
vt 0.595960 0.000000
vt 0.590909 0.000000
vt 0.818182 0.000000
vt 0.585859 0.000000
vt 0.580808 0.000000
vt 0.823232 0.000000
vt 0.575758 0.000000
vt 0.570707 0.000000
vt 0.828283 0.000000
vt 0.565657 0.000000
vt 0.560606 0.000000
vt 0.555556 0.000000
vt 0.550505 0.000000
vt 0.833333 0.000000
vt 0.545455 0.000000
vt 0.540404 0.000000
vt 0.535354 0.000000
vt 0.530303 0.000000
vt 0.525253 0.000000
vt 0.838384 0.000000
vt 0.520202 0.000000
vt 0.515152 0.000000
vt 0.510101 0.000000
vt 0.505050 0.000000
vt 0.500000 0.000000
vt 0.843434 0.000000
vt 0.848485 0.000000
vt 0.853535 0.000000
vt 0.858586 0.000000
vt 0.863636 0.000000
vt 0.868687 0.000000
vt 0.873737 0.000000
vt 0.878788 0.000000
vt 0.494949 0.000000
vt 0.489899 0.000000
vt 0.883838 0.000000
vt 0.484848 0.000000
vt 0.479798 0.000000
vt 0.474747 0.000000
vt 0.469697 0.000000
vt 0.464646 0.000000
vt 0.459596 0.000000
vt 0.454545 0.000000
vt 0.449495 0.000000
vt 0.444444 0.000000
vt 0.439394 0.000000
vt 0.434343 0.000000
vt 0.429293 0.000000
vt 0.424242 0.000000
vt 0.419192 0.000000
vt 0.414141 0.000000
vt 0.409091 0.000000
vt 0.404040 0.000000
vt 0.398990 0.000000
vt 0.393939 0.000000
vt 0.388889 0.000000
vt 0.383838 0.000000
vt 0.378788 0.000000
vt 0.373737 0.000000
vt 0.368687 0.000000
vt 0.363636 0.000000
vt 0.358586 0.000000
vt 0.353535 0.000000
vt 0.348485 0.000000
vt 0.343434 0.000000
vt 0.338384 0.000000
vt 0.333333 0.000000
vt 0.328283 0.000000
vt 0.323232 0.000000
vt 0.318182 0.000000
vt 0.313131 0.000000
vt 0.308081 0.000000
vt 0.303030 0.000000
vt 0.297980 0.000000
vt 0.292929 0.000000
vt 0.287879 0.000000
vt 0.282828 0.000000
vt 0.277778 0.000000
vt 0.272727 0.000000
vt 0.267677 0.000000
vt 0.262626 0.000000
vt 0.257576 0.000000
vt 0.252525 0.000000
vt 0.888889 0.000000
vt 0.893939 0.000000
vt 0.898990 0.000000
vt 0.904040 0.000000
vt 0.909091 0.000000
vt 0.914141 0.000000
vt 0.919192 0.000000
vt 0.924242 0.000000
vt 0.929293 0.000000
vt 0.247475 0.000000
vt 0.242424 0.000000
vt 0.237374 0.000000
vt 0.232323 0.000000
vt 0.227273 0.000000
vt 0.934343 0.000000
vt 0.222222 0.000000
vt 0.217172 0.000000
vt 0.212121 0.000000
vt 0.207071 0.000000
vt 0.202020 0.000000
vt 0.939394 0.000000
vt 0.196970 0.000000
vt 0.191919 0.000000
vt 0.186869 0.000000
vt 0.181818 0.000000
vt 0.944444 0.000000
vt 0.176768 0.000000
vt 0.171717 0.000000
vt 0.949495 0.000000
vt 0.166667 0.000000
vt 0.161616 0.000000
vt 0.156566 0.000000
vt 0.954545 0.000000
vt 0.151515 0.000000
vt 0.959596 0.000000
vt 0.146465 0.000000
vt 0.141414 0.000000
vt 0.964646 0.000000
vt 0.136364 0.000000
vt 0.969697 0.000000
vt 0.131313 0.000000
vt 0.126263 0.000000
vt 0.974747 0.000000
vt 0.979798 0.000000
vt 0.984848 0.000000
vt 0.989899 0.000000
vt 0.994950 0.000000
vt 1.000000 0.000000
vt 0.000000 0.000000
vt 0.005051 0.000000
vt 0.010101 0.000000
vt 0.015152 0.000000
vt 0.020202 0.000000
vt 0.025253 0.000000
vt 0.030303 0.000000
vt 0.035354 0.000000
vt 0.040404 0.000000
vt 0.045455 0.000000
vt 0.050505 0.000000
vt 0.055556 0.000000
vt 0.060606 0.000000
vt 0.065657 0.000000
vt 0.121212 0.000000
vt 0.116162 0.000000
vt 0.111111 0.000000
vt 0.106061 0.000000
vt 0.101010 0.000000
vt 0.095960 0.000000
vt 0.090909 0.000000
vt 0.085859 0.000000
vt 0.080808 0.000000
vt 0.070707 0.000000
vt 0.075758 0.000000
vt 0.000000 1.000000
vt 0.005025 1.000000
vt 0.005025 0.000000
vt 0.010050 1.000000
vt 0.010050 0.000000
vt 0.015075 1.000000
vt 0.015075 0.000000
vt 0.020101 1.000000
vt 0.020101 0.000000
vt 0.025126 1.000000
vt 0.025126 0.000000
vt 0.030151 1.000000
vt 0.030151 0.000000
vt 0.035176 1.000000
vt 0.035176 0.000000
vt 0.040201 1.000000
vt 0.040201 0.000000
vt 0.045226 1.000000
vt 0.045226 0.000000
vt 0.050251 1.000000
vt 0.050251 0.000000
vt 0.055276 1.000000
vt 0.055276 0.000000
vt 0.060302 1.000000
vt 0.060302 0.000000
vt 0.065327 1.000000
vt 0.065327 0.000000
vt 0.070352 1.000000
vt 0.070352 0.000000
vt 0.075377 1.000000
vt 0.075377 0.000000
vt 0.080402 1.000000
vt 0.080402 0.000000
vt 0.085427 1.000000
vt 0.085427 0.000000
vt 0.090452 1.000000
vt 0.090452 0.000000
vt 0.095477 1.000000
vt 0.095477 0.000000
vt 0.100503 1.000000
vt 0.100503 0.000000
vt 0.105528 1.000000
vt 0.105528 0.000000
vt 0.110553 1.000000
vt 0.110553 0.000000
vt 0.115578 1.000000
vt 0.115578 0.000000
vt 0.120603 1.000000
vt 0.120603 0.000000
vt 0.125628 1.000000
vt 0.125628 0.000000
vt 0.130653 1.000000
vt 0.130653 0.000000
vt 0.135678 1.000000
vt 0.135678 0.000000
vt 0.140704 1.000000
vt 0.140704 0.000000
vt 0.145729 1.000000
vt 0.145729 0.000000
vt 0.150754 1.000000
vt 0.150754 0.000000
vt 0.155779 1.000000
vt 0.155779 0.000000
vt 0.160804 1.000000
vt 0.160804 0.000000
vt 0.165829 1.000000
vt 0.165829 0.000000
vt 0.170854 1.000000
vt 0.170854 0.000000
vt 0.175879 1.000000
vt 0.175879 0.000000
vt 0.180905 1.000000
vt 0.180905 0.000000
vt 0.185930 1.000000
vt 0.185930 0.000000
vt 0.190955 1.000000
vt 0.190955 0.000000
vt 0.195980 1.000000
vt 0.195980 0.000000
vt 0.201005 1.000000
vt 0.201005 0.000000
vt 0.206030 1.000000
vt 0.206030 0.000000
vt 0.211055 1.000000
vt 0.211055 0.000000
vt 0.216080 1.000000
vt 0.216080 0.000000
vt 0.221106 1.000000
vt 0.221106 0.000000
vt 0.226131 1.000000
vt 0.226131 0.000000
vt 0.231156 1.000000
vt 0.231156 0.000000
vt 0.236181 1.000000
vt 0.236181 0.000000
vt 0.241206 1.000000
vt 0.241206 0.000000
vt 0.246231 1.000000
vt 0.246231 0.000000
vt 0.251256 1.000000
vt 0.251256 0.000000
vt 0.256281 1.000000
vt 0.256281 0.000000
vt 0.261307 1.000000
vt 0.261307 0.000000
vt 0.266332 1.000000
vt 0.266332 0.000000
vt 0.271357 1.000000
vt 0.271357 0.000000
vt 0.276382 1.000000
vt 0.276382 0.000000
vt 0.281407 1.000000
vt 0.281407 0.000000
vt 0.286432 1.000000
vt 0.286432 0.000000
vt 0.291457 1.000000
vt 0.291457 0.000000
vt 0.296482 1.000000
vt 0.296482 0.000000
vt 0.301508 1.000000
vt 0.301508 0.000000
vt 0.306533 1.000000
vt 0.306533 0.000000
vt 0.311558 1.000000
vt 0.311558 0.000000
vt 0.316583 1.000000
vt 0.316583 0.000000
vt 0.321608 1.000000
vt 0.321608 0.000000
vt 0.326633 1.000000
vt 0.326633 0.000000
vt 0.331658 1.000000
vt 0.331658 0.000000
vt 0.336683 1.000000
vt 0.336683 0.000000
vt 0.341709 1.000000
vt 0.341709 0.000000
vt 0.346734 1.000000
vt 0.346734 0.000000
vt 0.351759 1.000000
vt 0.351759 0.000000
vt 0.356784 1.000000
vt 0.356784 0.000000
vt 0.361809 1.000000
vt 0.361809 0.000000
vt 0.366834 1.000000
vt 0.366834 0.000000
vt 0.371859 1.000000
vt 0.371859 0.000000
vt 0.376884 1.000000
vt 0.376884 0.000000
vt 0.381910 1.000000
vt 0.381910 0.000000
vt 0.386935 1.000000
vt 0.386935 0.000000
vt 0.391960 1.000000
vt 0.391960 0.000000
vt 0.396985 1.000000
vt 0.396985 0.000000
vt 0.402010 1.000000
vt 0.402010 0.000000
vt 0.407035 1.000000
vt 0.407035 0.000000
vt 0.412060 1.000000
vt 0.412060 0.000000
vt 0.417085 1.000000
vt 0.417085 0.000000
vt 0.422111 1.000000
vt 0.422111 0.000000
vt 0.427136 1.000000
vt 0.427136 0.000000
vt 0.432161 1.000000
vt 0.432161 0.000000
vt 0.437186 1.000000
vt 0.437186 0.000000
vt 0.442211 1.000000
vt 0.442211 0.000000
vt 0.447236 1.000000
vt 0.447236 0.000000
vt 0.452261 1.000000
vt 0.452261 0.000000
vt 0.457286 1.000000
vt 0.457286 0.000000
vt 0.462312 1.000000
vt 0.462312 0.000000
vt 0.467337 1.000000
vt 0.467337 0.000000
vt 0.472362 1.000000
vt 0.472362 0.000000
vt 0.477387 1.000000
vt 0.477387 0.000000
vt 0.482412 1.000000
vt 0.482412 0.000000
vt 0.487437 1.000000
vt 0.487437 0.000000
vt 0.492462 1.000000
vt 0.492462 0.000000
vt 0.497487 1.000000
vt 0.497487 0.000000
vt 0.502513 1.000000
vt 0.502513 0.000000
vt 0.507538 1.000000
vt 0.507538 0.000000
vt 0.512563 1.000000
vt 0.512563 0.000000
vt 0.517588 1.000000
vt 0.517588 0.000000
vt 0.522613 1.000000
vt 0.522613 0.000000
vt 0.527638 1.000000
vt 0.527638 0.000000
vt 0.532663 1.000000
vt 0.532663 0.000000
vt 0.537688 1.000000
vt 0.537688 0.000000
vt 0.542714 1.000000
vt 0.542714 0.000000
vt 0.547739 1.000000
vt 0.547739 0.000000
vt 0.552764 1.000000
vt 0.552764 0.000000
vt 0.557789 1.000000
vt 0.557789 0.000000
vt 0.562814 1.000000
vt 0.562814 0.000000
vt 0.567839 1.000000
vt 0.567839 0.000000
vt 0.572864 1.000000
vt 0.572864 0.000000
vt 0.577889 1.000000
vt 0.577889 0.000000
vt 0.582915 1.000000
vt 0.582915 0.000000
vt 0.587940 1.000000
vt 0.587940 0.000000
vt 0.592965 1.000000
vt 0.592965 0.000000
vt 0.597990 1.000000
vt 0.597990 0.000000
vt 0.603015 1.000000
vt 0.603015 0.000000
vt 0.608040 1.000000
vt 0.608040 0.000000
vt 0.613065 1.000000
vt 0.613065 0.000000
vt 0.618090 1.000000
vt 0.618090 0.000000
vt 0.623116 1.000000
vt 0.623116 0.000000
vt 0.628141 1.000000
vt 0.628141 0.000000
vt 0.633166 1.000000
vt 0.633166 0.000000
vt 0.638191 1.000000
vt 0.638191 0.000000
vt 0.643216 1.000000
vt 0.643216 0.000000
vt 0.648241 1.000000
vt 0.648241 0.000000
vt 0.653266 1.000000
vt 0.653266 0.000000
vt 0.658291 1.000000
vt 0.658291 0.000000
vt 0.663317 1.000000
vt 0.663317 0.000000
vt 0.668342 1.000000
vt 0.668342 0.000000
vt 0.673367 1.000000
vt 0.673367 0.000000
vt 0.678392 1.000000
vt 0.678392 0.000000
vt 0.683417 1.000000
vt 0.683417 0.000000
vt 0.688442 1.000000
vt 0.688442 0.000000
vt 0.693467 1.000000
vt 0.693467 0.000000
vt 0.698492 1.000000
vt 0.698492 0.000000
vt 0.703518 1.000000
vt 0.703518 0.000000
vt 0.708543 1.000000
vt 0.708543 0.000000
vt 0.713568 1.000000
vt 0.713568 0.000000
vt 0.718593 1.000000
vt 0.718593 0.000000
vt 0.723618 1.000000
vt 0.723618 0.000000
vt 0.728643 1.000000
vt 0.728643 0.000000
vt 0.733668 1.000000
vt 0.733668 0.000000
vt 0.738693 1.000000
vt 0.738693 0.000000
vt 0.743719 1.000000
vt 0.743719 0.000000
vt 0.748744 1.000000
vt 0.748744 0.000000
vt 0.753769 1.000000
vt 0.753769 0.000000
vt 0.758794 1.000000
vt 0.758794 0.000000
vt 0.763819 1.000000
vt 0.763819 0.000000
vt 0.768844 1.000000
vt 0.768844 0.000000
vt 0.773869 1.000000
vt 0.773869 0.000000
vt 0.778894 1.000000
vt 0.778894 0.000000
vt 0.783920 1.000000
vt 0.783920 0.000000
vt 0.788945 1.000000
vt 0.788945 0.000000
vt 0.793970 1.000000
vt 0.793970 0.000000
vt 0.798995 1.000000
vt 0.798995 0.000000
vt 0.804020 1.000000
vt 0.804020 0.000000
vt 0.809045 1.000000
vt 0.809045 0.000000
vt 0.814070 1.000000
vt 0.814070 0.000000
vt 0.819095 1.000000
vt 0.819095 0.000000
vt 0.824121 1.000000
vt 0.824121 0.000000
vt 0.829146 1.000000
vt 0.829146 0.000000
vt 0.834171 1.000000
vt 0.834171 0.000000
vt 0.839196 1.000000
vt 0.839196 0.000000
vt 0.844221 1.000000
vt 0.844221 0.000000
vt 0.849246 1.000000
vt 0.849246 0.000000
vt 0.854271 1.000000
vt 0.854271 0.000000
vt 0.859297 1.000000
vt 0.859297 0.000000
vt 0.864322 1.000000
vt 0.864322 0.000000
vt 0.869347 1.000000
vt 0.869347 0.000000
vt 0.874372 1.000000
vt 0.874372 0.000000
vt 0.879397 1.000000
vt 0.879397 0.000000
vt 0.884422 1.000000
vt 0.884422 0.000000
vt 0.889447 1.000000
vt 0.889447 0.000000
vt 0.894472 1.000000
vt 0.894472 0.000000
vt 0.899498 1.000000
vt 0.899498 0.000000
vt 0.904523 1.000000
vt 0.904523 0.000000
vt 0.909548 1.000000
vt 0.909548 0.000000
vt 0.914573 1.000000
vt 0.914573 0.000000
vt 0.919598 1.000000
vt 0.919598 0.000000
vt 0.924623 1.000000
vt 0.924623 0.000000
vt 0.929648 1.000000
vt 0.929648 0.000000
vt 0.934673 1.000000
vt 0.934673 0.000000
vt 0.939699 1.000000
vt 0.939699 0.000000
vt 0.944724 1.000000
vt 0.944724 0.000000
vt 0.949749 1.000000
vt 0.949749 0.000000
vt 0.954774 1.000000
vt 0.954774 0.000000
vt 0.959799 1.000000
vt 0.959799 0.000000
vt 0.964824 1.000000
vt 0.964824 0.000000
vt 0.969849 1.000000
vt 0.969849 0.000000
vt 0.974874 1.000000
vt 0.974874 0.000000
vt 0.979900 1.000000
vt 0.979900 0.000000
vt 0.984925 1.000000
vt 0.984925 0.000000
vt 0.989950 1.000000
vt 0.989950 0.000000
vt 0.994975 1.000000
vt 0.994975 0.000000
vt 1.000000 1.000000
s 0
f 135/1/1 137/2/1 136/3/1
f 135/1/1 138/4/1 137/2/1
f 134/5/1 138/4/1 135/1/1
f 134/5/1 139/6/1 138/4/1
f 133/7/1 139/6/1 134/5/1
f 132/8/1 139/6/1 133/7/1
f 131/9/1 139/6/1 132/8/1
f 130/10/1 139/6/1 131/9/1
f 129/11/1 139/6/1 130/10/1
f 128/12/1 139/6/1 129/11/1
f 127/13/1 139/6/1 128/12/1
f 126/14/1 139/6/1 127/13/1
f 125/15/1 139/6/1 126/14/1
f 125/15/1 140/16/1 139/6/1
f 125/15/1 141/17/1 140/16/1
f 125/15/1 142/18/1 141/17/1
f 125/15/1 143/19/1 142/18/1
f 125/15/1 144/20/1 143/19/1
f 125/15/1 145/21/1 144/20/1
f 125/15/1 146/22/1 145/21/1
f 125/15/1 147/23/1 146/22/1
f 125/15/1 148/24/1 147/23/1
f 125/15/1 149/25/1 148/24/1
f 125/15/1 150/26/1 149/25/1
f 125/15/1 151/27/1 150/26/1
f 125/15/1 152/28/1 151/27/1
f 125/15/1 153/29/1 152/28/1
f 125/15/1 154/30/1 153/29/1
f 125/15/1 155/31/1 154/30/1
f 125/15/1 156/32/1 155/31/1
f 125/15/1 157/33/1 156/32/1
f 125/15/1 158/34/1 157/33/1
f 125/15/1 159/35/1 158/34/1
f 124/36/1 159/35/1 125/15/1
f 123/37/1 159/35/1 124/36/1
f 123/37/1 160/38/1 159/35/1
f 122/39/1 160/38/1 123/37/1
f 122/39/1 161/40/1 160/38/1
f 121/41/1 161/40/1 122/39/1
f 120/42/1 161/40/1 121/41/1
f 120/42/1 162/43/1 161/40/1
f 119/44/1 162/43/1 120/42/1
f 118/45/1 162/43/1 119/44/1
f 118/45/1 163/46/1 162/43/1
f 117/47/1 163/46/1 118/45/1
f 116/48/1 163/46/1 117/47/1
f 116/48/1 164/49/1 163/46/1
f 115/50/1 164/49/1 116/48/1
f 114/51/1 164/49/1 115/50/1
f 114/51/1 165/52/1 164/49/1
f 113/53/1 165/52/1 114/51/1
f 112/54/1 165/52/1 113/53/1
f 111/55/1 165/52/1 112/54/1
f 110/56/1 165/52/1 111/55/1
f 110/56/1 166/57/1 165/52/1
f 109/58/1 166/57/1 110/56/1
f 108/59/1 166/57/1 109/58/1
f 107/60/1 166/57/1 108/59/1
f 106/61/1 166/57/1 107/60/1
f 105/62/1 166/57/1 106/61/1
f 105/62/1 167/63/1 166/57/1
f 104/64/1 167/63/1 105/62/1
f 103/65/1 167/63/1 104/64/1
f 102/66/1 167/63/1 103/65/1
f 101/67/1 167/63/1 102/66/1
f 100/68/1 167/63/1 101/67/1
f 100/68/1 168/69/1 167/63/1
f 100/68/1 169/70/1 168/69/1
f 100/68/1 170/71/1 169/70/1
f 100/68/1 171/72/1 170/71/1
f 100/68/1 172/73/1 171/72/1
f 100/68/1 173/74/1 172/73/1
f 100/68/1 174/75/1 173/74/1
f 100/68/1 175/76/1 174/75/1
f 100/68/1 99/77/1 175/76/1
f 99/77/1 98/78/1 175/76/1
f 98/78/1 176/79/1 175/76/1
f 97/80/1 176/79/1 98/78/1
f 96/81/1 176/79/1 97/80/1
f 95/82/1 176/79/1 96/81/1
f 94/83/1 176/79/1 95/82/1
f 93/84/1 176/79/1 94/83/1
f 92/85/1 176/79/1 93/84/1
f 91/86/1 176/79/1 92/85/1
f 90/87/1 176/79/1 91/86/1
f 89/88/1 176/79/1 90/87/1
f 88/89/1 176/79/1 89/88/1
f 87/90/1 176/79/1 88/89/1
f 86/91/1 176/79/1 87/90/1
f 85/92/1 176/79/1 86/91/1
f 84/93/1 176/79/1 85/92/1
f 83/94/1 176/79/1 84/93/1
f 82/95/1 176/79/1 83/94/1
f 81/96/1 176/79/1 82/95/1
f 80/97/1 176/79/1 81/96/1
f 79/98/1 176/79/1 80/97/1
f 78/99/1 176/79/1 79/98/1
f 77/100/1 176/79/1 78/99/1
f 76/101/1 176/79/1 77/100/1
f 75/102/1 176/79/1 76/101/1
f 74/103/1 176/79/1 75/102/1
f 73/104/1 176/79/1 74/103/1
f 72/105/1 176/79/1 73/104/1
f 71/106/1 176/79/1 72/105/1
f 70/107/1 176/79/1 71/106/1
f 69/108/1 176/79/1 70/107/1
f 68/109/1 176/79/1 69/108/1
f 67/110/1 176/79/1 68/109/1
f 66/111/1 176/79/1 67/110/1
f 65/112/1 176/79/1 66/111/1
f 64/113/1 176/79/1 65/112/1
f 63/114/1 176/79/1 64/113/1
f 62/115/1 176/79/1 63/114/1
f 61/116/1 176/79/1 62/115/1
f 60/117/1 176/79/1 61/116/1
f 59/118/1 176/79/1 60/117/1
f 58/119/1 176/79/1 59/118/1
f 57/120/1 176/79/1 58/119/1
f 56/121/1 176/79/1 57/120/1
f 55/122/1 176/79/1 56/121/1
f 54/123/1 176/79/1 55/122/1
f 53/124/1 176/79/1 54/123/1
f 52/125/1 176/79/1 53/124/1
f 51/126/1 176/79/1 52/125/1
f 51/126/1 177/127/1 176/79/1
f 51/126/1 178/128/1 177/127/1
f 51/126/1 179/129/1 178/128/1
f 51/126/1 180/130/1 179/129/1
f 51/126/1 181/131/1 180/130/1
f 51/126/1 182/132/1 181/131/1
f 51/126/1 183/133/1 182/132/1
f 51/126/1 184/134/1 183/133/1
f 51/126/1 185/135/1 184/134/1
f 50/136/1 185/135/1 51/126/1
f 49/137/1 185/135/1 50/136/1
f 48/138/1 185/135/1 49/137/1
f 47/139/1 185/135/1 48/138/1
f 46/140/1 185/135/1 47/139/1
f 46/140/1 186/141/1 185/135/1
f 45/142/1 186/141/1 46/140/1
f 44/143/1 186/141/1 45/142/1
f 43/144/1 186/141/1 44/143/1
f 42/145/1 186/141/1 43/144/1
f 41/146/1 186/141/1 42/145/1
f 41/146/1 187/147/1 186/141/1
f 40/148/1 187/147/1 41/146/1
f 39/149/1 187/147/1 40/148/1
f 38/150/1 187/147/1 39/149/1
f 37/151/1 187/147/1 38/150/1
f 37/151/1 188/152/1 187/147/1
f 36/153/1 188/152/1 37/151/1
f 35/154/1 188/152/1 36/153/1
f 35/154/1 189/155/1 188/152/1
f 34/156/1 189/155/1 35/154/1
f 33/157/1 189/155/1 34/156/1
f 32/158/1 189/155/1 33/157/1
f 32/158/1 190/159/1 189/155/1
f 31/160/1 190/159/1 32/158/1
f 31/160/1 191/161/1 190/159/1
f 30/162/1 191/161/1 31/160/1
f 29/163/1 191/161/1 30/162/1
f 29/163/1 192/164/1 191/161/1
f 28/165/1 192/164/1 29/163/1
f 28/165/1 193/166/1 192/164/1
f 27/167/1 193/166/1 28/165/1
f 26/168/1 193/166/1 27/167/1
f 26/168/1 194/169/1 193/166/1
f 26/168/1 195/170/1 194/169/1
f 26/168/1 196/171/1 195/170/1
f 26/168/1 197/172/1 196/171/1
f 26/168/1 198/173/1 197/172/1
f 26/168/1 199/174/1 198/173/1
f 26/168/1 1/175/1 199/174/1
f 26/168/1 2/176/1 1/175/1
f 26/168/1 3/177/1 2/176/1
f 26/168/1 4/178/1 3/177/1
f 26/168/1 5/179/1 4/178/1
f 26/168/1 6/180/1 5/179/1
f 26/168/1 7/181/1 6/180/1
f 26/168/1 8/182/1 7/181/1
f 26/168/1 9/183/1 8/182/1
f 26/168/1 10/184/1 9/183/1
f 26/168/1 11/185/1 10/184/1
f 26/168/1 12/186/1 11/185/1
f 26/168/1 13/187/1 12/186/1
f 26/168/1 14/188/1 13/187/1
f 25/189/1 14/188/1 26/168/1
f 24/190/1 14/188/1 25/189/1
f 23/191/1 14/188/1 24/190/1
f 22/192/1 14/188/1 23/191/1
f 21/193/1 14/188/1 22/192/1
f 20/194/1 14/188/1 21/193/1
f 19/195/1 14/188/1 20/194/1
f 18/196/1 14/188/1 19/195/1
f 17/197/1 14/188/1 18/196/1
f 17/197/1 15/198/1 14/188/1
f 16/199/1 15/198/1 17/197/1
f 334/1/1 336/2/1 335/3/1
f 334/1/1 337/4/1 336/2/1
f 333/5/1 337/4/1 334/1/1
f 333/5/1 338/6/1 337/4/1
f 332/7/1 338/6/1 333/5/1
f 331/8/1 338/6/1 332/7/1
f 330/9/1 338/6/1 331/8/1
f 329/10/1 338/6/1 330/9/1
f 328/11/1 338/6/1 329/10/1
f 327/12/1 338/6/1 328/11/1
f 326/13/1 338/6/1 327/12/1
f 325/14/1 338/6/1 326/13/1
f 324/15/1 338/6/1 325/14/1
f 324/15/1 339/16/1 338/6/1
f 324/15/1 340/17/1 339/16/1
f 324/15/1 341/18/1 340/17/1
f 324/15/1 342/19/1 341/18/1
f 324/15/1 343/20/1 342/19/1
f 324/15/1 344/21/1 343/20/1
f 324/15/1 345/22/1 344/21/1
f 324/15/1 346/23/1 345/22/1
f 324/15/1 347/24/1 346/23/1
f 324/15/1 348/25/1 347/24/1
f 324/15/1 349/26/1 348/25/1
f 324/15/1 350/27/1 349/26/1
f 324/15/1 351/28/1 350/27/1
f 324/15/1 352/29/1 351/28/1
f 324/15/1 353/30/1 352/29/1
f 324/15/1 354/31/1 353/30/1
f 324/15/1 355/32/1 354/31/1
f 324/15/1 356/33/1 355/32/1
f 324/15/1 357/34/1 356/33/1
f 324/15/1 358/35/1 357/34/1
f 323/36/1 358/35/1 324/15/1
f 322/37/1 358/35/1 323/36/1
f 322/37/1 359/38/1 358/35/1
f 321/39/1 359/38/1 322/37/1
f 321/39/1 360/40/1 359/38/1
f 320/41/1 360/40/1 321/39/1
f 319/42/1 360/40/1 320/41/1
f 319/42/1 361/43/1 360/40/1
f 318/44/1 361/43/1 319/42/1
f 317/45/1 361/43/1 318/44/1
f 317/45/1 362/46/1 361/43/1
f 316/47/1 362/46/1 317/45/1
f 315/48/1 362/46/1 316/47/1
f 315/48/1 363/49/1 362/46/1
f 314/50/1 363/49/1 315/48/1
f 313/51/1 363/49/1 314/50/1
f 313/51/1 364/52/1 363/49/1
f 312/53/1 364/52/1 313/51/1
f 311/54/1 364/52/1 312/53/1
f 310/55/1 364/52/1 311/54/1
f 309/56/1 364/52/1 310/55/1
f 309/56/1 365/57/1 364/52/1
f 308/58/1 365/57/1 309/56/1
f 307/59/1 365/57/1 308/58/1
f 306/60/1 365/57/1 307/59/1
f 305/61/1 365/57/1 306/60/1
f 304/62/1 365/57/1 305/61/1
f 304/62/1 366/63/1 365/57/1
f 303/64/1 366/63/1 304/62/1
f 302/65/1 366/63/1 303/64/1
f 301/66/1 366/63/1 302/65/1
f 300/67/1 366/63/1 301/66/1
f 299/68/1 366/63/1 300/67/1
f 299/68/1 367/69/1 366/63/1
f 299/68/1 368/70/1 367/69/1
f 299/68/1 369/71/1 368/70/1
f 299/68/1 370/72/1 369/71/1
f 299/68/1 371/73/1 370/72/1
f 299/68/1 372/74/1 371/73/1
f 299/68/1 373/75/1 372/74/1
f 299/68/1 374/76/1 373/75/1
f 299/68/1 298/77/1 374/76/1
f 298/77/1 297/78/1 374/76/1
f 297/78/1 375/79/1 374/76/1
f 296/80/1 375/79/1 297/78/1
f 295/81/1 375/79/1 296/80/1
f 294/82/1 375/79/1 295/81/1
f 293/83/1 375/79/1 294/82/1
f 292/84/1 375/79/1 293/83/1
f 291/85/1 375/79/1 292/84/1
f 290/86/1 375/79/1 291/85/1
f 289/87/1 375/79/1 290/86/1
f 288/88/1 375/79/1 289/87/1
f 287/89/1 375/79/1 288/88/1
f 286/90/1 375/79/1 287/89/1
f 285/91/1 375/79/1 286/90/1
f 284/92/1 375/79/1 285/91/1
f 283/93/1 375/79/1 284/92/1
f 282/94/1 375/79/1 283/93/1
f 281/95/1 375/79/1 282/94/1
f 280/96/1 375/79/1 281/95/1
f 279/97/1 375/79/1 280/96/1
f 278/98/1 375/79/1 279/97/1
f 277/99/1 375/79/1 278/98/1
f 276/100/1 375/79/1 277/99/1
f 275/101/1 375/79/1 276/100/1
f 274/102/1 375/79/1 275/101/1
f 273/103/1 375/79/1 274/102/1
f 272/104/1 375/79/1 273/103/1
f 271/105/1 375/79/1 272/104/1
f 270/106/1 375/79/1 271/105/1
f 269/107/1 375/79/1 270/106/1
f 268/108/1 375/79/1 269/107/1
f 267/109/1 375/79/1 268/108/1
f 266/110/1 375/79/1 267/109/1
f 265/111/1 375/79/1 266/110/1
f 264/112/1 375/79/1 265/111/1
f 263/113/1 375/79/1 264/112/1
f 262/114/1 375/79/1 263/113/1
f 261/115/1 375/79/1 262/114/1
f 260/116/1 375/79/1 261/115/1
f 259/117/1 375/79/1 260/116/1
f 258/118/1 375/79/1 259/117/1
f 257/119/1 375/79/1 258/118/1
f 256/120/1 375/79/1 257/119/1
f 255/121/1 375/79/1 256/120/1
f 254/122/1 375/79/1 255/121/1
f 253/123/1 375/79/1 254/122/1
f 252/124/1 375/79/1 253/123/1
f 251/125/1 375/79/1 252/124/1
f 250/126/1 375/79/1 251/125/1
f 250/126/1 376/127/1 375/79/1
f 250/126/1 377/128/1 376/127/1
f 250/126/1 378/129/1 377/128/1
f 250/126/1 379/130/1 378/129/1
f 250/126/1 380/131/1 379/130/1
f 250/126/1 381/132/1 380/131/1
f 250/126/1 382/133/1 381/132/1
f 250/126/1 383/134/1 382/133/1
f 250/126/1 384/135/1 383/134/1
f 249/136/1 384/135/1 250/126/1
f 248/137/1 384/135/1 249/136/1
f 247/138/1 384/135/1 248/137/1
f 246/139/1 384/135/1 247/138/1
f 245/140/1 384/135/1 246/139/1
f 245/140/1 385/141/1 384/135/1
f 244/142/1 385/141/1 245/140/1
f 243/143/1 385/141/1 244/142/1
f 242/144/1 385/141/1 243/143/1
f 241/145/1 385/141/1 242/144/1
f 240/146/1 385/141/1 241/145/1
f 240/146/1 386/147/1 385/141/1
f 239/148/1 386/147/1 240/146/1
f 238/149/1 386/147/1 239/148/1
f 237/150/1 386/147/1 238/149/1
f 236/151/1 386/147/1 237/150/1
f 236/151/1 387/152/1 386/147/1
f 235/153/1 387/152/1 236/151/1
f 234/154/1 387/152/1 235/153/1
f 234/154/1 388/155/1 387/152/1
f 233/156/1 388/155/1 234/154/1
f 232/157/1 388/155/1 233/156/1
f 231/158/1 388/155/1 232/157/1
f 231/158/1 389/159/1 388/155/1
f 230/160/1 389/159/1 231/158/1
f 230/160/1 390/161/1 389/159/1
f 229/162/1 390/161/1 230/160/1
f 228/163/1 390/161/1 229/162/1
f 228/163/1 391/164/1 390/161/1
f 227/165/1 391/164/1 228/163/1
f 227/165/1 392/166/1 391/164/1
f 226/167/1 392/166/1 227/165/1
f 225/168/1 392/166/1 226/167/1
f 225/168/1 393/169/1 392/166/1
f 225/168/1 394/170/1 393/169/1
f 225/168/1 395/171/1 394/170/1
f 225/168/1 396/172/1 395/171/1
f 225/168/1 397/173/1 396/172/1
f 225/168/1 398/174/1 397/173/1
f 225/168/1 200/175/1 398/174/1
f 225/168/1 201/176/1 200/175/1
f 225/168/1 202/177/1 201/176/1
f 225/168/1 203/178/1 202/177/1
f 225/168/1 204/179/1 203/178/1
f 225/168/1 205/180/1 204/179/1
f 225/168/1 206/181/1 205/180/1
f 225/168/1 207/182/1 206/181/1
f 225/168/1 208/183/1 207/182/1
f 225/168/1 209/184/1 208/183/1
f 225/168/1 210/185/1 209/184/1
f 225/168/1 211/186/1 210/185/1
f 225/168/1 212/187/1 211/186/1
f 225/168/1 213/188/1 212/187/1
f 224/189/1 213/188/1 225/168/1
f 223/190/1 213/188/1 224/189/1
f 222/191/1 213/188/1 223/190/1
f 221/192/1 213/188/1 222/191/1
f 220/193/1 213/188/1 221/192/1
f 219/194/1 213/188/1 220/193/1
f 218/195/1 213/188/1 219/194/1
f 217/196/1 213/188/1 218/195/1
f 216/197/1 213/188/1 217/196/1
f 216/197/1 214/198/1 213/188/1
f 215/199/1 214/198/1 216/197/1
f 533/1/1 535/2/1 534/3/1
f 533/1/1 536/4/1 535/2/1
f 532/5/1 536/4/1 533/1/1
f 532/5/1 537/6/1 536/4/1
f 531/7/1 537/6/1 532/5/1
f 530/8/1 537/6/1 531/7/1
f 529/9/1 537/6/1 530/8/1
f 528/10/1 537/6/1 529/9/1
f 527/11/1 537/6/1 528/10/1
f 526/12/1 537/6/1 527/11/1
f 525/13/1 537/6/1 526/12/1
f 524/14/1 537/6/1 525/13/1
f 523/15/1 537/6/1 524/14/1
f 523/15/1 538/16/1 537/6/1
f 523/15/1 539/17/1 538/16/1
f 523/15/1 540/18/1 539/17/1
f 523/15/1 541/19/1 540/18/1
f 523/15/1 542/20/1 541/19/1
f 523/15/1 543/21/1 542/20/1
f 523/15/1 544/22/1 543/21/1
f 523/15/1 545/23/1 544/22/1
f 523/15/1 546/24/1 545/23/1
f 523/15/1 547/25/1 546/24/1
f 523/15/1 548/26/1 547/25/1
f 523/15/1 549/27/1 548/26/1
f 523/15/1 550/28/1 549/27/1
f 523/15/1 551/29/1 550/28/1
f 523/15/1 552/30/1 551/29/1
f 523/15/1 553/31/1 552/30/1
f 523/15/1 554/32/1 553/31/1
f 523/15/1 555/33/1 554/32/1
f 523/15/1 556/34/1 555/33/1
f 523/15/1 557/35/1 556/34/1
f 522/36/1 557/35/1 523/15/1
f 521/37/1 557/35/1 522/36/1
f 521/37/1 558/38/1 557/35/1
f 520/39/1 558/38/1 521/37/1
f 520/39/1 559/40/1 558/38/1
f 519/41/1 559/40/1 520/39/1
f 518/42/1 559/40/1 519/41/1
f 518/42/1 560/43/1 559/40/1
f 517/44/1 560/43/1 518/42/1
f 516/45/1 560/43/1 517/44/1
f 516/45/1 561/46/1 560/43/1
f 515/47/1 561/46/1 516/45/1
f 514/48/1 561/46/1 515/47/1
f 514/48/1 562/49/1 561/46/1
f 513/50/1 562/49/1 514/48/1
f 512/51/1 562/49/1 513/50/1
f 512/51/1 563/52/1 562/49/1
f 511/53/1 563/52/1 512/51/1
f 510/54/1 563/52/1 511/53/1
f 509/55/1 563/52/1 510/54/1
f 508/56/1 563/52/1 509/55/1
f 508/56/1 564/57/1 563/52/1
f 507/58/1 564/57/1 508/56/1
f 506/59/1 564/57/1 507/58/1
f 505/60/1 564/57/1 506/59/1
f 504/61/1 564/57/1 505/60/1
f 503/62/1 564/57/1 504/61/1
f 503/62/1 565/63/1 564/57/1
f 502/64/1 565/63/1 503/62/1
f 501/65/1 565/63/1 502/64/1
f 500/66/1 565/63/1 501/65/1
f 499/67/1 565/63/1 500/66/1
f 498/68/1 565/63/1 499/67/1
f 498/68/1 566/69/1 565/63/1
f 498/68/1 567/70/1 566/69/1
f 498/68/1 568/71/1 567/70/1
f 498/68/1 569/72/1 568/71/1
f 498/68/1 570/73/1 569/72/1
f 498/68/1 571/74/1 570/73/1
f 498/68/1 572/75/1 571/74/1
f 498/68/1 573/76/1 572/75/1
f 498/68/1 497/77/1 573/76/1
f 497/77/1 496/78/1 573/76/1
f 496/78/1 574/79/1 573/76/1
f 495/80/1 574/79/1 496/78/1
f 494/81/1 574/79/1 495/80/1
f 493/82/1 574/79/1 494/81/1
f 492/83/1 574/79/1 493/82/1
f 491/84/1 574/79/1 492/83/1
f 490/85/1 574/79/1 491/84/1
f 489/86/1 574/79/1 490/85/1
f 488/87/1 574/79/1 489/86/1
f 487/88/1 574/79/1 488/87/1
f 486/89/1 574/79/1 487/88/1
f 485/90/1 574/79/1 486/89/1
f 484/91/1 574/79/1 485/90/1
f 483/92/1 574/79/1 484/91/1
f 482/93/1 574/79/1 483/92/1
f 481/94/1 574/79/1 482/93/1
f 480/95/1 574/79/1 481/94/1
f 479/96/1 574/79/1 480/95/1
f 478/97/1 574/79/1 479/96/1
f 477/98/1 574/79/1 478/97/1
f 476/99/1 574/79/1 477/98/1
f 475/100/1 574/79/1 476/99/1
f 474/101/1 574/79/1 475/100/1
f 473/102/1 574/79/1 474/101/1
f 472/103/1 574/79/1 473/102/1
f 471/104/1 574/79/1 472/103/1
f 470/105/1 574/79/1 471/104/1
f 469/106/1 574/79/1 470/105/1
f 468/107/1 574/79/1 469/106/1
f 467/108/1 574/79/1 468/107/1
f 466/109/1 574/79/1 467/108/1
f 465/110/1 574/79/1 466/109/1
f 464/111/1 574/79/1 465/110/1
f 463/112/1 574/79/1 464/111/1
f 462/113/1 574/79/1 463/112/1
f 461/114/1 574/79/1 462/113/1
f 460/115/1 574/79/1 461/114/1
f 459/116/1 574/79/1 460/115/1
f 458/117/1 574/79/1 459/116/1
f 457/118/1 574/79/1 458/117/1
f 456/119/1 574/79/1 457/118/1
f 455/120/1 574/79/1 456/119/1
f 454/121/1 574/79/1 455/120/1
f 453/122/1 574/79/1 454/121/1
f 452/123/1 574/79/1 453/122/1
f 451/124/1 574/79/1 452/123/1
f 450/125/1 574/79/1 451/124/1
f 449/126/1 574/79/1 450/125/1
f 449/126/1 575/127/1 574/79/1
f 449/126/1 576/128/1 575/127/1
f 449/126/1 577/129/1 576/128/1
f 449/126/1 578/130/1 577/129/1
f 449/126/1 579/131/1 578/130/1
f 449/126/1 580/132/1 579/131/1
f 449/126/1 581/133/1 580/132/1
f 449/126/1 582/134/1 581/133/1
f 449/126/1 583/135/1 582/134/1
f 448/136/1 583/135/1 449/126/1
f 447/137/1 583/135/1 448/136/1
f 446/138/1 583/135/1 447/137/1
f 445/139/1 583/135/1 446/138/1
f 444/140/1 583/135/1 445/139/1
f 444/140/1 584/141/1 583/135/1
f 443/142/1 584/141/1 444/140/1
f 442/143/1 584/141/1 443/142/1
f 441/144/1 584/141/1 442/143/1
f 440/145/1 584/141/1 441/144/1
f 439/146/1 584/141/1 440/145/1
f 439/146/1 585/147/1 584/141/1
f 438/148/1 585/147/1 439/146/1
f 437/149/1 585/147/1 438/148/1
f 436/150/1 585/147/1 437/149/1
f 435/151/1 585/147/1 436/150/1
f 435/151/1 586/152/1 585/147/1
f 434/153/1 586/152/1 435/151/1
f 433/154/1 586/152/1 434/153/1
f 433/154/1 587/155/1 586/152/1
f 432/156/1 587/155/1 433/154/1
f 431/157/1 587/155/1 432/156/1
f 430/158/1 587/155/1 431/157/1
f 430/158/1 588/159/1 587/155/1
f 429/160/1 588/159/1 430/158/1
f 429/160/1 589/161/1 588/159/1
f 428/162/1 589/161/1 429/160/1
f 427/163/1 589/161/1 428/162/1
f 427/163/1 590/164/1 589/161/1
f 426/165/1 590/164/1 427/163/1
f 426/165/1 591/166/1 590/164/1
f 425/167/1 591/166/1 426/165/1
f 424/168/1 591/166/1 425/167/1
f 424/168/1 592/169/1 591/166/1
f 424/168/1 593/170/1 592/169/1
f 424/168/1 594/171/1 593/170/1
f 424/168/1 595/172/1 594/171/1
f 424/168/1 596/173/1 595/172/1
f 424/168/1 597/174/1 596/173/1
f 424/168/1 399/175/1 597/174/1
f 424/168/1 400/176/1 399/175/1
f 424/168/1 401/177/1 400/176/1
f 424/168/1 402/178/1 401/177/1
f 424/168/1 403/179/1 402/178/1
f 424/168/1 404/180/1 403/179/1
f 424/168/1 405/181/1 404/180/1
f 424/168/1 406/182/1 405/181/1
f 424/168/1 407/183/1 406/182/1
f 424/168/1 408/184/1 407/183/1
f 424/168/1 409/185/1 408/184/1
f 424/168/1 410/186/1 409/185/1
f 424/168/1 411/187/1 410/186/1
f 424/168/1 412/188/1 411/187/1
f 423/189/1 412/188/1 424/168/1
f 422/190/1 412/188/1 423/189/1
f 421/191/1 412/188/1 422/190/1
f 420/192/1 412/188/1 421/191/1
f 419/193/1 412/188/1 420/192/1
f 418/194/1 412/188/1 419/193/1
f 417/195/1 412/188/1 418/194/1
f 416/196/1 412/188/1 417/195/1
f 415/197/1 412/188/1 416/196/1
f 415/197/1 413/198/1 412/188/1
f 414/199/1 413/198/1 415/197/1
f 732/1/2 733/3/2 734/2/2
f 732/1/2 734/2/2 735/4/2
f 731/5/2 732/1/2 735/4/2
f 731/5/2 735/4/2 736/6/2
f 730/7/2 731/5/2 736/6/2
f 729/8/2 730/7/2 736/6/2
f 728/9/2 729/8/2 736/6/2
f 727/10/2 728/9/2 736/6/2
f 726/11/2 727/10/2 736/6/2
f 725/12/2 726/11/2 736/6/2
f 724/13/2 725/12/2 736/6/2
f 723/14/2 724/13/2 736/6/2
f 722/15/2 723/14/2 736/6/2
f 722/15/2 736/6/2 737/16/2
f 722/15/2 737/16/2 738/17/2
f 722/15/2 738/17/2 739/18/2
f 722/15/2 739/18/2 740/19/2
f 722/15/2 740/19/2 741/20/2
f 722/15/2 741/20/2 742/21/2
f 722/15/2 742/21/2 743/22/2
f 722/15/2 743/22/2 744/23/2
f 722/15/2 744/23/2 745/24/2
f 722/15/2 745/24/2 746/25/2
f 722/15/2 746/25/2 747/26/2
f 722/15/2 747/26/2 748/27/2
f 722/15/2 748/27/2 749/28/2
f 722/15/2 749/28/2 750/29/2
f 722/15/2 750/29/2 751/30/2
f 722/15/2 751/30/2 752/31/2
f 722/15/2 752/31/2 753/32/2
f 722/15/2 753/32/2 754/33/2
f 722/15/2 754/33/2 755/34/2
f 722/15/2 755/34/2 756/35/2
f 721/36/2 722/15/2 756/35/2
f 720/37/2 721/36/2 756/35/2
f 720/37/2 756/35/2 757/38/2
f 719/39/2 720/37/2 757/38/2
f 719/39/2 757/38/2 758/40/2
f 718/41/2 719/39/2 758/40/2
f 717/42/2 718/41/2 758/40/2
f 717/42/2 758/40/2 759/43/2
f 716/44/2 717/42/2 759/43/2
f 715/45/2 716/44/2 759/43/2
f 715/45/2 759/43/2 760/46/2
f 714/47/2 715/45/2 760/46/2
f 713/48/2 714/47/2 760/46/2
f 713/48/2 760/46/2 761/49/2
f 712/50/2 713/48/2 761/49/2
f 711/51/2 712/50/2 761/49/2
f 711/51/2 761/49/2 762/52/2
f 710/53/2 711/51/2 762/52/2
f 709/54/2 710/53/2 762/52/2
f 708/55/2 709/54/2 762/52/2
f 707/56/2 708/55/2 762/52/2
f 707/56/2 762/52/2 763/57/2
f 706/58/2 707/56/2 763/57/2
f 705/59/2 706/58/2 763/57/2
f 704/60/2 705/59/2 763/57/2
f 703/61/2 704/60/2 763/57/2
f 702/62/2 703/61/2 763/57/2
f 702/62/2 763/57/2 764/63/2
f 701/64/2 702/62/2 764/63/2
f 700/65/2 701/64/2 764/63/2
f 699/66/2 700/65/2 764/63/2
f 698/67/2 699/66/2 764/63/2
f 697/68/2 698/67/2 764/63/2
f 697/68/2 764/63/2 765/69/2
f 697/68/2 765/69/2 766/70/2
f 697/68/2 766/70/2 767/71/2
f 697/68/2 767/71/2 768/72/2
f 697/68/2 768/72/2 769/73/2
f 697/68/2 769/73/2 770/74/2
f 697/68/2 770/74/2 771/75/2
f 697/68/2 771/75/2 772/76/2
f 697/68/2 772/76/2 696/77/2
f 696/77/2 772/76/2 695/78/2
f 695/78/2 772/76/2 773/79/2
f 694/80/2 695/78/2 773/79/2
f 693/81/2 694/80/2 773/79/2
f 692/82/2 693/81/2 773/79/2
f 691/83/2 692/82/2 773/79/2
f 690/84/2 691/83/2 773/79/2
f 689/85/2 690/84/2 773/79/2
f 688/86/2 689/85/2 773/79/2
f 687/87/2 688/86/2 773/79/2
f 686/88/2 687/87/2 773/79/2
f 685/89/2 686/88/2 773/79/2
f 684/90/2 685/89/2 773/79/2
f 683/91/2 684/90/2 773/79/2
f 682/92/2 683/91/2 773/79/2
f 681/93/2 682/92/2 773/79/2
f 680/94/2 681/93/2 773/79/2
f 679/95/2 680/94/2 773/79/2
f 678/96/2 679/95/2 773/79/2
f 677/97/2 678/96/2 773/79/2
f 676/98/2 677/97/2 773/79/2
f 675/99/2 676/98/2 773/79/2
f 674/100/2 675/99/2 773/79/2
f 673/101/2 674/100/2 773/79/2
f 672/102/2 673/101/2 773/79/2
f 671/103/2 672/102/2 773/79/2
f 670/104/2 671/103/2 773/79/2
f 669/105/2 670/104/2 773/79/2
f 668/106/2 669/105/2 773/79/2
f 667/107/2 668/106/2 773/79/2
f 666/108/2 667/107/2 773/79/2
f 665/109/2 666/108/2 773/79/2
f 664/110/2 665/109/2 773/79/2
f 663/111/2 664/110/2 773/79/2
f 662/112/2 663/111/2 773/79/2
f 661/113/2 662/112/2 773/79/2
f 660/114/2 661/113/2 773/79/2
f 659/115/2 660/114/2 773/79/2
f 658/116/2 659/115/2 773/79/2
f 657/117/2 658/116/2 773/79/2
f 656/118/2 657/117/2 773/79/2
f 655/119/2 656/118/2 773/79/2
f 654/120/2 655/119/2 773/79/2
f 653/121/2 654/120/2 773/79/2
f 652/122/2 653/121/2 773/79/2
f 651/123/2 652/122/2 773/79/2
f 650/124/2 651/123/2 773/79/2
f 649/125/2 650/124/2 773/79/2
f 648/126/2 649/125/2 773/79/2
f 648/126/2 773/79/2 774/127/2
f 648/126/2 774/127/2 775/128/2
f 648/126/2 775/128/2 776/129/2
f 648/126/2 776/129/2 777/130/2
f 648/126/2 777/130/2 778/131/2
f 648/126/2 778/131/2 779/132/2
f 648/126/2 779/132/2 780/133/2
f 648/126/2 780/133/2 781/134/2
f 648/126/2 781/134/2 782/135/2
f 647/136/2 648/126/2 782/135/2
f 646/137/2 647/136/2 782/135/2
f 645/138/2 646/137/2 782/135/2
f 644/139/2 645/138/2 782/135/2
f 643/140/2 644/139/2 782/135/2
f 643/140/2 782/135/2 783/141/2
f 642/142/2 643/140/2 783/141/2
f 641/143/2 642/142/2 783/141/2
f 640/144/2 641/143/2 783/141/2
f 639/145/2 640/144/2 783/141/2
f 638/146/2 639/145/2 783/141/2
f 638/146/2 783/141/2 784/147/2
f 637/148/2 638/146/2 784/147/2
f 636/149/2 637/148/2 784/147/2
f 635/150/2 636/149/2 784/147/2
f 634/151/2 635/150/2 784/147/2
f 634/151/2 784/147/2 785/152/2
f 633/153/2 634/151/2 785/152/2
f 632/154/2 633/153/2 785/152/2
f 632/154/2 785/152/2 786/155/2
f 631/156/2 632/154/2 786/155/2
f 630/157/2 631/156/2 786/155/2
f 629/158/2 630/157/2 786/155/2
f 629/158/2 786/155/2 787/159/2
f 628/160/2 629/158/2 787/159/2
f 628/160/2 787/159/2 788/161/2
f 627/162/2 628/160/2 788/161/2
f 626/163/2 627/162/2 788/161/2
f 626/163/2 788/161/2 789/164/2
f 625/165/2 626/163/2 789/164/2
f 625/165/2 789/164/2 790/166/2
f 624/167/2 625/165/2 790/166/2
f 623/168/2 624/167/2 790/166/2
f 623/168/2 790/166/2 791/169/2
f 623/168/2 791/169/2 792/170/2
f 623/168/2 792/170/2 793/171/2
f 623/168/2 793/171/2 794/172/2
f 623/168/2 794/172/2 795/173/2
f 623/168/2 795/173/2 796/174/2
f 623/168/2 796/174/2 598/175/2
f 623/168/2 598/175/2 599/176/2
f 623/168/2 599/176/2 600/177/2
f 623/168/2 600/177/2 601/178/2
f 623/168/2 601/178/2 602/179/2
f 623/168/2 602/179/2 603/180/2
f 623/168/2 603/180/2 604/181/2
f 623/168/2 604/181/2 605/182/2
f 623/168/2 605/182/2 606/183/2
f 623/168/2 606/183/2 607/184/2
f 623/168/2 607/184/2 608/185/2
f 623/168/2 608/185/2 609/186/2
f 623/168/2 609/186/2 610/187/2
f 623/168/2 610/187/2 611/188/2
f 622/189/2 623/168/2 611/188/2
f 621/190/2 622/189/2 611/188/2
f 620/191/2 621/190/2 611/188/2
f 619/192/2 620/191/2 611/188/2
f 618/193/2 619/192/2 611/188/2
f 617/194/2 618/193/2 611/188/2
f 616/195/2 617/194/2 611/188/2
f 615/196/2 616/195/2 611/188/2
f 614/197/2 615/196/2 611/188/2
f 614/197/2 611/188/2 612/198/2
f 613/199/2 614/197/2 612/198/2
f 931/1/2 932/3/2 933/2/2
f 931/1/2 933/2/2 934/4/2
f 930/5/2 931/1/2 934/4/2
f 930/5/2 934/4/2 935/6/2
f 929/7/2 930/5/2 935/6/2
f 928/8/2 929/7/2 935/6/2
f 927/9/2 928/8/2 935/6/2
f 926/10/2 927/9/2 935/6/2
f 925/11/2 926/10/2 935/6/2
f 924/12/2 925/11/2 935/6/2
f 923/13/2 924/12/2 935/6/2
f 922/14/2 923/13/2 935/6/2
f 921/15/2 922/14/2 935/6/2
f 921/15/2 935/6/2 936/16/2
f 921/15/2 936/16/2 937/17/2
f 921/15/2 937/17/2 938/18/2
f 921/15/2 938/18/2 939/19/2
f 921/15/2 939/19/2 940/20/2
f 921/15/2 940/20/2 941/21/2
f 921/15/2 941/21/2 942/22/2
f 921/15/2 942/22/2 943/23/2
f 921/15/2 943/23/2 944/24/2
f 921/15/2 944/24/2 945/25/2
f 921/15/2 945/25/2 946/26/2
f 921/15/2 946/26/2 947/27/2
f 921/15/2 947/27/2 948/28/2
f 921/15/2 948/28/2 949/29/2
f 921/15/2 949/29/2 950/30/2
f 921/15/2 950/30/2 951/31/2
f 921/15/2 951/31/2 952/32/2
f 921/15/2 952/32/2 953/33/2
f 921/15/2 953/33/2 954/34/2
f 921/15/2 954/34/2 955/35/2
f 920/36/2 921/15/2 955/35/2
f 919/37/2 920/36/2 955/35/2
f 919/37/2 955/35/2 956/38/2
f 918/39/2 919/37/2 956/38/2
f 918/39/2 956/38/2 957/40/2
f 917/41/2 918/39/2 957/40/2
f 916/42/2 917/41/2 957/40/2
f 916/42/2 957/40/2 958/43/2
f 915/44/2 916/42/2 958/43/2
f 914/45/2 915/44/2 958/43/2
f 914/45/2 958/43/2 959/46/2
f 913/47/2 914/45/2 959/46/2
f 912/48/2 913/47/2 959/46/2
f 912/48/2 959/46/2 960/49/2
f 911/50/2 912/48/2 960/49/2
f 910/51/2 911/50/2 960/49/2
f 910/51/2 960/49/2 961/52/2
f 909/53/2 910/51/2 961/52/2
f 908/54/2 909/53/2 961/52/2
f 907/55/2 908/54/2 961/52/2
f 906/56/2 907/55/2 961/52/2
f 906/56/2 961/52/2 962/57/2
f 905/58/2 906/56/2 962/57/2
f 904/59/2 905/58/2 962/57/2
f 903/60/2 904/59/2 962/57/2
f 902/61/2 903/60/2 962/57/2
f 901/62/2 902/61/2 962/57/2
f 901/62/2 962/57/2 963/63/2
f 900/64/2 901/62/2 963/63/2
f 899/65/2 900/64/2 963/63/2
f 898/66/2 899/65/2 963/63/2
f 897/67/2 898/66/2 963/63/2
f 896/68/2 897/67/2 963/63/2
f 896/68/2 963/63/2 964/69/2
f 896/68/2 964/69/2 965/70/2
f 896/68/2 965/70/2 966/71/2
f 896/68/2 966/71/2 967/72/2
f 896/68/2 967/72/2 968/73/2
f 896/68/2 968/73/2 969/74/2
f 896/68/2 969/74/2 970/75/2
f 896/68/2 970/75/2 971/76/2
f 896/68/2 971/76/2 895/77/2
f 895/77/2 971/76/2 894/78/2
f 894/78/2 971/76/2 972/79/2
f 893/80/2 894/78/2 972/79/2
f 892/81/2 893/80/2 972/79/2
f 891/82/2 892/81/2 972/79/2
f 890/83/2 891/82/2 972/79/2
f 889/84/2 890/83/2 972/79/2
f 888/85/2 889/84/2 972/79/2
f 887/86/2 888/85/2 972/79/2
f 886/87/2 887/86/2 972/79/2
f 885/88/2 886/87/2 972/79/2
f 884/89/2 885/88/2 972/79/2
f 883/90/2 884/89/2 972/79/2
f 882/91/2 883/90/2 972/79/2
f 881/92/2 882/91/2 972/79/2
f 880/93/2 881/92/2 972/79/2
f 879/94/2 880/93/2 972/79/2
f 878/95/2 879/94/2 972/79/2
f 877/96/2 878/95/2 972/79/2
f 876/97/2 877/96/2 972/79/2
f 875/98/2 876/97/2 972/79/2
f 874/99/2 875/98/2 972/79/2
f 873/100/2 874/99/2 972/79/2
f 872/101/2 873/100/2 972/79/2
f 871/102/2 872/101/2 972/79/2
f 870/103/2 871/102/2 972/79/2
f 869/104/2 870/103/2 972/79/2
f 868/105/2 869/104/2 972/79/2
f 867/106/2 868/105/2 972/79/2
f 866/107/2 867/106/2 972/79/2
f 865/108/2 866/107/2 972/79/2
f 864/109/2 865/108/2 972/79/2
f 863/110/2 864/109/2 972/79/2
f 862/111/2 863/110/2 972/79/2
f 861/112/2 862/111/2 972/79/2
f 860/113/2 861/112/2 972/79/2
f 859/114/2 860/113/2 972/79/2
f 858/115/2 859/114/2 972/79/2
f 857/116/2 858/115/2 972/79/2
f 856/117/2 857/116/2 972/79/2
f 855/118/2 856/117/2 972/79/2
f 854/119/2 855/118/2 972/79/2
f 853/120/2 854/119/2 972/79/2
f 852/121/2 853/120/2 972/79/2
f 851/122/2 852/121/2 972/79/2
f 850/123/2 851/122/2 972/79/2
f 849/124/2 850/123/2 972/79/2
f 848/125/2 849/124/2 972/79/2
f 847/126/2 848/125/2 972/79/2
f 847/126/2 972/79/2 973/127/2
f 847/126/2 973/127/2 974/128/2
f 847/126/2 974/128/2 975/129/2
f 847/126/2 975/129/2 976/130/2
f 847/126/2 976/130/2 977/131/2
f 847/126/2 977/131/2 978/132/2
f 847/126/2 978/132/2 979/133/2
f 847/126/2 979/133/2 980/134/2
f 847/126/2 980/134/2 981/135/2
f 846/136/2 847/126/2 981/135/2
f 845/137/2 846/136/2 981/135/2
f 844/138/2 845/137/2 981/135/2
f 843/139/2 844/138/2 981/135/2
f 842/140/2 843/139/2 981/135/2
f 842/140/2 981/135/2 982/141/2
f 841/142/2 842/140/2 982/141/2
f 840/143/2 841/142/2 982/141/2
f 839/144/2 840/143/2 982/141/2
f 838/145/2 839/144/2 982/141/2
f 837/146/2 838/145/2 982/141/2
f 837/146/2 982/141/2 983/147/2
f 836/148/2 837/146/2 983/147/2
f 835/149/2 836/148/2 983/147/2
f 834/150/2 835/149/2 983/147/2
f 833/151/2 834/150/2 983/147/2
f 833/151/2 983/147/2 984/152/2
f 832/153/2 833/151/2 984/152/2
f 831/154/2 832/153/2 984/152/2
f 831/154/2 984/152/2 985/155/2
f 830/156/2 831/154/2 985/155/2
f 829/157/2 830/156/2 985/155/2
f 828/158/2 829/157/2 985/155/2
f 828/158/2 985/155/2 986/159/2
f 827/160/2 828/158/2 986/159/2
f 827/160/2 986/159/2 987/161/2
f 826/162/2 827/160/2 987/161/2
f 825/163/2 826/162/2 987/161/2
f 825/163/2 987/161/2 988/164/2
f 824/165/2 825/163/2 988/164/2
f 824/165/2 988/164/2 989/166/2
f 823/167/2 824/165/2 989/166/2
f 822/168/2 823/167/2 989/166/2
f 822/168/2 989/166/2 990/169/2
f 822/168/2 990/169/2 991/170/2
f 822/168/2 991/170/2 992/171/2
f 822/168/2 992/171/2 993/172/2
f 822/168/2 993/172/2 994/173/2
f 822/168/2 994/173/2 995/174/2
f 822/168/2 995/174/2 797/175/2
f 822/168/2 797/175/2 798/176/2
f 822/168/2 798/176/2 799/177/2
f 822/168/2 799/177/2 800/178/2
f 822/168/2 800/178/2 801/179/2
f 822/168/2 801/179/2 802/180/2
f 822/168/2 802/180/2 803/181/2
f 822/168/2 803/181/2 804/182/2
f 822/168/2 804/182/2 805/183/2
f 822/168/2 805/183/2 806/184/2
f 822/168/2 806/184/2 807/185/2
f 822/168/2 807/185/2 808/186/2
f 822/168/2 808/186/2 809/187/2
f 822/168/2 809/187/2 810/188/2
f 821/189/2 822/168/2 810/188/2
f 820/190/2 821/189/2 810/188/2
f 819/191/2 820/190/2 810/188/2
f 818/192/2 819/191/2 810/188/2
f 817/193/2 818/192/2 810/188/2
f 816/194/2 817/193/2 810/188/2
f 815/195/2 816/194/2 810/188/2
f 814/196/2 815/195/2 810/188/2
f 813/197/2 814/196/2 810/188/2
f 813/197/2 810/188/2 811/198/2
f 812/199/2 813/197/2 811/198/2
f 1130/1/2 1131/3/2 1132/2/2
f 1130/1/2 1132/2/2 1133/4/2
f 1129/5/2 1130/1/2 1133/4/2
f 1129/5/2 1133/4/2 1134/6/2
f 1128/7/2 1129/5/2 1134/6/2
f 1127/8/2 1128/7/2 1134/6/2
f 1126/9/2 1127/8/2 1134/6/2
f 1125/10/2 1126/9/2 1134/6/2
f 1124/11/2 1125/10/2 1134/6/2
f 1123/12/2 1124/11/2 1134/6/2
f 1122/13/2 1123/12/2 1134/6/2
f 1121/14/2 1122/13/2 1134/6/2
f 1120/15/2 1121/14/2 1134/6/2
f 1120/15/2 1134/6/2 1135/16/2
f 1120/15/2 1135/16/2 1136/17/2
f 1120/15/2 1136/17/2 1137/18/2
f 1120/15/2 1137/18/2 1138/19/2
f 1120/15/2 1138/19/2 1139/20/2
f 1120/15/2 1139/20/2 1140/21/2
f 1120/15/2 1140/21/2 1141/22/2
f 1120/15/2 1141/22/2 1142/23/2
f 1120/15/2 1142/23/2 1143/24/2
f 1120/15/2 1143/24/2 1144/25/2
f 1120/15/2 1144/25/2 1145/26/2
f 1120/15/2 1145/26/2 1146/27/2
f 1120/15/2 1146/27/2 1147/28/2
f 1120/15/2 1147/28/2 1148/29/2
f 1120/15/2 1148/29/2 1149/30/2
f 1120/15/2 1149/30/2 1150/31/2
f 1120/15/2 1150/31/2 1151/32/2
f 1120/15/2 1151/32/2 1152/33/2
f 1120/15/2 1152/33/2 1153/34/2
f 1120/15/2 1153/34/2 1154/35/2
f 1119/36/2 1120/15/2 1154/35/2
f 1118/37/2 1119/36/2 1154/35/2
f 1118/37/2 1154/35/2 1155/38/2
f 1117/39/2 1118/37/2 1155/38/2
f 1117/39/2 1155/38/2 1156/40/2
f 1116/41/2 1117/39/2 1156/40/2
f 1115/42/2 1116/41/2 1156/40/2
f 1115/42/2 1156/40/2 1157/43/2
f 1114/44/2 1115/42/2 1157/43/2
f 1113/45/2 1114/44/2 1157/43/2
f 1113/45/2 1157/43/2 1158/46/2
f 1112/47/2 1113/45/2 1158/46/2
f 1111/48/2 1112/47/2 1158/46/2
f 1111/48/2 1158/46/2 1159/49/2
f 1110/50/2 1111/48/2 1159/49/2
f 1109/51/2 1110/50/2 1159/49/2
f 1109/51/2 1159/49/2 1160/52/2
f 1108/53/2 1109/51/2 1160/52/2
f 1107/54/2 1108/53/2 1160/52/2
f 1106/55/2 1107/54/2 1160/52/2
f 1105/56/2 1106/55/2 1160/52/2
f 1105/56/2 1160/52/2 1161/57/2
f 1104/58/2 1105/56/2 1161/57/2
f 1103/59/2 1104/58/2 1161/57/2
f 1102/60/2 1103/59/2 1161/57/2
f 1101/61/2 1102/60/2 1161/57/2
f 1100/62/2 1101/61/2 1161/57/2
f 1100/62/2 1161/57/2 1162/63/2
f 1099/64/2 1100/62/2 1162/63/2
f 1098/65/2 1099/64/2 1162/63/2
f 1097/66/2 1098/65/2 1162/63/2
f 1096/67/2 1097/66/2 1162/63/2
f 1095/68/2 1096/67/2 1162/63/2
f 1095/68/2 1162/63/2 1163/69/2
f 1095/68/2 1163/69/2 1164/70/2
f 1095/68/2 1164/70/2 1165/71/2
f 1095/68/2 1165/71/2 1166/72/2
f 1095/68/2 1166/72/2 1167/73/2
f 1095/68/2 1167/73/2 1168/74/2
f 1095/68/2 1168/74/2 1169/75/2
f 1095/68/2 1169/75/2 1170/76/2
f 1095/68/2 1170/76/2 1094/77/2
f 1094/77/2 1170/76/2 1093/78/2
f 1093/78/2 1170/76/2 1171/79/2
f 1092/80/2 1093/78/2 1171/79/2
f 1091/81/2 1092/80/2 1171/79/2
f 1090/82/2 1091/81/2 1171/79/2
f 1089/83/2 1090/82/2 1171/79/2
f 1088/84/2 1089/83/2 1171/79/2
f 1087/85/2 1088/84/2 1171/79/2
f 1086/86/2 1087/85/2 1171/79/2
f 1085/87/2 1086/86/2 1171/79/2
f 1084/88/2 1085/87/2 1171/79/2
f 1083/89/2 1084/88/2 1171/79/2
f 1082/90/2 1083/89/2 1171/79/2
f 1081/91/2 1082/90/2 1171/79/2
f 1080/92/2 1081/91/2 1171/79/2
f 1079/93/2 1080/92/2 1171/79/2
f 1078/94/2 1079/93/2 1171/79/2
f 1077/95/2 1078/94/2 1171/79/2
f 1076/96/2 1077/95/2 1171/79/2
f 1075/97/2 1076/96/2 1171/79/2
f 1074/98/2 1075/97/2 1171/79/2
f 1073/99/2 1074/98/2 1171/79/2
f 1072/100/2 1073/99/2 1171/79/2
f 1071/101/2 1072/100/2 1171/79/2
f 1070/102/2 1071/101/2 1171/79/2
f 1069/103/2 1070/102/2 1171/79/2
f 1068/104/2 1069/103/2 1171/79/2
f 1067/105/2 1068/104/2 1171/79/2
f 1066/106/2 1067/105/2 1171/79/2
f 1065/107/2 1066/106/2 1171/79/2
f 1064/108/2 1065/107/2 1171/79/2
f 1063/109/2 1064/108/2 1171/79/2
f 1062/110/2 1063/109/2 1171/79/2
f 1061/111/2 1062/110/2 1171/79/2
f 1060/112/2 1061/111/2 1171/79/2
f 1059/113/2 1060/112/2 1171/79/2
f 1058/114/2 1059/113/2 1171/79/2
f 1057/115/2 1058/114/2 1171/79/2
f 1056/116/2 1057/115/2 1171/79/2
f 1055/117/2 1056/116/2 1171/79/2
f 1054/118/2 1055/117/2 1171/79/2
f 1053/119/2 1054/118/2 1171/79/2
f 1052/120/2 1053/119/2 1171/79/2
f 1051/121/2 1052/120/2 1171/79/2
f 1050/122/2 1051/121/2 1171/79/2
f 1049/123/2 1050/122/2 1171/79/2
f 1048/124/2 1049/123/2 1171/79/2
f 1047/125/2 1048/124/2 1171/79/2
f 1046/126/2 1047/125/2 1171/79/2
f 1046/126/2 1171/79/2 1172/127/2
f 1046/126/2 1172/127/2 1173/128/2
f 1046/126/2 1173/128/2 1174/129/2
f 1046/126/2 1174/129/2 1175/130/2
f 1046/126/2 1175/130/2 1176/131/2
f 1046/126/2 1176/131/2 1177/132/2
f 1046/126/2 1177/132/2 1178/133/2
f 1046/126/2 1178/133/2 1179/134/2
f 1046/126/2 1179/134/2 1180/135/2
f 1045/136/2 1046/126/2 1180/135/2
f 1044/137/2 1045/136/2 1180/135/2
f 1043/138/2 1044/137/2 1180/135/2
f 1042/139/2 1043/138/2 1180/135/2
f 1041/140/2 1042/139/2 1180/135/2
f 1041/140/2 1180/135/2 1181/141/2
f 1040/142/2 1041/140/2 1181/141/2
f 1039/143/2 1040/142/2 1181/141/2
f 1038/144/2 1039/143/2 1181/141/2
f 1037/145/2 1038/144/2 1181/141/2
f 1036/146/2 1037/145/2 1181/141/2
f 1036/146/2 1181/141/2 1182/147/2
f 1035/148/2 1036/146/2 1182/147/2
f 1034/149/2 1035/148/2 1182/147/2
f 1033/150/2 1034/149/2 1182/147/2
f 1032/151/2 1033/150/2 1182/147/2
f 1032/151/2 1182/147/2 1183/152/2
f 1031/153/2 1032/151/2 1183/152/2
f 1030/154/2 1031/153/2 1183/152/2
f 1030/154/2 1183/152/2 1184/155/2
f 1029/156/2 1030/154/2 1184/155/2
f 1028/157/2 1029/156/2 1184/155/2
f 1027/158/2 1028/157/2 1184/155/2
f 1027/158/2 1184/155/2 1185/159/2
f 1026/160/2 1027/158/2 1185/159/2
f 1026/160/2 1185/159/2 1186/161/2
f 1025/162/2 1026/160/2 1186/161/2
f 1024/163/2 1025/162/2 1186/161/2
f 1024/163/2 1186/161/2 1187/164/2
f 1023/165/2 1024/163/2 1187/164/2
f 1023/165/2 1187/164/2 1188/166/2
f 1022/167/2 1023/165/2 1188/166/2
f 1021/168/2 1022/167/2 1188/166/2
f 1021/168/2 1188/166/2 1189/169/2
f 1021/168/2 1189/169/2 1190/170/2
f 1021/168/2 1190/170/2 1191/171/2
f 1021/168/2 1191/171/2 1192/172/2
f 1021/168/2 1192/172/2 1193/173/2
f 1021/168/2 1193/173/2 1194/174/2
f 1021/168/2 1194/174/2 996/175/2
f 1021/168/2 996/175/2 997/176/2
f 1021/168/2 997/176/2 998/177/2
f 1021/168/2 998/177/2 999/178/2
f 1021/168/2 999/178/2 1000/179/2
f 1021/168/2 1000/179/2 1001/180/2
f 1021/168/2 1001/180/2 1002/181/2
f 1021/168/2 1002/181/2 1003/182/2
f 1021/168/2 1003/182/2 1004/183/2
f 1021/168/2 1004/183/2 1005/184/2
f 1021/168/2 1005/184/2 1006/185/2
f 1021/168/2 1006/185/2 1007/186/2
f 1021/168/2 1007/186/2 1008/187/2
f 1021/168/2 1008/187/2 1009/188/2
f 1020/189/2 1021/168/2 1009/188/2
f 1019/190/2 1020/189/2 1009/188/2
f 1018/191/2 1019/190/2 1009/188/2
f 1017/192/2 1018/191/2 1009/188/2
f 1016/193/2 1017/192/2 1009/188/2
f 1015/194/2 1016/193/2 1009/188/2
f 1014/195/2 1015/194/2 1009/188/2
f 1013/196/2 1014/195/2 1009/188/2
f 1012/197/2 1013/196/2 1009/188/2
f 1012/197/2 1009/188/2 1010/198/2
f 1011/199/2 1012/197/2 1010/198/2
s 1
f 1196/200/3 1198/201/4 1197/202/4 1195/175/3
f 1198/201/4 1200/203/5 1199/204/5 1197/202/4
f 1200/203/5 1202/205/6 1201/206/6 1199/204/5
f 1202/205/6 1204/207/7 1203/208/7 1201/206/6
f 1204/207/7 1206/209/8 1205/210/8 1203/208/7
f 1206/209/8 1208/211/9 1207/212/9 1205/210/8
f 1208/211/9 1210/213/10 1209/214/10 1207/212/9
f 1210/213/10 1212/215/11 1211/216/11 1209/214/10
f 1212/215/11 1214/217/12 1213/218/12 1211/216/11
f 1214/217/12 1216/219/13 1215/220/13 1213/218/12
f 1216/219/13 1218/221/14 1217/222/14 1215/220/13
f 1218/221/14 1220/223/15 1219/224/15 1217/222/14
f 1220/223/15 1222/225/16 1221/226/16 1219/224/15
f 1222/225/16 1224/227/17 1223/228/17 1221/226/16
f 1224/227/17 1226/229/18 1225/230/18 1223/228/17
f 1226/229/18 1228/231/19 1227/232/19 1225/230/18
f 1228/231/19 1230/233/20 1229/234/20 1227/232/19
f 1230/233/20 1232/235/21 1231/236/21 1229/234/20
f 1232/235/21 1234/237/22 1233/238/22 1231/236/21
f 1234/237/22 1236/239/23 1235/240/23 1233/238/22
f 1236/239/23 1238/241/24 1237/242/24 1235/240/23
f 1238/241/24 1240/243/25 1239/244/25 1237/242/24
f 1240/243/25 1242/245/26 1241/246/26 1239/244/25
f 1242/245/26 1244/247/27 1243/248/27 1241/246/26
f 1244/247/27 1246/249/28 1245/250/28 1243/248/27
f 1246/249/28 1248/251/29 1247/252/29 1245/250/28
f 1248/251/29 1250/253/30 1249/254/30 1247/252/29
f 1250/253/30 1252/255/31 1251/256/31 1249/254/30
f 1252/255/31 1254/257/32 1253/258/32 1251/256/31
f 1254/257/32 1256/259/33 1255/260/33 1253/258/32
f 1256/259/33 1258/261/34 1257/262/34 1255/260/33
f 1258/261/34 1260/263/35 1259/264/35 1257/262/34
f 1260/263/35 1262/265/36 1261/266/36 1259/264/35
f 1262/265/36 1264/267/37 1263/268/37 1261/266/36
f 1264/267/37 1266/269/38 1265/270/38 1263/268/37
f 1266/269/38 1268/271/39 1267/272/39 1265/270/38
f 1268/271/39 1270/273/40 1269/274/40 1267/272/39
f 1270/273/40 1272/275/41 1271/276/41 1269/274/40
f 1272/275/41 1274/277/42 1273/278/42 1271/276/41
f 1274/277/42 1276/279/43 1275/280/43 1273/278/42
f 1276/279/43 1278/281/44 1277/282/44 1275/280/43
f 1278/281/44 1280/283/45 1279/284/45 1277/282/44
f 1280/283/45 1282/285/46 1281/286/46 1279/284/45
f 1282/285/46 1284/287/47 1283/288/47 1281/286/46
f 1284/287/47 1286/289/48 1285/290/48 1283/288/47
f 1286/289/48 1288/291/49 1287/292/49 1285/290/48
f 1288/291/49 1290/293/50 1289/294/50 1287/292/49
f 1290/293/50 1292/295/51 1291/296/51 1289/294/50
f 1292/295/51 1294/297/52 1293/298/52 1291/296/51
f 1294/297/52 1296/299/53 1295/300/53 1293/298/52
f 1296/299/53 1298/301/54 1297/302/54 1295/300/53
f 1298/301/54 1300/303/55 1299/304/55 1297/302/54
f 1300/303/55 1302/305/56 1301/306/56 1299/304/55
f 1302/305/56 1304/307/57 1303/308/57 1301/306/56
f 1304/307/57 1306/309/58 1305/310/58 1303/308/57
f 1306/309/58 1308/311/59 1307/312/59 1305/310/58
f 1308/311/59 1310/313/60 1309/314/60 1307/312/59
f 1310/313/60 1312/315/61 1311/316/61 1309/314/60
f 1312/315/61 1314/317/62 1313/318/62 1311/316/61
f 1314/317/62 1316/319/63 1315/320/63 1313/318/62
f 1316/319/63 1318/321/64 1317/322/64 1315/320/63
f 1318/321/64 1320/323/65 1319/324/65 1317/322/64
f 1320/323/65 1322/325/66 1321/326/66 1319/324/65
f 1322/325/66 1324/327/67 1323/328/67 1321/326/66
f 1324/327/67 1326/329/68 1325/330/68 1323/328/67
f 1326/329/68 1328/331/69 1327/332/69 1325/330/68
f 1328/331/69 1330/333/70 1329/334/70 1327/332/69
f 1330/333/70 1332/335/71 1331/336/71 1329/334/70
f 1332/335/71 1334/337/72 1333/338/72 1331/336/71
f 1334/337/72 1336/339/73 1335/340/73 1333/338/72
f 1336/339/73 1338/341/74 1337/342/74 1335/340/73
f 1338/341/74 1340/343/75 1339/344/75 1337/342/74
f 1340/343/75 1342/345/76 1341/346/76 1339/344/75
f 1342/345/76 1344/347/77 1343/348/77 1341/346/76
f 1344/347/77 1346/349/78 1345/350/78 1343/348/77
f 1346/349/78 1348/351/79 1347/352/79 1345/350/78
f 1348/351/79 1350/353/80 1349/354/80 1347/352/79
f 1350/353/80 1352/355/81 1351/356/81 1349/354/80
f 1352/355/81 1354/357/82 1353/358/82 1351/356/81
f 1354/357/82 1356/359/83 1355/360/83 1353/358/82
f 1356/359/83 1358/361/84 1357/362/84 1355/360/83
f 1358/361/84 1360/363/85 1359/364/85 1357/362/84
f 1360/363/85 1362/365/86 1361/366/86 1359/364/85
f 1362/365/86 1364/367/87 1363/368/87 1361/366/86
f 1364/367/87 1366/369/88 1365/370/88 1363/368/87
f 1366/369/88 1368/371/89 1367/372/89 1365/370/88
f 1368/371/89 1370/373/90 1369/374/90 1367/372/89
f 1370/373/90 1372/375/91 1371/376/91 1369/374/90
f 1372/375/91 1374/377/92 1373/378/92 1371/376/91
f 1374/377/92 1376/379/93 1375/380/93 1373/378/92
f 1376/379/93 1378/381/94 1377/382/94 1375/380/93
f 1378/381/94 1380/383/95 1379/384/95 1377/382/94
f 1380/383/95 1382/385/96 1381/386/96 1379/384/95
f 1382/385/96 1384/387/97 1383/388/97 1381/386/96
f 1384/387/97 1386/389/98 1385/390/98 1383/388/97
f 1386/389/98 1388/391/99 1387/392/99 1385/390/98
f 1388/391/99 1390/393/100 1389/394/100 1387/392/99
f 1390/393/100 1392/395/101 1391/396/101 1389/394/100
f 1392/395/101 1394/397/102 1393/398/102 1391/396/101
f 1394/397/102 1396/399/103 1395/400/103 1393/398/102
f 1396/399/103 1398/401/104 1397/402/104 1395/400/103
f 1398/401/104 1400/403/105 1399/404/105 1397/402/104
f 1400/403/105 1402/405/106 1401/406/106 1399/404/105
f 1402/405/106 1404/407/107 1403/408/107 1401/406/106
f 1404/407/107 1406/409/108 1405/410/108 1403/408/107
f 1406/409/108 1408/411/109 1407/412/109 1405/410/108
f 1408/411/109 1410/413/110 1409/414/110 1407/412/109
f 1410/413/110 1412/415/111 1411/416/111 1409/414/110
f 1412/415/111 1414/417/112 1413/418/112 1411/416/111
f 1414/417/112 1416/419/113 1415/420/113 1413/418/112
f 1416/419/113 1418/421/114 1417/422/114 1415/420/113
f 1418/421/114 1420/423/115 1419/424/115 1417/422/114
f 1420/423/115 1422/425/116 1421/426/116 1419/424/115
f 1422/425/116 1424/427/117 1423/428/117 1421/426/116
f 1424/427/117 1426/429/118 1425/430/118 1423/428/117
f 1426/429/118 1428/431/119 1427/432/119 1425/430/118
f 1428/431/119 1430/433/120 1429/434/120 1427/432/119
f 1430/433/120 1432/435/121 1431/436/121 1429/434/120
f 1432/435/121 1434/437/122 1433/438/122 1431/436/121
f 1434/437/122 1436/439/123 1435/440/123 1433/438/122
f 1436/439/123 1438/441/124 1437/442/124 1435/440/123
f 1438/441/124 1440/443/125 1439/444/125 1437/442/124
f 1440/443/125 1442/445/126 1441/446/126 1439/444/125
f 1442/445/126 1444/447/127 1443/448/127 1441/446/126
f 1444/447/127 1446/449/128 1445/450/128 1443/448/127
f 1446/449/128 1448/451/129 1447/452/129 1445/450/128
f 1448/451/129 1450/453/130 1449/454/130 1447/452/129
f 1450/453/130 1452/455/131 1451/456/131 1449/454/130
f 1452/455/131 1454/457/132 1453/458/132 1451/456/131
f 1454/457/132 1456/459/133 1455/460/133 1453/458/132
f 1456/459/133 1458/461/134 1457/462/134 1455/460/133
f 1458/461/134 1460/463/135 1459/464/135 1457/462/134
f 1460/463/135 1462/465/136 1461/466/136 1459/464/135
f 1462/465/136 1464/467/137 1463/468/137 1461/466/136
f 1464/467/137 1466/469/138 1465/470/138 1463/468/137
f 1466/469/138 1468/471/139 1467/472/139 1465/470/138
f 1468/471/139 1470/473/140 1469/474/140 1467/472/139
f 1470/473/140 1472/475/141 1471/476/141 1469/474/140
f 1472/475/141 1474/477/142 1473/478/142 1471/476/141
f 1474/477/142 1476/479/143 1475/480/143 1473/478/142
f 1476/479/143 1478/481/144 1477/482/144 1475/480/143
f 1478/481/144 1480/483/145 1479/484/145 1477/482/144
f 1480/483/145 1482/485/146 1481/486/146 1479/484/145
f 1482/485/146 1484/487/147 1483/488/147 1481/486/146
f 1484/487/147 1486/489/148 1485/490/148 1483/488/147
f 1486/489/148 1488/491/149 1487/492/149 1485/490/148
f 1488/491/149 1490/493/150 1489/494/150 1487/492/149
f 1490/493/150 1492/495/151 1491/496/151 1489/494/150
f 1492/495/151 1494/497/152 1493/498/152 1491/496/151
f 1494/497/152 1496/499/153 1495/500/153 1493/498/152
f 1496/499/153 1498/501/154 1497/502/154 1495/500/153
f 1498/501/154 1500/503/155 1499/504/155 1497/502/154
f 1500/503/155 1502/505/156 1501/506/156 1499/504/155
f 1502/505/156 1504/507/157 1503/508/157 1501/506/156
f 1504/507/157 1506/509/158 1505/510/158 1503/508/157
f 1506/509/158 1508/511/159 1507/512/159 1505/510/158
f 1508/511/159 1510/513/160 1509/514/160 1507/512/159
f 1510/513/160 1512/515/161 1511/516/161 1509/514/160
f 1512/515/161 1514/517/162 1513/518/162 1511/516/161
f 1514/517/162 1516/519/163 1515/520/163 1513/518/162
f 1516/519/163 1518/521/164 1517/522/164 1515/520/163
f 1518/521/164 1520/523/165 1519/524/165 1517/522/164
f 1520/523/165 1522/525/166 1521/526/166 1519/524/165
f 1522/525/166 1524/527/167 1523/528/167 1521/526/166
f 1524/527/167 1526/529/168 1525/530/168 1523/528/167
f 1526/529/168 1528/531/169 1527/532/169 1525/530/168
f 1528/531/169 1530/533/170 1529/534/170 1527/532/169
f 1530/533/170 1532/535/171 1531/536/171 1529/534/170
f 1532/535/171 1534/537/172 1533/538/172 1531/536/171
f 1534/537/172 1536/539/173 1535/540/173 1533/538/172
f 1536/539/173 1538/541/174 1537/542/174 1535/540/173
f 1538/541/174 1540/543/175 1539/544/175 1537/542/174
f 1540/543/175 1542/545/176 1541/546/176 1539/544/175
f 1542/545/176 1544/547/177 1543/548/177 1541/546/176
f 1544/547/177 1546/549/178 1545/550/178 1543/548/177
f 1546/549/178 1548/551/179 1547/552/179 1545/550/178
f 1548/551/179 1550/553/180 1549/554/180 1547/552/179
f 1550/553/180 1552/555/181 1551/556/181 1549/554/180
f 1552/555/181 1554/557/182 1553/558/182 1551/556/181
f 1554/557/182 1556/559/183 1555/560/183 1553/558/182
f 1556/559/183 1558/561/184 1557/562/184 1555/560/183
f 1558/561/184 1560/563/185 1559/564/185 1557/562/184
f 1560/563/185 1562/565/186 1561/566/186 1559/564/185
f 1562/565/186 1564/567/187 1563/568/187 1561/566/186
f 1564/567/187 1566/569/188 1565/570/188 1563/568/187
f 1566/569/188 1568/571/189 1567/572/189 1565/570/188
f 1568/571/189 1570/573/190 1569/574/190 1567/572/189
f 1570/573/190 1572/575/191 1571/576/191 1569/574/190
f 1572/575/191 1574/577/192 1573/578/192 1571/576/191
f 1574/577/192 1576/579/193 1575/580/193 1573/578/192
f 1576/579/193 1578/581/194 1577/582/194 1575/580/193
f 1578/581/194 1580/583/195 1579/584/195 1577/582/194
f 1580/583/195 1582/585/196 1581/586/196 1579/584/195
f 1582/585/196 1584/587/197 1583/588/197 1581/586/196
f 1584/587/197 1586/589/198 1585/590/198 1583/588/197
f 1586/589/198 1588/591/199 1587/592/199 1585/590/198
f 1588/591/199 1590/593/200 1589/594/200 1587/592/199
f 1590/593/200 1592/595/201 1591/596/201 1589/594/200
f 1592/595/201 1196/597/3 1195/174/3 1591/596/201
f 1594/200/3 1596/201/4 1595/202/4 1593/175/3
f 1596/201/4 1598/203/5 1597/204/5 1595/202/4
f 1598/203/5 1600/205/6 1599/206/6 1597/204/5
f 1600/205/6 1602/207/7 1601/208/7 1599/206/6
f 1602/207/7 1604/209/8 1603/210/8 1601/208/7
f 1604/209/8 1606/211/9 1605/212/9 1603/210/8
f 1606/211/9 1608/213/10 1607/214/10 1605/212/9
f 1608/213/10 1610/215/11 1609/216/11 1607/214/10
f 1610/215/11 1612/217/12 1611/218/12 1609/216/11
f 1612/217/12 1614/219/13 1613/220/13 1611/218/12
f 1614/219/13 1616/221/14 1615/222/14 1613/220/13
f 1616/221/14 1618/223/15 1617/224/15 1615/222/14
f 1618/223/15 1620/225/202 1619/226/202 1617/224/15
f 1620/225/202 1622/227/17 1621/228/17 1619/226/202
f 1622/227/17 1624/229/18 1623/230/18 1621/228/17
f 1624/229/18 1626/231/19 1625/232/19 1623/230/18
f 1626/231/19 1628/233/20 1627/234/20 1625/232/19
f 1628/233/20 1630/235/21 1629/236/21 1627/234/20
f 1630/235/21 1632/237/22 1631/238/22 1629/236/21
f 1632/237/22 1634/239/23 1633/240/23 1631/238/22
f 1634/239/23 1636/241/203 1635/242/203 1633/240/23
f 1636/241/203 1638/243/25 1637/244/25 1635/242/203
f 1638/243/25 1640/245/26 1639/246/26 1637/244/25
f 1640/245/26 1642/247/27 1641/248/27 1639/246/26
f 1642/247/27 1644/249/204 1643/250/204 1641/248/27
f 1644/249/204 1646/251/29 1645/252/29 1643/250/204
f 1646/251/29 1648/253/205 1647/254/205 1645/252/29
f 1648/253/205 1650/255/31 1649/256/31 1647/254/205
f 1650/255/31 1652/257/32 1651/258/32 1649/256/31
f 1652/257/32 1654/259/33 1653/260/33 1651/258/32
f 1654/259/33 1656/261/34 1655/262/34 1653/260/33
f 1656/261/34 1658/263/35 1657/264/35 1655/262/34
f 1658/263/35 1660/265/36 1659/266/36 1657/264/35
f 1660/265/36 1662/267/37 1661/268/37 1659/266/36
f 1662/267/37 1664/269/38 1663/270/38 1661/268/37
f 1664/269/38 1666/271/39 1665/272/39 1663/270/38
f 1666/271/39 1668/273/40 1667/274/40 1665/272/39
f 1668/273/40 1670/275/41 1669/276/41 1667/274/40
f 1670/275/41 1672/277/42 1671/278/42 1669/276/41
f 1672/277/42 1674/279/43 1673/280/43 1671/278/42
f 1674/279/43 1676/281/44 1675/282/44 1673/280/43
f 1676/281/44 1678/283/45 1677/284/45 1675/282/44
f 1678/283/45 1680/285/46 1679/286/46 1677/284/45
f 1680/285/46 1682/287/47 1681/288/47 1679/286/46
f 1682/287/47 1684/289/48 1683/290/48 1681/288/47
f 1684/289/48 1686/291/49 1685/292/49 1683/290/48
f 1686/291/49 1688/293/50 1687/294/50 1685/292/49
f 1688/293/50 1690/295/51 1689/296/51 1687/294/50
f 1690/295/51 1692/297/52 1691/298/52 1689/296/51
f 1692/297/52 1694/299/53 1693/300/53 1691/298/52
f 1694/299/53 1696/301/54 1695/302/54 1693/300/53
f 1696/301/54 1698/303/55 1697/304/55 1695/302/54
f 1698/303/55 1700/305/56 1699/306/56 1697/304/55
f 1700/305/56 1702/307/57 1701/308/57 1699/306/56
f 1702/307/57 1704/309/58 1703/310/58 1701/308/57
f 1704/309/58 1706/311/59 1705/312/59 1703/310/58
f 1706/311/59 1708/313/60 1707/314/60 1705/312/59
f 1708/313/60 1710/315/61 1709/316/61 1707/314/60
f 1710/315/61 1712/317/62 1711/318/62 1709/316/61
f 1712/317/62 1714/319/206 1713/320/206 1711/318/62
f 1714/319/206 1716/321/64 1715/322/64 1713/320/206
f 1716/321/64 1718/323/65 1717/324/65 1715/322/64
f 1718/323/65 1720/325/66 1719/326/66 1717/324/65
f 1720/325/66 1722/327/207 1721/328/207 1719/326/66
f 1722/327/207 1724/329/68 1723/330/68 1721/328/207
f 1724/329/68 1726/331/208 1725/332/208 1723/330/68
f 1726/331/208 1728/333/70 1727/334/70 1725/332/208
f 1728/333/70 1730/335/71 1729/336/71 1727/334/70
f 1730/335/71 1732/337/72 1731/338/72 1729/336/71
f 1732/337/72 1734/339/73 1733/340/73 1731/338/72
f 1734/339/73 1736/341/74 1735/342/74 1733/340/73
f 1736/341/74 1738/343/75 1737/344/75 1735/342/74
f 1738/343/75 1740/345/209 1739/346/209 1737/344/75
f 1740/345/209 1742/347/77 1741/348/77 1739/346/209
f 1742/347/77 1744/349/78 1743/350/78 1741/348/77
f 1744/349/78 1746/351/79 1745/352/79 1743/350/78
f 1746/351/79 1748/353/210 1747/354/210 1745/352/79
f 1748/353/210 1750/355/81 1749/356/81 1747/354/210
f 1750/355/81 1752/357/82 1751/358/82 1749/356/81
f 1752/357/82 1754/359/83 1753/360/83 1751/358/82
f 1754/359/83 1756/361/84 1755/362/84 1753/360/83
f 1756/361/84 1758/363/85 1757/364/85 1755/362/84
f 1758/363/85 1760/365/86 1759/366/86 1757/364/85
f 1760/365/86 1762/367/211 1761/368/211 1759/366/86
f 1762/367/211 1764/369/88 1763/370/88 1761/368/211
f 1764/369/88 1766/371/212 1765/372/212 1763/370/88
f 1766/371/212 1768/373/90 1767/374/90 1765/372/212
f 1768/373/90 1770/375/91 1769/376/91 1767/374/90
f 1770/375/91 1772/377/92 1771/378/92 1769/376/91
f 1772/377/92 1774/379/213 1773/380/213 1771/378/92
f 1774/379/213 1776/381/94 1775/382/94 1773/380/213
f 1776/381/94 1778/383/95 1777/384/95 1775/382/94
f 1778/383/95 1780/385/96 1779/386/96 1777/384/95
f 1780/385/96 1782/387/97 1781/388/97 1779/386/96
f 1782/387/97 1784/389/98 1783/390/98 1781/388/97
f 1784/389/98 1786/391/99 1785/392/99 1783/390/98
f 1786/391/99 1788/393/100 1787/394/100 1785/392/99
f 1788/393/100 1790/395/101 1789/396/101 1787/394/100
f 1790/395/101 1792/397/102 1791/398/102 1789/396/101
f 1792/397/102 1794/399/103 1793/400/103 1791/398/102
f 1794/399/103 1796/401/214 1795/402/214 1793/400/103
f 1796/401/214 1798/403/105 1797/404/105 1795/402/214
f 1798/403/105 1800/405/106 1799/406/106 1797/404/105
f 1800/405/106 1802/407/107 1801/408/107 1799/406/106
f 1802/407/107 1804/409/108 1803/410/108 1801/408/107
f 1804/409/108 1806/411/109 1805/412/109 1803/410/108
f 1806/411/109 1808/413/215 1807/414/215 1805/412/109
f 1808/413/215 1810/415/111 1809/416/111 1807/414/215
f 1810/415/111 1812/417/112 1811/418/112 1809/416/111
f 1812/417/112 1814/419/216 1813/420/216 1811/418/112
f 1814/419/216 1816/421/114 1815/422/114 1813/420/216
f 1816/421/114 1818/423/115 1817/424/115 1815/422/114
f 1818/423/115 1820/425/116 1819/426/116 1817/424/115
f 1820/425/116 1822/427/117 1821/428/117 1819/426/116
f 1822/427/117 1824/429/118 1823/430/118 1821/428/117
f 1824/429/118 1826/431/119 1825/432/119 1823/430/118
f 1826/431/119 1828/433/120 1827/434/120 1825/432/119
f 1828/433/120 1830/435/217 1829/436/217 1827/434/120
f 1830/435/217 1832/437/122 1831/438/122 1829/436/217
f 1832/437/122 1834/439/123 1833/440/123 1831/438/122
f 1834/439/123 1836/441/124 1835/442/124 1833/440/123
f 1836/441/124 1838/443/125 1837/444/125 1835/442/124
f 1838/443/125 1840/445/126 1839/446/126 1837/444/125
f 1840/445/126 1842/447/127 1841/448/127 1839/446/126
f 1842/447/127 1844/449/218 1843/450/218 1841/448/127
f 1844/449/218 1846/451/129 1845/452/129 1843/450/218
f 1846/451/129 1848/453/130 1847/454/130 1845/452/129
f 1848/453/130 1850/455/131 1849/456/131 1847/454/130
f 1850/455/131 1852/457/132 1851/458/132 1849/456/131
f 1852/457/132 1854/459/133 1853/460/133 1851/458/132
f 1854/459/133 1856/461/134 1855/462/134 1853/460/133
f 1856/461/134 1858/463/135 1857/464/135 1855/462/134
f 1858/463/135 1860/465/136 1859/466/136 1857/464/135
f 1860/465/136 1862/467/137 1861/468/137 1859/466/136
f 1862/467/137 1864/469/138 1863/470/138 1861/468/137
f 1864/469/138 1866/471/139 1865/472/139 1863/470/138
f 1866/471/139 1868/473/140 1867/474/140 1865/472/139
f 1868/473/140 1870/475/141 1869/476/141 1867/474/140
f 1870/475/141 1872/477/142 1871/478/142 1869/476/141
f 1872/477/142 1874/479/143 1873/480/143 1871/478/142
f 1874/479/143 1876/481/144 1875/482/144 1873/480/143
f 1876/481/144 1878/483/145 1877/484/145 1875/482/144
f 1878/483/145 1880/485/146 1879/486/146 1877/484/145
f 1880/485/146 1882/487/147 1881/488/147 1879/486/146
f 1882/487/147 1884/489/148 1883/490/148 1881/488/147
f 1884/489/148 1886/491/149 1885/492/149 1883/490/148
f 1886/491/149 1888/493/150 1887/494/150 1885/492/149
f 1888/493/150 1890/495/151 1889/496/151 1887/494/150
f 1890/495/151 1892/497/152 1891/498/152 1889/496/151
f 1892/497/152 1894/499/153 1893/500/153 1891/498/152
f 1894/499/153 1896/501/154 1895/502/154 1893/500/153
f 1896/501/154 1898/503/155 1897/504/155 1895/502/154
f 1898/503/155 1900/505/156 1899/506/156 1897/504/155
f 1900/505/156 1902/507/157 1901/508/157 1899/506/156
f 1902/507/157 1904/509/158 1903/510/158 1901/508/157
f 1904/509/158 1906/511/159 1905/512/159 1903/510/158
f 1906/511/159 1908/513/160 1907/514/160 1905/512/159
f 1908/513/160 1910/515/161 1909/516/161 1907/514/160
f 1910/515/161 1912/517/162 1911/518/162 1909/516/161
f 1912/517/162 1914/519/163 1913/520/163 1911/518/162
f 1914/519/163 1916/521/164 1915/522/164 1913/520/163
f 1916/521/164 1918/523/165 1917/524/165 1915/522/164
f 1918/523/165 1920/525/166 1919/526/166 1917/524/165
f 1920/525/166 1922/527/167 1921/528/167 1919/526/166
f 1922/527/167 1924/529/168 1923/530/168 1921/528/167
f 1924/529/168 1926/531/169 1925/532/169 1923/530/168
f 1926/531/169 1928/533/170 1927/534/170 1925/532/169
f 1928/533/170 1930/535/171 1929/536/171 1927/534/170
f 1930/535/171 1932/537/172 1931/538/172 1929/536/171
f 1932/537/172 1934/539/173 1933/540/173 1931/538/172
f 1934/539/173 1936/541/174 1935/542/174 1933/540/173
f 1936/541/174 1938/543/175 1937/544/175 1935/542/174
f 1938/543/175 1940/545/176 1939/546/176 1937/544/175
f 1940/545/176 1942/547/177 1941/548/177 1939/546/176
f 1942/547/177 1944/549/178 1943/550/178 1941/548/177
f 1944/549/178 1946/551/179 1945/552/179 1943/550/178
f 1946/551/179 1948/553/180 1947/554/180 1945/552/179
f 1948/553/180 1950/555/181 1949/556/181 1947/554/180
f 1950/555/181 1952/557/182 1951/558/182 1949/556/181
f 1952/557/182 1954/559/183 1953/560/183 1951/558/182
f 1954/559/183 1956/561/184 1955/562/184 1953/560/183
f 1956/561/184 1958/563/219 1957/564/219 1955/562/184
f 1958/563/219 1960/565/186 1959/566/186 1957/564/219
f 1960/565/186 1962/567/187 1961/568/187 1959/566/186
f 1962/567/187 1964/569/220 1963/570/220 1961/568/187
f 1964/569/220 1966/571/189 1965/572/189 1963/570/220
f 1966/571/189 1968/573/190 1967/574/190 1965/572/189
f 1968/573/190 1970/575/191 1969/576/191 1967/574/190
f 1970/575/191 1972/577/192 1971/578/192 1969/576/191
f 1972/577/192 1974/579/193 1973/580/193 1971/578/192
f 1974/579/193 1976/581/194 1975/582/194 1973/580/193
f 1976/581/194 1978/583/195 1977/584/195 1975/582/194
f 1978/583/195 1980/585/196 1979/586/196 1977/584/195
f 1980/585/196 1982/587/197 1981/588/197 1979/586/196
f 1982/587/197 1984/589/198 1983/590/198 1981/588/197
f 1984/589/198 1986/591/199 1985/592/199 1983/590/198
f 1986/591/199 1988/593/200 1987/594/200 1985/592/199
f 1988/593/200 1990/595/221 1989/596/221 1987/594/200
f 1990/595/221 1594/597/3 1593/174/3 1989/596/221
f 1992/200/3 1994/201/4 1993/202/4 1991/175/3
f 1994/201/4 1996/203/5 1995/204/5 1993/202/4
f 1996/203/5 1998/205/6 1997/206/6 1995/204/5
f 1998/205/6 2000/207/7 1999/208/7 1997/206/6
f 2000/207/7 2002/209/8 2001/210/8 1999/208/7
f 2002/209/8 2004/211/9 2003/212/9 2001/210/8
f 2004/211/9 2006/213/10 2005/214/10 2003/212/9
f 2006/213/10 2008/215/11 2007/216/11 2005/214/10
f 2008/215/11 2010/217/12 2009/218/12 2007/216/11
f 2010/217/12 2012/219/13 2011/220/13 2009/218/12
f 2012/219/13 2014/221/14 2013/222/14 2011/220/13
f 2014/221/14 2016/223/15 2015/224/15 2013/222/14
f 2016/223/15 2018/225/16 2017/226/16 2015/224/15
f 2018/225/16 2020/227/17 2019/228/17 2017/226/16
f 2020/227/17 2022/229/18 2021/230/18 2019/228/17
f 2022/229/18 2024/231/19 2023/232/19 2021/230/18
f 2024/231/19 2026/233/20 2025/234/20 2023/232/19
f 2026/233/20 2028/235/21 2027/236/21 2025/234/20
f 2028/235/21 2030/237/22 2029/238/22 2027/236/21
f 2030/237/22 2032/239/23 2031/240/23 2029/238/22
f 2032/239/23 2034/241/24 2033/242/24 2031/240/23
f 2034/241/24 2036/243/25 2035/244/25 2033/242/24
f 2036/243/25 2038/245/26 2037/246/26 2035/244/25
f 2038/245/26 2040/247/27 2039/248/27 2037/246/26
f 2040/247/27 2042/249/28 2041/250/28 2039/248/27
f 2042/249/28 2044/251/29 2043/252/29 2041/250/28
f 2044/251/29 2046/253/30 2045/254/30 2043/252/29
f 2046/253/30 2048/255/31 2047/256/31 2045/254/30
f 2048/255/31 2050/257/32 2049/258/32 2047/256/31
f 2050/257/32 2052/259/33 2051/260/33 2049/258/32
f 2052/259/33 2054/261/222 2053/262/222 2051/260/33
f 2054/261/222 2056/263/223 2055/264/223 2053/262/222
f 2056/263/223 2058/265/36 2057/266/36 2055/264/223
f 2058/265/36 2060/267/37 2059/268/37 2057/266/36
f 2060/267/37 2062/269/38 2061/270/38 2059/268/37
f 2062/269/38 2064/271/39 2063/272/39 2061/270/38
f 2064/271/39 2066/273/40 2065/274/40 2063/272/39
f 2066/273/40 2068/275/41 2067/276/41 2065/274/40
f 2068/275/41 2070/277/42 2069/278/42 2067/276/41
f 2070/277/42 2072/279/43 2071/280/43 2069/278/42
f 2072/279/43 2074/281/44 2073/282/44 2071/280/43
f 2074/281/44 2076/283/45 2075/284/45 2073/282/44
f 2076/283/45 2078/285/46 2077/286/46 2075/284/45
f 2078/285/46 2080/287/47 2079/288/47 2077/286/46
f 2080/287/47 2082/289/48 2081/290/48 2079/288/47
f 2082/289/48 2084/291/49 2083/292/49 2081/290/48
f 2084/291/49 2086/293/50 2085/294/50 2083/292/49
f 2086/293/50 2088/295/51 2087/296/51 2085/294/50
f 2088/295/51 2090/297/52 2089/298/52 2087/296/51
f 2090/297/52 2092/299/53 2091/300/53 2089/298/52
f 2092/299/53 2094/301/54 2093/302/54 2091/300/53
f 2094/301/54 2096/303/55 2095/304/55 2093/302/54
f 2096/303/55 2098/305/56 2097/306/56 2095/304/55
f 2098/305/56 2100/307/57 2099/308/57 2097/306/56
f 2100/307/57 2102/309/58 2101/310/58 2099/308/57
f 2102/309/58 2104/311/59 2103/312/59 2101/310/58
f 2104/311/59 2106/313/60 2105/314/60 2103/312/59
f 2106/313/60 2108/315/224 2107/316/224 2105/314/60
f 2108/315/224 2110/317/62 2109/318/62 2107/316/224
f 2110/317/62 2112/319/225 2111/320/225 2109/318/62
f 2112/319/225 2114/321/64 2113/322/64 2111/320/225
f 2114/321/64 2116/323/226 2115/324/226 2113/322/64
f 2116/323/226 2118/325/66 2117/326/66 2115/324/226
f 2118/325/66 2120/327/227 2119/328/227 2117/326/66
f 2120/327/227 2122/329/68 2121/330/68 2119/328/227
f 2122/329/68 2124/331/69 2123/332/69 2121/330/68
f 2124/331/69 2126/333/70 2125/334/70 2123/332/69
f 2126/333/70 2128/335/71 2127/336/71 2125/334/70
f 2128/335/71 2130/337/228 2129/338/228 2127/336/71
f 2130/337/228 2132/339/229 2131/340/229 2129/338/228
f 2132/339/229 2134/341/230 2133/342/230 2131/340/229
f 2134/341/230 2136/343/75 2135/344/75 2133/342/230
f 2136/343/75 2138/345/209 2137/346/209 2135/344/75
f 2138/345/209 2140/347/77 2139/348/77 2137/346/209
f 2140/347/77 2142/349/78 2141/350/78 2139/348/77
f 2142/349/78 2144/351/79 2143/352/79 2141/350/78
f 2144/351/79 2146/353/210 2145/354/210 2143/352/79
f 2146/353/210 2148/355/81 2147/356/81 2145/354/210
f 2148/355/81 2150/357/231 2149/358/231 2147/356/81
f 2150/357/231 2152/359/232 2151/360/232 2149/358/231
f 2152/359/232 2154/361/233 2153/362/233 2151/360/232
f 2154/361/233 2156/363/85 2155/364/85 2153/362/233
f 2156/363/85 2158/365/86 2157/366/86 2155/364/85
f 2158/365/86 2160/367/87 2159/368/87 2157/366/86
f 2160/367/87 2162/369/88 2161/370/88 2159/368/87
f 2162/369/88 2164/371/234 2163/372/234 2161/370/88
f 2164/371/234 2166/373/90 2165/374/90 2163/372/234
f 2166/373/90 2168/375/91 2167/376/91 2165/374/90
f 2168/375/91 2170/377/92 2169/378/92 2167/376/91
f 2170/377/92 2172/379/93 2171/380/93 2169/378/92
f 2172/379/93 2174/381/94 2173/382/94 2171/380/93
f 2174/381/94 2176/383/95 2175/384/95 2173/382/94
f 2176/383/95 2178/385/96 2177/386/96 2175/384/95
f 2178/385/96 2180/387/97 2179/388/97 2177/386/96
f 2180/387/97 2182/389/98 2181/390/98 2179/388/97
f 2182/389/98 2184/391/99 2183/392/99 2181/390/98
f 2184/391/99 2186/393/100 2185/394/100 2183/392/99
f 2186/393/100 2188/395/101 2187/396/101 2185/394/100
f 2188/395/101 2190/397/102 2189/398/102 2187/396/101
f 2190/397/102 2192/399/103 2191/400/103 2189/398/102
f 2192/399/103 2194/401/104 2193/402/104 2191/400/103
f 2194/401/104 2196/403/105 2195/404/105 2193/402/104
f 2196/403/105 2198/405/106 2197/406/106 2195/404/105
f 2198/405/106 2200/407/107 2199/408/107 2197/406/106
f 2200/407/107 2202/409/108 2201/410/108 2199/408/107
f 2202/409/108 2204/411/109 2203/412/109 2201/410/108
f 2204/411/109 2206/413/110 2205/414/110 2203/412/109
f 2206/413/110 2208/415/111 2207/416/111 2205/414/110
f 2208/415/111 2210/417/112 2209/418/112 2207/416/111
f 2210/417/112 2212/419/216 2211/420/216 2209/418/112
f 2212/419/216 2214/421/235 2213/422/235 2211/420/216
f 2214/421/235 2216/423/236 2215/424/236 2213/422/235
f 2216/423/236 2218/425/116 2217/426/116 2215/424/236
f 2218/425/116 2220/427/117 2219/428/117 2217/426/116
f 2220/427/117 2222/429/118 2221/430/118 2219/428/117
f 2222/429/118 2224/431/119 2223/432/119 2221/430/118
f 2224/431/119 2226/433/120 2225/434/120 2223/432/119
f 2226/433/120 2228/435/121 2227/436/121 2225/434/120
f 2228/435/121 2230/437/237 2229/438/237 2227/436/121
f 2230/437/237 2232/439/123 2231/440/123 2229/438/237
f 2232/439/123 2234/441/124 2233/442/124 2231/440/123
f 2234/441/124 2236/443/125 2235/444/125 2233/442/124
f 2236/443/125 2238/445/126 2237/446/126 2235/444/125
f 2238/445/126 2240/447/127 2239/448/127 2237/446/126
f 2240/447/127 2242/449/218 2241/450/218 2239/448/127
f 2242/449/218 2244/451/129 2243/452/129 2241/450/218
f 2244/451/129 2246/453/130 2245/454/130 2243/452/129
f 2246/453/130 2248/455/131 2247/456/131 2245/454/130
f 2248/455/131 2250/457/238 2249/458/238 2247/456/131
f 2250/457/238 2252/459/133 2251/460/133 2249/458/238
f 2252/459/133 2254/461/134 2253/462/134 2251/460/133
f 2254/461/134 2256/463/135 2255/464/135 2253/462/134
f 2256/463/135 2258/465/136 2257/466/136 2255/464/135
f 2258/465/136 2260/467/137 2259/468/137 2257/466/136
f 2260/467/137 2262/469/138 2261/470/138 2259/468/137
f 2262/469/138 2264/471/139 2263/472/139 2261/470/138
f 2264/471/139 2266/473/140 2265/474/140 2263/472/139
f 2266/473/140 2268/475/141 2267/476/141 2265/474/140
f 2268/475/141 2270/477/142 2269/478/142 2267/476/141
f 2270/477/142 2272/479/143 2271/480/143 2269/478/142
f 2272/479/143 2274/481/144 2273/482/144 2271/480/143
f 2274/481/144 2276/483/145 2275/484/145 2273/482/144
f 2276/483/145 2278/485/146 2277/486/146 2275/484/145
f 2278/485/146 2280/487/147 2279/488/147 2277/486/146
f 2280/487/147 2282/489/148 2281/490/148 2279/488/147
f 2282/489/148 2284/491/149 2283/492/149 2281/490/148
f 2284/491/149 2286/493/150 2285/494/150 2283/492/149
f 2286/493/150 2288/495/151 2287/496/151 2285/494/150
f 2288/495/151 2290/497/152 2289/498/152 2287/496/151
f 2290/497/152 2292/499/153 2291/500/153 2289/498/152
f 2292/499/153 2294/501/154 2293/502/154 2291/500/153
f 2294/501/154 2296/503/155 2295/504/155 2293/502/154
f 2296/503/155 2298/505/156 2297/506/156 2295/504/155
f 2298/505/156 2300/507/157 2299/508/157 2297/506/156
f 2300/507/157 2302/509/158 2301/510/158 2299/508/157
f 2302/509/158 2304/511/159 2303/512/159 2301/510/158
f 2304/511/159 2306/513/160 2305/514/160 2303/512/159
f 2306/513/160 2308/515/161 2307/516/161 2305/514/160
f 2308/515/161 2310/517/162 2309/518/162 2307/516/161
f 2310/517/162 2312/519/163 2311/520/163 2309/518/162
f 2312/519/163 2314/521/164 2313/522/164 2311/520/163
f 2314/521/164 2316/523/239 2315/524/239 2313/522/164
f 2316/523/239 2318/525/240 2317/526/240 2315/524/239
f 2318/525/240 2320/527/167 2319/528/167 2317/526/240
f 2320/527/167 2322/529/168 2321/530/168 2319/528/167
f 2322/529/168 2324/531/169 2323/532/169 2321/530/168
f 2324/531/169 2326/533/170 2325/534/170 2323/532/169
f 2326/533/170 2328/535/171 2327/536/171 2325/534/170
f 2328/535/171 2330/537/172 2329/538/172 2327/536/171
f 2330/537/172 2332/539/173 2331/540/173 2329/538/172
f 2332/539/173 2334/541/174 2333/542/174 2331/540/173
f 2334/541/174 2336/543/175 2335/544/175 2333/542/174
f 2336/543/175 2338/545/176 2337/546/176 2335/544/175
f 2338/545/176 2340/547/177 2339/548/177 2337/546/176
f 2340/547/177 2342/549/178 2341/550/178 2339/548/177
f 2342/549/178 2344/551/179 2343/552/179 2341/550/178
f 2344/551/179 2346/553/180 2345/554/180 2343/552/179
f 2346/553/180 2348/555/181 2347/556/181 2345/554/180
f 2348/555/181 2350/557/182 2349/558/182 2347/556/181
f 2350/557/182 2352/559/183 2351/560/183 2349/558/182
f 2352/559/183 2354/561/184 2353/562/184 2351/560/183
f 2354/561/184 2356/563/219 2355/564/219 2353/562/184
f 2356/563/219 2358/565/186 2357/566/186 2355/564/219
f 2358/565/186 2360/567/241 2359/568/241 2357/566/186
f 2360/567/241 2362/569/220 2361/570/220 2359/568/241
f 2362/569/220 2364/571/189 2363/572/189 2361/570/220
f 2364/571/189 2366/573/190 2365/574/190 2363/572/189
f 2366/573/190 2368/575/191 2367/576/191 2365/574/190
f 2368/575/191 2370/577/192 2369/578/192 2367/576/191
f 2370/577/192 2372/579/193 2371/580/193 2369/578/192
f 2372/579/193 2374/581/194 2373/582/194 2371/580/193
f 2374/581/194 2376/583/195 2375/584/195 2373/582/194
f 2376/583/195 2378/585/196 2377/586/196 2375/584/195
f 2378/585/196 2380/587/197 2379/588/197 2377/586/196
f 2380/587/197 2382/589/198 2381/590/198 2379/588/197
f 2382/589/198 2384/591/199 2383/592/199 2381/590/198
f 2384/591/199 2386/593/200 2385/594/200 2383/592/199
f 2386/593/200 2388/595/221 2387/596/221 2385/594/200
f 2388/595/221 1992/597/3 1991/174/3 2387/596/221
