# Blender 4.5.0
# www.blender.org
mtllib Backbot.mtl
o Text
v 2.244000 -0.000000 0.100000
v 2.244000 0.682000 0.100000
v 2.333000 0.682000 0.100000
v 2.333000 -0.000000 0.100000
v 2.682000 -0.000000 0.100000
v 2.562000 -0.000000 0.100000
v 2.337000 0.229000 0.100000
v 2.536000 0.449000 0.100000
v 2.642000 0.449000 0.100000
v 2.450000 0.229000 0.100000
v 2.124592 0.340008 0.100000
v 2.112815 0.347065 0.100000
v 2.101594 0.353219 0.100000
v 2.090852 0.358519 0.100000
v 2.080513 0.363013 0.100000
v 2.070500 0.366750 0.100000
v 2.060738 0.369779 0.100000
v 2.051148 0.372148 0.100000
v 2.041656 0.373906 0.100000
v 2.032185 0.375102 0.100000
v 2.022659 0.375784 0.100000
v 2.013000 0.376000 0.100000
v 1.993289 0.374747 0.100000
v 1.974727 0.371060 0.100000
v 1.957422 0.365047 0.100000
v 1.941481 0.356815 0.100000
v 1.927013 0.346472 0.100000
v 1.914125 0.334125 0.100000
v 1.902924 0.319883 0.100000
v 1.893519 0.303852 0.100000
v 1.886016 0.286141 0.100000
v 1.880523 0.266856 0.100000
v 1.877149 0.246107 0.100000
v 1.876000 0.224000 0.100000
v 1.877234 0.201532 0.100000
v 1.880871 0.180671 0.100000
v 1.886813 0.161484 0.100000
v 1.894963 0.144037 0.100000
v 1.905225 0.128395 0.100000
v 1.917500 0.114625 0.100000
v 1.931692 0.102792 0.100000
v 1.947704 0.092963 0.100000
v 1.965438 0.085203 0.100000
v 1.984796 0.079579 0.100000
v 2.005683 0.076156 0.100000
v 2.028000 0.075000 0.100000
v 2.037465 0.075208 0.100000
v 2.046884 0.075833 0.100000
v 2.056297 0.076875 0.100000
v 2.065741 0.078333 0.100000
v 2.075254 0.080208 0.100000
v 2.084875 0.082500 0.100000
v 2.094642 0.085208 0.100000
v 2.104593 0.088333 0.100000
v 2.114766 0.091875 0.100000
v 2.125199 0.095833 0.100000
v 2.135931 0.100208 0.100000
v 2.147000 0.105000 0.100000
v 2.147000 0.017000 0.100000
v 2.138959 0.013547 0.100000
v 2.129921 0.010213 0.100000
v 2.120016 0.007031 0.100000
v 2.109370 0.004037 0.100000
v 2.098114 0.001265 0.100000
v 2.086375 -0.001250 0.100000
v 2.074282 -0.003473 0.100000
v 2.061963 -0.005370 0.100000
v 2.049547 -0.006906 0.100000
v 2.037162 -0.008046 0.100000
v 2.024937 -0.008756 0.100000
v 2.013000 -0.009000 0.100000
v 1.980365 -0.007094 0.100000
v 1.949583 -0.001500 0.100000
v 1.920844 0.007594 0.100000
v 1.894333 0.020000 0.100000
v 1.870240 0.035531 0.100000
v 1.848750 0.054000 0.100000
v 1.830052 0.075219 0.100000
v 1.814333 0.099000 0.100000
v 1.801781 0.125156 0.100000
v 1.792583 0.153500 0.100000
v 1.786927 0.183844 0.100000
v 1.785000 0.216000 0.100000
v 1.786771 0.251852 0.100000
v 1.792000 0.285315 0.100000
v 1.800563 0.316250 0.100000
v 1.812333 0.344519 0.100000
v 1.827188 0.369981 0.100000
v 1.845000 0.392500 0.100000
v 1.865646 0.411935 0.100000
v 1.889000 0.428148 0.100000
v 1.914937 0.441000 0.100000
v 1.943333 0.450352 0.100000
v 1.974062 0.456065 0.100000
v 2.007000 0.458000 0.100000
v 2.019660 0.457753 0.100000
v 2.031699 0.457023 0.100000
v 2.043203 0.455828 0.100000
v 2.054260 0.454185 0.100000
v 2.064955 0.452112 0.100000
v 2.075375 0.449625 0.100000
v 2.085608 0.446743 0.100000
v 2.095741 0.443482 0.100000
v 2.105860 0.439859 0.100000
v 2.116051 0.435894 0.100000
v 2.126402 0.431601 0.100000
v 2.137000 0.427000 0.100000
v 2.137000 0.332000 0.100000
v 1.718230 0.019639 0.100000
v 1.709338 0.014032 0.100000
v 1.701203 0.009141 0.100000
v 1.693704 0.004926 0.100000
v 1.686718 0.001350 0.100000
v 1.680125 -0.001625 0.100000
v 1.673803 -0.004038 0.100000
v 1.667630 -0.005926 0.100000
v 1.661484 -0.007328 0.100000
v 1.655245 -0.008282 0.100000
v 1.648791 -0.008827 0.100000
v 1.642000 -0.009000 0.100000
v 1.632622 -0.008706 0.100000
v 1.623977 -0.007815 0.100000
v 1.616047 -0.006313 0.100000
v 1.608815 -0.004185 0.100000
v 1.602263 -0.001419 0.100000
v 1.596375 0.002000 0.100000
v 1.591133 0.006086 0.100000
v 1.586519 0.010852 0.100000
v 1.582516 0.016312 0.100000
v 1.579106 0.022481 0.100000
v 1.576274 0.029373 0.100000
v 1.574000 0.037000 0.100000
v 1.564209 0.029583 0.100000
v 1.554343 0.022829 0.100000
v 1.544406 0.016734 0.100000
v 1.534407 0.011296 0.100000
v 1.524353 0.006511 0.100000
v 1.514250 0.002375 0.100000
v 1.504105 -0.001115 0.100000
v 1.493926 -0.003963 0.100000
v 1.483719 -0.006172 0.100000
v 1.473491 -0.007745 0.100000
v 1.463249 -0.008687 0.100000
v 1.453000 -0.009000 0.100000
v 1.436971 -0.007943 0.100000
v 1.421935 -0.004880 0.100000
v 1.407969 0.000031 0.100000
v 1.395148 0.006630 0.100000
v 1.383550 0.014756 0.100000
v 1.373250 0.024250 0.100000
v 1.364325 0.034953 0.100000
v 1.356852 0.046704 0.100000
v 1.350906 0.059344 0.100000
v 1.346565 0.072713 0.100000
v 1.343904 0.086652 0.100000
v 1.343000 0.101000 0.100000
v 1.344635 0.121994 0.100000
v 1.349333 0.140616 0.100000
v 1.356781 0.157078 0.100000
v 1.366667 0.171593 0.100000
v 1.378677 0.184371 0.100000
v 1.392500 0.195625 0.100000
v 1.407823 0.205567 0.100000
v 1.424333 0.214407 0.100000
v 1.441719 0.222359 0.100000
v 1.459667 0.229634 0.100000
v 1.477865 0.236444 0.100000
v 1.496000 0.243000 0.100000
v 1.575000 0.271000 0.100000
v 1.575000 0.295000 0.100000
v 1.574437 0.308318 0.100000
v 1.572750 0.320296 0.100000
v 1.569937 0.330969 0.100000
v 1.566000 0.340370 0.100000
v 1.560938 0.348536 0.100000
v 1.554750 0.355500 0.100000
v 1.547438 0.361297 0.100000
v 1.539000 0.365963 0.100000
v 1.529438 0.369531 0.100000
v 1.518750 0.372037 0.100000
v 1.506938 0.373515 0.100000
v 1.494000 0.374000 0.100000
v 1.481734 0.373518 0.100000
v 1.469454 0.372060 0.100000
v 1.457188 0.369609 0.100000
v 1.444963 0.366148 0.100000
v 1.432808 0.361659 0.100000
v 1.420750 0.356125 0.100000
v 1.408817 0.349528 0.100000
v 1.397037 0.341852 0.100000
v 1.385437 0.333078 0.100000
v 1.374046 0.323190 0.100000
v 1.362891 0.312170 0.100000
v 1.352000 0.300000 0.100000
v 1.352000 0.397000 0.100000
v 1.361043 0.406813 0.100000
v 1.370676 0.415755 0.100000
v 1.380906 0.423828 0.100000
v 1.391741 0.431037 0.100000
v 1.403187 0.437385 0.100000
v 1.415250 0.442875 0.100000
v 1.427939 0.447511 0.100000
v 1.441259 0.451296 0.100000
v 1.455219 0.454234 0.100000
v 1.469824 0.456329 0.100000
v 1.485082 0.457583 0.100000
v 1.501000 0.458000 0.100000
v 1.523323 0.457036 0.100000
v 1.544671 0.454120 0.100000
v 1.564859 0.449219 0.100000
v 1.583704 0.442296 0.100000
v 1.601020 0.433318 0.100000
v 1.616625 0.422250 0.100000
v 1.630334 0.409057 0.100000
v 1.641963 0.393704 0.100000
v 1.651328 0.376156 0.100000
v 1.658245 0.356380 0.100000
v 1.662531 0.334339 0.100000
v 1.664000 0.310000 0.100000
v 1.664000 0.079000 0.100000
v 1.664124 0.074976 0.100000
v 1.664495 0.071394 0.100000
v 1.665110 0.068234 0.100000
v 1.665963 0.065481 0.100000
v 1.667053 0.063117 0.100000
v 1.668375 0.061125 0.100000
v 1.669927 0.059487 0.100000
v 1.671704 0.058185 0.100000
v 1.673703 0.057203 0.100000
v 1.675921 0.056523 0.100000
v 1.678355 0.056128 0.100000
v 1.681000 0.056000 0.100000
v 1.683434 0.056186 0.100000
v 1.686218 0.056736 0.100000
v 1.689328 0.057641 0.100000
v 1.692741 0.058889 0.100000
v 1.696431 0.060470 0.100000
v 1.700375 0.062375 0.100000
v 1.704548 0.064592 0.100000
v 1.708926 0.067111 0.100000
v 1.713484 0.069922 0.100000
v 1.718199 0.073014 0.100000
v 1.723046 0.076377 0.100000
v 1.728000 0.080000 0.100000
v 1.728000 0.026000 0.100000
v 1.556241 0.215484 0.100000
v 1.538093 0.208875 0.100000
v 1.520750 0.202078 0.100000
v 1.504407 0.195000 0.100000
v 1.489259 0.187547 0.100000
v 1.475500 0.179625 0.100000
v 1.463324 0.171141 0.100000
v 1.452926 0.162000 0.100000
v 1.444500 0.152109 0.100000
v 1.438241 0.141375 0.100000
v 1.434343 0.129703 0.100000
v 1.433000 0.117000 0.100000
v 1.433553 0.107988 0.100000
v 1.435171 0.099486 0.100000
v 1.437797 0.091547 0.100000
v 1.441370 0.084222 0.100000
v 1.445833 0.077564 0.100000
v 1.451125 0.071625 0.100000
v 1.457188 0.066457 0.100000
v 1.463963 0.062111 0.100000
v 1.471391 0.058641 0.100000
v 1.479412 0.056097 0.100000
v 1.487968 0.054533 0.100000
v 1.497000 0.054000 0.100000
v 1.503958 0.054289 0.100000
v 1.510834 0.055144 0.100000
v 1.517625 0.056547 0.100000
v 1.524334 0.058481 0.100000
v 1.530959 0.060930 0.100000
v 1.537500 0.063875 0.100000
v 1.543959 0.067299 0.100000
v 1.550333 0.071185 0.100000
v 1.556625 0.075516 0.100000
v 1.562833 0.080273 0.100000
v 1.568958 0.085440 0.100000
v 1.575000 0.091000 0.100000
v 1.575000 0.222000 0.100000
v 1.027000 0.682000 0.100000
v 1.062012 0.680219 0.100000
v 1.093597 0.675083 0.100000
v 1.121828 0.666906 0.100000
v 1.146778 0.656000 0.100000
v 1.168519 0.642677 0.100000
v 1.187125 0.627250 0.100000
v 1.202668 0.610031 0.100000
v 1.215222 0.591333 0.100000
v 1.224859 0.571469 0.100000
v 1.231653 0.550750 0.100000
v 1.235675 0.529490 0.100000
v 1.237000 0.508000 0.100000
v 1.236310 0.490766 0.100000
v 1.234227 0.474546 0.100000
v 1.230734 0.459312 0.100000
v 1.225815 0.445037 0.100000
v 1.219451 0.431692 0.100000
v 1.211625 0.419250 0.100000
v 1.202320 0.407683 0.100000
v 1.191519 0.396963 0.100000
v 1.179203 0.387063 0.100000
v 1.165357 0.377954 0.100000
v 1.149961 0.369609 0.100000
v 1.133000 0.362000 0.100000
v 1.133000 0.360000 0.100000
v 1.157654 0.354263 0.100000
v 1.180565 0.346606 0.100000
v 1.201657 0.337109 0.100000
v 1.220852 0.325852 0.100000
v 1.238075 0.312914 0.100000
v 1.253250 0.298375 0.100000
v 1.266300 0.282315 0.100000
v 1.277148 0.264815 0.100000
v 1.285719 0.245953 0.100000
v 1.291935 0.225810 0.100000
v 1.295721 0.204466 0.100000
v 1.297000 0.182000 0.100000
v 1.295661 0.160773 0.100000
v 1.291542 0.139352 0.100000
v 1.284484 0.118125 0.100000
v 1.274333 0.097481 0.100000
v 1.260932 0.077810 0.100000
v 1.244125 0.059500 0.100000
v 1.223755 0.042940 0.100000
v 1.199667 0.028519 0.100000
v 1.171703 0.016625 0.100000
v 1.139708 0.007648 0.100000
v 1.103526 0.001977 0.100000
v 1.063000 -0.000000 0.100000
v 0.829000 -0.000000 0.100000
v 0.829000 0.682000 0.100000
v 0.992000 0.390000 0.100000
v 1.015210 0.390751 0.100000
v 1.036347 0.393005 0.100000
v 1.055422 0.396766 0.100000
v 1.072444 0.402037 0.100000
v 1.087425 0.408822 0.100000
v 1.100375 0.417125 0.100000
v 1.111304 0.426948 0.100000
v 1.120222 0.438296 0.100000
v 1.127141 0.451172 0.100000
v 1.132069 0.465579 0.100000
v 1.135019 0.481520 0.100000
v 1.136000 0.499000 0.100000
v 1.135378 0.511583 0.100000
v 1.133435 0.523745 0.100000
v 1.130063 0.535359 0.100000
v 1.125148 0.546296 0.100000
v 1.118581 0.556428 0.100000
v 1.110250 0.565625 0.100000
v 1.100044 0.573760 0.100000
v 1.087852 0.580704 0.100000
v 1.073563 0.586328 0.100000
v 1.057065 0.590505 0.100000
v 1.038248 0.593105 0.100000
v 1.017000 0.594000 0.100000
v 0.927000 0.594000 0.100000
v 0.927000 0.390000 0.100000
v 1.050000 0.088000 0.100000
v 1.077031 0.089151 0.100000
v 1.100745 0.092458 0.100000
v 1.121328 0.097703 0.100000
v 1.138963 0.104667 0.100000
v 1.153834 0.113130 0.100000
v 1.166125 0.122875 0.100000
v 1.176020 0.133682 0.100000
v 1.183704 0.145333 0.100000
v 1.189359 0.157609 0.100000
v 1.193171 0.170292 0.100000
v 1.195324 0.183161 0.100000
v 1.196000 0.196000 0.100000
v 1.194996 0.211110 0.100000
v 1.191968 0.225380 0.100000
v 1.186891 0.238719 0.100000
v 1.179741 0.251037 0.100000
v 1.170494 0.262244 0.100000
v 1.159125 0.272250 0.100000
v 1.145611 0.280964 0.100000
v 1.129926 0.288296 0.100000
v 1.112047 0.294156 0.100000
v 1.091949 0.298454 0.100000
v 1.069608 0.301098 0.100000
v 1.045000 0.302000 0.100000
v 0.927000 0.302000 0.100000
v 0.927000 0.088000 0.100000
v 0.249000 0.293000 0.100000
v 0.249000 0.222000 0.100000
v 0.051000 0.346000 0.100000
v 0.249000 0.470000 0.100000
v 0.249000 0.397000 0.100000
v 0.703000 0.397000 0.100000
v 0.703000 0.293000 0.100000
v 2.244000 0.000000 -0.100000
v 2.244000 0.682000 -0.100000
v 2.333000 0.682000 -0.100000
v 2.333000 0.000000 -0.100000
v 2.682000 0.000000 -0.100000
v 2.562000 0.000000 -0.100000
v 2.337000 0.229000 -0.100000
v 2.536000 0.449000 -0.100000
v 2.642000 0.449000 -0.100000
v 2.450000 0.229000 -0.100000
v 2.124592 0.340008 -0.100000
v 2.112815 0.347065 -0.100000
v 2.101594 0.353219 -0.100000
v 2.090852 0.358519 -0.100000
v 2.080513 0.363013 -0.100000
v 2.070500 0.366750 -0.100000
v 2.060738 0.369779 -0.100000
v 2.051148 0.372148 -0.100000
v 2.041656 0.373906 -0.100000
v 2.032185 0.375102 -0.100000
v 2.022659 0.375784 -0.100000
v 2.013000 0.376000 -0.100000
v 1.993289 0.374747 -0.100000
v 1.974727 0.371060 -0.100000
v 1.957422 0.365047 -0.100000
v 1.941481 0.356815 -0.100000
v 1.927013 0.346472 -0.100000
v 1.914125 0.334125 -0.100000
v 1.902924 0.319883 -0.100000
v 1.893519 0.303852 -0.100000
v 1.886016 0.286141 -0.100000
v 1.880523 0.266856 -0.100000
v 1.877149 0.246107 -0.100000
v 1.876000 0.224000 -0.100000
v 1.877234 0.201532 -0.100000
v 1.880871 0.180671 -0.100000
v 1.886813 0.161484 -0.100000
v 1.894963 0.144037 -0.100000
v 1.905225 0.128395 -0.100000
v 1.917500 0.114625 -0.100000
v 1.931692 0.102792 -0.100000
v 1.947704 0.092963 -0.100000
v 1.965438 0.085203 -0.100000
v 1.984796 0.079579 -0.100000
v 2.005683 0.076156 -0.100000
v 2.028000 0.075000 -0.100000
v 2.037465 0.075208 -0.100000
v 2.046884 0.075833 -0.100000
v 2.056297 0.076875 -0.100000
v 2.065741 0.078333 -0.100000
v 2.075254 0.080208 -0.100000
v 2.084875 0.082500 -0.100000
v 2.094642 0.085208 -0.100000
v 2.104593 0.088333 -0.100000
v 2.114766 0.091875 -0.100000
v 2.125199 0.095833 -0.100000
v 2.135931 0.100208 -0.100000
v 2.147000 0.105000 -0.100000
v 2.147000 0.017000 -0.100000
v 2.138959 0.013547 -0.100000
v 2.129921 0.010213 -0.100000
v 2.120016 0.007031 -0.100000
v 2.109370 0.004037 -0.100000
v 2.098114 0.001265 -0.100000
v 2.086375 -0.001250 -0.100000
v 2.074282 -0.003473 -0.100000
v 2.061963 -0.005370 -0.100000
v 2.049547 -0.006906 -0.100000
v 2.037162 -0.008046 -0.100000
v 2.024937 -0.008756 -0.100000
v 2.013000 -0.009000 -0.100000
v 1.980365 -0.007094 -0.100000
v 1.949583 -0.001500 -0.100000
v 1.920844 0.007594 -0.100000
v 1.894333 0.020000 -0.100000
v 1.870240 0.035531 -0.100000
v 1.848750 0.054000 -0.100000
v 1.830052 0.075219 -0.100000
v 1.814333 0.099000 -0.100000
v 1.801781 0.125156 -0.100000
v 1.792583 0.153500 -0.100000
v 1.786927 0.183844 -0.100000
v 1.785000 0.216000 -0.100000
v 1.786771 0.251852 -0.100000
v 1.792000 0.285315 -0.100000
v 1.800563 0.316250 -0.100000
v 1.812333 0.344519 -0.100000
v 1.827188 0.369981 -0.100000
v 1.845000 0.392500 -0.100000
v 1.865646 0.411935 -0.100000
v 1.889000 0.428148 -0.100000
v 1.914937 0.441000 -0.100000
v 1.943333 0.450352 -0.100000
v 1.974062 0.456065 -0.100000
v 2.007000 0.458000 -0.100000
v 2.019660 0.457753 -0.100000
v 2.031699 0.457023 -0.100000
v 2.043203 0.455828 -0.100000
v 2.054260 0.454185 -0.100000
v 2.064955 0.452112 -0.100000
v 2.075375 0.449625 -0.100000
v 2.085608 0.446743 -0.100000
v 2.095741 0.443482 -0.100000
v 2.105860 0.439859 -0.100000
v 2.116051 0.435894 -0.100000
v 2.126402 0.431601 -0.100000
v 2.137000 0.427000 -0.100000
v 2.137000 0.332000 -0.100000
v 1.718230 0.019639 -0.100000
v 1.709338 0.014032 -0.100000
v 1.701203 0.009141 -0.100000
v 1.693704 0.004926 -0.100000
v 1.686718 0.001350 -0.100000
v 1.680125 -0.001625 -0.100000
v 1.673803 -0.004038 -0.100000
v 1.667630 -0.005926 -0.100000
v 1.661484 -0.007328 -0.100000
v 1.655245 -0.008282 -0.100000
v 1.648791 -0.008827 -0.100000
v 1.642000 -0.009000 -0.100000
v 1.632622 -0.008706 -0.100000
v 1.623977 -0.007815 -0.100000
v 1.616047 -0.006313 -0.100000
v 1.608815 -0.004185 -0.100000
v 1.602263 -0.001419 -0.100000
v 1.596375 0.002000 -0.100000
v 1.591133 0.006086 -0.100000
v 1.586519 0.010852 -0.100000
v 1.582516 0.016313 -0.100000
v 1.579106 0.022481 -0.100000
v 1.576274 0.029373 -0.100000
v 1.574000 0.037000 -0.100000
v 1.564209 0.029583 -0.100000
v 1.554343 0.022829 -0.100000
v 1.544406 0.016734 -0.100000
v 1.534407 0.011296 -0.100000
v 1.524353 0.006511 -0.100000
v 1.514250 0.002375 -0.100000
v 1.504105 -0.001115 -0.100000
v 1.493926 -0.003963 -0.100000
v 1.483719 -0.006172 -0.100000
v 1.473491 -0.007745 -0.100000
v 1.463249 -0.008687 -0.100000
v 1.453000 -0.009000 -0.100000
v 1.436971 -0.007943 -0.100000
v 1.421935 -0.004880 -0.100000
v 1.407969 0.000031 -0.100000
v 1.395148 0.006630 -0.100000
v 1.383550 0.014756 -0.100000
v 1.373250 0.024250 -0.100000
v 1.364325 0.034953 -0.100000
v 1.356852 0.046704 -0.100000
v 1.350906 0.059344 -0.100000
v 1.346565 0.072713 -0.100000
v 1.343904 0.086652 -0.100000
v 1.343000 0.101000 -0.100000
v 1.344635 0.121994 -0.100000
v 1.349333 0.140616 -0.100000
v 1.356781 0.157078 -0.100000
v 1.366667 0.171593 -0.100000
v 1.378677 0.184371 -0.100000
v 1.392500 0.195625 -0.100000
v 1.407823 0.205567 -0.100000
v 1.424333 0.214407 -0.100000
v 1.441719 0.222359 -0.100000
v 1.459667 0.229634 -0.100000
v 1.477865 0.236444 -0.100000
v 1.496000 0.243000 -0.100000
v 1.575000 0.271000 -0.100000
v 1.575000 0.295000 -0.100000
v 1.574437 0.308318 -0.100000
v 1.572750 0.320296 -0.100000
v 1.569937 0.330969 -0.100000
v 1.566000 0.340370 -0.100000
v 1.560938 0.348536 -0.100000
v 1.554750 0.355500 -0.100000
v 1.547438 0.361297 -0.100000
v 1.539000 0.365963 -0.100000
v 1.529438 0.369531 -0.100000
v 1.518750 0.372037 -0.100000
v 1.506938 0.373515 -0.100000
v 1.494000 0.374000 -0.100000
v 1.481734 0.373518 -0.100000
v 1.469454 0.372060 -0.100000
v 1.457188 0.369609 -0.100000
v 1.444963 0.366148 -0.100000
v 1.432808 0.361659 -0.100000
v 1.420750 0.356125 -0.100000
v 1.408817 0.349528 -0.100000
v 1.397037 0.341852 -0.100000
v 1.385437 0.333078 -0.100000
v 1.374046 0.323190 -0.100000
v 1.362891 0.312170 -0.100000
v 1.352000 0.300000 -0.100000
v 1.352000 0.397000 -0.100000
v 1.361043 0.406813 -0.100000
v 1.370676 0.415755 -0.100000
v 1.380906 0.423828 -0.100000
v 1.391741 0.431037 -0.100000
v 1.403187 0.437385 -0.100000
v 1.415250 0.442875 -0.100000
v 1.427939 0.447511 -0.100000
v 1.441259 0.451296 -0.100000
v 1.455219 0.454234 -0.100000
v 1.469824 0.456329 -0.100000
v 1.485082 0.457583 -0.100000
v 1.501000 0.458000 -0.100000
v 1.523323 0.457036 -0.100000
v 1.544671 0.454120 -0.100000
v 1.564859 0.449219 -0.100000
v 1.583704 0.442296 -0.100000
v 1.601020 0.433318 -0.100000
v 1.616625 0.422250 -0.100000
v 1.630334 0.409057 -0.100000
v 1.641963 0.393704 -0.100000
v 1.651328 0.376156 -0.100000
v 1.658245 0.356380 -0.100000
v 1.662531 0.334339 -0.100000
v 1.664000 0.310000 -0.100000
v 1.664000 0.079000 -0.100000
v 1.664124 0.074976 -0.100000
v 1.664495 0.071394 -0.100000
v 1.665110 0.068234 -0.100000
v 1.665963 0.065481 -0.100000
v 1.667053 0.063117 -0.100000
v 1.668375 0.061125 -0.100000
v 1.669927 0.059487 -0.100000
v 1.671704 0.058185 -0.100000
v 1.673703 0.057203 -0.100000
v 1.675921 0.056523 -0.100000
v 1.678355 0.056128 -0.100000
v 1.681000 0.056000 -0.100000
v 1.683434 0.056186 -0.100000
v 1.686218 0.056736 -0.100000
v 1.689328 0.057641 -0.100000
v 1.692741 0.058889 -0.100000
v 1.696431 0.060470 -0.100000
v 1.700375 0.062375 -0.100000
v 1.704548 0.064592 -0.100000
v 1.708926 0.067111 -0.100000
v 1.713484 0.069922 -0.100000
v 1.718199 0.073014 -0.100000
v 1.723046 0.076377 -0.100000
v 1.728000 0.080000 -0.100000
v 1.728000 0.026000 -0.100000
v 1.556241 0.215484 -0.100000
v 1.538093 0.208875 -0.100000
v 1.520750 0.202078 -0.100000
v 1.504407 0.195000 -0.100000
v 1.489259 0.187547 -0.100000
v 1.475500 0.179625 -0.100000
v 1.463324 0.171141 -0.100000
v 1.452926 0.162000 -0.100000
v 1.444500 0.152109 -0.100000
v 1.438241 0.141375 -0.100000
v 1.434343 0.129703 -0.100000
v 1.433000 0.117000 -0.100000
v 1.433553 0.107988 -0.100000
v 1.435171 0.099486 -0.100000
v 1.437797 0.091547 -0.100000
v 1.441370 0.084222 -0.100000
v 1.445833 0.077564 -0.100000
v 1.451125 0.071625 -0.100000
v 1.457188 0.066457 -0.100000
v 1.463963 0.062111 -0.100000
v 1.471391 0.058641 -0.100000
v 1.479412 0.056097 -0.100000
v 1.487968 0.054533 -0.100000
v 1.497000 0.054000 -0.100000
v 1.503958 0.054289 -0.100000
v 1.510834 0.055144 -0.100000
v 1.517625 0.056547 -0.100000
v 1.524334 0.058481 -0.100000
v 1.530959 0.060930 -0.100000
v 1.537500 0.063875 -0.100000
v 1.543959 0.067299 -0.100000
v 1.550333 0.071185 -0.100000
v 1.556625 0.075516 -0.100000
v 1.562833 0.080273 -0.100000
v 1.568958 0.085440 -0.100000
v 1.575000 0.091000 -0.100000
v 1.575000 0.222000 -0.100000
v 1.027000 0.682000 -0.100000
v 1.062012 0.680219 -0.100000
v 1.093597 0.675083 -0.100000
v 1.121828 0.666906 -0.100000
v 1.146778 0.656000 -0.100000
v 1.168519 0.642677 -0.100000
v 1.187125 0.627250 -0.100000
v 1.202668 0.610031 -0.100000
v 1.215222 0.591333 -0.100000
v 1.224859 0.571469 -0.100000
v 1.231653 0.550750 -0.100000
v 1.235675 0.529490 -0.100000
v 1.237000 0.508000 -0.100000
v 1.236310 0.490766 -0.100000
v 1.234227 0.474546 -0.100000
v 1.230734 0.459312 -0.100000
v 1.225815 0.445037 -0.100000
v 1.219451 0.431692 -0.100000
v 1.211625 0.419250 -0.100000
v 1.202320 0.407683 -0.100000
v 1.191519 0.396963 -0.100000
v 1.179203 0.387063 -0.100000
v 1.165357 0.377954 -0.100000
v 1.149961 0.369609 -0.100000
v 1.133000 0.362000 -0.100000
v 1.133000 0.360000 -0.100000
v 1.157654 0.354263 -0.100000
v 1.180565 0.346606 -0.100000
v 1.201657 0.337109 -0.100000
v 1.220852 0.325852 -0.100000
v 1.238075 0.312914 -0.100000
v 1.253250 0.298375 -0.100000
v 1.266300 0.282315 -0.100000
v 1.277148 0.264815 -0.100000
v 1.285719 0.245953 -0.100000
v 1.291935 0.225810 -0.100000
v 1.295721 0.204466 -0.100000
v 1.297000 0.182000 -0.100000
v 1.295661 0.160773 -0.100000
v 1.291542 0.139352 -0.100000
v 1.284484 0.118125 -0.100000
v 1.274333 0.097481 -0.100000
v 1.260932 0.077810 -0.100000
v 1.244125 0.059500 -0.100000
v 1.223755 0.042940 -0.100000
v 1.199667 0.028519 -0.100000
v 1.171703 0.016625 -0.100000
v 1.139708 0.007648 -0.100000
v 1.103526 0.001977 -0.100000
v 1.063000 0.000000 -0.100000
v 0.829000 0.000000 -0.100000
v 0.829000 0.682000 -0.100000
v 0.992000 0.390000 -0.100000
v 1.015210 0.390751 -0.100000
v 1.036347 0.393005 -0.100000
v 1.055422 0.396766 -0.100000
v 1.072444 0.402037 -0.100000
v 1.087425 0.408822 -0.100000
v 1.100375 0.417125 -0.100000
v 1.111304 0.426948 -0.100000
v 1.120222 0.438296 -0.100000
v 1.127141 0.451172 -0.100000
v 1.132069 0.465579 -0.100000
v 1.135019 0.481520 -0.100000
v 1.136000 0.499000 -0.100000
v 1.135378 0.511583 -0.100000
v 1.133435 0.523745 -0.100000
v 1.130063 0.535359 -0.100000
v 1.125148 0.546296 -0.100000
v 1.118581 0.556428 -0.100000
v 1.110250 0.565625 -0.100000
v 1.100044 0.573760 -0.100000
v 1.087852 0.580704 -0.100000
v 1.073563 0.586328 -0.100000
v 1.057065 0.590505 -0.100000
v 1.038248 0.593105 -0.100000
v 1.017000 0.594000 -0.100000
v 0.927000 0.594000 -0.100000
v 0.927000 0.390000 -0.100000
v 1.050000 0.088000 -0.100000
v 1.077031 0.089151 -0.100000
v 1.100745 0.092458 -0.100000
v 1.121328 0.097703 -0.100000
v 1.138963 0.104667 -0.100000
v 1.153834 0.113130 -0.100000
v 1.166125 0.122875 -0.100000
v 1.176020 0.133682 -0.100000
v 1.183704 0.145333 -0.100000
v 1.189359 0.157609 -0.100000
v 1.193171 0.170292 -0.100000
v 1.195324 0.183161 -0.100000
v 1.196000 0.196000 -0.100000
v 1.194996 0.211110 -0.100000
v 1.191968 0.225380 -0.100000
v 1.186891 0.238719 -0.100000
v 1.179741 0.251037 -0.100000
v 1.170494 0.262244 -0.100000
v 1.159125 0.272250 -0.100000
v 1.145611 0.280964 -0.100000
v 1.129926 0.288296 -0.100000
v 1.112047 0.294156 -0.100000
v 1.091949 0.298454 -0.100000
v 1.069608 0.301098 -0.100000
v 1.045000 0.302000 -0.100000
v 0.927000 0.302000 -0.100000
v 0.927000 0.088000 -0.100000
v 0.249000 0.293000 -0.100000
v 0.249000 0.222000 -0.100000
v 0.051000 0.346000 -0.100000
v 0.249000 0.470000 -0.100000
v 0.249000 0.397000 -0.100000
v 0.703000 0.397000 -0.100000
v 0.703000 0.293000 -0.100000
v 0.249000 0.293000 -0.100000
v 0.249000 0.293000 0.100000
v 0.249000 0.222000 -0.100000
v 0.249000 0.222000 0.100000
v 0.051000 0.346000 -0.100000
v 0.051000 0.346000 0.100000
v 0.249000 0.470000 -0.100000
v 0.249000 0.470000 0.100000
v 0.249000 0.397000 -0.100000
v 0.249000 0.397000 0.100000
v 0.703000 0.397000 -0.100000
v 0.703000 0.397000 0.100000
v 0.703000 0.293000 -0.100000
v 0.703000 0.293000 0.100000
v 1.027000 0.682000 -0.100000
v 1.027000 0.682000 0.100000
v 1.062012 0.680219 -0.100000
v 1.062012 0.680219 0.100000
v 1.093597 0.675083 -0.100000
v 1.093597 0.675083 0.100000
v 1.121828 0.666906 -0.100000
v 1.121828 0.666906 0.100000
v 1.146778 0.656000 -0.100000
v 1.146778 0.656000 0.100000
v 1.168519 0.642677 -0.100000
v 1.168519 0.642677 0.100000
v 1.187125 0.627250 -0.100000
v 1.187125 0.627250 0.100000
v 1.202668 0.610031 -0.100000
v 1.202668 0.610031 0.100000
v 1.215222 0.591333 -0.100000
v 1.215222 0.591333 0.100000
v 1.224859 0.571469 -0.100000
v 1.224859 0.571469 0.100000
v 1.231653 0.550750 -0.100000
v 1.231653 0.550750 0.100000
v 1.235675 0.529490 -0.100000
v 1.235675 0.529490 0.100000
v 1.237000 0.508000 -0.100000
v 1.237000 0.508000 0.100000
v 1.236310 0.490766 -0.100000
v 1.236310 0.490766 0.100000
v 1.234227 0.474546 -0.100000
v 1.234227 0.474546 0.100000
v 1.230734 0.459312 -0.100000
v 1.230734 0.459312 0.100000
v 1.225815 0.445037 -0.100000
v 1.225815 0.445037 0.100000
v 1.219451 0.431692 -0.100000
v 1.219451 0.431692 0.100000
v 1.211625 0.419250 -0.100000
v 1.211625 0.419250 0.100000
v 1.202320 0.407683 -0.100000
v 1.202320 0.407683 0.100000
v 1.191519 0.396963 -0.100000
v 1.191519 0.396963 0.100000
v 1.179203 0.387063 -0.100000
v 1.179203 0.387063 0.100000
v 1.165357 0.377954 -0.100000
v 1.165357 0.377954 0.100000
v 1.149961 0.369609 -0.100000
v 1.149961 0.369609 0.100000
v 1.133000 0.362000 -0.100000
v 1.133000 0.362000 0.100000
v 1.133000 0.360000 -0.100000
v 1.133000 0.360000 0.100000
v 1.157654 0.354263 -0.100000
v 1.157654 0.354263 0.100000
v 1.180565 0.346606 -0.100000
v 1.180565 0.346606 0.100000
v 1.201657 0.337109 -0.100000
v 1.201657 0.337109 0.100000
v 1.220852 0.325852 -0.100000
v 1.220852 0.325852 0.100000
v 1.238075 0.312914 -0.100000
v 1.238075 0.312914 0.100000
v 1.253250 0.298375 -0.100000
v 1.253250 0.298375 0.100000
v 1.266300 0.282315 -0.100000
v 1.266300 0.282315 0.100000
v 1.277148 0.264815 -0.100000
v 1.277148 0.264815 0.100000
v 1.285719 0.245953 -0.100000
v 1.285719 0.245953 0.100000
v 1.291935 0.225810 -0.100000
v 1.291935 0.225810 0.100000
v 1.295721 0.204466 -0.100000
v 1.295721 0.204466 0.100000
v 1.297000 0.182000 -0.100000
v 1.297000 0.182000 0.100000
v 1.295661 0.160773 -0.100000
v 1.295661 0.160773 0.100000
v 1.291542 0.139352 -0.100000
v 1.291542 0.139352 0.100000
v 1.284484 0.118125 -0.100000
v 1.284484 0.118125 0.100000
v 1.274333 0.097481 -0.100000
v 1.274333 0.097481 0.100000
v 1.260932 0.077810 -0.100000
v 1.260932 0.077810 0.100000
v 1.244125 0.059500 -0.100000
v 1.244125 0.059500 0.100000
v 1.223755 0.042940 -0.100000
v 1.223755 0.042940 0.100000
v 1.199667 0.028519 -0.100000
v 1.199667 0.028519 0.100000
v 1.171703 0.016625 -0.100000
v 1.171703 0.016625 0.100000
v 1.139708 0.007648 -0.100000
v 1.139708 0.007648 0.100000
v 1.103526 0.001977 -0.100000
v 1.103526 0.001977 0.100000
v 1.063000 0.000000 -0.100000
v 1.063000 -0.000000 0.100000
v 0.829000 0.000000 -0.100000
v 0.829000 -0.000000 0.100000
v 0.829000 0.682000 -0.100000
v 0.829000 0.682000 0.100000
v 0.992000 0.390000 -0.100000
v 0.992000 0.390000 0.100000
v 1.015210 0.390751 -0.100000
v 1.015210 0.390751 0.100000
v 1.036347 0.393005 -0.100000
v 1.036347 0.393005 0.100000
v 1.055422 0.396766 -0.100000
v 1.055422 0.396766 0.100000
v 1.072444 0.402037 -0.100000
v 1.072444 0.402037 0.100000
v 1.087425 0.408822 -0.100000
v 1.087425 0.408822 0.100000
v 1.100375 0.417125 -0.100000
v 1.100375 0.417125 0.100000
v 1.111304 0.426948 -0.100000
v 1.111304 0.426948 0.100000
v 1.120222 0.438296 -0.100000
v 1.120222 0.438296 0.100000
v 1.127141 0.451172 -0.100000
v 1.127141 0.451172 0.100000
v 1.132069 0.465579 -0.100000
v 1.132069 0.465579 0.100000
v 1.135019 0.481520 -0.100000
v 1.135019 0.481520 0.100000
v 1.136000 0.499000 -0.100000
v 1.136000 0.499000 0.100000
v 1.135378 0.511583 -0.100000
v 1.135378 0.511583 0.100000
v 1.133435 0.523745 -0.100000
v 1.133435 0.523745 0.100000
v 1.130063 0.535359 -0.100000
v 1.130063 0.535359 0.100000
v 1.125148 0.546296 -0.100000
v 1.125148 0.546296 0.100000
v 1.118581 0.556428 -0.100000
v 1.118581 0.556428 0.100000
v 1.110250 0.565625 -0.100000
v 1.110250 0.565625 0.100000
v 1.100044 0.573760 -0.100000
v 1.100044 0.573760 0.100000
v 1.087852 0.580704 -0.100000
v 1.087852 0.580704 0.100000
v 1.073563 0.586328 -0.100000
v 1.073563 0.586328 0.100000
v 1.057065 0.590505 -0.100000
v 1.057065 0.590505 0.100000
v 1.038248 0.593105 -0.100000
v 1.038248 0.593105 0.100000
v 1.017000 0.594000 -0.100000
v 1.017000 0.594000 0.100000
v 0.927000 0.594000 -0.100000
v 0.927000 0.594000 0.100000
v 0.927000 0.390000 -0.100000
v 0.927000 0.390000 0.100000
v 1.050000 0.088000 -0.100000
v 1.050000 0.088000 0.100000
v 1.077031 0.089151 -0.100000
v 1.077031 0.089151 0.100000
v 1.100745 0.092458 -0.100000
v 1.100745 0.092458 0.100000
v 1.121328 0.097703 -0.100000
v 1.121328 0.097703 0.100000
v 1.138963 0.104667 -0.100000
v 1.138963 0.104667 0.100000
v 1.153834 0.113130 -0.100000
v 1.153834 0.113130 0.100000
v 1.166125 0.122875 -0.100000
v 1.166125 0.122875 0.100000
v 1.176020 0.133682 -0.100000
v 1.176020 0.133682 0.100000
v 1.183704 0.145333 -0.100000
v 1.183704 0.145333 0.100000
v 1.189359 0.157609 -0.100000
v 1.189359 0.157609 0.100000
v 1.193171 0.170292 -0.100000
v 1.193171 0.170292 0.100000
v 1.195324 0.183161 -0.100000
v 1.195324 0.183161 0.100000
v 1.196000 0.196000 -0.100000
v 1.196000 0.196000 0.100000
v 1.194996 0.211110 -0.100000
v 1.194996 0.211110 0.100000
v 1.191968 0.225380 -0.100000
v 1.191968 0.225380 0.100000
v 1.186891 0.238719 -0.100000
v 1.186891 0.238719 0.100000
v 1.179741 0.251037 -0.100000
v 1.179741 0.251037 0.100000
v 1.170494 0.262244 -0.100000
v 1.170494 0.262244 0.100000
v 1.159125 0.272250 -0.100000
v 1.159125 0.272250 0.100000
v 1.145611 0.280964 -0.100000
v 1.145611 0.280964 0.100000
v 1.129926 0.288296 -0.100000
v 1.129926 0.288296 0.100000
v 1.112047 0.294156 -0.100000
v 1.112047 0.294156 0.100000
v 1.091949 0.298454 -0.100000
v 1.091949 0.298454 0.100000
v 1.069608 0.301098 -0.100000
v 1.069608 0.301098 0.100000
v 1.045000 0.302000 -0.100000
v 1.045000 0.302000 0.100000
v 0.927000 0.302000 -0.100000
v 0.927000 0.302000 0.100000
v 0.927000 0.088000 -0.100000
v 0.927000 0.088000 0.100000
v 1.718230 0.019639 -0.100000
v 1.718230 0.019639 0.100000
v 1.709338 0.014032 -0.100000
v 1.709338 0.014032 0.100000
v 1.701203 0.009141 -0.100000
v 1.701203 0.009141 0.100000
v 1.693704 0.004926 -0.100000
v 1.693704 0.004926 0.100000
v 1.686718 0.001350 -0.100000
v 1.686718 0.001350 0.100000
v 1.680125 -0.001625 -0.100000
v 1.680125 -0.001625 0.100000
v 1.673803 -0.004038 -0.100000
v 1.673803 -0.004038 0.100000
v 1.667630 -0.005926 -0.100000
v 1.667630 -0.005926 0.100000
v 1.661484 -0.007328 -0.100000
v 1.661484 -0.007328 0.100000
v 1.655245 -0.008282 -0.100000
v 1.655245 -0.008282 0.100000
v 1.648791 -0.008827 -0.100000
v 1.648791 -0.008827 0.100000
v 1.642000 -0.009000 -0.100000
v 1.642000 -0.009000 0.100000
v 1.632622 -0.008706 -0.100000
v 1.632622 -0.008706 0.100000
v 1.623977 -0.007815 -0.100000
v 1.623977 -0.007815 0.100000
v 1.616047 -0.006313 -0.100000
v 1.616047 -0.006313 0.100000
v 1.608815 -0.004185 -0.100000
v 1.608815 -0.004185 0.100000
v 1.602263 -0.001419 -0.100000
v 1.602263 -0.001419 0.100000
v 1.596375 0.002000 -0.100000
v 1.596375 0.002000 0.100000
v 1.591133 0.006086 -0.100000
v 1.591133 0.006086 0.100000
v 1.586519 0.010852 -0.100000
v 1.586519 0.010852 0.100000
v 1.582516 0.016313 -0.100000
v 1.582516 0.016312 0.100000
v 1.579106 0.022481 -0.100000
v 1.579106 0.022481 0.100000
v 1.576274 0.029373 -0.100000
v 1.576274 0.029373 0.100000
v 1.574000 0.037000 -0.100000
v 1.574000 0.037000 0.100000
v 1.564209 0.029583 -0.100000
v 1.564209 0.029583 0.100000
v 1.554343 0.022829 -0.100000
v 1.554343 0.022829 0.100000
v 1.544406 0.016734 -0.100000
v 1.544406 0.016734 0.100000
v 1.534407 0.011296 -0.100000
v 1.534407 0.011296 0.100000
v 1.524353 0.006511 -0.100000
v 1.524353 0.006511 0.100000
v 1.514250 0.002375 -0.100000
v 1.514250 0.002375 0.100000
v 1.504105 -0.001115 -0.100000
v 1.504105 -0.001115 0.100000
v 1.493926 -0.003963 -0.100000
v 1.493926 -0.003963 0.100000
v 1.483719 -0.006172 -0.100000
v 1.483719 -0.006172 0.100000
v 1.473491 -0.007745 -0.100000
v 1.473491 -0.007745 0.100000
v 1.463249 -0.008687 -0.100000
v 1.463249 -0.008687 0.100000
v 1.453000 -0.009000 -0.100000
v 1.453000 -0.009000 0.100000
v 1.436971 -0.007943 -0.100000
v 1.436971 -0.007943 0.100000
v 1.421935 -0.004880 -0.100000
v 1.421935 -0.004880 0.100000
v 1.407969 0.000031 -0.100000
v 1.407969 0.000031 0.100000
v 1.395148 0.006630 -0.100000
v 1.395148 0.006630 0.100000
v 1.383550 0.014756 -0.100000
v 1.383550 0.014756 0.100000
v 1.373250 0.024250 -0.100000
v 1.373250 0.024250 0.100000
v 1.364325 0.034953 -0.100000
v 1.364325 0.034953 0.100000
v 1.356852 0.046704 -0.100000
v 1.356852 0.046704 0.100000
v 1.350906 0.059344 -0.100000
v 1.350906 0.059344 0.100000
v 1.346565 0.072713 -0.100000
v 1.346565 0.072713 0.100000
v 1.343904 0.086652 -0.100000
v 1.343904 0.086652 0.100000
v 1.343000 0.101000 -0.100000
v 1.343000 0.101000 0.100000
v 1.344635 0.121994 -0.100000
v 1.344635 0.121994 0.100000
v 1.349333 0.140616 -0.100000
v 1.349333 0.140616 0.100000
v 1.356781 0.157078 -0.100000
v 1.356781 0.157078 0.100000
v 1.366667 0.171593 -0.100000
v 1.366667 0.171593 0.100000
v 1.378677 0.184371 -0.100000
v 1.378677 0.184371 0.100000
v 1.392500 0.195625 -0.100000
v 1.392500 0.195625 0.100000
v 1.407823 0.205567 -0.100000
v 1.407823 0.205567 0.100000
v 1.424333 0.214407 -0.100000
v 1.424333 0.214407 0.100000
v 1.441719 0.222359 -0.100000
v 1.441719 0.222359 0.100000
v 1.459667 0.229634 -0.100000
v 1.459667 0.229634 0.100000
v 1.477865 0.236444 -0.100000
v 1.477865 0.236444 0.100000
v 1.496000 0.243000 -0.100000
v 1.496000 0.243000 0.100000
v 1.575000 0.271000 -0.100000
v 1.575000 0.271000 0.100000
v 1.575000 0.295000 -0.100000
v 1.575000 0.295000 0.100000
v 1.574437 0.308318 -0.100000
v 1.574437 0.308318 0.100000
v 1.572750 0.320296 -0.100000
v 1.572750 0.320296 0.100000
v 1.569937 0.330969 -0.100000
v 1.569937 0.330969 0.100000
v 1.566000 0.340370 -0.100000
v 1.566000 0.340370 0.100000
v 1.560938 0.348536 -0.100000
v 1.560938 0.348536 0.100000
v 1.554750 0.355500 -0.100000
v 1.554750 0.355500 0.100000
v 1.547438 0.361297 -0.100000
v 1.547438 0.361297 0.100000
v 1.539000 0.365963 -0.100000
v 1.539000 0.365963 0.100000
v 1.529438 0.369531 -0.100000
v 1.529438 0.369531 0.100000
v 1.518750 0.372037 -0.100000
v 1.518750 0.372037 0.100000
v 1.506938 0.373515 -0.100000
v 1.506938 0.373515 0.100000
v 1.494000 0.374000 -0.100000
v 1.494000 0.374000 0.100000
v 1.481734 0.373518 -0.100000
v 1.481734 0.373518 0.100000
v 1.469454 0.372060 -0.100000
v 1.469454 0.372060 0.100000
v 1.457188 0.369609 -0.100000
v 1.457188 0.369609 0.100000
v 1.444963 0.366148 -0.100000
v 1.444963 0.366148 0.100000
v 1.432808 0.361659 -0.100000
v 1.432808 0.361659 0.100000
v 1.420750 0.356125 -0.100000
v 1.420750 0.356125 0.100000
v 1.408817 0.349528 -0.100000
v 1.408817 0.349528 0.100000
v 1.397037 0.341852 -0.100000
v 1.397037 0.341852 0.100000
v 1.385437 0.333078 -0.100000
v 1.385437 0.333078 0.100000
v 1.374046 0.323190 -0.100000
v 1.374046 0.323190 0.100000
v 1.362891 0.312170 -0.100000
v 1.362891 0.312170 0.100000
v 1.352000 0.300000 -0.100000
v 1.352000 0.300000 0.100000
v 1.352000 0.397000 -0.100000
v 1.352000 0.397000 0.100000
v 1.361043 0.406813 -0.100000
v 1.361043 0.406813 0.100000
v 1.370676 0.415755 -0.100000
v 1.370676 0.415755 0.100000
v 1.380906 0.423828 -0.100000
v 1.380906 0.423828 0.100000
v 1.391741 0.431037 -0.100000
v 1.391741 0.431037 0.100000
v 1.403187 0.437385 -0.100000
v 1.403187 0.437385 0.100000
v 1.415250 0.442875 -0.100000
v 1.415250 0.442875 0.100000
v 1.427939 0.447511 -0.100000
v 1.427939 0.447511 0.100000
v 1.441259 0.451296 -0.100000
v 1.441259 0.451296 0.100000
v 1.455219 0.454234 -0.100000
v 1.455219 0.454234 0.100000
v 1.469824 0.456329 -0.100000
v 1.469824 0.456329 0.100000
v 1.485082 0.457583 -0.100000
v 1.485082 0.457583 0.100000
v 1.501000 0.458000 -0.100000
v 1.501000 0.458000 0.100000
v 1.523323 0.457036 -0.100000
v 1.523323 0.457036 0.100000
v 1.544671 0.454120 -0.100000
v 1.544671 0.454120 0.100000
v 1.564859 0.449219 -0.100000
v 1.564859 0.449219 0.100000
v 1.583704 0.442296 -0.100000
v 1.583704 0.442296 0.100000
v 1.601020 0.433318 -0.100000
v 1.601020 0.433318 0.100000
v 1.616625 0.422250 -0.100000
v 1.616625 0.422250 0.100000
v 1.630334 0.409057 -0.100000
v 1.630334 0.409057 0.100000
v 1.641963 0.393704 -0.100000
v 1.641963 0.393704 0.100000
v 1.651328 0.376156 -0.100000
v 1.651328 0.376156 0.100000
v 1.658245 0.356380 -0.100000
v 1.658245 0.356380 0.100000
v 1.662531 0.334339 -0.100000
v 1.662531 0.334339 0.100000
v 1.664000 0.310000 -0.100000
v 1.664000 0.310000 0.100000
v 1.664000 0.079000 -0.100000
v 1.664000 0.079000 0.100000
v 1.664124 0.074976 -0.100000
v 1.664124 0.074976 0.100000
v 1.664495 0.071394 -0.100000
v 1.664495 0.071394 0.100000
v 1.665110 0.068234 -0.100000
v 1.665110 0.068234 0.100000
v 1.665963 0.065481 -0.100000
v 1.665963 0.065481 0.100000
v 1.667053 0.063117 -0.100000
v 1.667053 0.063117 0.100000
v 1.668375 0.061125 -0.100000
v 1.668375 0.061125 0.100000
v 1.669927 0.059487 -0.100000
v 1.669927 0.059487 0.100000
v 1.671704 0.058185 -0.100000
v 1.671704 0.058185 0.100000
v 1.673703 0.057203 -0.100000
v 1.673703 0.057203 0.100000
v 1.675921 0.056523 -0.100000
v 1.675921 0.056523 0.100000
v 1.678355 0.056128 -0.100000
v 1.678355 0.056128 0.100000
v 1.681000 0.056000 -0.100000
v 1.681000 0.056000 0.100000
v 1.683434 0.056186 -0.100000
v 1.683434 0.056186 0.100000
v 1.686218 0.056736 -0.100000
v 1.686218 0.056736 0.100000
v 1.689328 0.057641 -0.100000
v 1.689328 0.057641 0.100000
v 1.692741 0.058889 -0.100000
v 1.692741 0.058889 0.100000
v 1.696431 0.060470 -0.100000
v 1.696431 0.060470 0.100000
v 1.700375 0.062375 -0.100000
v 1.700375 0.062375 0.100000
v 1.704548 0.064592 -0.100000
v 1.704548 0.064592 0.100000
v 1.708926 0.067111 -0.100000
v 1.708926 0.067111 0.100000
v 1.713484 0.069922 -0.100000
v 1.713484 0.069922 0.100000
v 1.718199 0.073014 -0.100000
v 1.718199 0.073014 0.100000
v 1.723046 0.076377 -0.100000
v 1.723046 0.076377 0.100000
v 1.728000 0.080000 -0.100000
v 1.728000 0.080000 0.100000
v 1.728000 0.026000 -0.100000
v 1.728000 0.026000 0.100000
v 1.556241 0.215484 -0.100000
v 1.556241 0.215484 0.100000
v 1.538093 0.208875 -0.100000
v 1.538093 0.208875 0.100000
v 1.520750 0.202078 -0.100000
v 1.520750 0.202078 0.100000
v 1.504407 0.195000 -0.100000
v 1.504407 0.195000 0.100000
v 1.489259 0.187547 -0.100000
v 1.489259 0.187547 0.100000
v 1.475500 0.179625 -0.100000
v 1.475500 0.179625 0.100000
v 1.463324 0.171141 -0.100000
v 1.463324 0.171141 0.100000
v 1.452926 0.162000 -0.100000
v 1.452926 0.162000 0.100000
v 1.444500 0.152109 -0.100000
v 1.444500 0.152109 0.100000
v 1.438241 0.141375 -0.100000
v 1.438241 0.141375 0.100000
v 1.434343 0.129703 -0.100000
v 1.434343 0.129703 0.100000
v 1.433000 0.117000 -0.100000
v 1.433000 0.117000 0.100000
v 1.433553 0.107988 -0.100000
v 1.433553 0.107988 0.100000
v 1.435171 0.099486 -0.100000
v 1.435171 0.099486 0.100000
v 1.437797 0.091547 -0.100000
v 1.437797 0.091547 0.100000
v 1.441370 0.084222 -0.100000
v 1.441370 0.084222 0.100000
v 1.445833 0.077564 -0.100000
v 1.445833 0.077564 0.100000
v 1.451125 0.071625 -0.100000
v 1.451125 0.071625 0.100000
v 1.457188 0.066457 -0.100000
v 1.457188 0.066457 0.100000
v 1.463963 0.062111 -0.100000
v 1.463963 0.062111 0.100000
v 1.471391 0.058641 -0.100000
v 1.471391 0.058641 0.100000
v 1.479412 0.056097 -0.100000
v 1.479412 0.056097 0.100000
v 1.487968 0.054533 -0.100000
v 1.487968 0.054533 0.100000
v 1.497000 0.054000 -0.100000
v 1.497000 0.054000 0.100000
v 1.503958 0.054289 -0.100000
v 1.503958 0.054289 0.100000
v 1.510834 0.055144 -0.100000
v 1.510834 0.055144 0.100000
v 1.517625 0.056547 -0.100000
v 1.517625 0.056547 0.100000
v 1.524334 0.058481 -0.100000
v 1.524334 0.058481 0.100000
v 1.530959 0.060930 -0.100000
v 1.530959 0.060930 0.100000
v 1.537500 0.063875 -0.100000
v 1.537500 0.063875 0.100000
v 1.543959 0.067299 -0.100000
v 1.543959 0.067299 0.100000
v 1.550333 0.071185 -0.100000
v 1.550333 0.071185 0.100000
v 1.556625 0.075516 -0.100000
v 1.556625 0.075516 0.100000
v 1.562833 0.080273 -0.100000
v 1.562833 0.080273 0.100000
v 1.568958 0.085440 -0.100000
v 1.568958 0.085440 0.100000
v 1.575000 0.091000 -0.100000
v 1.575000 0.091000 0.100000
v 1.575000 0.222000 -0.100000
v 1.575000 0.222000 0.100000
v 2.124592 0.340008 -0.100000
v 2.124592 0.340008 0.100000
v 2.112815 0.347065 -0.100000
v 2.112815 0.347065 0.100000
v 2.101594 0.353219 -0.100000
v 2.101594 0.353219 0.100000
v 2.090852 0.358519 -0.100000
v 2.090852 0.358519 0.100000
v 2.080513 0.363013 -0.100000
v 2.080513 0.363013 0.100000
v 2.070500 0.366750 -0.100000
v 2.070500 0.366750 0.100000
v 2.060738 0.369779 -0.100000
v 2.060738 0.369779 0.100000
v 2.051148 0.372148 -0.100000
v 2.051148 0.372148 0.100000
v 2.041656 0.373906 -0.100000
v 2.041656 0.373906 0.100000
v 2.032185 0.375102 -0.100000
v 2.032185 0.375102 0.100000
v 2.022659 0.375784 -0.100000
v 2.022659 0.375784 0.100000
v 2.013000 0.376000 -0.100000
v 2.013000 0.376000 0.100000
v 1.993289 0.374747 -0.100000
v 1.993289 0.374747 0.100000
v 1.974727 0.371060 -0.100000
v 1.974727 0.371060 0.100000
v 1.957422 0.365047 -0.100000
v 1.957422 0.365047 0.100000
v 1.941481 0.356815 -0.100000
v 1.941481 0.356815 0.100000
v 1.927013 0.346472 -0.100000
v 1.927013 0.346472 0.100000
v 1.914125 0.334125 -0.100000
v 1.914125 0.334125 0.100000
v 1.902924 0.319883 -0.100000
v 1.902924 0.319883 0.100000
v 1.893519 0.303852 -0.100000
v 1.893519 0.303852 0.100000
v 1.886016 0.286141 -0.100000
v 1.886016 0.286141 0.100000
v 1.880523 0.266856 -0.100000
v 1.880523 0.266856 0.100000
v 1.877149 0.246107 -0.100000
v 1.877149 0.246107 0.100000
v 1.876000 0.224000 -0.100000
v 1.876000 0.224000 0.100000
v 1.877234 0.201532 -0.100000
v 1.877234 0.201532 0.100000
v 1.880871 0.180671 -0.100000
v 1.880871 0.180671 0.100000
v 1.886813 0.161484 -0.100000
v 1.886813 0.161484 0.100000
v 1.894963 0.144037 -0.100000
v 1.894963 0.144037 0.100000
v 1.905225 0.128395 -0.100000
v 1.905225 0.128395 0.100000
v 1.917500 0.114625 -0.100000
v 1.917500 0.114625 0.100000
v 1.931692 0.102792 -0.100000
v 1.931692 0.102792 0.100000
v 1.947704 0.092963 -0.100000
v 1.947704 0.092963 0.100000
v 1.965438 0.085203 -0.100000
v 1.965438 0.085203 0.100000
v 1.984796 0.079579 -0.100000
v 1.984796 0.079579 0.100000
v 2.005683 0.076156 -0.100000
v 2.005683 0.076156 0.100000
v 2.028000 0.075000 -0.100000
v 2.028000 0.075000 0.100000
v 2.037465 0.075208 -0.100000
v 2.037465 0.075208 0.100000
v 2.046884 0.075833 -0.100000
v 2.046884 0.075833 0.100000
v 2.056297 0.076875 -0.100000
v 2.056297 0.076875 0.100000
v 2.065741 0.078333 -0.100000
v 2.065741 0.078333 0.100000
v 2.075254 0.080208 -0.100000
v 2.075254 0.080208 0.100000
v 2.084875 0.082500 -0.100000
v 2.084875 0.082500 0.100000
v 2.094642 0.085208 -0.100000
v 2.094642 0.085208 0.100000
v 2.104593 0.088333 -0.100000
v 2.104593 0.088333 0.100000
v 2.114766 0.091875 -0.100000
v 2.114766 0.091875 0.100000
v 2.125199 0.095833 -0.100000
v 2.125199 0.095833 0.100000
v 2.135931 0.100208 -0.100000
v 2.135931 0.100208 0.100000
v 2.147000 0.105000 -0.100000
v 2.147000 0.105000 0.100000
v 2.147000 0.017000 -0.100000
v 2.147000 0.017000 0.100000
v 2.138959 0.013547 -0.100000
v 2.138959 0.013547 0.100000
v 2.129921 0.010213 -0.100000
v 2.129921 0.010213 0.100000
v 2.120016 0.007031 -0.100000
v 2.120016 0.007031 0.100000
v 2.109370 0.004037 -0.100000
v 2.109370 0.004037 0.100000
v 2.098114 0.001265 -0.100000
v 2.098114 0.001265 0.100000
v 2.086375 -0.001250 -0.100000
v 2.086375 -0.001250 0.100000
v 2.074282 -0.003473 -0.100000
v 2.074282 -0.003473 0.100000
v 2.061963 -0.005370 -0.100000
v 2.061963 -0.005370 0.100000
v 2.049547 -0.006906 -0.100000
v 2.049547 -0.006906 0.100000
v 2.037162 -0.008046 -0.100000
v 2.037162 -0.008046 0.100000
v 2.024937 -0.008756 -0.100000
v 2.024937 -0.008756 0.100000
v 2.013000 -0.009000 -0.100000
v 2.013000 -0.009000 0.100000
v 1.980365 -0.007094 -0.100000
v 1.980365 -0.007094 0.100000
v 1.949583 -0.001500 -0.100000
v 1.949583 -0.001500 0.100000
v 1.920844 0.007594 -0.100000
v 1.920844 0.007594 0.100000
v 1.894333 0.020000 -0.100000
v 1.894333 0.020000 0.100000
v 1.870240 0.035531 -0.100000
v 1.870240 0.035531 0.100000
v 1.848750 0.054000 -0.100000
v 1.848750 0.054000 0.100000
v 1.830052 0.075219 -0.100000
v 1.830052 0.075219 0.100000
v 1.814333 0.099000 -0.100000
v 1.814333 0.099000 0.100000
v 1.801781 0.125156 -0.100000
v 1.801781 0.125156 0.100000
v 1.792583 0.153500 -0.100000
v 1.792583 0.153500 0.100000
v 1.786927 0.183844 -0.100000
v 1.786927 0.183844 0.100000
v 1.785000 0.216000 -0.100000
v 1.785000 0.216000 0.100000
v 1.786771 0.251852 -0.100000
v 1.786771 0.251852 0.100000
v 1.792000 0.285315 -0.100000
v 1.792000 0.285315 0.100000
v 1.800563 0.316250 -0.100000
v 1.800563 0.316250 0.100000
v 1.812333 0.344519 -0.100000
v 1.812333 0.344519 0.100000
v 1.827188 0.369981 -0.100000
v 1.827188 0.369981 0.100000
v 1.845000 0.392500 -0.100000
v 1.845000 0.392500 0.100000
v 1.865646 0.411935 -0.100000
v 1.865646 0.411935 0.100000
v 1.889000 0.428148 -0.100000
v 1.889000 0.428148 0.100000
v 1.914937 0.441000 -0.100000
v 1.914937 0.441000 0.100000
v 1.943333 0.450352 -0.100000
v 1.943333 0.450352 0.100000
v 1.974062 0.456065 -0.100000
v 1.974062 0.456065 0.100000
v 2.007000 0.458000 -0.100000
v 2.007000 0.458000 0.100000
v 2.019660 0.457753 -0.100000
v 2.019660 0.457753 0.100000
v 2.031699 0.457023 -0.100000
v 2.031699 0.457023 0.100000
v 2.043203 0.455828 -0.100000
v 2.043203 0.455828 0.100000
v 2.054260 0.454185 -0.100000
v 2.054260 0.454185 0.100000
v 2.064955 0.452112 -0.100000
v 2.064955 0.452112 0.100000
v 2.075375 0.449625 -0.100000
v 2.075375 0.449625 0.100000
v 2.085608 0.446743 -0.100000
v 2.085608 0.446743 0.100000
v 2.095741 0.443482 -0.100000
v 2.095741 0.443482 0.100000
v 2.105860 0.439859 -0.100000
v 2.105860 0.439859 0.100000
v 2.116051 0.435894 -0.100000
v 2.116051 0.435894 0.100000
v 2.126402 0.431601 -0.100000
v 2.126402 0.431601 0.100000
v 2.137000 0.427000 -0.100000
v 2.137000 0.427000 0.100000
v 2.137000 0.332000 -0.100000
v 2.137000 0.332000 0.100000
v 2.682000 0.000000 -0.100000
v 2.682000 -0.000000 0.100000
v 2.562000 0.000000 -0.100000
v 2.562000 -0.000000 0.100000
v 2.337000 0.229000 -0.100000
v 2.337000 0.229000 0.100000
v 2.536000 0.449000 -0.100000
v 2.536000 0.449000 0.100000
v 2.642000 0.449000 -0.100000
v 2.642000 0.449000 0.100000
v 2.450000 0.229000 -0.100000
v 2.450000 0.229000 0.100000
v 2.244000 0.000000 -0.100000
v 2.244000 -0.000000 0.100000
v 2.244000 0.682000 -0.100000
v 2.244000 0.682000 0.100000
v 2.333000 0.682000 -0.100000
v 2.333000 0.682000 0.100000
v 2.333000 0.000000 -0.100000
v 2.333000 -0.000000 0.100000
vn -0.0000 -0.0000 1.0000
vn -0.0000 -0.0000 -1.0000
vn 0.7071 -0.7071 -0.0000
vn 0.4844 -0.8749 -0.0000
vn -1.0000 -0.0000 -0.0000
vn 0.4844 0.8749 -0.0000
vn 0.7071 0.7071 -0.0000
vn 0.0254 0.9997 -0.0000
vn 0.1058 0.9944 -0.0000
vn 0.2197 0.9756 -0.0000
vn 0.3401 0.9404 -0.0000
vn 0.4626 0.8866 -0.0000
vn 0.5819 0.8133 -0.0000
vn 0.6921 0.7218 -0.0000
vn 0.7883 0.6153 -0.0000
vn 0.8671 0.4982 -0.0000
vn 0.9271 0.3749 -0.0000
vn 0.9684 0.2493 -0.0000
vn 0.9923 0.1240 -0.0000
vn 0.9999 0.0108 -0.0000
vn 0.9965 -0.0838 -0.0000
vn 0.9845 -0.1756 -0.0000
vn 0.9614 -0.2750 -0.0000
vn 0.9255 -0.3787 -0.0000
vn 0.8760 -0.4822 -0.0000
vn 0.8142 -0.5806 -0.0000
vn 0.7430 -0.6693 -0.0000
vn 0.6664 -0.7456 -0.0000
vn 0.5887 -0.8083 -0.0000
vn 0.5135 -0.8581 -0.0000
vn 0.4432 -0.8964 -0.0000
vn 0.8394 -0.5435 -0.0000
vn 0.7831 0.6218 -0.0000
vn 0.2721 0.9623 -0.0000
vn 0.3642 0.9313 -0.0000
vn 0.4589 0.8885 -0.0000
vn 0.5541 0.8324 -0.0000
vn 0.6474 0.7622 -0.0000
vn 0.7354 0.6777 -0.0000
vn 0.8147 0.5799 -0.0000
vn 0.8820 0.4713 -0.0000
vn 0.9349 0.3550 -0.0000
vn 0.9719 0.2352 -0.0000
vn 0.9933 0.1159 -0.0000
vn 1.0000 -0.0031 -0.0000
vn 0.9920 -0.1262 -0.0000
vn 0.9675 -0.2527 -0.0000
vn 0.9253 -0.3793 -0.0000
vn 0.8641 -0.5034 -0.0000
vn 0.7836 -0.6212 -0.0000
vn 0.6856 -0.7280 -0.0000
vn 0.5737 -0.8191 -0.0000
vn 0.4536 -0.8912 -0.0000
vn 0.3315 -0.9435 -0.0000
vn 0.2129 -0.9771 -0.0000
vn 0.1019 -0.9948 -0.0000
vn 0.0244 -0.9997 -0.0000
vn -0.7071 -0.7071 -0.0000
vn -0.7071 0.7071 -0.0000
vn -0.0162 0.9999 -0.0000
vn -0.0692 0.9976 -0.0000
vn -0.1499 0.9887 -0.0000
vn -0.2450 0.9695 -0.0000
vn -0.3549 0.9349 -0.0000
vn -0.4774 0.8787 -0.0000
vn -0.6061 0.7954 -0.0000
vn -0.7301 0.6834 -0.0000
vn -0.8367 0.5477 -0.0000
vn -0.9166 0.3998 -0.0000
vn -0.9673 0.2535 -0.0000
vn -0.9929 0.1192 -0.0000
vn -1.0000 0.0033 -0.0000
vn -0.9946 -0.1037 -0.0000
vn -0.9758 -0.2187 -0.0000
vn -0.9385 -0.3452 -0.0000
vn -0.8782 -0.4783 -0.0000
vn -0.7927 -0.6096 -0.0000
vn -0.6845 -0.7290 -0.0000
vn -0.5608 -0.8280 -0.0000
vn -0.4317 -0.9020 -0.0000
vn -0.3065 -0.9519 -0.0000
vn -0.1914 -0.9815 -0.0000
vn -0.0896 -0.9960 -0.0000
vn -0.0211 -0.9998 -0.0000
vn -0.0213 0.9998 -0.0000
vn -0.0904 0.9959 -0.0000
vn -0.1928 0.9812 -0.0000
vn -0.3077 0.9515 -0.0000
vn -0.4320 0.9019 -0.0000
vn -0.5596 0.8288 -0.0000
vn -0.6816 0.7318 -0.0000
vn -0.7886 0.6148 -0.0000
vn -0.8740 0.4859 -0.0000
vn -0.9352 0.3540 -0.0000
vn -0.9739 0.2268 -0.0000
vn -0.9940 0.1090 -0.0000
vn -1.0000 -0.0068 -0.0000
vn -0.9905 -0.1373 -0.0000
vn -0.9593 -0.2825 -0.0000
vn -0.9027 -0.4303 -0.0000
vn -0.8209 -0.5711 -0.0000
vn -0.7183 -0.6958 -0.0000
vn -0.6030 -0.7978 -0.0000
vn -0.4838 -0.8752 -0.0000
vn -0.3681 -0.9298 -0.0000
vn -0.2606 -0.9654 -0.0000
vn -0.1635 -0.9865 -0.0000
vn -0.0771 -0.9970 -0.0000
vn -0.0183 -0.9998 -0.0000
vn 0.5395 -0.8420 -0.0000
vn 0.5244 -0.8515 -0.0000
vn 0.5027 -0.8645 -0.0000
vn 0.4729 -0.8811 -0.0000
vn 0.4336 -0.9011 -0.0000
vn 0.3841 -0.9233 -0.0000
vn 0.3247 -0.9458 -0.0000
vn 0.2577 -0.9662 -0.0000
vn 0.1869 -0.9824 -0.0000
vn 0.1177 -0.9930 -0.0000
vn 0.0548 -0.9985 -0.0000
vn -0.0029 -1.0000 -0.0000
vn -0.0670 -0.9978 -0.0000
vn -0.1445 -0.9895 -0.0000
vn -0.2345 -0.9721 -0.0000
vn -0.3361 -0.9418 -0.0000
vn -0.4464 -0.8948 -0.0000
vn -0.5597 -0.8287 -0.0000
vn -0.6682 -0.7440 -0.0000
vn -0.7643 -0.6449 -0.0000
vn -0.8426 -0.5385 -0.0000
vn -0.9016 -0.4327 -0.0000
vn -0.9428 -0.3334 -0.0000
vn -0.3111 -0.9504 -0.0000
vn 0.5845 -0.8114 -0.0000
vn 0.5440 -0.8391 -0.0000
vn 0.5005 -0.8658 -0.0000
vn 0.4539 -0.8910 -0.0000
vn 0.4045 -0.9146 -0.0000
vn 0.3522 -0.9359 -0.0000
vn 0.2975 -0.9547 -0.0000
vn 0.2406 -0.9706 -0.0000
vn 0.1819 -0.9833 -0.0000
vn 0.1219 -0.9925 -0.0000
vn 0.0611 -0.9981 -0.0000
vn -0.0176 -0.9998 -0.0000
vn -0.1330 -0.9911 -0.0000
vn -0.2663 -0.9639 -0.0000
vn -0.3956 -0.9184 -0.0000
vn -0.5169 -0.8560 -0.0000
vn -0.6272 -0.7789 -0.0000
vn -0.7244 -0.6893 -0.0000
vn -0.8076 -0.5898 -0.0000
vn -0.8761 -0.4821 -0.0000
vn -0.9298 -0.3680 -0.0000
vn -0.9686 -0.2487 -0.0000
vn -0.9921 -0.1254 -0.0000
vn -1.0000 0.0074 -0.0000
vn -0.9868 0.1617 -0.0000
vn -0.9441 0.3297 -0.0000
vn -0.8721 0.4894 -0.0000
vn -0.7800 0.6258 -0.0000
vn -0.6815 0.7318 -0.0000
vn -0.5887 0.8084 -0.0000
vn -0.5086 0.8610 -0.0000
vn -0.4442 0.8959 -0.0000
vn -0.3959 0.9183 -0.0000
vn -0.3631 0.9318 -0.0000
vn -0.3452 0.9385 -0.0000
vn -0.3370 0.9415 -0.0000
vn -0.8167 0.5770 -0.0000
vn -0.9998 -0.0211 -0.0000
vn -0.9959 -0.0910 -0.0000
vn -0.9803 -0.1975 -0.0000
vn -0.9470 -0.3213 -0.0000
vn -0.8889 -0.4580 -0.0000
vn -0.8017 -0.5978 -0.0000
vn -0.6870 -0.7267 -0.0000
vn -0.5545 -0.8322 -0.0000
vn -0.4179 -0.9085 -0.0000
vn -0.2895 -0.9572 -0.0000
vn -0.1765 -0.9843 -0.0000
vn -0.0809 -0.9967 -0.0000
vn 0.0009 -1.0000 -0.0000
vn 0.0786 -0.9969 -0.0000
vn 0.1570 -0.9876 -0.0000
vn 0.2344 -0.9721 -0.0000
vn 0.3097 -0.9508 -0.0000
vn 0.3821 -0.9241 -0.0000
vn 0.4508 -0.8926 -0.0000
vn 0.5152 -0.8571 -0.0000
vn 0.5750 -0.8182 -0.0000
vn 0.6298 -0.7768 -0.0000
vn 0.6795 -0.7337 -0.0000
vn 0.7243 -0.6895 -0.0000
vn -0.3570 -0.9341 -0.0000
vn -0.9315 0.3638 -0.0000
vn -0.7084 0.7058 -0.0000
vn -0.6504 0.7596 -0.0000
vn -0.5872 0.8094 -0.0000
vn -0.5199 0.8542 -0.0000
vn -0.4500 0.8930 -0.0000
vn -0.3790 0.9254 -0.0000
vn -0.3085 0.9512 -0.0000
vn -0.2398 0.9708 -0.0000
vn -0.1740 0.9847 -0.0000
vn -0.1120 0.9937 -0.0000
vn -0.0541 0.9985 -0.0000
vn 0.0085 1.0000 -0.0000
vn 0.0893 0.9960 -0.0000
vn 0.1859 0.9826 -0.0000
vn 0.2909 0.9568 -0.0000
vn 0.4034 0.9150 -0.0000
vn 0.5207 0.8538 -0.0000
vn 0.6378 0.7702 -0.0000
vn 0.7476 0.6642 -0.0000
vn 0.8423 0.5390 -0.0000
vn 0.9158 0.4017 -0.0000
vn 0.9653 0.2612 -0.0000
vn 0.9921 0.1258 -0.0000
vn 0.9995 0.0301 -0.0000
vn 0.9999 0.0155 -0.0000
vn 0.9978 0.0670 -0.0000
vn 0.9891 0.1470 -0.0000
vn 0.9698 0.2438 -0.0000
vn 0.9337 0.3582 -0.0000
vn 0.8733 0.4872 -0.0000
vn 0.7825 0.6226 -0.0000
vn 0.6611 0.7503 -0.0000
vn 0.5178 0.8555 -0.0000
vn 0.3682 0.9298 -0.0000
vn 0.2272 0.9738 -0.0000
vn 0.1045 0.9945 -0.0000
vn -0.0139 0.9999 -0.0000
vn -0.1353 0.9908 -0.0000
vn -0.2368 0.9716 -0.0000
vn -0.3116 0.9502 -0.0000
vn -0.3689 0.9295 -0.0000
vn -0.4145 0.9101 -0.0000
vn -0.4521 0.8920 -0.0000
vn -0.4840 0.8751 -0.0000
vn -0.5119 0.8591 -0.0000
vn -0.5367 0.8438 -0.0000
vn -0.5593 0.8290 -0.0000
vn -0.5802 0.8144 -0.0000
vn 0.4526 0.8917 -0.0000
vn 0.8791 -0.4767 -0.0000
vn 0.3352 -0.9422 -0.0000
vn 0.3536 -0.9354 -0.0000
vn 0.3812 -0.9245 -0.0000
vn 0.4196 -0.9077 -0.0000
vn 0.4705 -0.8824 -0.0000
vn 0.5358 -0.8443 -0.0000
vn 0.6169 -0.7870 -0.0000
vn 0.7126 -0.7016 -0.0000
vn 0.8158 -0.5784 -0.0000
vn 0.9110 -0.4124 -0.0000
vn 0.9772 -0.2122 -0.0000
vn 0.9998 -0.0220 -0.0000
vn 0.9922 0.1244 -0.0000
vn 0.9680 0.2510 -0.0000
vn 0.9262 0.3771 -0.0000
vn 0.8667 0.4988 -0.0000
vn 0.7905 0.6125 -0.0000
vn 0.6993 0.7148 -0.0000
vn 0.5957 0.8032 -0.0000
vn 0.4827 0.8758 -0.0000
vn 0.3635 0.9316 -0.0000
vn 0.2415 0.9704 -0.0000
vn 0.1196 0.9928 -0.0000
vn 0.0087 1.0000 -0.0000
vn -0.0825 0.9966 -0.0000
vn -0.1630 0.9866 -0.0000
vn -0.2399 0.9708 -0.0000
vn -0.3121 0.9501 -0.0000
vn -0.3788 0.9255 -0.0000
vn -0.4397 0.8981 -0.0000
vn -0.4947 0.8691 -0.0000
vn -0.5439 0.8391 -0.0000
vn -0.5878 0.8090 -0.0000
vn -0.6267 0.7793 -0.0000
vn -0.6611 0.7503 -0.0000
vn -0.9157 0.4018 -0.0000
vn -0.5796 -0.8149 -0.0000
vn -0.5282 -0.8491 -0.0000
vn -0.4975 -0.8675 -0.0000
vn -0.4618 -0.8870 -0.0000
vn -0.4207 -0.9072 -0.0000
vn -0.3743 -0.9273 -0.0000
vn -0.3231 -0.9464 -0.0000
vn -0.2682 -0.9634 -0.0000
vn -0.2111 -0.9775 -0.0000
vn -0.1537 -0.9881 -0.0000
vn -0.0983 -0.9952 -0.0000
vn -0.0469 -0.9989 -0.0000
vn 0.0205 -0.9998 -0.0000
vn 0.1294 -0.9916 -0.0000
vn 0.2622 -0.9650 -0.0000
vn 0.3945 -0.9189 -0.0000
vn 0.5216 -0.8532 -0.0000
vn 0.6383 -0.7698 -0.0000
vn 0.7407 -0.6718 -0.0000
vn 0.8262 -0.5634 -0.0000
vn 0.8935 -0.4490 -0.0000
vn 0.9431 -0.3326 -0.0000
vn 0.9760 -0.2176 -0.0000
vn 0.9943 -0.1064 -0.0000
vn 1.0000 0.0015 -0.0000
vn 0.9935 0.1135 -0.0000
vn 0.9722 0.2343 -0.0000
vn 0.9328 0.3604 -0.0000
vn 0.8733 0.4871 -0.0000
vn 0.7935 0.6086 -0.0000
vn 0.6953 0.7187 -0.0000
vn 0.5833 0.8123 -0.0000
vn 0.4631 0.8863 -0.0000
vn 0.3407 0.9402 -0.0000
vn 0.2208 0.9753 -0.0000
vn 0.1069 0.9943 -0.0000
vn 0.0149 0.9999 -0.0000
vn -0.0441 0.9990 -0.0000
vn -0.0881 0.9961 -0.0000
vn -0.1313 0.9913 -0.0000
vn -0.1730 0.9849 -0.0000
vn -0.2126 0.9771 -0.0000
vn -0.2495 0.9684 -0.0000
vn -0.2835 0.9590 -0.0000
vn -0.3142 0.9493 -0.0000
vn -0.3418 0.9398 -0.0000
vn -0.3661 0.9306 -0.0000
vn -0.3874 0.9219 -0.0000
vn 0.5490 0.8358 -0.0000
vn 0.8350 -0.5502 -0.0000
vn 0.3705 -0.9288 -0.0000
vn 0.3261 -0.9454 -0.0000
vn 0.2883 -0.9575 -0.0000
vn 0.2550 -0.9669 -0.0000
vn 0.2243 -0.9745 -0.0000
vn 0.1952 -0.9808 -0.0000
vn 0.1665 -0.9860 -0.0000
vn 0.1375 -0.9905 -0.0000
vn 0.1072 -0.9942 -0.0000
vn 0.0748 -0.9972 -0.0000
vn 0.0392 -0.9992 -0.0000
vn -0.0189 -0.9998 -0.0000
vn -0.1188 -0.9929 -0.0000
vn -0.2407 -0.9706 -0.0000
vn -0.3636 -0.9316 -0.0000
vn -0.4839 -0.8751 -0.0000
vn -0.5982 -0.8013 -0.0000
vn -0.7027 -0.7115 -0.0000
vn -0.7942 -0.6077 -0.0000
vn -0.8699 -0.4932 -0.0000
vn -0.9284 -0.3715 -0.0000
vn -0.9691 -0.2465 -0.0000
vn -0.9926 -0.1218 -0.0000
vn -1.0000 -0.0053 -0.0000
vn -0.9948 0.1020 -0.0000
vn -0.9775 0.2109 -0.0000
vn -0.9453 0.3262 -0.0000
vn -0.8955 0.4451 -0.0000
vn -0.8261 0.5635 -0.0000
vn -0.7368 0.6761 -0.0000
vn -0.6296 0.7769 -0.0000
vn -0.5085 0.8611 -0.0000
vn -0.3794 0.9253 -0.0000
vn -0.2484 0.9687 -0.0000
vn -0.1210 0.9927 -0.0000
vn -0.0196 0.9998 -0.0000
vn 0.0400 0.9992 -0.0000
vn 0.0819 0.9966 -0.0000
vn 0.1252 0.9921 -0.0000
vn 0.1687 0.9857 -0.0000
vn 0.2113 0.9774 -0.0000
vn 0.2517 0.9678 -0.0000
vn 0.2888 0.9574 -0.0000
vn 0.3217 0.9468 -0.0000
vn 0.3499 0.9368 -0.0000
vn 0.3729 0.9279 -0.0000
vn 0.3907 0.9205 -0.0000
vn 0.8361 0.5485 -0.0000
vn 0.4784 -0.8781 -0.0000
vn 0.9251 -0.3797 -0.0000
vn -0.3867 -0.9222 -0.0000
vn -0.9998 -0.0206 -0.0000
vn -0.4057 0.9140 -0.0000
vn 0.9104 0.4138 -0.0000
vn 0.9993 0.0372 -0.0000
vt 0.666667 0.000000
vt 0.888889 0.000000
vt 0.777778 0.000000
vt 1.000000 0.000000
vt 0.555556 0.000000
vt 0.444444 0.000000
vt 0.000000 0.000000
vt 0.222222 0.000000
vt 0.111111 0.000000
vt 0.333333 0.000000
vt 0.855670 0.000000
vt 0.876289 0.000000
vt 0.865979 0.000000
vt 0.886598 0.000000
vt 0.896907 0.000000
vt 0.845361 0.000000
vt 0.907216 0.000000
vt 0.917526 0.000000
vt 0.927835 0.000000
vt 0.835052 0.000000
vt 0.938144 0.000000
vt 0.948454 0.000000
vt 0.958763 0.000000
vt 0.824742 0.000000
vt 0.969072 0.000000
vt 0.979381 0.000000
vt 0.989691 0.000000
vt 0.814433 0.000000
vt 0.072165 0.000000
vt 0.061856 0.000000
vt 0.051546 0.000000
vt 0.041237 0.000000
vt 0.030928 0.000000
vt 0.020619 0.000000
vt 0.010309 0.000000
vt 0.804124 0.000000
vt 0.092784 0.000000
vt 0.082474 0.000000
vt 0.793814 0.000000
vt 0.113402 0.000000
vt 0.103093 0.000000
vt 0.123711 0.000000
vt 0.134021 0.000000
vt 0.144330 0.000000
vt 0.783505 0.000000
vt 0.154639 0.000000
vt 0.164948 0.000000
vt 0.175258 0.000000
vt 0.773196 0.000000
vt 0.185567 0.000000
vt 0.195876 0.000000
vt 0.762887 0.000000
vt 0.206186 0.000000
vt 0.216495 0.000000
vt 0.752577 0.000000
vt 0.226804 0.000000
vt 0.742268 0.000000
vt 0.237113 0.000000
vt 0.247423 0.000000
vt 0.731959 0.000000
vt 0.257732 0.000000
vt 0.721649 0.000000
vt 0.268041 0.000000
vt 0.278351 0.000000
vt 0.711340 0.000000
vt 0.288660 0.000000
vt 0.298969 0.000000
vt 0.701031 0.000000
vt 0.309278 0.000000
vt 0.474227 0.000000
vt 0.494845 0.000000
vt 0.484536 0.000000
vt 0.319588 0.000000
vt 0.463918 0.000000
vt 0.690722 0.000000
vt 0.453608 0.000000
vt 0.329897 0.000000
vt 0.443299 0.000000
vt 0.432990 0.000000
vt 0.422680 0.000000
vt 0.340206 0.000000
vt 0.412371 0.000000
vt 0.402062 0.000000
vt 0.350515 0.000000
vt 0.391753 0.000000
vt 0.381443 0.000000
vt 0.360825 0.000000
vt 0.371134 0.000000
vt 0.680412 0.000000
vt 0.670103 0.000000
vt 0.659794 0.000000
vt 0.649485 0.000000
vt 0.505155 0.000000
vt 0.515464 0.000000
vt 0.525773 0.000000
vt 0.639175 0.000000
vt 0.536082 0.000000
vt 0.546392 0.000000
vt 0.556701 0.000000
vt 0.567010 0.000000
vt 0.628866 0.000000
vt 0.577320 0.000000
vt 0.587629 0.000000
vt 0.597938 0.000000
vt 0.618557 0.000000
vt 0.608247 0.000000
vt 0.560694 0.000000
vt 0.572254 0.000000
vt 0.566474 0.000000
vt 0.554913 0.000000
vt 0.578035 0.000000
vt 0.549133 0.000000
vt 0.543353 0.000000
vt 0.583815 0.000000
vt 0.537572 0.000000
vt 0.589595 0.000000
vt 0.531792 0.000000
vt 0.526012 0.000000
vt 0.595376 0.000000
vt 0.520231 0.000000
vt 0.601156 0.000000
vt 0.514451 0.000000
vt 0.508671 0.000000
vt 0.606936 0.000000
vt 0.502890 0.000000
vt 0.612717 0.000000
vt 0.497110 0.000000
vt 0.491329 0.000000
vt 0.485549 0.000000
vt 0.479769 0.000000
vt 0.473988 0.000000
vt 0.468208 0.000000
vt 0.462428 0.000000
vt 0.456647 0.000000
vt 0.450867 0.000000
vt 0.445087 0.000000
vt 0.439306 0.000000
vt 0.433526 0.000000
vt 0.427746 0.000000
vt 0.421965 0.000000
vt 0.618497 0.000000
vt 0.416185 0.000000
vt 0.624277 0.000000
vt 0.410405 0.000000
vt 0.404624 0.000000
vt 0.398844 0.000000
vt 0.393064 0.000000
vt 0.387283 0.000000
vt 0.630058 0.000000
vt 0.381503 0.000000
vt 0.375723 0.000000
vt 0.369942 0.000000
vt 0.635838 0.000000
vt 0.364162 0.000000
vt 0.358382 0.000000
vt 0.641618 0.000000
vt 0.352601 0.000000
vt 0.346821 0.000000
vt 0.341040 0.000000
vt 0.335260 0.000000
vt 0.329480 0.000000
vt 0.323699 0.000000
vt 0.317919 0.000000
vt 0.791907 0.000000
vt 0.994220 0.000000
vt 0.797688 0.000000
vt 0.312139 0.000000
vt 0.803468 0.000000
vt 0.306358 0.000000
vt 0.809249 0.000000
vt 0.300578 0.000000
vt 0.815029 0.000000
vt 0.820809 0.000000
vt 0.294798 0.000000
vt 0.826590 0.000000
vt 0.289017 0.000000
vt 0.832370 0.000000
vt 0.838150 0.000000
vt 0.283237 0.000000
vt 0.843931 0.000000
vt 0.849711 0.000000
vt 0.277457 0.000000
vt 0.855491 0.000000
vt 0.271676 0.000000
vt 0.861272 0.000000
vt 0.867052 0.000000
vt 0.265896 0.000000
vt 0.872832 0.000000
vt 0.878613 0.000000
vt 0.988439 0.000000
vt 0.260116 0.000000
vt 0.982659 0.000000
vt 0.884393 0.000000
vt 0.976879 0.000000
vt 0.774566 0.000000
vt 0.786127 0.000000
vt 0.780347 0.000000
vt 0.647399 0.000000
vt 0.890173 0.000000
vt 0.768786 0.000000
vt 0.971098 0.000000
vt 0.653179 0.000000
vt 0.763006 0.000000
vt 0.254335 0.000000
vt 0.895954 0.000000
vt 0.658960 0.000000
vt 0.965318 0.000000
vt 0.757225 0.000000
vt 0.664740 0.000000
vt 0.959538 0.000000
vt 0.751445 0.000000
vt 0.901734 0.000000
vt 0.670520 0.000000
vt 0.745665 0.000000
vt 0.953757 0.000000
vt 0.676301 0.000000
vt 0.739884 0.000000
vt 0.907514 0.000000
vt 0.682081 0.000000
vt 0.947977 0.000000
vt 0.734104 0.000000
vt 0.687861 0.000000
vt 0.248555 0.000000
vt 0.728324 0.000000
vt 0.913295 0.000000
vt 0.942197 0.000000
vt 0.693642 0.000000
vt 0.722543 0.000000
vt 0.699422 0.000000
vt 0.716763 0.000000
vt 0.936416 0.000000
vt 0.705202 0.000000
vt 0.710983 0.000000
vt 0.919075 0.000000
vt 0.930636 0.000000
vt 0.924855 0.000000
vt 0.132948 0.000000
vt 0.242775 0.000000
vt 0.138728 0.000000
vt 0.127168 0.000000
vt 0.236994 0.000000
vt 0.144509 0.000000
vt 0.121387 0.000000
vt 0.231214 0.000000
vt 0.150289 0.000000
vt 0.115607 0.000000
vt 0.005780 0.000000
vt 0.156069 0.000000
vt 0.109827 0.000000
vt 0.225434 0.000000
vt 0.011561 0.000000
vt 0.161850 0.000000
vt 0.104046 0.000000
vt 0.017341 0.000000
vt 0.219653 0.000000
vt 0.167630 0.000000
vt 0.098266 0.000000
vt 0.023121 0.000000
vt 0.173410 0.000000
vt 0.092486 0.000000
vt 0.028902 0.000000
vt 0.213873 0.000000
vt 0.179191 0.000000
vt 0.086705 0.000000
vt 0.034682 0.000000
vt 0.184971 0.000000
vt 0.040462 0.000000
vt 0.080925 0.000000
vt 0.208092 0.000000
vt 0.046243 0.000000
vt 0.190751 0.000000
vt 0.075145 0.000000
vt 0.052023 0.000000
vt 0.196532 0.000000
vt 0.069364 0.000000
vt 0.202312 0.000000
vt 0.057803 0.000000
vt 0.063584 0.000000
vt 0.476190 0.000000
vt 0.733333 0.000000
vt 0.485714 0.000000
vt 0.009524 0.000000
vt 0.019048 0.000000
vt 0.028571 0.000000
vt 0.038095 0.000000
vt 0.047619 0.000000
vt 0.057143 0.000000
vt 0.066667 0.000000
vt 0.723810 0.000000
vt 0.076190 0.000000
vt 0.742857 0.000000
vt 0.714286 0.000000
vt 0.704762 0.000000
vt 0.085714 0.000000
vt 0.695238 0.000000
vt 0.685714 0.000000
vt 0.676190 0.000000
vt 0.095238 0.000000
vt 0.657143 0.000000
vt 0.647619 0.000000
vt 0.104762 0.000000
vt 0.638095 0.000000
vt 0.628571 0.000000
vt 0.114286 0.000000
vt 0.619048 0.000000
vt 0.609524 0.000000
vt 0.123810 0.000000
vt 0.600000 0.000000
vt 0.133333 0.000000
vt 0.590476 0.000000
vt 0.142857 0.000000
vt 0.580952 0.000000
vt 0.152381 0.000000
vt 0.571429 0.000000
vt 0.161905 0.000000
vt 0.561905 0.000000
vt 0.171429 0.000000
vt 0.552381 0.000000
vt 0.180952 0.000000
vt 0.542857 0.000000
vt 0.533333 0.000000
vt 0.190476 0.000000
vt 0.523810 0.000000
vt 0.200000 0.000000
vt 0.514286 0.000000
vt 0.504762 0.000000
vt 0.495238 0.000000
vt 0.990476 0.000000
vt 0.209524 0.000000
vt 0.219048 0.000000
vt 0.228571 0.000000
vt 0.238095 0.000000
vt 0.247619 0.000000
vt 0.257143 0.000000
vt 0.266667 0.000000
vt 0.276190 0.000000
vt 0.285714 0.000000
vt 0.980952 0.000000
vt 0.295238 0.000000
vt 0.971429 0.000000
vt 0.961905 0.000000
vt 0.952381 0.000000
vt 0.304762 0.000000
vt 0.942857 0.000000
vt 0.933333 0.000000
vt 0.314286 0.000000
vt 0.923810 0.000000
vt 0.914286 0.000000
vt 0.323810 0.000000
vt 0.904762 0.000000
vt 0.895238 0.000000
vt 0.885714 0.000000
vt 0.342857 0.000000
vt 0.876190 0.000000
vt 0.866667 0.000000
vt 0.352381 0.000000
vt 0.857143 0.000000
vt 0.847619 0.000000
vt 0.361905 0.000000
vt 0.838095 0.000000
vt 0.371429 0.000000
vt 0.828571 0.000000
vt 0.819048 0.000000
vt 0.380952 0.000000
vt 0.809524 0.000000
vt 0.800000 0.000000
vt 0.390476 0.000000
vt 0.790476 0.000000
vt 0.780952 0.000000
vt 0.771429 0.000000
vt 0.400000 0.000000
vt 0.761905 0.000000
vt 0.752381 0.000000
vt 0.409524 0.000000
vt 0.419048 0.000000
vt 0.428571 0.000000
vt 0.438095 0.000000
vt 0.447619 0.000000
vt 0.457143 0.000000
vt 0.466667 0.000000
vt 0.500000 0.000000
vt 0.833333 0.000000
vt 0.166667 0.000000
vt 0.000000 1.000000
vt 0.142857 1.000000
vt 0.285714 1.000000
vt 0.428571 1.000000
vt 0.571429 1.000000
vt 0.714286 1.000000
vt 0.857143 1.000000
vt 1.000000 1.000000
vt 0.019231 1.000000
vt 0.019231 0.000000
vt 0.038462 1.000000
vt 0.038462 0.000000
vt 0.057692 1.000000
vt 0.057692 0.000000
vt 0.076923 1.000000
vt 0.076923 0.000000
vt 0.096154 1.000000
vt 0.096154 0.000000
vt 0.115385 1.000000
vt 0.115385 0.000000
vt 0.134615 1.000000
vt 0.134615 0.000000
vt 0.153846 1.000000
vt 0.153846 0.000000
vt 0.173077 1.000000
vt 0.173077 0.000000
vt 0.192308 1.000000
vt 0.192308 0.000000
vt 0.211538 1.000000
vt 0.211538 0.000000
vt 0.230769 1.000000
vt 0.230769 0.000000
vt 0.250000 1.000000
vt 0.250000 0.000000
vt 0.269231 1.000000
vt 0.269231 0.000000
vt 0.288462 1.000000
vt 0.288462 0.000000
vt 0.307692 1.000000
vt 0.307692 0.000000
vt 0.326923 1.000000
vt 0.326923 0.000000
vt 0.346154 1.000000
vt 0.346154 0.000000
vt 0.365385 1.000000
vt 0.365385 0.000000
vt 0.384615 1.000000
vt 0.384615 0.000000
vt 0.403846 1.000000
vt 0.403846 0.000000
vt 0.423077 1.000000
vt 0.423077 0.000000
vt 0.442308 1.000000
vt 0.442308 0.000000
vt 0.461538 1.000000
vt 0.461538 0.000000
vt 0.480769 1.000000
vt 0.480769 0.000000
vt 0.500000 1.000000
vt 0.519231 1.000000
vt 0.519231 0.000000
vt 0.538462 1.000000
vt 0.538462 0.000000
vt 0.557692 1.000000
vt 0.557692 0.000000
vt 0.576923 1.000000
vt 0.576923 0.000000
vt 0.596154 1.000000
vt 0.596154 0.000000
vt 0.615385 1.000000
vt 0.615385 0.000000
vt 0.634615 1.000000
vt 0.634615 0.000000
vt 0.653846 1.000000
vt 0.653846 0.000000
vt 0.673077 1.000000
vt 0.673077 0.000000
vt 0.692308 1.000000
vt 0.692308 0.000000
vt 0.711538 1.000000
vt 0.711538 0.000000
vt 0.730769 1.000000
vt 0.730769 0.000000
vt 0.750000 1.000000
vt 0.750000 0.000000
vt 0.769231 1.000000
vt 0.769231 0.000000
vt 0.788462 1.000000
vt 0.788462 0.000000
vt 0.807692 1.000000
vt 0.807692 0.000000
vt 0.826923 1.000000
vt 0.826923 0.000000
vt 0.846154 1.000000
vt 0.846154 0.000000
vt 0.865385 1.000000
vt 0.865385 0.000000
vt 0.884615 1.000000
vt 0.884615 0.000000
vt 0.903846 1.000000
vt 0.903846 0.000000
vt 0.923077 1.000000
vt 0.923077 0.000000
vt 0.942308 1.000000
vt 0.942308 0.000000
vt 0.961538 1.000000
vt 0.961538 0.000000
vt 0.980769 1.000000
vt 0.980769 0.000000
vt 0.037037 1.000000
vt 0.037037 0.000000
vt 0.074074 1.000000
vt 0.074074 0.000000
vt 0.111111 1.000000
vt 0.148148 1.000000
vt 0.148148 0.000000
vt 0.185185 1.000000
vt 0.185185 0.000000
vt 0.222222 1.000000
vt 0.259259 1.000000
vt 0.259259 0.000000
vt 0.296296 1.000000
vt 0.296296 0.000000
vt 0.333333 1.000000
vt 0.370370 1.000000
vt 0.370370 0.000000
vt 0.407407 1.000000
vt 0.407407 0.000000
vt 0.444444 1.000000
vt 0.481481 1.000000
vt 0.481481 0.000000
vt 0.518519 1.000000
vt 0.518519 0.000000
vt 0.555556 1.000000
vt 0.592593 1.000000
vt 0.592593 0.000000
vt 0.629630 1.000000
vt 0.629630 0.000000
vt 0.666667 1.000000
vt 0.703704 1.000000
vt 0.703704 0.000000
vt 0.740741 1.000000
vt 0.740741 0.000000
vt 0.777778 1.000000
vt 0.814815 1.000000
vt 0.814815 0.000000
vt 0.851852 1.000000
vt 0.851852 0.000000
vt 0.888889 1.000000
vt 0.925926 1.000000
vt 0.925926 0.000000
vt 0.962963 1.000000
vt 0.962963 0.000000
vt 0.007299 1.000000
vt 0.007299 0.000000
vt 0.014599 1.000000
vt 0.014599 0.000000
vt 0.021898 1.000000
vt 0.021898 0.000000
vt 0.029197 1.000000
vt 0.029197 0.000000
vt 0.036496 1.000000
vt 0.036496 0.000000
vt 0.043796 1.000000
vt 0.043796 0.000000
vt 0.051095 1.000000
vt 0.051095 0.000000
vt 0.058394 1.000000
vt 0.058394 0.000000
vt 0.065693 1.000000
vt 0.065693 0.000000
vt 0.072993 1.000000
vt 0.072993 0.000000
vt 0.080292 1.000000
vt 0.080292 0.000000
vt 0.087591 1.000000
vt 0.087591 0.000000
vt 0.094891 1.000000
vt 0.094891 0.000000
vt 0.102190 1.000000
vt 0.102190 0.000000
vt 0.109489 1.000000
vt 0.109489 0.000000
vt 0.116788 1.000000
vt 0.116788 0.000000
vt 0.124088 1.000000
vt 0.124088 0.000000
vt 0.131387 1.000000
vt 0.131387 0.000000
vt 0.138686 1.000000
vt 0.138686 0.000000
vt 0.145985 1.000000
vt 0.145985 0.000000
vt 0.153285 1.000000
vt 0.153285 0.000000
vt 0.160584 1.000000
vt 0.160584 0.000000
vt 0.167883 1.000000
vt 0.167883 0.000000
vt 0.175182 1.000000
vt 0.175182 0.000000
vt 0.182482 1.000000
vt 0.182482 0.000000
vt 0.189781 1.000000
vt 0.189781 0.000000
vt 0.197080 1.000000
vt 0.197080 0.000000
vt 0.204380 1.000000
vt 0.204380 0.000000
vt 0.211679 1.000000
vt 0.211679 0.000000
vt 0.218978 1.000000
vt 0.218978 0.000000
vt 0.226277 1.000000
vt 0.226277 0.000000
vt 0.233577 1.000000
vt 0.233577 0.000000
vt 0.240876 1.000000
vt 0.240876 0.000000
vt 0.248175 1.000000
vt 0.248175 0.000000
vt 0.255474 1.000000
vt 0.255474 0.000000
vt 0.262774 1.000000
vt 0.262774 0.000000
vt 0.270073 1.000000
vt 0.270073 0.000000
vt 0.277372 1.000000
vt 0.277372 0.000000
vt 0.284672 1.000000
vt 0.284672 0.000000
vt 0.291971 1.000000
vt 0.291971 0.000000
vt 0.299270 1.000000
vt 0.299270 0.000000
vt 0.306569 1.000000
vt 0.306569 0.000000
vt 0.313869 1.000000
vt 0.313869 0.000000
vt 0.321168 1.000000
vt 0.321168 0.000000
vt 0.328467 1.000000
vt 0.328467 0.000000
vt 0.335766 1.000000
vt 0.335766 0.000000
vt 0.343066 1.000000
vt 0.343066 0.000000
vt 0.350365 1.000000
vt 0.350365 0.000000
vt 0.357664 1.000000
vt 0.357664 0.000000
vt 0.364964 1.000000
vt 0.364964 0.000000
vt 0.372263 1.000000
vt 0.372263 0.000000
vt 0.379562 1.000000
vt 0.379562 0.000000
vt 0.386861 1.000000
vt 0.386861 0.000000
vt 0.394161 1.000000
vt 0.394161 0.000000
vt 0.401460 1.000000
vt 0.401460 0.000000
vt 0.408759 1.000000
vt 0.408759 0.000000
vt 0.416058 1.000000
vt 0.416058 0.000000
vt 0.423358 1.000000
vt 0.423358 0.000000
vt 0.430657 1.000000
vt 0.430657 0.000000
vt 0.437956 1.000000
vt 0.437956 0.000000
vt 0.445255 1.000000
vt 0.445255 0.000000
vt 0.452555 1.000000
vt 0.452555 0.000000
vt 0.459854 1.000000
vt 0.459854 0.000000
vt 0.467153 1.000000
vt 0.467153 0.000000
vt 0.474453 1.000000
vt 0.474453 0.000000
vt 0.481752 1.000000
vt 0.481752 0.000000
vt 0.489051 1.000000
vt 0.489051 0.000000
vt 0.496350 1.000000
vt 0.496350 0.000000
vt 0.503650 1.000000
vt 0.503650 0.000000
vt 0.510949 1.000000
vt 0.510949 0.000000
vt 0.518248 1.000000
vt 0.518248 0.000000
vt 0.525547 1.000000
vt 0.525547 0.000000
vt 0.532847 1.000000
vt 0.532847 0.000000
vt 0.540146 1.000000
vt 0.540146 0.000000
vt 0.547445 1.000000
vt 0.547445 0.000000
vt 0.554745 1.000000
vt 0.554745 0.000000
vt 0.562044 1.000000
vt 0.562044 0.000000
vt 0.569343 1.000000
vt 0.569343 0.000000
vt 0.576642 1.000000
vt 0.576642 0.000000
vt 0.583942 1.000000
vt 0.583942 0.000000
vt 0.591241 1.000000
vt 0.591241 0.000000
vt 0.598540 1.000000
vt 0.598540 0.000000
vt 0.605839 1.000000
vt 0.605839 0.000000
vt 0.613139 1.000000
vt 0.613139 0.000000
vt 0.620438 1.000000
vt 0.620438 0.000000
vt 0.627737 1.000000
vt 0.627737 0.000000
vt 0.635036 1.000000
vt 0.635036 0.000000
vt 0.642336 1.000000
vt 0.642336 0.000000
vt 0.649635 1.000000
vt 0.649635 0.000000
vt 0.656934 1.000000
vt 0.656934 0.000000
vt 0.664234 1.000000
vt 0.664234 0.000000
vt 0.671533 1.000000
vt 0.671533 0.000000
vt 0.678832 1.000000
vt 0.678832 0.000000
vt 0.686131 1.000000
vt 0.686131 0.000000
vt 0.693431 1.000000
vt 0.693431 0.000000
vt 0.700730 1.000000
vt 0.700730 0.000000
vt 0.708029 1.000000
vt 0.708029 0.000000
vt 0.715328 1.000000
vt 0.715328 0.000000
vt 0.722628 1.000000
vt 0.722628 0.000000
vt 0.729927 1.000000
vt 0.729927 0.000000
vt 0.737226 1.000000
vt 0.737226 0.000000
vt 0.744526 1.000000
vt 0.744526 0.000000
vt 0.751825 1.000000
vt 0.751825 0.000000
vt 0.759124 1.000000
vt 0.759124 0.000000
vt 0.766423 1.000000
vt 0.766423 0.000000
vt 0.773723 1.000000
vt 0.773723 0.000000
vt 0.781022 1.000000
vt 0.781022 0.000000
vt 0.788321 1.000000
vt 0.788321 0.000000
vt 0.795620 1.000000
vt 0.795620 0.000000
vt 0.802920 1.000000
vt 0.802920 0.000000
vt 0.810219 1.000000
vt 0.810219 0.000000
vt 0.817518 1.000000
vt 0.817518 0.000000
vt 0.824818 1.000000
vt 0.824818 0.000000
vt 0.832117 1.000000
vt 0.832117 0.000000
vt 0.839416 1.000000
vt 0.839416 0.000000
vt 0.846715 1.000000
vt 0.846715 0.000000
vt 0.854015 1.000000
vt 0.854015 0.000000
vt 0.861314 1.000000
vt 0.861314 0.000000
vt 0.868613 1.000000
vt 0.868613 0.000000
vt 0.875912 1.000000
vt 0.875912 0.000000
vt 0.883212 1.000000
vt 0.883212 0.000000
vt 0.890511 1.000000
vt 0.890511 0.000000
vt 0.897810 1.000000
vt 0.897810 0.000000
vt 0.905109 1.000000
vt 0.905109 0.000000
vt 0.912409 1.000000
vt 0.912409 0.000000
vt 0.919708 1.000000
vt 0.919708 0.000000
vt 0.927007 1.000000
vt 0.927007 0.000000
vt 0.934307 1.000000
vt 0.934307 0.000000
vt 0.941606 1.000000
vt 0.941606 0.000000
vt 0.948905 1.000000
vt 0.948905 0.000000
vt 0.956204 1.000000
vt 0.956204 0.000000
vt 0.963504 1.000000
vt 0.963504 0.000000
vt 0.970803 1.000000
vt 0.970803 0.000000
vt 0.978102 1.000000
vt 0.978102 0.000000
vt 0.985401 1.000000
vt 0.985401 0.000000
vt 0.992701 1.000000
vt 0.992701 0.000000
vt 0.027027 1.000000
vt 0.027027 0.000000
vt 0.054054 1.000000
vt 0.054054 0.000000
vt 0.081081 1.000000
vt 0.081081 0.000000
vt 0.108108 1.000000
vt 0.108108 0.000000
vt 0.135135 1.000000
vt 0.135135 0.000000
vt 0.162162 1.000000
vt 0.162162 0.000000
vt 0.189189 1.000000
vt 0.189189 0.000000
vt 0.216216 1.000000
vt 0.216216 0.000000
vt 0.243243 1.000000
vt 0.243243 0.000000
vt 0.270270 1.000000
vt 0.270270 0.000000
vt 0.297297 1.000000
vt 0.297297 0.000000
vt 0.324324 1.000000
vt 0.324324 0.000000
vt 0.351351 1.000000
vt 0.351351 0.000000
vt 0.378378 1.000000
vt 0.378378 0.000000
vt 0.405405 1.000000
vt 0.405405 0.000000
vt 0.432432 1.000000
vt 0.432432 0.000000
vt 0.459459 1.000000
vt 0.459459 0.000000
vt 0.486486 1.000000
vt 0.486486 0.000000
vt 0.513514 1.000000
vt 0.513514 0.000000
vt 0.540541 1.000000
vt 0.540541 0.000000
vt 0.567568 1.000000
vt 0.567568 0.000000
vt 0.594595 1.000000
vt 0.594595 0.000000
vt 0.621622 1.000000
vt 0.621622 0.000000
vt 0.648649 1.000000
vt 0.648649 0.000000
vt 0.675676 1.000000
vt 0.675676 0.000000
vt 0.702703 1.000000
vt 0.702703 0.000000
vt 0.729730 1.000000
vt 0.729730 0.000000
vt 0.756757 1.000000
vt 0.756757 0.000000
vt 0.783784 1.000000
vt 0.783784 0.000000
vt 0.810811 1.000000
vt 0.810811 0.000000
vt 0.837838 1.000000
vt 0.837838 0.000000
vt 0.864865 1.000000
vt 0.864865 0.000000
vt 0.891892 1.000000
vt 0.891892 0.000000
vt 0.918919 1.000000
vt 0.918919 0.000000
vt 0.945946 1.000000
vt 0.945946 0.000000
vt 0.972973 1.000000
vt 0.972973 0.000000
vt 0.010204 1.000000
vt 0.010204 0.000000
vt 0.020408 1.000000
vt 0.020408 0.000000
vt 0.030612 1.000000
vt 0.030612 0.000000
vt 0.040816 1.000000
vt 0.040816 0.000000
vt 0.051020 1.000000
vt 0.051020 0.000000
vt 0.061224 1.000000
vt 0.061224 0.000000
vt 0.071429 1.000000
vt 0.071429 0.000000
vt 0.081633 1.000000
vt 0.081633 0.000000
vt 0.091837 1.000000
vt 0.091837 0.000000
vt 0.102041 1.000000
vt 0.102041 0.000000
vt 0.112245 1.000000
vt 0.112245 0.000000
vt 0.122449 1.000000
vt 0.122449 0.000000
vt 0.132653 1.000000
vt 0.132653 0.000000
vt 0.153061 1.000000
vt 0.153061 0.000000
vt 0.163265 1.000000
vt 0.163265 0.000000
vt 0.173469 1.000000
vt 0.173469 0.000000
vt 0.183673 1.000000
vt 0.183673 0.000000
vt 0.193878 1.000000
vt 0.193878 0.000000
vt 0.204082 1.000000
vt 0.204082 0.000000
vt 0.214286 1.000000
vt 0.214286 0.000000
vt 0.224490 1.000000
vt 0.224490 0.000000
vt 0.234694 1.000000
vt 0.234694 0.000000
vt 0.244898 1.000000
vt 0.244898 0.000000
vt 0.255102 1.000000
vt 0.255102 0.000000
vt 0.265306 1.000000
vt 0.265306 0.000000
vt 0.275510 1.000000
vt 0.275510 0.000000
vt 0.295918 1.000000
vt 0.295918 0.000000
vt 0.306122 1.000000
vt 0.306122 0.000000
vt 0.316327 1.000000
vt 0.316327 0.000000
vt 0.326531 1.000000
vt 0.326531 0.000000
vt 0.336735 1.000000
vt 0.336735 0.000000
vt 0.346939 1.000000
vt 0.346939 0.000000
vt 0.357143 1.000000
vt 0.357143 0.000000
vt 0.367347 1.000000
vt 0.367347 0.000000
vt 0.377551 1.000000
vt 0.377551 0.000000
vt 0.387755 1.000000
vt 0.387755 0.000000
vt 0.397959 1.000000
vt 0.397959 0.000000
vt 0.408163 1.000000
vt 0.408163 0.000000
vt 0.418367 1.000000
vt 0.418367 0.000000
vt 0.438776 1.000000
vt 0.438776 0.000000
vt 0.448980 1.000000
vt 0.448980 0.000000
vt 0.459184 1.000000
vt 0.459184 0.000000
vt 0.469388 1.000000
vt 0.469388 0.000000
vt 0.479592 1.000000
vt 0.479592 0.000000
vt 0.489796 1.000000
vt 0.489796 0.000000
vt 0.510204 1.000000
vt 0.510204 0.000000
vt 0.520408 1.000000
vt 0.520408 0.000000
vt 0.530612 1.000000
vt 0.530612 0.000000
vt 0.540816 1.000000
vt 0.540816 0.000000
vt 0.551020 1.000000
vt 0.551020 0.000000
vt 0.561224 1.000000
vt 0.561224 0.000000
vt 0.581633 1.000000
vt 0.581633 0.000000
vt 0.591837 1.000000
vt 0.591837 0.000000
vt 0.602041 1.000000
vt 0.602041 0.000000
vt 0.612245 1.000000
vt 0.612245 0.000000
vt 0.622449 1.000000
vt 0.622449 0.000000
vt 0.632653 1.000000
vt 0.632653 0.000000
vt 0.642857 1.000000
vt 0.642857 0.000000
vt 0.653061 1.000000
vt 0.653061 0.000000
vt 0.663265 1.000000
vt 0.663265 0.000000
vt 0.673469 1.000000
vt 0.673469 0.000000
vt 0.683673 1.000000
vt 0.683673 0.000000
vt 0.693878 1.000000
vt 0.693878 0.000000
vt 0.704082 1.000000
vt 0.704082 0.000000
vt 0.724490 1.000000
vt 0.724490 0.000000
vt 0.734694 1.000000
vt 0.734694 0.000000
vt 0.744898 1.000000
vt 0.744898 0.000000
vt 0.755102 1.000000
vt 0.755102 0.000000
vt 0.765306 1.000000
vt 0.765306 0.000000
vt 0.775510 1.000000
vt 0.775510 0.000000
vt 0.785714 1.000000
vt 0.785714 0.000000
vt 0.795918 1.000000
vt 0.795918 0.000000
vt 0.806122 1.000000
vt 0.806122 0.000000
vt 0.816327 1.000000
vt 0.816327 0.000000
vt 0.826531 1.000000
vt 0.826531 0.000000
vt 0.836735 1.000000
vt 0.836735 0.000000
vt 0.846939 1.000000
vt 0.846939 0.000000
vt 0.867347 1.000000
vt 0.867347 0.000000
vt 0.877551 1.000000
vt 0.877551 0.000000
vt 0.887755 1.000000
vt 0.887755 0.000000
vt 0.897959 1.000000
vt 0.897959 0.000000
vt 0.908163 1.000000
vt 0.908163 0.000000
vt 0.918367 1.000000
vt 0.918367 0.000000
vt 0.928571 1.000000
vt 0.928571 0.000000
vt 0.938776 1.000000
vt 0.938776 0.000000
vt 0.948980 1.000000
vt 0.948980 0.000000
vt 0.959184 1.000000
vt 0.959184 0.000000
vt 0.969388 1.000000
vt 0.969388 0.000000
vt 0.979592 1.000000
vt 0.979592 0.000000
vt 0.989796 1.000000
vt 0.989796 0.000000
vt 0.166667 1.000000
vt 0.833333 1.000000
s 0
f 7/1/1 9/2/1 8/3/1
f 7/1/1 10/4/1 9/2/1
f 6/5/1 10/4/1 7/1/1
f 6/5/1 5/6/1 10/4/1
f 1/7/1 3/8/1 2/9/1
f 1/7/1 4/10/1 3/8/1
f 94/11/1 96/12/1 95/13/1
f 94/11/1 97/14/1 96/12/1
f 94/11/1 98/15/1 97/14/1
f 93/16/1 98/15/1 94/11/1
f 93/16/1 99/17/1 98/15/1
f 93/16/1 100/18/1 99/17/1
f 93/16/1 101/19/1 100/18/1
f 92/20/1 101/19/1 93/16/1
f 92/20/1 102/21/1 101/19/1
f 92/20/1 103/22/1 102/21/1
f 92/20/1 104/23/1 103/22/1
f 91/24/1 104/23/1 92/20/1
f 91/24/1 105/25/1 104/23/1
f 91/24/1 106/26/1 105/25/1
f 91/24/1 107/27/1 106/26/1
f 90/28/1 107/27/1 91/24/1
f 90/28/1 18/29/1 107/27/1
f 18/29/1 17/30/1 107/27/1
f 17/30/1 16/31/1 107/27/1
f 16/31/1 15/32/1 107/27/1
f 15/32/1 14/33/1 107/27/1
f 14/33/1 13/34/1 107/27/1
f 13/34/1 12/35/1 107/27/1
f 12/35/1 11/7/1 107/27/1
f 11/7/1 108/4/1 107/27/1
f 89/36/1 20/37/1 90/28/1
f 20/37/1 19/38/1 90/28/1
f 19/38/1 18/29/1 90/28/1
f 88/39/1 22/40/1 89/36/1
f 22/40/1 21/41/1 89/36/1
f 21/41/1 20/37/1 89/36/1
f 88/39/1 23/42/1 22/40/1
f 88/39/1 24/43/1 23/42/1
f 88/39/1 25/44/1 24/43/1
f 87/45/1 25/44/1 88/39/1
f 87/45/1 26/46/1 25/44/1
f 87/45/1 27/47/1 26/46/1
f 87/45/1 28/48/1 27/47/1
f 86/49/1 28/48/1 87/45/1
f 86/49/1 29/50/1 28/48/1
f 86/49/1 30/51/1 29/50/1
f 85/52/1 30/51/1 86/49/1
f 85/52/1 31/53/1 30/51/1
f 85/52/1 32/54/1 31/53/1
f 84/55/1 32/54/1 85/52/1
f 84/55/1 33/56/1 32/54/1
f 83/57/1 33/56/1 84/55/1
f 83/57/1 34/58/1 33/56/1
f 83/57/1 35/59/1 34/58/1
f 82/60/1 35/59/1 83/57/1
f 82/60/1 36/61/1 35/59/1
f 81/62/1 36/61/1 82/60/1
f 81/62/1 37/63/1 36/61/1
f 81/62/1 38/64/1 37/63/1
f 80/65/1 38/64/1 81/62/1
f 80/65/1 39/66/1 38/64/1
f 80/65/1 40/67/1 39/66/1
f 79/68/1 40/67/1 80/65/1
f 79/68/1 41/69/1 40/67/1
f 57/70/1 59/71/1 58/72/1
f 79/68/1 42/73/1 41/69/1
f 56/74/1 59/71/1 57/70/1
f 78/75/1 42/73/1 79/68/1
f 55/76/1 59/71/1 56/74/1
f 78/75/1 43/77/1 42/73/1
f 54/78/1 59/71/1 55/76/1
f 53/79/1 59/71/1 54/78/1
f 52/80/1 59/71/1 53/79/1
f 78/75/1 44/81/1 43/77/1
f 51/82/1 59/71/1 52/80/1
f 50/83/1 59/71/1 51/82/1
f 78/75/1 45/84/1 44/81/1
f 49/85/1 59/71/1 50/83/1
f 48/86/1 59/71/1 49/85/1
f 78/75/1 46/87/1 45/84/1
f 47/88/1 59/71/1 48/86/1
f 77/89/1 46/87/1 78/75/1
f 46/87/1 59/71/1 47/88/1
f 77/89/1 59/71/1 46/87/1
f 76/90/1 59/71/1 77/89/1
f 75/91/1 59/71/1 76/90/1
f 74/92/1 59/71/1 75/91/1
f 74/92/1 60/93/1 59/71/1
f 74/92/1 61/94/1 60/93/1
f 74/92/1 62/95/1 61/94/1
f 73/96/1 62/95/1 74/92/1
f 73/96/1 63/97/1 62/95/1
f 73/96/1 64/98/1 63/97/1
f 73/96/1 65/99/1 64/98/1
f 73/96/1 66/100/1 65/99/1
f 72/101/1 66/100/1 73/96/1
f 72/101/1 67/102/1 66/100/1
f 72/101/1 68/103/1 67/102/1
f 72/101/1 69/104/1 68/103/1
f 71/105/1 69/104/1 72/101/1
f 71/105/1 70/106/1 69/104/1
f 206/107/1 208/108/1 207/109/1
f 205/110/1 208/108/1 206/107/1
f 205/110/1 209/111/1 208/108/1
f 204/112/1 209/111/1 205/110/1
f 203/113/1 209/111/1 204/112/1
f 203/113/1 210/114/1 209/111/1
f 202/115/1 210/114/1 203/113/1
f 202/115/1 211/116/1 210/114/1
f 201/117/1 211/116/1 202/115/1
f 200/118/1 211/116/1 201/117/1
f 200/118/1 212/119/1 211/116/1
f 199/120/1 212/119/1 200/118/1
f 199/120/1 213/121/1 212/119/1
f 198/122/1 213/121/1 199/120/1
f 197/123/1 213/121/1 198/122/1
f 197/123/1 214/124/1 213/121/1
f 196/125/1 214/124/1 197/123/1
f 196/125/1 215/126/1 214/124/1
f 195/127/1 215/126/1 196/125/1
f 194/128/1 193/129/1 195/127/1
f 193/129/1 192/130/1 195/127/1
f 192/130/1 191/131/1 195/127/1
f 191/131/1 190/132/1 195/127/1
f 190/132/1 189/133/1 195/127/1
f 189/133/1 188/134/1 195/127/1
f 188/134/1 187/135/1 195/127/1
f 187/135/1 186/136/1 195/127/1
f 186/136/1 185/137/1 195/127/1
f 185/137/1 184/138/1 195/127/1
f 184/138/1 215/126/1 195/127/1
f 184/138/1 183/139/1 215/126/1
f 183/139/1 182/140/1 215/126/1
f 182/140/1 216/141/1 215/126/1
f 182/140/1 181/142/1 216/141/1
f 181/142/1 217/143/1 216/141/1
f 180/144/1 217/143/1 181/142/1
f 179/145/1 217/143/1 180/144/1
f 178/146/1 217/143/1 179/145/1
f 177/147/1 217/143/1 178/146/1
f 176/148/1 217/143/1 177/147/1
f 176/148/1 218/149/1 217/143/1
f 175/150/1 218/149/1 176/148/1
f 174/151/1 218/149/1 175/150/1
f 173/152/1 218/149/1 174/151/1
f 173/152/1 219/153/1 218/149/1
f 172/154/1 219/153/1 173/152/1
f 171/155/1 219/153/1 172/154/1
f 171/155/1 220/156/1 219/153/1
f 170/157/1 220/156/1 171/155/1
f 169/158/1 220/156/1 170/157/1
f 168/159/1 282/4/1 169/158/1
f 282/4/1 220/156/1 169/158/1
f 167/160/1 282/4/1 168/159/1
f 166/161/1 282/4/1 167/160/1
f 165/162/1 282/4/1 166/161/1
f 164/163/1 282/4/1 165/162/1
f 164/163/1 246/164/1 282/4/1
f 281/165/1 220/156/1 282/4/1
f 164/163/1 247/166/1 246/164/1
f 163/167/1 247/166/1 164/163/1
f 163/167/1 248/168/1 247/166/1
f 162/169/1 248/168/1 163/167/1
f 162/169/1 249/170/1 248/168/1
f 161/171/1 249/170/1 162/169/1
f 161/171/1 250/172/1 249/170/1
f 161/171/1 251/173/1 250/172/1
f 160/174/1 251/173/1 161/171/1
f 160/174/1 252/175/1 251/173/1
f 159/176/1 252/175/1 160/174/1
f 159/176/1 253/177/1 252/175/1
f 159/176/1 254/178/1 253/177/1
f 158/179/1 254/178/1 159/176/1
f 158/179/1 255/180/1 254/178/1
f 158/179/1 256/181/1 255/180/1
f 157/182/1 256/181/1 158/179/1
f 157/182/1 257/183/1 256/181/1
f 156/184/1 257/183/1 157/182/1
f 156/184/1 258/185/1 257/183/1
f 156/184/1 259/186/1 258/185/1
f 155/187/1 259/186/1 156/184/1
f 155/187/1 260/188/1 259/186/1
f 155/187/1 261/189/1 260/188/1
f 280/190/1 220/156/1 281/165/1
f 154/191/1 261/189/1 155/187/1
f 279/192/1 220/156/1 280/190/1
f 154/191/1 262/193/1 261/189/1
f 278/194/1 220/156/1 279/192/1
f 243/195/1 245/196/1 244/197/1
f 278/194/1 221/198/1 220/156/1
f 154/191/1 263/199/1 262/193/1
f 242/200/1 245/196/1 243/195/1
f 277/201/1 221/198/1 278/194/1
f 277/201/1 222/202/1 221/198/1
f 241/203/1 245/196/1 242/200/1
f 153/204/1 263/199/1 154/191/1
f 153/204/1 264/205/1 263/199/1
f 277/201/1 223/206/1 222/202/1
f 276/207/1 223/206/1 277/201/1
f 240/208/1 245/196/1 241/203/1
f 276/207/1 224/209/1 223/206/1
f 275/210/1 224/209/1 276/207/1
f 239/211/1 245/196/1 240/208/1
f 153/204/1 265/212/1 264/205/1
f 275/210/1 225/213/1 224/209/1
f 238/214/1 245/196/1 239/211/1
f 274/215/1 225/213/1 275/210/1
f 274/215/1 226/216/1 225/213/1
f 237/217/1 245/196/1 238/214/1
f 153/204/1 266/218/1 265/212/1
f 274/215/1 227/219/1 226/216/1
f 273/220/1 227/219/1 274/215/1
f 236/221/1 245/196/1 237/217/1
f 273/220/1 228/222/1 227/219/1
f 152/223/1 266/218/1 153/204/1
f 235/224/1 245/196/1 236/221/1
f 152/223/1 267/225/1 266/218/1
f 272/226/1 228/222/1 273/220/1
f 272/226/1 229/227/1 228/222/1
f 234/228/1 245/196/1 235/224/1
f 272/226/1 230/229/1 229/227/1
f 233/230/1 245/196/1 234/228/1
f 271/231/1 230/229/1 272/226/1
f 271/231/1 231/232/1 230/229/1
f 232/233/1 245/196/1 233/230/1
f 271/231/1 232/233/1 231/232/1
f 152/223/1 268/234/1 267/225/1
f 271/231/1 245/196/1 232/233/1
f 270/235/1 245/196/1 271/231/1
f 152/223/1 269/236/1 268/234/1
f 269/236/1 245/196/1 270/235/1
f 152/223/1 132/237/1 269/236/1
f 132/237/1 245/196/1 269/236/1
f 151/238/1 132/237/1 152/223/1
f 151/238/1 133/239/1 132/237/1
f 131/240/1 245/196/1 132/237/1
f 150/241/1 133/239/1 151/238/1
f 150/241/1 134/242/1 133/239/1
f 130/243/1 245/196/1 131/240/1
f 130/243/1 109/7/1 245/196/1
f 149/244/1 134/242/1 150/241/1
f 149/244/1 135/245/1 134/242/1
f 129/246/1 109/7/1 130/243/1
f 129/246/1 110/247/1 109/7/1
f 149/244/1 136/248/1 135/245/1
f 128/249/1 110/247/1 129/246/1
f 148/250/1 136/248/1 149/244/1
f 128/249/1 111/251/1 110/247/1
f 148/250/1 137/252/1 136/248/1
f 127/253/1 111/251/1 128/249/1
f 127/253/1 112/254/1 111/251/1
f 147/255/1 137/252/1 148/250/1
f 147/255/1 138/256/1 137/252/1
f 126/257/1 112/254/1 127/253/1
f 126/257/1 113/258/1 112/254/1
f 147/255/1 139/259/1 138/256/1
f 125/260/1 113/258/1 126/257/1
f 125/260/1 114/261/1 113/258/1
f 146/262/1 139/259/1 147/255/1
f 146/262/1 140/263/1 139/259/1
f 124/264/1 114/261/1 125/260/1
f 124/264/1 115/265/1 114/261/1
f 146/262/1 141/266/1 140/263/1
f 124/264/1 116/267/1 115/265/1
f 123/268/1 116/267/1 124/264/1
f 145/269/1 141/266/1 146/262/1
f 123/268/1 117/270/1 116/267/1
f 145/269/1 142/271/1 141/266/1
f 122/272/1 117/270/1 123/268/1
f 122/272/1 118/273/1 117/270/1
f 145/269/1 143/274/1 142/271/1
f 121/275/1 118/273/1 122/272/1
f 144/276/1 143/274/1 145/269/1
f 121/275/1 119/277/1 118/273/1
f 120/278/1 119/277/1 121/275/1
f 333/279/1 360/280/1 334/281/1
f 360/280/1 283/7/1 334/281/1
f 360/280/1 284/282/1 283/7/1
f 360/280/1 285/283/1 284/282/1
f 360/280/1 286/284/1 285/283/1
f 360/280/1 287/285/1 286/284/1
f 360/280/1 288/286/1 287/285/1
f 360/280/1 289/287/1 288/286/1
f 360/280/1 290/288/1 289/287/1
f 360/280/1 359/289/1 290/288/1
f 359/289/1 291/290/1 290/288/1
f 333/279/1 361/291/1 360/280/1
f 358/292/1 291/290/1 359/289/1
f 357/293/1 291/290/1 358/292/1
f 357/293/1 292/294/1 291/290/1
f 356/295/1 292/294/1 357/293/1
f 355/296/1 292/294/1 356/295/1
f 354/297/1 292/294/1 355/296/1
f 353/1/1 292/294/1 354/297/1
f 353/1/1 293/298/1 292/294/1
f 352/299/1 293/298/1 353/1/1
f 351/300/1 293/298/1 352/299/1
f 351/300/1 294/301/1 293/298/1
f 350/302/1 294/301/1 351/300/1
f 349/303/1 294/301/1 350/302/1
f 349/303/1 295/304/1 294/301/1
f 348/305/1 295/304/1 349/303/1
f 347/306/1 295/304/1 348/305/1
f 347/306/1 296/307/1 295/304/1
f 346/308/1 296/307/1 347/306/1
f 346/308/1 297/309/1 296/307/1
f 345/310/1 297/309/1 346/308/1
f 345/310/1 298/311/1 297/309/1
f 344/312/1 298/311/1 345/310/1
f 344/312/1 299/313/1 298/311/1
f 343/314/1 299/313/1 344/312/1
f 343/314/1 300/315/1 299/313/1
f 342/316/1 300/315/1 343/314/1
f 342/316/1 301/317/1 300/315/1
f 341/318/1 301/317/1 342/316/1
f 341/318/1 302/319/1 301/317/1
f 340/320/1 302/319/1 341/318/1
f 339/321/1 302/319/1 340/320/1
f 339/321/1 303/322/1 302/319/1
f 338/323/1 303/322/1 339/321/1
f 338/323/1 304/324/1 303/322/1
f 337/325/1 304/324/1 338/323/1
f 336/326/1 304/324/1 337/325/1
f 335/327/1 304/324/1 336/326/1
f 333/279/1 387/328/1 361/291/1
f 387/328/1 335/327/1 361/291/1
f 387/328/1 304/324/1 335/327/1
f 387/328/1 305/329/1 304/324/1
f 387/328/1 306/330/1 305/329/1
f 387/328/1 307/331/1 306/330/1
f 387/328/1 308/332/1 307/331/1
f 387/328/1 309/333/1 308/332/1
f 387/328/1 310/334/1 309/333/1
f 387/328/1 311/335/1 310/334/1
f 387/328/1 312/336/1 311/335/1
f 387/328/1 313/337/1 312/336/1
f 387/328/1 386/338/1 313/337/1
f 386/338/1 314/339/1 313/337/1
f 333/279/1 388/4/1 387/328/1
f 385/340/1 314/339/1 386/338/1
f 384/341/1 314/339/1 385/340/1
f 383/342/1 314/339/1 384/341/1
f 383/342/1 315/343/1 314/339/1
f 382/344/1 315/343/1 383/342/1
f 381/345/1 315/343/1 382/344/1
f 381/345/1 316/346/1 315/343/1
f 380/347/1 316/346/1 381/345/1
f 379/348/1 316/346/1 380/347/1
f 379/348/1 317/349/1 316/346/1
f 378/350/1 317/349/1 379/348/1
f 377/351/1 317/349/1 378/350/1
f 377/351/1 318/10/1 317/349/1
f 376/352/1 318/10/1 377/351/1
f 376/352/1 319/353/1 318/10/1
f 375/354/1 319/353/1 376/352/1
f 374/355/1 319/353/1 375/354/1
f 374/355/1 320/356/1 319/353/1
f 373/357/1 320/356/1 374/355/1
f 372/358/1 320/356/1 373/357/1
f 372/358/1 321/359/1 320/356/1
f 371/360/1 321/359/1 372/358/1
f 371/360/1 322/361/1 321/359/1
f 370/362/1 322/361/1 371/360/1
f 369/363/1 322/361/1 370/362/1
f 369/363/1 323/364/1 322/361/1
f 368/365/1 323/364/1 369/363/1
f 367/366/1 323/364/1 368/365/1
f 367/366/1 324/367/1 323/364/1
f 366/368/1 324/367/1 367/366/1
f 365/369/1 324/367/1 366/368/1
f 364/370/1 324/367/1 365/369/1
f 364/370/1 325/371/1 324/367/1
f 363/372/1 325/371/1 364/370/1
f 362/373/1 325/371/1 363/372/1
f 333/279/1 362/373/1 388/4/1
f 333/279/1 325/371/1 362/373/1
f 333/279/1 326/374/1 325/371/1
f 333/279/1 327/375/1 326/374/1
f 333/279/1 328/376/1 327/375/1
f 333/279/1 329/377/1 328/376/1
f 333/279/1 330/378/1 329/377/1
f 333/279/1 331/379/1 330/378/1
f 333/279/1 332/380/1 331/379/1
f 391/10/1 393/1/1 392/381/1
f 391/10/1 394/382/1 393/1/1
f 391/10/1 395/4/1 394/382/1
f 390/383/1 389/7/1 391/10/1
f 389/7/1 395/4/1 391/10/1
f 402/1/2 403/3/2 404/2/2
f 402/1/2 404/2/2 405/4/2
f 401/5/2 402/1/2 405/4/2
f 401/5/2 405/4/2 400/6/2
f 396/7/2 397/9/2 398/8/2
f 396/7/2 398/8/2 399/10/2
f 489/11/2 490/13/2 491/12/2
f 489/11/2 491/12/2 492/14/2
f 489/11/2 492/14/2 493/15/2
f 488/16/2 489/11/2 493/15/2
f 488/16/2 493/15/2 494/17/2
f 488/16/2 494/17/2 495/18/2
f 488/16/2 495/18/2 496/19/2
f 487/20/2 488/16/2 496/19/2
f 487/20/2 496/19/2 497/21/2
f 487/20/2 497/21/2 498/22/2
f 487/20/2 498/22/2 499/23/2
f 486/24/2 487/20/2 499/23/2
f 486/24/2 499/23/2 500/25/2
f 486/24/2 500/25/2 501/26/2
f 486/24/2 501/26/2 502/27/2
f 485/28/2 486/24/2 502/27/2
f 485/28/2 502/27/2 413/29/2
f 413/29/2 502/27/2 412/30/2
f 412/30/2 502/27/2 411/31/2
f 411/31/2 502/27/2 410/32/2
f 410/32/2 502/27/2 409/33/2
f 409/33/2 502/27/2 408/34/2
f 408/34/2 502/27/2 407/35/2
f 407/35/2 502/27/2 406/7/2
f 406/7/2 502/27/2 503/4/2
f 484/36/2 485/28/2 415/37/2
f 415/37/2 485/28/2 414/38/2
f 414/38/2 485/28/2 413/29/2
f 483/39/2 484/36/2 417/40/2
f 417/40/2 484/36/2 416/41/2
f 416/41/2 484/36/2 415/37/2
f 483/39/2 417/40/2 418/42/2
f 483/39/2 418/42/2 419/43/2
f 483/39/2 419/43/2 420/44/2
f 482/45/2 483/39/2 420/44/2
f 482/45/2 420/44/2 421/46/2
f 482/45/2 421/46/2 422/47/2
f 482/45/2 422/47/2 423/48/2
f 481/49/2 482/45/2 423/48/2
f 481/49/2 423/48/2 424/50/2
f 481/49/2 424/50/2 425/51/2
f 480/52/2 481/49/2 425/51/2
f 480/52/2 425/51/2 426/53/2
f 480/52/2 426/53/2 427/54/2
f 479/55/2 480/52/2 427/54/2
f 479/55/2 427/54/2 428/56/2
f 478/57/2 479/55/2 428/56/2
f 478/57/2 428/56/2 429/58/2
f 478/57/2 429/58/2 430/59/2
f 477/60/2 478/57/2 430/59/2
f 477/60/2 430/59/2 431/61/2
f 476/62/2 477/60/2 431/61/2
f 476/62/2 431/61/2 432/63/2
f 476/62/2 432/63/2 433/64/2
f 475/65/2 476/62/2 433/64/2
f 475/65/2 433/64/2 434/66/2
f 475/65/2 434/66/2 435/67/2
f 474/68/2 475/65/2 435/67/2
f 474/68/2 435/67/2 436/69/2
f 452/70/2 453/72/2 454/71/2
f 474/68/2 436/69/2 437/73/2
f 451/74/2 452/70/2 454/71/2
f 473/75/2 474/68/2 437/73/2
f 450/76/2 451/74/2 454/71/2
f 473/75/2 437/73/2 438/77/2
f 449/78/2 450/76/2 454/71/2
f 448/79/2 449/78/2 454/71/2
f 447/80/2 448/79/2 454/71/2
f 473/75/2 438/77/2 439/81/2
f 446/82/2 447/80/2 454/71/2
f 445/83/2 446/82/2 454/71/2
f 473/75/2 439/81/2 440/84/2
f 444/85/2 445/83/2 454/71/2
f 443/86/2 444/85/2 454/71/2
f 473/75/2 440/84/2 441/87/2
f 442/88/2 443/86/2 454/71/2
f 472/89/2 473/75/2 441/87/2
f 441/87/2 442/88/2 454/71/2
f 472/89/2 441/87/2 454/71/2
f 471/90/2 472/89/2 454/71/2
f 470/91/2 471/90/2 454/71/2
f 469/92/2 470/91/2 454/71/2
f 469/92/2 454/71/2 455/93/2
f 469/92/2 455/93/2 456/94/2
f 469/92/2 456/94/2 457/95/2
f 468/96/2 469/92/2 457/95/2
f 468/96/2 457/95/2 458/97/2
f 468/96/2 458/97/2 459/98/2
f 468/96/2 459/98/2 460/99/2
f 468/96/2 460/99/2 461/100/2
f 467/101/2 468/96/2 461/100/2
f 467/101/2 461/100/2 462/102/2
f 467/101/2 462/102/2 463/103/2
f 467/101/2 463/103/2 464/104/2
f 466/105/2 467/101/2 464/104/2
f 466/105/2 464/104/2 465/106/2
f 601/107/2 602/109/2 603/108/2
f 600/110/2 601/107/2 603/108/2
f 600/110/2 603/108/2 604/111/2
f 599/112/2 600/110/2 604/111/2
f 598/113/2 599/112/2 604/111/2
f 598/113/2 604/111/2 605/114/2
f 597/115/2 598/113/2 605/114/2
f 597/115/2 605/114/2 606/116/2
f 596/117/2 597/115/2 606/116/2
f 595/118/2 596/117/2 606/116/2
f 595/118/2 606/116/2 607/119/2
f 594/120/2 595/118/2 607/119/2
f 594/120/2 607/119/2 608/121/2
f 593/122/2 594/120/2 608/121/2
f 592/123/2 593/122/2 608/121/2
f 592/123/2 608/121/2 609/124/2
f 591/125/2 592/123/2 609/124/2
f 591/125/2 609/124/2 610/126/2
f 590/127/2 591/125/2 610/126/2
f 589/128/2 590/127/2 588/129/2
f 588/129/2 590/127/2 587/130/2
f 587/130/2 590/127/2 586/131/2
f 586/131/2 590/127/2 585/132/2
f 585/132/2 590/127/2 584/133/2
f 584/133/2 590/127/2 583/134/2
f 583/134/2 590/127/2 582/135/2
f 582/135/2 590/127/2 581/136/2
f 581/136/2 590/127/2 580/137/2
f 580/137/2 590/127/2 579/138/2
f 579/138/2 590/127/2 610/126/2
f 579/138/2 610/126/2 578/139/2
f 578/139/2 610/126/2 577/140/2
f 577/140/2 610/126/2 611/141/2
f 577/140/2 611/141/2 576/142/2
f 576/142/2 611/141/2 612/143/2
f 575/144/2 576/142/2 612/143/2
f 574/145/2 575/144/2 612/143/2
f 573/146/2 574/145/2 612/143/2
f 572/147/2 573/146/2 612/143/2
f 571/148/2 572/147/2 612/143/2
f 571/148/2 612/143/2 613/149/2
f 570/150/2 571/148/2 613/149/2
f 569/151/2 570/150/2 613/149/2
f 568/152/2 569/151/2 613/149/2
f 568/152/2 613/149/2 614/153/2
f 567/154/2 568/152/2 614/153/2
f 566/155/2 567/154/2 614/153/2
f 566/155/2 614/153/2 615/156/2
f 565/157/2 566/155/2 615/156/2
f 564/158/2 565/157/2 615/156/2
f 563/159/2 564/158/2 677/4/2
f 677/4/2 564/158/2 615/156/2
f 562/160/2 563/159/2 677/4/2
f 561/161/2 562/160/2 677/4/2
f 560/162/2 561/161/2 677/4/2
f 559/163/2 560/162/2 677/4/2
f 559/163/2 677/4/2 641/164/2
f 676/165/2 677/4/2 615/156/2
f 559/163/2 641/164/2 642/166/2
f 558/167/2 559/163/2 642/166/2
f 558/167/2 642/166/2 643/168/2
f 557/169/2 558/167/2 643/168/2
f 557/169/2 643/168/2 644/170/2
f 556/171/2 557/169/2 644/170/2
f 556/171/2 644/170/2 645/172/2
f 556/171/2 645/172/2 646/173/2
f 555/174/2 556/171/2 646/173/2
f 555/174/2 646/173/2 647/175/2
f 554/176/2 555/174/2 647/175/2
f 554/176/2 647/175/2 648/177/2
f 554/176/2 648/177/2 649/178/2
f 553/179/2 554/176/2 649/178/2
f 553/179/2 649/178/2 650/180/2
f 553/179/2 650/180/2 651/181/2
f 552/182/2 553/179/2 651/181/2
f 552/182/2 651/181/2 652/183/2
f 551/184/2 552/182/2 652/183/2
f 551/184/2 652/183/2 653/185/2
f 551/184/2 653/185/2 654/186/2
f 550/187/2 551/184/2 654/186/2
f 550/187/2 654/186/2 655/188/2
f 550/187/2 655/188/2 656/189/2
f 675/190/2 676/165/2 615/156/2
f 549/191/2 550/187/2 656/189/2
f 674/192/2 675/190/2 615/156/2
f 549/191/2 656/189/2 657/193/2
f 673/194/2 674/192/2 615/156/2
f 638/195/2 639/197/2 640/196/2
f 673/194/2 615/156/2 616/198/2
f 549/191/2 657/193/2 658/199/2
f 637/200/2 638/195/2 640/196/2
f 672/201/2 673/194/2 616/198/2
f 672/201/2 616/198/2 617/202/2
f 636/203/2 637/200/2 640/196/2
f 548/204/2 549/191/2 658/199/2
f 548/204/2 658/199/2 659/205/2
f 672/201/2 617/202/2 618/206/2
f 671/207/2 672/201/2 618/206/2
f 635/208/2 636/203/2 640/196/2
f 671/207/2 618/206/2 619/209/2
f 670/210/2 671/207/2 619/209/2
f 634/211/2 635/208/2 640/196/2
f 548/204/2 659/205/2 660/212/2
f 670/210/2 619/209/2 620/213/2
f 633/214/2 634/211/2 640/196/2
f 669/215/2 670/210/2 620/213/2
f 669/215/2 620/213/2 621/216/2
f 632/217/2 633/214/2 640/196/2
f 548/204/2 660/212/2 661/218/2
f 669/215/2 621/216/2 622/219/2
f 668/220/2 669/215/2 622/219/2
f 631/221/2 632/217/2 640/196/2
f 668/220/2 622/219/2 623/222/2
f 547/223/2 548/204/2 661/218/2
f 630/224/2 631/221/2 640/196/2
f 547/223/2 661/218/2 662/225/2
f 667/226/2 668/220/2 623/222/2
f 667/226/2 623/222/2 624/227/2
f 629/228/2 630/224/2 640/196/2
f 667/226/2 624/227/2 625/229/2
f 628/230/2 629/228/2 640/196/2
f 666/231/2 667/226/2 625/229/2
f 666/231/2 625/229/2 626/232/2
f 627/233/2 628/230/2 640/196/2
f 666/231/2 626/232/2 627/233/2
f 547/223/2 662/225/2 663/234/2
f 666/231/2 627/233/2 640/196/2
f 665/235/2 666/231/2 640/196/2
f 547/223/2 663/234/2 664/236/2
f 664/236/2 665/235/2 640/196/2
f 547/223/2 664/236/2 527/237/2
f 527/237/2 664/236/2 640/196/2
f 546/238/2 547/223/2 527/237/2
f 546/238/2 527/237/2 528/239/2
f 526/240/2 527/237/2 640/196/2
f 545/241/2 546/238/2 528/239/2
f 545/241/2 528/239/2 529/242/2
f 525/243/2 526/240/2 640/196/2
f 525/243/2 640/196/2 504/7/2
f 544/244/2 545/241/2 529/242/2
f 544/244/2 529/242/2 530/245/2
f 524/246/2 525/243/2 504/7/2
f 524/246/2 504/7/2 505/247/2
f 544/244/2 530/245/2 531/248/2
f 523/249/2 524/246/2 505/247/2
f 543/250/2 544/244/2 531/248/2
f 523/249/2 505/247/2 506/251/2
f 543/250/2 531/248/2 532/252/2
f 522/253/2 523/249/2 506/251/2
f 522/253/2 506/251/2 507/254/2
f 542/255/2 543/250/2 532/252/2
f 542/255/2 532/252/2 533/256/2
f 521/257/2 522/253/2 507/254/2
f 521/257/2 507/254/2 508/258/2
f 542/255/2 533/256/2 534/259/2
f 520/260/2 521/257/2 508/258/2
f 520/260/2 508/258/2 509/261/2
f 541/262/2 542/255/2 534/259/2
f 541/262/2 534/259/2 535/263/2
f 519/264/2 520/260/2 509/261/2
f 519/264/2 509/261/2 510/265/2
f 541/262/2 535/263/2 536/266/2
f 519/264/2 510/265/2 511/267/2
f 518/268/2 519/264/2 511/267/2
f 540/269/2 541/262/2 536/266/2
f 518/268/2 511/267/2 512/270/2
f 540/269/2 536/266/2 537/271/2
f 517/272/2 518/268/2 512/270/2
f 517/272/2 512/270/2 513/273/2
f 540/269/2 537/271/2 538/274/2
f 516/275/2 517/272/2 513/273/2
f 539/276/2 540/269/2 538/274/2
f 516/275/2 513/273/2 514/277/2
f 515/278/2 516/275/2 514/277/2
f 728/279/2 729/281/2 755/280/2
f 755/280/2 729/281/2 678/7/2
f 755/280/2 678/7/2 679/282/2
f 755/280/2 679/282/2 680/283/2
f 755/280/2 680/283/2 681/284/2
f 755/280/2 681/284/2 682/285/2
f 755/280/2 682/285/2 683/286/2
f 755/280/2 683/286/2 684/287/2
f 755/280/2 684/287/2 685/288/2
f 755/280/2 685/288/2 754/289/2
f 754/289/2 685/288/2 686/290/2
f 728/279/2 755/280/2 756/291/2
f 753/292/2 754/289/2 686/290/2
f 752/293/2 753/292/2 686/290/2
f 752/293/2 686/290/2 687/294/2
f 751/295/2 752/293/2 687/294/2
f 750/296/2 751/295/2 687/294/2
f 749/297/2 750/296/2 687/294/2
f 748/1/2 749/297/2 687/294/2
f 748/1/2 687/294/2 688/298/2
f 747/299/2 748/1/2 688/298/2
f 746/300/2 747/299/2 688/298/2
f 746/300/2 688/298/2 689/301/2
f 745/302/2 746/300/2 689/301/2
f 744/303/2 745/302/2 689/301/2
f 744/303/2 689/301/2 690/304/2
f 743/305/2 744/303/2 690/304/2
f 742/306/2 743/305/2 690/304/2
f 742/306/2 690/304/2 691/307/2
f 741/308/2 742/306/2 691/307/2
f 741/308/2 691/307/2 692/309/2
f 740/310/2 741/308/2 692/309/2
f 740/310/2 692/309/2 693/311/2
f 739/312/2 740/310/2 693/311/2
f 739/312/2 693/311/2 694/313/2
f 738/314/2 739/312/2 694/313/2
f 738/314/2 694/313/2 695/315/2
f 737/316/2 738/314/2 695/315/2
f 737/316/2 695/315/2 696/317/2
f 736/318/2 737/316/2 696/317/2
f 736/318/2 696/317/2 697/319/2
f 735/320/2 736/318/2 697/319/2
f 734/321/2 735/320/2 697/319/2
f 734/321/2 697/319/2 698/322/2
f 733/323/2 734/321/2 698/322/2
f 733/323/2 698/322/2 699/324/2
f 732/325/2 733/323/2 699/324/2
f 731/326/2 732/325/2 699/324/2
f 730/327/2 731/326/2 699/324/2
f 728/279/2 756/291/2 782/328/2
f 782/328/2 756/291/2 730/327/2
f 782/328/2 730/327/2 699/324/2
f 782/328/2 699/324/2 700/329/2
f 782/328/2 700/329/2 701/330/2
f 782/328/2 701/330/2 702/331/2
f 782/328/2 702/331/2 703/332/2
f 782/328/2 703/332/2 704/333/2
f 782/328/2 704/333/2 705/334/2
f 782/328/2 705/334/2 706/335/2
f 782/328/2 706/335/2 707/336/2
f 782/328/2 707/336/2 708/337/2
f 782/328/2 708/337/2 781/338/2
f 781/338/2 708/337/2 709/339/2
f 728/279/2 782/328/2 783/4/2
f 780/340/2 781/338/2 709/339/2
f 779/341/2 780/340/2 709/339/2
f 778/342/2 779/341/2 709/339/2
f 778/342/2 709/339/2 710/343/2
f 777/344/2 778/342/2 710/343/2
f 776/345/2 777/344/2 710/343/2
f 776/345/2 710/343/2 711/346/2
f 775/347/2 776/345/2 711/346/2
f 774/348/2 775/347/2 711/346/2
f 774/348/2 711/346/2 712/349/2
f 773/350/2 774/348/2 712/349/2
f 772/351/2 773/350/2 712/349/2
f 772/351/2 712/349/2 713/10/2
f 771/352/2 772/351/2 713/10/2
f 771/352/2 713/10/2 714/353/2
f 770/354/2 771/352/2 714/353/2
f 769/355/2 770/354/2 714/353/2
f 769/355/2 714/353/2 715/356/2
f 768/357/2 769/355/2 715/356/2
f 767/358/2 768/357/2 715/356/2
f 767/358/2 715/356/2 716/359/2
f 766/360/2 767/358/2 716/359/2
f 766/360/2 716/359/2 717/361/2
f 765/362/2 766/360/2 717/361/2
f 764/363/2 765/362/2 717/361/2
f 764/363/2 717/361/2 718/364/2
f 763/365/2 764/363/2 718/364/2
f 762/366/2 763/365/2 718/364/2
f 762/366/2 718/364/2 719/367/2
f 761/368/2 762/366/2 719/367/2
f 760/369/2 761/368/2 719/367/2
f 759/370/2 760/369/2 719/367/2
f 759/370/2 719/367/2 720/371/2
f 758/372/2 759/370/2 720/371/2
f 757/373/2 758/372/2 720/371/2
f 728/279/2 783/4/2 757/373/2
f 728/279/2 757/373/2 720/371/2
f 728/279/2 720/371/2 721/374/2
f 728/279/2 721/374/2 722/375/2
f 728/279/2 722/375/2 723/376/2
f 728/279/2 723/376/2 724/377/2
f 728/279/2 724/377/2 725/378/2
f 728/279/2 725/378/2 726/379/2
f 728/279/2 726/379/2 727/380/2
f 786/10/2 787/381/2 788/1/2
f 786/10/2 788/1/2 789/382/2
f 786/10/2 789/382/2 790/4/2
f 785/383/2 786/10/2 784/7/2
f 784/7/2 786/10/2 790/4/2
s 1
f 792/384/3 794/385/4 793/311/4 791/7/3
f 794/385/4 796/386/5 795/337/5 793/311/4
f 796/386/5 798/387/6 797/376/6 795/337/5
f 798/387/6 800/388/7 799/314/7 797/376/6
f 800/388/7 802/389/7 801/292/7 799/314/7
f 802/389/7 804/390/3 803/357/3 801/292/7
f 804/390/3 792/391/3 791/4/3 803/357/3
f 806/384/8 808/392/9 807/393/9 805/7/8
f 808/392/9 810/394/10 809/395/10 807/393/9
f 810/394/10 812/396/11 811/397/11 809/395/10
f 812/396/11 814/398/12 813/399/12 811/397/11
f 814/398/12 816/400/13 815/401/13 813/399/12
f 816/400/13 818/402/14 817/403/14 815/401/13
f 818/402/14 820/404/15 819/405/15 817/403/14
f 820/404/15 822/406/16 821/407/16 819/405/15
f 822/406/16 824/408/17 823/409/17 821/407/16
f 824/408/17 826/410/18 825/411/18 823/409/17
f 826/410/18 828/412/19 827/413/19 825/411/18
f 828/412/19 830/414/20 829/415/20 827/413/19
f 830/414/20 832/416/21 831/417/21 829/415/20
f 832/416/21 834/418/22 833/419/22 831/417/21
f 834/418/22 836/420/23 835/421/23 833/419/22
f 836/420/23 838/422/24 837/423/24 835/421/23
f 838/422/24 840/424/25 839/425/25 837/423/24
f 840/424/25 842/426/26 841/427/26 839/425/25
f 842/426/26 844/428/27 843/429/27 841/427/26
f 844/428/27 846/430/28 845/431/28 843/429/27
f 846/430/28 848/432/29 847/433/29 845/431/28
f 848/432/29 850/434/30 849/435/30 847/433/29
f 850/434/30 852/436/31 851/437/31 849/435/30
f 852/436/31 854/438/32 853/439/32 851/437/31
f 854/438/32 856/440/33 855/441/33 853/439/32
f 856/440/33 858/442/34 857/381/34 855/441/33
f 858/442/34 860/443/35 859/444/35 857/381/34
f 860/443/35 862/445/36 861/446/36 859/444/35
f 862/445/36 864/447/37 863/448/37 861/446/36
f 864/447/37 866/449/38 865/450/38 863/448/37
f 866/449/38 868/451/39 867/452/39 865/450/38
f 868/451/39 870/453/40 869/454/40 867/452/39
f 870/453/40 872/455/41 871/456/41 869/454/40
f 872/455/41 874/457/42 873/458/42 871/456/41
f 874/457/42 876/459/43 875/460/43 873/458/42
f 876/459/43 878/461/44 877/462/44 875/460/43
f 878/461/44 880/463/45 879/464/45 877/462/44
f 880/463/45 882/465/46 881/466/46 879/464/45
f 882/465/46 884/467/47 883/468/47 881/466/46
f 884/467/47 886/469/48 885/470/48 883/468/47
f 886/469/48 888/471/49 887/472/49 885/470/48
f 888/471/49 890/473/50 889/474/50 887/472/49
f 890/473/50 892/475/51 891/476/51 889/474/50
f 892/475/51 894/477/52 893/478/52 891/476/51
f 894/477/52 896/479/53 895/480/53 893/478/52
f 896/479/53 898/481/54 897/482/54 895/480/53
f 898/481/54 900/483/55 899/484/55 897/482/54
f 900/483/55 902/485/56 901/486/56 899/484/55
f 902/485/56 904/487/57 903/488/57 901/486/56
f 904/487/57 906/489/58 905/490/58 903/488/57
f 906/489/58 908/491/59 907/492/59 905/490/58
f 908/491/59 806/391/8 805/4/8 907/492/59
f 910/384/60 912/493/61 911/494/61 909/7/60
f 912/493/61 914/495/62 913/496/62 911/494/61
f 914/495/62 916/497/63 915/9/63 913/496/62
f 916/497/63 918/498/64 917/499/64 915/9/63
f 918/498/64 920/500/65 919/501/65 917/499/64
f 920/500/65 922/502/66 921/8/66 919/501/65
f 922/502/66 924/503/67 923/504/67 921/8/66
f 924/503/67 926/505/68 925/506/68 923/504/67
f 926/505/68 928/507/69 927/10/69 925/506/68
f 928/507/69 930/508/70 929/509/70 927/10/69
f 930/508/70 932/510/71 931/511/71 929/509/70
f 932/510/71 934/512/72 933/6/72 931/511/71
f 934/512/72 936/513/73 935/514/73 933/6/72
f 936/513/73 938/515/74 937/516/74 935/514/73
f 938/515/74 940/517/75 939/5/75 937/516/74
f 940/517/75 942/518/76 941/519/76 939/5/75
f 942/518/76 944/520/77 943/521/77 941/519/76
f 944/520/77 946/522/78 945/1/78 943/521/77
f 946/522/78 948/523/79 947/524/79 945/1/78
f 948/523/79 950/525/80 949/526/80 947/524/79
f 950/525/80 952/527/81 951/3/81 949/526/80
f 952/527/81 954/528/82 953/529/82 951/3/81
f 954/528/82 956/530/83 955/531/83 953/529/82
f 956/530/83 958/532/84 957/2/84 955/531/83
f 958/532/84 960/533/3 959/534/3 957/2/84
f 960/533/3 962/535/7 961/536/7 959/534/3
f 962/535/7 910/391/60 909/4/60 961/536/7
f 964/384/85 966/493/86 965/494/86 963/7/85
f 966/493/86 968/495/87 967/496/87 965/494/86
f 968/495/87 970/497/88 969/9/88 967/496/87
f 970/497/88 972/498/89 971/499/89 969/9/88
f 972/498/89 974/500/90 973/501/90 971/499/89
f 974/500/90 976/502/91 975/8/91 973/501/90
f 976/502/91 978/503/92 977/504/92 975/8/91
f 978/503/92 980/505/93 979/506/93 977/504/92
f 980/505/93 982/507/94 981/10/94 979/506/93
f 982/507/94 984/508/95 983/509/95 981/10/94
f 984/508/95 986/510/96 985/511/96 983/509/95
f 986/510/96 988/512/97 987/6/97 985/511/96
f 988/512/97 990/513/98 989/514/98 987/6/97
f 990/513/98 992/515/99 991/516/99 989/514/98
f 992/515/99 994/517/100 993/5/100 991/516/99
f 994/517/100 996/518/101 995/519/101 993/5/100
f 996/518/101 998/520/102 997/521/102 995/519/101
f 998/520/102 1000/522/103 999/1/103 997/521/102
f 1000/522/103 1002/523/104 1001/524/104 999/1/103
f 1002/523/104 1004/525/105 1003/526/105 1001/524/104
f 1004/525/105 1006/527/106 1005/3/106 1003/526/105
f 1006/527/106 1008/528/107 1007/529/107 1005/3/106
f 1008/528/107 1010/530/108 1009/531/108 1007/529/107
f 1010/530/108 1012/532/109 1011/2/109 1009/531/108
f 1012/532/109 1014/533/3 1013/534/3 1011/2/109
f 1014/533/3 1016/535/7 1015/536/7 1013/534/3
f 1016/535/7 964/391/85 963/4/85 1015/536/7
f 1018/384/110 1020/537/111 1019/538/111 1017/7/110
f 1020/537/111 1022/539/112 1021/540/112 1019/538/111
f 1022/539/112 1024/541/113 1023/542/113 1021/540/112
f 1024/541/113 1026/543/114 1025/544/114 1023/542/113
f 1026/543/114 1028/545/115 1027/546/115 1025/544/114
f 1028/545/115 1030/547/116 1029/548/116 1027/546/115
f 1030/547/116 1032/549/117 1031/550/117 1029/548/116
f 1032/549/117 1034/551/118 1033/552/118 1031/550/117
f 1034/551/118 1036/553/119 1035/554/119 1033/552/118
f 1036/553/119 1038/555/120 1037/556/120 1035/554/119
f 1038/555/120 1040/557/121 1039/558/121 1037/556/120
f 1040/557/121 1042/559/122 1041/560/122 1039/558/121
f 1042/559/122 1044/561/123 1043/562/123 1041/560/122
f 1044/561/123 1046/563/124 1045/564/124 1043/562/123
f 1046/563/124 1048/565/125 1047/566/125 1045/564/124
f 1048/565/125 1050/567/126 1049/568/126 1047/566/125
f 1050/567/126 1052/569/127 1051/570/127 1049/568/126
f 1052/569/127 1054/571/128 1053/572/128 1051/570/127
f 1054/571/128 1056/573/129 1055/574/129 1053/572/128
f 1056/573/129 1058/575/130 1057/576/130 1055/574/129
f 1058/575/130 1060/577/131 1059/578/131 1057/576/130
f 1060/577/131 1062/579/132 1061/580/132 1059/578/131
f 1062/579/132 1064/581/133 1063/582/133 1061/580/132
f 1064/581/133 1066/583/134 1065/584/134 1063/582/133
f 1066/583/134 1068/585/135 1067/586/135 1065/584/134
f 1068/585/135 1070/587/136 1069/588/136 1067/586/135
f 1070/587/136 1072/589/137 1071/590/137 1069/588/136
f 1072/589/137 1074/591/138 1073/592/138 1071/590/137
f 1074/591/138 1076/593/139 1075/594/139 1073/592/138
f 1076/593/139 1078/595/140 1077/596/140 1075/594/139
f 1078/595/140 1080/597/141 1079/598/141 1077/596/140
f 1080/597/141 1082/599/142 1081/600/142 1079/598/141
f 1082/599/142 1084/601/143 1083/602/143 1081/600/142
f 1084/601/143 1086/603/144 1085/604/144 1083/602/143
f 1086/603/144 1088/605/145 1087/606/145 1085/604/144
f 1088/605/145 1090/607/146 1089/608/146 1087/606/145
f 1090/607/146 1092/609/147 1091/610/147 1089/608/146
f 1092/609/147 1094/611/148 1093/612/148 1091/610/147
f 1094/611/148 1096/613/149 1095/614/149 1093/612/148
f 1096/613/149 1098/615/150 1097/616/150 1095/614/149
f 1098/615/150 1100/617/151 1099/618/151 1097/616/150
f 1100/617/151 1102/619/152 1101/620/152 1099/618/151
f 1102/619/152 1104/621/153 1103/622/153 1101/620/152
f 1104/621/153 1106/623/154 1105/624/154 1103/622/153
f 1106/623/154 1108/625/155 1107/626/155 1105/624/154
f 1108/625/155 1110/627/156 1109/628/156 1107/626/155
f 1110/627/156 1112/629/157 1111/630/157 1109/628/156
f 1112/629/157 1114/631/158 1113/632/158 1111/630/157
f 1114/631/158 1116/633/159 1115/634/159 1113/632/158
f 1116/633/159 1118/635/160 1117/636/160 1115/634/159
f 1118/635/160 1120/637/161 1119/638/161 1117/636/160
f 1120/637/161 1122/639/162 1121/640/162 1119/638/161
f 1122/639/162 1124/641/163 1123/642/163 1121/640/162
f 1124/641/163 1126/643/164 1125/644/164 1123/642/163
f 1126/643/164 1128/645/165 1127/646/165 1125/644/164
f 1128/645/165 1130/647/166 1129/648/166 1127/646/165
f 1130/647/166 1132/649/167 1131/650/167 1129/648/166
f 1132/649/167 1134/651/168 1133/652/168 1131/650/167
f 1134/651/168 1136/653/169 1135/654/169 1133/652/168
f 1136/653/169 1138/655/170 1137/656/170 1135/654/169
f 1138/655/170 1140/657/171 1139/658/171 1137/656/170
f 1140/657/171 1142/659/172 1141/660/172 1139/658/171
f 1142/659/172 1144/661/173 1143/662/173 1141/660/172
f 1144/661/173 1146/663/174 1145/664/174 1143/662/173
f 1146/663/174 1148/665/175 1147/666/175 1145/664/174
f 1148/665/175 1150/667/176 1149/668/176 1147/666/175
f 1150/667/176 1152/669/177 1151/670/177 1149/668/176
f 1152/669/177 1154/671/178 1153/672/178 1151/670/177
f 1154/671/178 1156/673/179 1155/674/179 1153/672/178
f 1156/673/179 1158/675/180 1157/676/180 1155/674/179
f 1158/675/180 1160/677/181 1159/678/181 1157/676/180
f 1160/677/181 1162/679/182 1161/680/182 1159/678/181
f 1162/679/182 1164/681/183 1163/682/183 1161/680/182
f 1164/681/183 1166/683/184 1165/684/184 1163/682/183
f 1166/683/184 1168/685/185 1167/686/185 1165/684/184
f 1168/685/185 1170/687/186 1169/688/186 1167/686/185
f 1170/687/186 1172/689/187 1171/690/187 1169/688/186
f 1172/689/187 1174/691/188 1173/692/188 1171/690/187
f 1174/691/188 1176/693/189 1175/694/189 1173/692/188
f 1176/693/189 1178/695/190 1177/696/190 1175/694/189
f 1178/695/190 1180/697/191 1179/698/191 1177/696/190
f 1180/697/191 1182/699/192 1181/700/192 1179/698/191
f 1182/699/192 1184/701/193 1183/702/193 1181/700/192
f 1184/701/193 1186/703/194 1185/704/194 1183/702/193
f 1186/703/194 1188/705/195 1187/706/195 1185/704/194
f 1188/705/195 1190/707/196 1189/708/196 1187/706/195
f 1190/707/196 1192/709/197 1191/710/197 1189/708/196
f 1192/709/197 1194/711/198 1193/712/198 1191/710/197
f 1194/711/198 1196/713/199 1195/714/199 1193/712/198
f 1196/713/199 1198/715/200 1197/716/200 1195/714/199
f 1198/715/200 1200/717/201 1199/718/201 1197/716/200
f 1200/717/201 1202/719/202 1201/720/202 1199/718/201
f 1202/719/202 1204/721/203 1203/722/203 1201/720/202
f 1204/721/203 1206/723/204 1205/724/204 1203/722/203
f 1206/723/204 1208/725/205 1207/726/205 1205/724/204
f 1208/725/205 1210/727/206 1209/728/206 1207/726/205
f 1210/727/206 1212/729/207 1211/730/207 1209/728/206
f 1212/729/207 1214/731/208 1213/732/208 1211/730/207
f 1214/731/208 1216/733/209 1215/734/209 1213/732/208
f 1216/733/209 1218/735/210 1217/736/210 1215/734/209
f 1218/735/210 1220/737/211 1219/738/211 1217/736/210
f 1220/737/211 1222/739/212 1221/740/212 1219/738/211
f 1222/739/212 1224/741/213 1223/742/213 1221/740/212
f 1224/741/213 1226/743/214 1225/744/214 1223/742/213
f 1226/743/214 1228/745/215 1227/746/215 1225/744/214
f 1228/745/215 1230/747/216 1229/748/216 1227/746/215
f 1230/747/216 1232/749/217 1231/750/217 1229/748/216
f 1232/749/217 1234/751/218 1233/752/218 1231/750/217
f 1234/751/218 1236/753/219 1235/754/219 1233/752/218
f 1236/753/219 1238/755/220 1237/756/220 1235/754/219
f 1238/755/220 1240/757/221 1239/758/221 1237/756/220
f 1240/757/221 1242/759/222 1241/760/222 1239/758/221
f 1242/759/222 1244/761/223 1243/762/223 1241/760/222
f 1244/761/223 1246/763/224 1245/764/224 1243/762/223
f 1246/763/224 1248/765/225 1247/766/225 1245/764/224
f 1248/765/225 1250/767/226 1249/768/226 1247/766/225
f 1250/767/226 1252/769/227 1251/770/227 1249/768/226
f 1252/769/227 1254/771/228 1253/772/228 1251/770/227
f 1254/771/228 1256/773/229 1255/774/229 1253/772/228
f 1256/773/229 1258/775/230 1257/776/230 1255/774/229
f 1258/775/230 1260/777/231 1259/778/231 1257/776/230
f 1260/777/231 1262/779/232 1261/780/232 1259/778/231
f 1262/779/232 1264/781/233 1263/782/233 1261/780/232
f 1264/781/233 1266/783/234 1265/784/234 1263/782/233
f 1266/783/234 1268/785/235 1267/786/235 1265/784/234
f 1268/785/235 1270/787/236 1269/788/236 1267/786/235
f 1270/787/236 1272/789/237 1271/790/237 1269/788/236
f 1272/789/237 1274/791/238 1273/792/238 1271/790/237
f 1274/791/238 1276/793/239 1275/794/239 1273/792/238
f 1276/793/239 1278/795/240 1277/796/240 1275/794/239
f 1278/795/240 1280/797/241 1279/798/241 1277/796/240
f 1280/797/241 1282/799/242 1281/800/242 1279/798/241
f 1282/799/242 1284/801/243 1283/802/243 1281/800/242
f 1284/801/243 1286/803/244 1285/804/244 1283/802/243
f 1286/803/244 1288/805/245 1287/806/245 1285/804/244
f 1288/805/245 1290/807/246 1289/808/246 1287/806/245
f 1290/807/246 1018/391/110 1017/4/110 1289/808/246
f 1292/384/247 1294/809/248 1293/810/248 1291/7/247
f 1294/809/248 1296/811/249 1295/812/249 1293/810/248
f 1296/811/249 1298/813/250 1297/814/250 1295/812/249
f 1298/813/250 1300/815/251 1299/816/251 1297/814/250
f 1300/815/251 1302/817/252 1301/818/252 1299/816/251
f 1302/817/252 1304/819/253 1303/820/253 1301/818/252
f 1304/819/253 1306/821/254 1305/822/254 1303/820/253
f 1306/821/254 1308/823/255 1307/824/255 1305/822/254
f 1308/823/255 1310/825/256 1309/826/256 1307/824/255
f 1310/825/256 1312/827/257 1311/828/257 1309/826/256
f 1312/827/257 1314/829/258 1313/830/258 1311/828/257
f 1314/829/258 1316/831/259 1315/832/259 1313/830/258
f 1316/831/259 1318/833/260 1317/834/260 1315/832/259
f 1318/833/260 1320/835/261 1319/836/261 1317/834/260
f 1320/835/261 1322/837/262 1321/838/262 1319/836/261
f 1322/837/262 1324/839/263 1323/840/263 1321/838/262
f 1324/839/263 1326/841/264 1325/842/264 1323/840/263
f 1326/841/264 1328/843/265 1327/844/265 1325/842/264
f 1328/843/265 1330/845/266 1329/846/266 1327/844/265
f 1330/845/266 1332/847/267 1331/848/267 1329/846/266
f 1332/847/267 1334/849/268 1333/850/268 1331/848/267
f 1334/849/268 1336/851/269 1335/852/269 1333/850/268
f 1336/851/269 1338/853/270 1337/854/270 1335/852/269
f 1338/853/270 1340/855/271 1339/856/271 1337/854/270
f 1340/855/271 1342/857/272 1341/858/272 1339/856/271
f 1342/857/272 1344/859/273 1343/860/273 1341/858/272
f 1344/859/273 1346/861/274 1345/862/274 1343/860/273
f 1346/861/274 1348/863/275 1347/864/275 1345/862/274
f 1348/863/275 1350/865/276 1349/866/276 1347/864/275
f 1350/865/276 1352/867/277 1351/868/277 1349/866/276
f 1352/867/277 1354/869/278 1353/870/278 1351/868/277
f 1354/869/278 1356/871/279 1355/872/279 1353/870/278
f 1356/871/279 1358/873/280 1357/874/280 1355/872/279
f 1358/873/280 1360/875/281 1359/876/281 1357/874/280
f 1360/875/281 1362/877/282 1361/878/282 1359/876/281
f 1362/877/282 1364/879/283 1363/880/283 1361/878/282
f 1364/879/283 1292/391/247 1291/4/247 1363/880/283
f 1366/384/284 1368/881/285 1367/882/285 1365/7/284
f 1368/881/285 1370/883/286 1369/884/286 1367/882/285
f 1370/883/286 1372/885/287 1371/886/287 1369/884/286
f 1372/885/287 1374/887/288 1373/888/288 1371/886/287
f 1374/887/288 1376/889/289 1375/890/289 1373/888/288
f 1376/889/289 1378/891/290 1377/892/290 1375/890/289
f 1378/891/290 1380/893/291 1379/894/291 1377/892/290
f 1380/893/291 1382/895/292 1381/896/292 1379/894/291
f 1382/895/292 1384/897/293 1383/898/293 1381/896/292
f 1384/897/293 1386/899/294 1385/900/294 1383/898/293
f 1386/899/294 1388/901/295 1387/902/295 1385/900/294
f 1388/901/295 1390/903/296 1389/904/296 1387/902/295
f 1390/903/296 1392/905/297 1391/906/297 1389/904/296
f 1392/905/297 1394/385/298 1393/311/298 1391/906/297
f 1394/385/298 1396/907/299 1395/908/299 1393/311/298
f 1396/907/299 1398/909/300 1397/910/300 1395/908/299
f 1398/909/300 1400/911/301 1399/912/301 1397/910/300
f 1400/911/301 1402/913/302 1401/914/302 1399/912/301
f 1402/913/302 1404/915/303 1403/916/303 1401/914/302
f 1404/915/303 1406/917/304 1405/918/304 1403/916/303
f 1406/917/304 1408/919/305 1407/920/305 1405/918/304
f 1408/919/305 1410/921/306 1409/922/306 1407/920/305
f 1410/921/306 1412/923/307 1411/924/307 1409/922/306
f 1412/923/307 1414/925/308 1413/926/308 1411/924/307
f 1414/925/308 1416/927/309 1415/928/309 1413/926/308
f 1416/927/309 1418/929/310 1417/930/310 1415/928/309
f 1418/929/310 1420/931/311 1419/932/311 1417/930/310
f 1420/931/311 1422/386/312 1421/337/312 1419/932/311
f 1422/386/312 1424/933/313 1423/934/313 1421/337/312
f 1424/933/313 1426/935/314 1425/936/314 1423/934/313
f 1426/935/314 1428/937/315 1427/938/315 1425/936/314
f 1428/937/315 1430/939/316 1429/940/316 1427/938/315
f 1430/939/316 1432/941/317 1431/942/317 1429/940/316
f 1432/941/317 1434/943/318 1433/944/318 1431/942/317
f 1434/943/318 1436/945/319 1435/946/319 1433/944/318
f 1436/945/319 1438/947/320 1437/948/320 1435/946/319
f 1438/947/320 1440/949/321 1439/950/321 1437/948/320
f 1440/949/321 1442/951/322 1441/952/322 1439/950/321
f 1442/951/322 1444/953/323 1443/954/323 1441/952/322
f 1444/953/323 1446/955/324 1445/956/324 1443/954/323
f 1446/955/324 1448/957/325 1447/958/325 1445/956/324
f 1448/957/325 1450/387/326 1449/376/326 1447/958/325
f 1450/387/326 1452/959/327 1451/960/327 1449/376/326
f 1452/959/327 1454/961/328 1453/962/328 1451/960/327
f 1454/961/328 1456/963/329 1455/964/329 1453/962/328
f 1456/963/329 1458/965/330 1457/966/330 1455/964/329
f 1458/965/330 1460/967/331 1459/968/331 1457/966/330
f 1460/967/331 1462/969/332 1461/970/332 1459/968/331
f 1462/969/332 1464/442/333 1463/381/333 1461/970/332
f 1464/442/333 1466/971/334 1465/972/334 1463/381/333
f 1466/971/334 1468/973/335 1467/974/335 1465/972/334
f 1468/973/335 1470/975/336 1469/976/336 1467/974/335
f 1470/975/336 1472/977/337 1471/978/337 1469/976/336
f 1472/977/337 1474/979/338 1473/980/338 1471/978/337
f 1474/979/338 1476/981/339 1475/982/339 1473/980/338
f 1476/981/339 1478/388/340 1477/314/340 1475/982/339
f 1478/388/340 1480/983/341 1479/984/341 1477/314/340
f 1480/983/341 1482/985/342 1481/986/342 1479/984/341
f 1482/985/342 1484/987/343 1483/988/343 1481/986/342
f 1484/987/343 1486/989/344 1485/990/344 1483/988/343
f 1486/989/344 1488/991/345 1487/992/345 1485/990/344
f 1488/991/345 1490/993/346 1489/994/346 1487/992/345
f 1490/993/346 1492/995/347 1491/996/347 1489/994/346
f 1492/995/347 1494/997/348 1493/998/348 1491/996/347
f 1494/997/348 1496/999/349 1495/1000/349 1493/998/348
f 1496/999/349 1498/1001/350 1497/1002/350 1495/1000/349
f 1498/1001/350 1500/1003/351 1499/1004/351 1497/1002/350
f 1500/1003/351 1502/1005/352 1501/1006/352 1499/1004/351
f 1502/1005/352 1504/1007/353 1503/1008/353 1501/1006/352
f 1504/1007/353 1506/389/354 1505/292/354 1503/1008/353
f 1506/389/354 1508/1009/355 1507/1010/355 1505/292/354
f 1508/1009/355 1510/1011/356 1509/1012/356 1507/1010/355
f 1510/1011/356 1512/1013/357 1511/1014/357 1509/1012/356
f 1512/1013/357 1514/1015/358 1513/1016/358 1511/1014/357
f 1514/1015/358 1516/1017/359 1515/1018/359 1513/1016/358
f 1516/1017/359 1518/1019/360 1517/1020/360 1515/1018/359
f 1518/1019/360 1520/1021/361 1519/1022/361 1517/1020/360
f 1520/1021/361 1522/1023/362 1521/1024/362 1519/1022/361
f 1522/1023/362 1524/1025/363 1523/1026/363 1521/1024/362
f 1524/1025/363 1526/1027/364 1525/1028/364 1523/1026/363
f 1526/1027/364 1528/1029/365 1527/1030/365 1525/1028/364
f 1528/1029/365 1530/1031/366 1529/1032/366 1527/1030/365
f 1530/1031/366 1532/1033/367 1531/1034/367 1529/1032/366
f 1532/1033/367 1534/390/368 1533/357/368 1531/1034/367
f 1534/390/368 1536/1035/369 1535/1036/369 1533/357/368
f 1536/1035/369 1538/1037/370 1537/1038/370 1535/1036/369
f 1538/1037/370 1540/1039/371 1539/1040/371 1537/1038/370
f 1540/1039/371 1542/1041/372 1541/1042/372 1539/1040/371
f 1542/1041/372 1544/1043/373 1543/1044/373 1541/1042/372
f 1544/1043/373 1546/1045/374 1545/1046/374 1543/1044/373
f 1546/1045/374 1548/1047/375 1547/1048/375 1545/1046/374
f 1548/1047/375 1550/1049/376 1549/1050/376 1547/1048/375
f 1550/1049/376 1552/1051/377 1551/1052/377 1549/1050/376
f 1552/1051/377 1554/1053/378 1553/1054/378 1551/1052/377
f 1554/1053/378 1556/1055/379 1555/1056/379 1553/1054/378
f 1556/1055/379 1558/1057/380 1557/1058/380 1555/1056/379
f 1558/1057/380 1560/1059/381 1559/1060/381 1557/1058/380
f 1560/1059/381 1366/391/284 1365/4/284 1559/1060/381
f 1562/384/382 1564/1061/383 1563/383/383 1561/7/382
f 1564/1061/383 1566/507/384 1565/10/384 1563/383/383
f 1566/507/384 1568/442/385 1567/381/385 1565/10/384
f 1568/442/385 1570/522/386 1569/1/386 1567/381/385
f 1570/522/386 1572/1062/387 1571/382/387 1569/1/386
f 1572/1062/387 1562/391/382 1561/4/382 1571/382/387
f 1574/384/58 1576/416/59 1575/417/59 1573/7/58
f 1576/416/59 1578/442/7 1577/381/7 1575/417/59
f 1578/442/7 1580/467/3 1579/468/3 1577/381/7
f 1580/467/3 1574/391/58 1573/4/58 1579/468/3
