# Blender 4.5.0
# www.blender.org
mtllib credit.mtl
o Text
v 1.497257 0.100000 -0.014107
v 1.497159 0.100000 -0.011853
v 1.496865 0.100000 -0.009796
v 1.496375 0.100000 -0.007935
v 1.495690 0.100000 -0.006270
v 1.494808 0.100000 -0.004800
v 1.493731 0.100000 -0.003527
v 1.492457 0.100000 -0.002449
v 1.490988 0.100000 -0.001567
v 1.489322 0.100000 -0.000882
v 1.487461 0.100000 -0.000392
v 1.485404 0.100000 -0.000098
v 1.483150 0.100000 0.000000
v 1.419671 0.100000 0.000000
v 1.417418 0.100000 -0.000098
v 1.415361 0.100000 -0.000392
v 1.413499 0.100000 -0.000882
v 1.411834 0.100000 -0.001567
v 1.410364 0.100000 -0.002449
v 1.409091 0.100000 -0.003527
v 1.408013 0.100000 -0.004800
v 1.407132 0.100000 -0.006270
v 1.406446 0.100000 -0.007935
v 1.405956 0.100000 -0.009796
v 1.405662 0.100000 -0.011853
v 1.405564 0.100000 -0.014107
v 1.405564 0.100000 -0.206505
v 1.347962 0.100000 -0.206505
v 1.345709 0.100000 -0.206603
v 1.343652 0.100000 -0.206897
v 1.341791 0.100000 -0.207386
v 1.340125 0.100000 -0.208072
v 1.338656 0.100000 -0.208954
v 1.337382 0.100000 -0.210031
v 1.336305 0.100000 -0.211305
v 1.335423 0.100000 -0.212774
v 1.334738 0.100000 -0.214440
v 1.334248 0.100000 -0.216301
v 1.333954 0.100000 -0.218358
v 1.333856 0.100000 -0.220611
v 1.333856 0.100000 -0.268025
v 1.333954 0.100000 -0.270278
v 1.334248 0.100000 -0.272335
v 1.334738 0.100000 -0.274197
v 1.335423 0.100000 -0.275862
v 1.336305 0.100000 -0.277331
v 1.337382 0.100000 -0.278605
v 1.338656 0.100000 -0.279683
v 1.340125 0.100000 -0.280564
v 1.341791 0.100000 -0.281250
v 1.343652 0.100000 -0.281740
v 1.345709 0.100000 -0.282034
v 1.347962 0.100000 -0.282132
v 1.554859 0.100000 -0.282132
v 1.557112 0.100000 -0.282034
v 1.559169 0.100000 -0.281740
v 1.561031 0.100000 -0.281250
v 1.562696 0.100000 -0.280564
v 1.564165 0.100000 -0.279683
v 1.565439 0.100000 -0.278605
v 1.566516 0.100000 -0.277332
v 1.567398 0.100000 -0.275862
v 1.568084 0.100000 -0.274197
v 1.568574 0.100000 -0.272335
v 1.568867 0.100000 -0.270278
v 1.568966 0.100000 -0.268025
v 1.568966 0.100000 -0.220611
v 1.568868 0.100000 -0.218358
v 1.568574 0.100000 -0.216301
v 1.568084 0.100000 -0.214440
v 1.567398 0.100000 -0.212774
v 1.566517 0.100000 -0.211305
v 1.565439 0.100000 -0.210031
v 1.564165 0.100000 -0.208954
v 1.562696 0.100000 -0.208072
v 1.561031 0.100000 -0.207386
v 1.559170 0.100000 -0.206897
v 1.557112 0.100000 -0.206603
v 1.554859 0.100000 -0.206505
v 1.497257 0.100000 -0.206505
v 1.287618 0.100000 0.000000
v 1.120690 0.100000 0.000000
v 1.118437 0.100000 -0.000098
v 1.116379 0.100000 -0.000392
v 1.114518 0.100000 -0.000882
v 1.112853 0.100000 -0.001567
v 1.111383 0.100000 -0.002449
v 1.110110 0.100000 -0.003527
v 1.109032 0.100000 -0.004800
v 1.108151 0.100000 -0.006270
v 1.107465 0.100000 -0.007935
v 1.106975 0.100000 -0.009796
v 1.106681 0.100000 -0.011853
v 1.106583 0.100000 -0.014107
v 1.106583 0.100000 -0.060737
v 1.106681 0.100000 -0.062990
v 1.106975 0.100000 -0.065047
v 1.107465 0.100000 -0.066908
v 1.108150 0.100000 -0.068574
v 1.109032 0.100000 -0.070043
v 1.110110 0.100000 -0.071317
v 1.111383 0.100000 -0.072394
v 1.112853 0.100000 -0.073276
v 1.114518 0.100000 -0.073962
v 1.116379 0.100000 -0.074451
v 1.118436 0.100000 -0.074745
v 1.120690 0.100000 -0.074843
v 1.159483 0.100000 -0.074843
v 1.159483 0.100000 -0.206505
v 1.120690 0.100000 -0.206505
v 1.118437 0.100000 -0.206603
v 1.116379 0.100000 -0.206897
v 1.114518 0.100000 -0.207386
v 1.112853 0.100000 -0.208072
v 1.111383 0.100000 -0.208954
v 1.110110 0.100000 -0.210031
v 1.109032 0.100000 -0.211305
v 1.108151 0.100000 -0.212774
v 1.107465 0.100000 -0.214440
v 1.106975 0.100000 -0.216301
v 1.106681 0.100000 -0.218358
v 1.106583 0.100000 -0.220611
v 1.106583 0.100000 -0.268025
v 1.106681 0.100000 -0.270278
v 1.106975 0.100000 -0.272335
v 1.107465 0.100000 -0.274197
v 1.108150 0.100000 -0.275862
v 1.109032 0.100000 -0.277331
v 1.110110 0.100000 -0.278605
v 1.111383 0.100000 -0.279683
v 1.112853 0.100000 -0.280564
v 1.114518 0.100000 -0.281250
v 1.116379 0.100000 -0.281740
v 1.118436 0.100000 -0.282034
v 1.120690 0.100000 -0.282132
v 1.287618 0.100000 -0.282132
v 1.289871 0.100000 -0.282034
v 1.291928 0.100000 -0.281740
v 1.293789 0.100000 -0.281250
v 1.295455 0.100000 -0.280564
v 1.296924 0.100000 -0.279683
v 1.298198 0.100000 -0.278605
v 1.299275 0.100000 -0.277332
v 1.300157 0.100000 -0.275862
v 1.300843 0.100000 -0.274197
v 1.301332 0.100000 -0.272335
v 1.301626 0.100000 -0.270278
v 1.301724 0.100000 -0.268025
v 1.301724 0.100000 -0.220611
v 1.301626 0.100000 -0.218358
v 1.301332 0.100000 -0.216301
v 1.300843 0.100000 -0.214440
v 1.300157 0.100000 -0.212774
v 1.299275 0.100000 -0.211305
v 1.298198 0.100000 -0.210031
v 1.296924 0.100000 -0.208954
v 1.295455 0.100000 -0.208072
v 1.293789 0.100000 -0.207386
v 1.291928 0.100000 -0.206897
v 1.289871 0.100000 -0.206603
v 1.287618 0.100000 -0.206505
v 1.249608 0.100000 -0.206505
v 1.249608 0.100000 -0.074843
v 1.287618 0.100000 -0.074843
v 1.289871 0.100000 -0.074745
v 1.291928 0.100000 -0.074451
v 1.293789 0.100000 -0.073962
v 1.295455 0.100000 -0.073276
v 1.296924 0.100000 -0.072394
v 1.298198 0.100000 -0.071317
v 1.299275 0.100000 -0.070043
v 1.300157 0.100000 -0.068574
v 1.300843 0.100000 -0.066908
v 1.301332 0.100000 -0.065047
v 1.301626 0.100000 -0.062990
v 1.301724 0.100000 -0.060737
v 1.301724 0.100000 -0.014107
v 1.301626 0.100000 -0.011853
v 1.301332 0.100000 -0.009796
v 1.300843 0.100000 -0.007935
v 1.300157 0.100000 -0.006270
v 1.299275 0.100000 -0.004800
v 1.298198 0.100000 -0.003527
v 1.296924 0.100000 -0.002449
v 1.295455 0.100000 -0.001567
v 1.293789 0.100000 -0.000882
v 1.291928 0.100000 -0.000392
v 1.289871 0.100000 -0.000098
v 1.039577 0.100000 -0.019592
v 1.035479 0.100000 -0.016463
v 1.031021 0.100000 -0.013606
v 1.026205 0.100000 -0.011021
v 1.021029 0.100000 -0.008708
v 1.015494 0.100000 -0.006667
v 1.009600 0.100000 -0.004898
v 1.003347 0.100000 -0.003401
v 0.996735 0.100000 -0.002177
v 0.989763 0.100000 -0.001225
v 0.982432 0.100000 -0.000544
v 0.974742 0.100000 -0.000136
v 0.966693 0.100000 0.000000
v 0.834639 0.100000 0.000000
v 0.832386 0.100000 -0.000098
v 0.830329 0.100000 -0.000392
v 0.828468 0.100000 -0.000882
v 0.826803 0.100000 -0.001567
v 0.825333 0.100000 -0.002449
v 0.824060 0.100000 -0.003527
v 0.822982 0.100000 -0.004800
v 0.822100 0.100000 -0.006270
v 0.821415 0.100000 -0.007935
v 0.820925 0.100000 -0.009796
v 0.820631 0.100000 -0.011853
v 0.820533 0.100000 -0.014107
v 0.820533 0.100000 -0.268025
v 0.820631 0.100000 -0.270278
v 0.820925 0.100000 -0.272335
v 0.821415 0.100000 -0.274197
v 0.822100 0.100000 -0.275862
v 0.822982 0.100000 -0.277331
v 0.824060 0.100000 -0.278605
v 0.825333 0.100000 -0.279683
v 0.826803 0.100000 -0.280564
v 0.828468 0.100000 -0.281250
v 0.830329 0.100000 -0.281740
v 0.832386 0.100000 -0.282034
v 0.834639 0.100000 -0.282132
v 0.966693 0.100000 -0.282132
v 0.974742 0.100000 -0.281996
v 0.982432 0.100000 -0.281587
v 0.989763 0.100000 -0.280907
v 0.996735 0.100000 -0.279955
v 1.003347 0.100000 -0.278730
v 1.009600 0.100000 -0.277234
v 1.015494 0.100000 -0.275465
v 1.021029 0.100000 -0.273424
v 1.026205 0.100000 -0.271111
v 1.031021 0.100000 -0.268526
v 1.035479 0.100000 -0.265669
v 1.039577 0.100000 -0.262539
v 1.043332 0.100000 -0.259127
v 1.046761 0.100000 -0.255421
v 1.049863 0.100000 -0.251420
v 1.052638 0.100000 -0.247126
v 1.055087 0.100000 -0.242539
v 1.057210 0.100000 -0.237657
v 1.059006 0.100000 -0.232481
v 1.060475 0.100000 -0.227011
v 1.061618 0.100000 -0.221248
v 1.062435 0.100000 -0.215191
v 1.062924 0.100000 -0.208839
v 1.063088 0.100000 -0.202194
v 1.063088 0.100000 -0.079937
v 1.062924 0.100000 -0.073292
v 1.062435 0.100000 -0.066941
v 1.061618 0.100000 -0.060884
v 1.060475 0.100000 -0.055120
v 1.059006 0.100000 -0.049651
v 1.057210 0.100000 -0.044475
v 1.055087 0.100000 -0.039593
v 1.052638 0.100000 -0.035005
v 1.049863 0.100000 -0.030711
v 1.046761 0.100000 -0.026711
v 1.043332 0.100000 -0.023005
v 0.956113 0.100000 -0.207288
v 0.909483 0.100000 -0.207288
v 0.909483 0.100000 -0.074060
v 0.956113 0.100000 -0.074060
v 0.959054 0.100000 -0.074193
v 0.961740 0.100000 -0.074593
v 0.964170 0.100000 -0.075260
v 0.966344 0.100000 -0.076193
v 0.968263 0.100000 -0.077393
v 0.969926 0.100000 -0.078860
v 0.971332 0.100000 -0.080593
v 0.972483 0.100000 -0.082593
v 0.973379 0.100000 -0.084860
v 0.974018 0.100000 -0.087393
v 0.974402 0.100000 -0.090193
v 0.974530 0.100000 -0.093260
v 0.974530 0.100000 -0.188480
v 0.974402 0.100000 -0.191484
v 0.974018 0.100000 -0.194227
v 0.973379 0.100000 -0.196708
v 0.972484 0.100000 -0.198929
v 0.971332 0.100000 -0.200888
v 0.969926 0.100000 -0.202586
v 0.968263 0.100000 -0.204023
v 0.966345 0.100000 -0.205199
v 0.964170 0.100000 -0.206113
v 0.961740 0.100000 -0.206766
v 0.959055 0.100000 -0.207158
v 0.774295 0.100000 -0.014107
v 0.774197 0.100000 -0.011853
v 0.773903 0.100000 -0.009796
v 0.773413 0.100000 -0.007935
v 0.772727 0.100000 -0.006270
v 0.771846 0.100000 -0.004800
v 0.770768 0.100000 -0.003527
v 0.769494 0.100000 -0.002449
v 0.768025 0.100000 -0.001567
v 0.766360 0.100000 -0.000882
v 0.764498 0.100000 -0.000392
v 0.762441 0.100000 -0.000098
v 0.760188 0.100000 0.000000
v 0.578370 0.100000 0.000000
v 0.576117 0.100000 -0.000098
v 0.574060 0.100000 -0.000392
v 0.572198 0.100000 -0.000882
v 0.570533 0.100000 -0.001567
v 0.569064 0.100000 -0.002449
v 0.567790 0.100000 -0.003527
v 0.566712 0.100000 -0.004800
v 0.565831 0.100000 -0.006270
v 0.565145 0.100000 -0.007935
v 0.564655 0.100000 -0.009796
v 0.564361 0.100000 -0.011853
v 0.564263 0.100000 -0.014107
v 0.564263 0.100000 -0.268025
v 0.564361 0.100000 -0.270278
v 0.564655 0.100000 -0.272335
v 0.565145 0.100000 -0.274197
v 0.565831 0.100000 -0.275862
v 0.566712 0.100000 -0.277331
v 0.567790 0.100000 -0.278605
v 0.569064 0.100000 -0.279683
v 0.570533 0.100000 -0.280564
v 0.572198 0.100000 -0.281250
v 0.574060 0.100000 -0.281740
v 0.576117 0.100000 -0.282034
v 0.578370 0.100000 -0.282132
v 0.760188 0.100000 -0.282132
v 0.762441 0.100000 -0.282034
v 0.764498 0.100000 -0.281740
v 0.766360 0.100000 -0.281250
v 0.768025 0.100000 -0.280564
v 0.769494 0.100000 -0.279683
v 0.770768 0.100000 -0.278605
v 0.771846 0.100000 -0.277332
v 0.772727 0.100000 -0.275862
v 0.773413 0.100000 -0.274197
v 0.773903 0.100000 -0.272335
v 0.774197 0.100000 -0.270278
v 0.774295 0.100000 -0.268025
v 0.774295 0.100000 -0.222179
v 0.774197 0.100000 -0.219926
v 0.773903 0.100000 -0.217868
v 0.773413 0.100000 -0.216007
v 0.772727 0.100000 -0.214342
v 0.771846 0.100000 -0.212872
v 0.770768 0.100000 -0.211599
v 0.769494 0.100000 -0.210521
v 0.768025 0.100000 -0.209639
v 0.766360 0.100000 -0.208954
v 0.764498 0.100000 -0.208464
v 0.762441 0.100000 -0.208170
v 0.760188 0.100000 -0.208072
v 0.652038 0.100000 -0.208072
v 0.652038 0.100000 -0.177900
v 0.728448 0.100000 -0.177900
v 0.730701 0.100000 -0.177802
v 0.732759 0.100000 -0.177508
v 0.734620 0.100000 -0.177018
v 0.736285 0.100000 -0.176332
v 0.737755 0.100000 -0.175451
v 0.739028 0.100000 -0.174373
v 0.740106 0.100000 -0.173100
v 0.740987 0.100000 -0.171630
v 0.741673 0.100000 -0.169965
v 0.742163 0.100000 -0.168103
v 0.742457 0.100000 -0.166046
v 0.742555 0.100000 -0.163793
v 0.742555 0.100000 -0.121865
v 0.742457 0.100000 -0.119612
v 0.742163 0.100000 -0.117555
v 0.741673 0.100000 -0.115694
v 0.740987 0.100000 -0.114028
v 0.740106 0.100000 -0.112559
v 0.739028 0.100000 -0.111285
v 0.737755 0.100000 -0.110208
v 0.736285 0.100000 -0.109326
v 0.734620 0.100000 -0.108640
v 0.732759 0.100000 -0.108150
v 0.730701 0.100000 -0.107857
v 0.728448 0.100000 -0.107759
v 0.652038 0.100000 -0.107759
v 0.652038 0.100000 -0.074060
v 0.760188 0.100000 -0.074060
v 0.762441 0.100000 -0.073962
v 0.764498 0.100000 -0.073668
v 0.766360 0.100000 -0.073178
v 0.768025 0.100000 -0.072492
v 0.769494 0.100000 -0.071611
v 0.770768 0.100000 -0.070533
v 0.771846 0.100000 -0.069259
v 0.772727 0.100000 -0.067790
v 0.773413 0.100000 -0.066125
v 0.773903 0.100000 -0.064263
v 0.774197 0.100000 -0.062206
v 0.774295 0.100000 -0.059953
v 0.361677 0.100000 -0.014107
v 0.361579 0.100000 -0.011853
v 0.361285 0.100000 -0.009796
v 0.360795 0.100000 -0.007935
v 0.360110 0.100000 -0.006270
v 0.359228 0.100000 -0.004800
v 0.358150 0.100000 -0.003527
v 0.356877 0.100000 -0.002449
v 0.355408 0.100000 -0.001567
v 0.353742 0.100000 -0.000882
v 0.351881 0.100000 -0.000392
v 0.349824 0.100000 -0.000098
v 0.347571 0.100000 0.000000
v 0.287226 0.100000 0.000000
v 0.284973 0.100000 -0.000098
v 0.282915 0.100000 -0.000392
v 0.281054 0.100000 -0.000882
v 0.279389 0.100000 -0.001567
v 0.277919 0.100000 -0.002449
v 0.276646 0.100000 -0.003527
v 0.275568 0.100000 -0.004800
v 0.274687 0.100000 -0.006270
v 0.274001 0.100000 -0.007935
v 0.273511 0.100000 -0.009796
v 0.273217 0.100000 -0.011853
v 0.273119 0.100000 -0.014107
v 0.273119 0.100000 -0.268025
v 0.273217 0.100000 -0.270278
v 0.273511 0.100000 -0.272335
v 0.274001 0.100000 -0.274197
v 0.274686 0.100000 -0.275862
v 0.275568 0.100000 -0.277331
v 0.276646 0.100000 -0.278605
v 0.277919 0.100000 -0.279683
v 0.279389 0.100000 -0.280564
v 0.281054 0.100000 -0.281250
v 0.282915 0.100000 -0.281740
v 0.284973 0.100000 -0.282034
v 0.287226 0.100000 -0.282132
v 0.417712 0.100000 -0.282132
v 0.422523 0.100000 -0.282075
v 0.427160 0.100000 -0.281903
v 0.431622 0.100000 -0.281617
v 0.435911 0.100000 -0.281217
v 0.440025 0.100000 -0.280703
v 0.443965 0.100000 -0.280074
v 0.447732 0.100000 -0.279332
v 0.451324 0.100000 -0.278474
v 0.454741 0.100000 -0.277503
v 0.457985 0.100000 -0.276417
v 0.461055 0.100000 -0.275217
v 0.463950 0.100000 -0.273903
v 0.466690 0.100000 -0.272486
v 0.469294 0.100000 -0.270980
v 0.471762 0.100000 -0.269384
v 0.474094 0.100000 -0.267698
v 0.476290 0.100000 -0.265923
v 0.478350 0.100000 -0.264058
v 0.480274 0.100000 -0.262102
v 0.482062 0.100000 -0.260057
v 0.483714 0.100000 -0.257923
v 0.485229 0.100000 -0.255698
v 0.486609 0.100000 -0.253384
v 0.487853 0.100000 -0.250980
v 0.488979 0.100000 -0.248497
v 0.490008 0.100000 -0.245945
v 0.490938 0.100000 -0.243326
v 0.491771 0.100000 -0.240639
v 0.492506 0.100000 -0.237884
v 0.493143 0.100000 -0.235061
v 0.493681 0.100000 -0.232169
v 0.494122 0.100000 -0.229210
v 0.494465 0.100000 -0.226183
v 0.494710 0.100000 -0.223088
v 0.494857 0.100000 -0.219924
v 0.494906 0.100000 -0.216693
v 0.494906 0.100000 -0.198668
v 0.494873 0.100000 -0.195960
v 0.494775 0.100000 -0.193323
v 0.494612 0.100000 -0.190757
v 0.494383 0.100000 -0.188262
v 0.494090 0.100000 -0.185837
v 0.493730 0.100000 -0.183484
v 0.493306 0.100000 -0.181200
v 0.492816 0.100000 -0.178988
v 0.492261 0.100000 -0.176847
v 0.491641 0.100000 -0.174776
v 0.490955 0.100000 -0.172776
v 0.490204 0.100000 -0.170846
v 0.489366 0.100000 -0.168993
v 0.488419 0.100000 -0.167222
v 0.487363 0.100000 -0.165532
v 0.486198 0.100000 -0.163924
v 0.484925 0.100000 -0.162397
v 0.483542 0.100000 -0.160952
v 0.482051 0.100000 -0.159589
v 0.480451 0.100000 -0.158307
v 0.478742 0.100000 -0.157107
v 0.476924 0.100000 -0.155989
v 0.474998 0.100000 -0.154952
v 0.472962 0.100000 -0.153997
v 0.476494 0.100000 -0.153518
v 0.479907 0.100000 -0.152865
v 0.483199 0.100000 -0.152038
v 0.486372 0.100000 -0.151036
v 0.489426 0.100000 -0.149861
v 0.492359 0.100000 -0.148511
v 0.495173 0.100000 -0.146987
v 0.497867 0.100000 -0.145289
v 0.500441 0.100000 -0.143417
v 0.502895 0.100000 -0.141371
v 0.505230 0.100000 -0.139150
v 0.507445 0.100000 -0.136755
v 0.509510 0.100000 -0.134206
v 0.511396 0.100000 -0.131520
v 0.513102 0.100000 -0.128698
v 0.514629 0.100000 -0.125740
v 0.515976 0.100000 -0.122646
v 0.517143 0.100000 -0.119416
v 0.518131 0.100000 -0.116050
v 0.518939 0.100000 -0.112548
v 0.519568 0.100000 -0.108910
v 0.520017 0.100000 -0.105135
v 0.520286 0.100000 -0.101225
v 0.520376 0.100000 -0.097179
v 0.520376 0.100000 -0.014107
v 0.520278 0.100000 -0.011853
v 0.519984 0.100000 -0.009796
v 0.519494 0.100000 -0.007935
v 0.518809 0.100000 -0.006270
v 0.517927 0.100000 -0.004800
v 0.516849 0.100000 -0.003527
v 0.515576 0.100000 -0.002449
v 0.514107 0.100000 -0.001567
v 0.512441 0.100000 -0.000882
v 0.510580 0.100000 -0.000392
v 0.508523 0.100000 -0.000098
v 0.506270 0.100000 0.000000
v 0.445533 0.100000 0.000000
v 0.443280 0.100000 -0.000098
v 0.441223 0.100000 -0.000392
v 0.439361 0.100000 -0.000882
v 0.437696 0.100000 -0.001567
v 0.436226 0.100000 -0.002449
v 0.434953 0.100000 -0.003527
v 0.433875 0.100000 -0.004800
v 0.432994 0.100000 -0.006270
v 0.432308 0.100000 -0.007935
v 0.431818 0.100000 -0.009796
v 0.431524 0.100000 -0.011853
v 0.431426 0.100000 -0.014107
v 0.431426 0.100000 -0.074060
v 0.431403 0.100000 -0.075526
v 0.431334 0.100000 -0.076922
v 0.431218 0.100000 -0.078247
v 0.431056 0.100000 -0.079502
v 0.430848 0.100000 -0.080686
v 0.430594 0.100000 -0.081799
v 0.430293 0.100000 -0.082841
v 0.429946 0.100000 -0.083812
v 0.429553 0.100000 -0.084713
v 0.429113 0.100000 -0.085543
v 0.428628 0.100000 -0.086302
v 0.428096 0.100000 -0.086991
v 0.427506 0.100000 -0.087616
v 0.426849 0.100000 -0.088188
v 0.426124 0.100000 -0.088705
v 0.425331 0.100000 -0.089168
v 0.424470 0.100000 -0.089576
v 0.423540 0.100000 -0.089929
v 0.422543 0.100000 -0.090229
v 0.421478 0.100000 -0.090474
v 0.420344 0.100000 -0.090664
v 0.419143 0.100000 -0.090800
v 0.417873 0.100000 -0.090882
v 0.416536 0.100000 -0.090909
v 0.361677 0.100000 -0.090909
v 0.391066 0.100000 -0.211599
v 0.361677 0.100000 -0.211599
v 0.361677 0.100000 -0.161442
v 0.391066 0.100000 -0.161442
v 0.392718 0.100000 -0.161479
v 0.394277 0.100000 -0.161589
v 0.395744 0.100000 -0.161773
v 0.397118 0.100000 -0.162030
v 0.398399 0.100000 -0.162360
v 0.399589 0.100000 -0.162764
v 0.400685 0.100000 -0.163242
v 0.401689 0.100000 -0.163793
v 0.402601 0.100000 -0.164418
v 0.403420 0.100000 -0.165116
v 0.404147 0.100000 -0.165887
v 0.404781 0.100000 -0.166732
v 0.405344 0.100000 -0.167631
v 0.405858 0.100000 -0.168566
v 0.406323 0.100000 -0.169536
v 0.406740 0.100000 -0.170542
v 0.407107 0.100000 -0.171582
v 0.407426 0.100000 -0.172659
v 0.407695 0.100000 -0.173770
v 0.407915 0.100000 -0.174917
v 0.408087 0.100000 -0.176100
v 0.408209 0.100000 -0.177317
v 0.408283 0.100000 -0.178570
v 0.408307 0.100000 -0.179859
v 0.408307 0.100000 -0.193182
v 0.408283 0.100000 -0.194470
v 0.408209 0.100000 -0.195723
v 0.408087 0.100000 -0.196941
v 0.407915 0.100000 -0.198123
v 0.407695 0.100000 -0.199270
v 0.407426 0.100000 -0.200382
v 0.407107 0.100000 -0.201458
v 0.406740 0.100000 -0.202499
v 0.406323 0.100000 -0.203505
v 0.405858 0.100000 -0.204475
v 0.405344 0.100000 -0.205409
v 0.404781 0.100000 -0.206309
v 0.404147 0.100000 -0.207154
v 0.403420 0.100000 -0.207925
v 0.402601 0.100000 -0.208623
v 0.401689 0.100000 -0.209248
v 0.400685 0.100000 -0.209799
v 0.399589 0.100000 -0.210276
v 0.398399 0.100000 -0.210680
v 0.397118 0.100000 -0.211011
v 0.395744 0.100000 -0.211268
v 0.394277 0.100000 -0.211452
v 0.392718 0.100000 -0.211562
v 0.228840 0.100000 -0.014107
v 0.228742 0.100000 -0.011853
v 0.228448 0.100000 -0.009796
v 0.227958 0.100000 -0.007935
v 0.227273 0.100000 -0.006270
v 0.226391 0.100000 -0.004800
v 0.225313 0.100000 -0.003527
v 0.224040 0.100000 -0.002449
v 0.222571 0.100000 -0.001567
v 0.220905 0.100000 -0.000882
v 0.219044 0.100000 -0.000392
v 0.216987 0.100000 -0.000098
v 0.214734 0.100000 0.000000
v 0.119122 0.100000 0.000000
v 0.111073 0.100000 -0.000136
v 0.103383 0.100000 -0.000544
v 0.096052 0.100000 -0.001225
v 0.089080 0.100000 -0.002177
v 0.082468 0.100000 -0.003401
v 0.076215 0.100000 -0.004898
v 0.070321 0.100000 -0.006667
v 0.064786 0.100000 -0.008708
v 0.059610 0.100000 -0.011021
v 0.054794 0.100000 -0.013606
v 0.050336 0.100000 -0.016463
v 0.046238 0.100000 -0.019592
v 0.042483 0.100000 -0.023005
v 0.039054 0.100000 -0.026711
v 0.035952 0.100000 -0.030711
v 0.033177 0.100000 -0.035005
v 0.030728 0.100000 -0.039593
v 0.028605 0.100000 -0.044475
v 0.026809 0.100000 -0.049651
v 0.025340 0.100000 -0.055120
v 0.024197 0.100000 -0.060884
v 0.023380 0.100000 -0.066941
v 0.022891 0.100000 -0.073292
v 0.022727 0.100000 -0.079937
v 0.022727 0.100000 -0.201803
v 0.022891 0.100000 -0.208510
v 0.023380 0.100000 -0.214919
v 0.024197 0.100000 -0.221028
v 0.025340 0.100000 -0.226837
v 0.026809 0.100000 -0.232348
v 0.028605 0.100000 -0.237559
v 0.030728 0.100000 -0.242471
v 0.033177 0.100000 -0.247083
v 0.035952 0.100000 -0.251396
v 0.039054 0.100000 -0.255410
v 0.042483 0.100000 -0.259124
v 0.046238 0.100000 -0.262539
v 0.050336 0.100000 -0.265669
v 0.054794 0.100000 -0.268526
v 0.059610 0.100000 -0.271111
v 0.064786 0.100000 -0.273424
v 0.070321 0.100000 -0.275465
v 0.076215 0.100000 -0.277234
v 0.082468 0.100000 -0.278730
v 0.089080 0.100000 -0.279955
v 0.096052 0.100000 -0.280907
v 0.103383 0.100000 -0.281587
v 0.111073 0.100000 -0.281996
v 0.119122 0.100000 -0.282132
v 0.214734 0.100000 -0.282132
v 0.216987 0.100000 -0.282034
v 0.219044 0.100000 -0.281740
v 0.220905 0.100000 -0.281250
v 0.222571 0.100000 -0.280564
v 0.224040 0.100000 -0.279683
v 0.225313 0.100000 -0.278605
v 0.226391 0.100000 -0.277332
v 0.227273 0.100000 -0.275862
v 0.227958 0.100000 -0.274197
v 0.228448 0.100000 -0.272335
v 0.228742 0.100000 -0.270278
v 0.228840 0.100000 -0.268025
v 0.228840 0.100000 -0.220611
v 0.228742 0.100000 -0.218358
v 0.228448 0.100000 -0.216301
v 0.227958 0.100000 -0.214440
v 0.227273 0.100000 -0.212774
v 0.226391 0.100000 -0.211305
v 0.225313 0.100000 -0.210031
v 0.224040 0.100000 -0.208954
v 0.222571 0.100000 -0.208072
v 0.220905 0.100000 -0.207386
v 0.219044 0.100000 -0.206897
v 0.216987 0.100000 -0.206603
v 0.214734 0.100000 -0.206505
v 0.135972 0.100000 -0.206505
v 0.132154 0.100000 -0.206369
v 0.128668 0.100000 -0.205960
v 0.125514 0.100000 -0.205280
v 0.122692 0.100000 -0.204328
v 0.120203 0.100000 -0.203103
v 0.118045 0.100000 -0.201607
v 0.116219 0.100000 -0.199838
v 0.114725 0.100000 -0.197797
v 0.113563 0.100000 -0.195484
v 0.112733 0.100000 -0.192899
v 0.112235 0.100000 -0.190042
v 0.112069 0.100000 -0.186912
v 0.112069 0.100000 -0.093652
v 0.112235 0.100000 -0.090648
v 0.112733 0.100000 -0.087905
v 0.113563 0.100000 -0.085423
v 0.114725 0.100000 -0.083203
v 0.116219 0.100000 -0.081243
v 0.118045 0.100000 -0.079545
v 0.120203 0.100000 -0.078109
v 0.122692 0.100000 -0.076933
v 0.125514 0.100000 -0.076019
v 0.128668 0.100000 -0.075366
v 0.132154 0.100000 -0.074974
v 0.135972 0.100000 -0.074843
v 0.214734 0.100000 -0.074843
v 0.216987 0.100000 -0.074745
v 0.219044 0.100000 -0.074451
v 0.220905 0.100000 -0.073962
v 0.222571 0.100000 -0.073276
v 0.224040 0.100000 -0.072394
v 0.225313 0.100000 -0.071317
v 0.226391 0.100000 -0.070043
v 0.227273 0.100000 -0.068574
v 0.227958 0.100000 -0.066908
v 0.228448 0.100000 -0.065047
v 0.228742 0.100000 -0.062990
v 0.228840 0.100000 -0.060737
v 1.497257 -0.100000 -0.014107
v 1.497159 -0.100000 -0.011853
v 1.496865 -0.100000 -0.009796
v 1.496375 -0.100000 -0.007935
v 1.495690 -0.100000 -0.006270
v 1.494808 -0.100000 -0.004800
v 1.493731 -0.100000 -0.003527
v 1.492457 -0.100000 -0.002449
v 1.490988 -0.100000 -0.001567
v 1.489322 -0.100000 -0.000882
v 1.487461 -0.100000 -0.000392
v 1.485404 -0.100000 -0.000098
v 1.483150 -0.100000 0.000000
v 1.419671 -0.100000 0.000000
v 1.417418 -0.100000 -0.000098
v 1.415361 -0.100000 -0.000392
v 1.413499 -0.100000 -0.000882
v 1.411834 -0.100000 -0.001567
v 1.410364 -0.100000 -0.002449
v 1.409091 -0.100000 -0.003527
v 1.408013 -0.100000 -0.004800
v 1.407132 -0.100000 -0.006270
v 1.406446 -0.100000 -0.007935
v 1.405956 -0.100000 -0.009796
v 1.405662 -0.100000 -0.011853
v 1.405564 -0.100000 -0.014107
v 1.405564 -0.100000 -0.206505
v 1.347962 -0.100000 -0.206505
v 1.345709 -0.100000 -0.206603
v 1.343652 -0.100000 -0.206897
v 1.341791 -0.100000 -0.207386
v 1.340125 -0.100000 -0.208072
v 1.338656 -0.100000 -0.208954
v 1.337382 -0.100000 -0.210031
v 1.336305 -0.100000 -0.211305
v 1.335423 -0.100000 -0.212774
v 1.334738 -0.100000 -0.214440
v 1.334248 -0.100000 -0.216301
v 1.333954 -0.100000 -0.218358
v 1.333856 -0.100000 -0.220611
v 1.333856 -0.100000 -0.268025
v 1.333954 -0.100000 -0.270278
v 1.334248 -0.100000 -0.272335
v 1.334738 -0.100000 -0.274197
v 1.335423 -0.100000 -0.275862
v 1.336305 -0.100000 -0.277331
v 1.337382 -0.100000 -0.278605
v 1.338656 -0.100000 -0.279683
v 1.340125 -0.100000 -0.280564
v 1.341791 -0.100000 -0.281250
v 1.343652 -0.100000 -0.281740
v 1.345709 -0.100000 -0.282034
v 1.347962 -0.100000 -0.282132
v 1.554859 -0.100000 -0.282132
v 1.557112 -0.100000 -0.282034
v 1.559169 -0.100000 -0.281740
v 1.561031 -0.100000 -0.281250
v 1.562696 -0.100000 -0.280564
v 1.564165 -0.100000 -0.279683
v 1.565439 -0.100000 -0.278605
v 1.566516 -0.100000 -0.277332
v 1.567398 -0.100000 -0.275862
v 1.568084 -0.100000 -0.274197
v 1.568574 -0.100000 -0.272335
v 1.568867 -0.100000 -0.270278
v 1.568966 -0.100000 -0.268025
v 1.568966 -0.100000 -0.220611
v 1.568868 -0.100000 -0.218358
v 1.568574 -0.100000 -0.216301
v 1.568084 -0.100000 -0.214440
v 1.567398 -0.100000 -0.212774
v 1.566517 -0.100000 -0.211305
v 1.565439 -0.100000 -0.210031
v 1.564165 -0.100000 -0.208954
v 1.562696 -0.100000 -0.208072
v 1.561031 -0.100000 -0.207386
v 1.559170 -0.100000 -0.206897
v 1.557112 -0.100000 -0.206603
v 1.554859 -0.100000 -0.206505
v 1.497257 -0.100000 -0.206505
v 1.287618 -0.100000 0.000000
v 1.120690 -0.100000 0.000000
v 1.118437 -0.100000 -0.000098
v 1.116379 -0.100000 -0.000392
v 1.114518 -0.100000 -0.000882
v 1.112853 -0.100000 -0.001567
v 1.111383 -0.100000 -0.002449
v 1.110110 -0.100000 -0.003527
v 1.109032 -0.100000 -0.004800
v 1.108151 -0.100000 -0.006270
v 1.107465 -0.100000 -0.007935
v 1.106975 -0.100000 -0.009796
v 1.106681 -0.100000 -0.011853
v 1.106583 -0.100000 -0.014107
v 1.106583 -0.100000 -0.060737
v 1.106681 -0.100000 -0.062990
v 1.106975 -0.100000 -0.065047
v 1.107465 -0.100000 -0.066908
v 1.108150 -0.100000 -0.068574
v 1.109032 -0.100000 -0.070043
v 1.110110 -0.100000 -0.071317
v 1.111383 -0.100000 -0.072394
v 1.112853 -0.100000 -0.073276
v 1.114518 -0.100000 -0.073962
v 1.116379 -0.100000 -0.074451
v 1.118436 -0.100000 -0.074745
v 1.120690 -0.100000 -0.074843
v 1.159483 -0.100000 -0.074843
v 1.159483 -0.100000 -0.206505
v 1.120690 -0.100000 -0.206505
v 1.118437 -0.100000 -0.206603
v 1.116379 -0.100000 -0.206897
v 1.114518 -0.100000 -0.207386
v 1.112853 -0.100000 -0.208072
v 1.111383 -0.100000 -0.208954
v 1.110110 -0.100000 -0.210031
v 1.109032 -0.100000 -0.211305
v 1.108151 -0.100000 -0.212774
v 1.107465 -0.100000 -0.214440
v 1.106975 -0.100000 -0.216301
v 1.106681 -0.100000 -0.218358
v 1.106583 -0.100000 -0.220611
v 1.106583 -0.100000 -0.268025
v 1.106681 -0.100000 -0.270278
v 1.106975 -0.100000 -0.272335
v 1.107465 -0.100000 -0.274197
v 1.108150 -0.100000 -0.275862
v 1.109032 -0.100000 -0.277331
v 1.110110 -0.100000 -0.278605
v 1.111383 -0.100000 -0.279683
v 1.112853 -0.100000 -0.280564
v 1.114518 -0.100000 -0.281250
v 1.116379 -0.100000 -0.281740
v 1.118436 -0.100000 -0.282034
v 1.120690 -0.100000 -0.282132
v 1.287618 -0.100000 -0.282132
v 1.289871 -0.100000 -0.282034
v 1.291928 -0.100000 -0.281740
v 1.293789 -0.100000 -0.281250
v 1.295455 -0.100000 -0.280564
v 1.296924 -0.100000 -0.279683
v 1.298198 -0.100000 -0.278605
v 1.299275 -0.100000 -0.277332
v 1.300157 -0.100000 -0.275862
v 1.300843 -0.100000 -0.274197
v 1.301332 -0.100000 -0.272335
v 1.301626 -0.100000 -0.270278
v 1.301724 -0.100000 -0.268025
v 1.301724 -0.100000 -0.220611
v 1.301626 -0.100000 -0.218358
v 1.301332 -0.100000 -0.216301
v 1.300843 -0.100000 -0.214440
v 1.300157 -0.100000 -0.212774
v 1.299275 -0.100000 -0.211305
v 1.298198 -0.100000 -0.210031
v 1.296924 -0.100000 -0.208954
v 1.295455 -0.100000 -0.208072
v 1.293789 -0.100000 -0.207386
v 1.291928 -0.100000 -0.206897
v 1.289871 -0.100000 -0.206603
v 1.287618 -0.100000 -0.206505
v 1.249608 -0.100000 -0.206505
v 1.249608 -0.100000 -0.074843
v 1.287618 -0.100000 -0.074843
v 1.289871 -0.100000 -0.074745
v 1.291928 -0.100000 -0.074451
v 1.293789 -0.100000 -0.073962
v 1.295455 -0.100000 -0.073276
v 1.296924 -0.100000 -0.072394
v 1.298198 -0.100000 -0.071317
v 1.299275 -0.100000 -0.070043
v 1.300157 -0.100000 -0.068574
v 1.300843 -0.100000 -0.066908
v 1.301332 -0.100000 -0.065047
v 1.301626 -0.100000 -0.062990
v 1.301724 -0.100000 -0.060737
v 1.301724 -0.100000 -0.014107
v 1.301626 -0.100000 -0.011853
v 1.301332 -0.100000 -0.009796
v 1.300843 -0.100000 -0.007935
v 1.300157 -0.100000 -0.006270
v 1.299275 -0.100000 -0.004800
v 1.298198 -0.100000 -0.003527
v 1.296924 -0.100000 -0.002449
v 1.295455 -0.100000 -0.001567
v 1.293789 -0.100000 -0.000882
v 1.291928 -0.100000 -0.000392
v 1.289871 -0.100000 -0.000098
v 1.039577 -0.100000 -0.019592
v 1.035479 -0.100000 -0.016463
v 1.031021 -0.100000 -0.013606
v 1.026205 -0.100000 -0.011021
v 1.021029 -0.100000 -0.008708
v 1.015494 -0.100000 -0.006667
v 1.009600 -0.100000 -0.004898
v 1.003347 -0.100000 -0.003401
v 0.996735 -0.100000 -0.002177
v 0.989763 -0.100000 -0.001225
v 0.982432 -0.100000 -0.000544
v 0.974742 -0.100000 -0.000136
v 0.966693 -0.100000 0.000000
v 0.834639 -0.100000 0.000000
v 0.832386 -0.100000 -0.000098
v 0.830329 -0.100000 -0.000392
v 0.828468 -0.100000 -0.000882
v 0.826803 -0.100000 -0.001567
v 0.825333 -0.100000 -0.002449
v 0.824060 -0.100000 -0.003527
v 0.822982 -0.100000 -0.004800
v 0.822100 -0.100000 -0.006270
v 0.821415 -0.100000 -0.007935
v 0.820925 -0.100000 -0.009796
v 0.820631 -0.100000 -0.011853
v 0.820533 -0.100000 -0.014107
v 0.820533 -0.100000 -0.268025
v 0.820631 -0.100000 -0.270278
v 0.820925 -0.100000 -0.272335
v 0.821415 -0.100000 -0.274197
v 0.822100 -0.100000 -0.275862
v 0.822982 -0.100000 -0.277331
v 0.824060 -0.100000 -0.278605
v 0.825333 -0.100000 -0.279683
v 0.826803 -0.100000 -0.280564
v 0.828468 -0.100000 -0.281250
v 0.830329 -0.100000 -0.281740
v 0.832386 -0.100000 -0.282034
v 0.834639 -0.100000 -0.282132
v 0.966693 -0.100000 -0.282132
v 0.974742 -0.100000 -0.281996
v 0.982432 -0.100000 -0.281587
v 0.989763 -0.100000 -0.280907
v 0.996735 -0.100000 -0.279955
v 1.003347 -0.100000 -0.278730
v 1.009600 -0.100000 -0.277234
v 1.015494 -0.100000 -0.275465
v 1.021029 -0.100000 -0.273424
v 1.026205 -0.100000 -0.271111
v 1.031021 -0.100000 -0.268526
v 1.035479 -0.100000 -0.265669
v 1.039577 -0.100000 -0.262539
v 1.043332 -0.100000 -0.259127
v 1.046761 -0.100000 -0.255421
v 1.049863 -0.100000 -0.251420
v 1.052638 -0.100000 -0.247126
v 1.055087 -0.100000 -0.242539
v 1.057210 -0.100000 -0.237657
v 1.059006 -0.100000 -0.232481
v 1.060475 -0.100000 -0.227011
v 1.061618 -0.100000 -0.221248
v 1.062435 -0.100000 -0.215191
v 1.062924 -0.100000 -0.208839
v 1.063088 -0.100000 -0.202194
v 1.063088 -0.100000 -0.079937
v 1.062924 -0.100000 -0.073292
v 1.062435 -0.100000 -0.066941
v 1.061618 -0.100000 -0.060884
v 1.060475 -0.100000 -0.055120
v 1.059006 -0.100000 -0.049651
v 1.057210 -0.100000 -0.044475
v 1.055087 -0.100000 -0.039593
v 1.052638 -0.100000 -0.035005
v 1.049863 -0.100000 -0.030711
v 1.046761 -0.100000 -0.026711
v 1.043332 -0.100000 -0.023005
v 0.956113 -0.100000 -0.207288
v 0.909483 -0.100000 -0.207288
v 0.909483 -0.100000 -0.074060
v 0.956113 -0.100000 -0.074060
v 0.959054 -0.100000 -0.074193
v 0.961740 -0.100000 -0.074593
v 0.964170 -0.100000 -0.075260
v 0.966344 -0.100000 -0.076193
v 0.968263 -0.100000 -0.077393
v 0.969926 -0.100000 -0.078860
v 0.971332 -0.100000 -0.080593
v 0.972483 -0.100000 -0.082593
v 0.973379 -0.100000 -0.084860
v 0.974018 -0.100000 -0.087393
v 0.974402 -0.100000 -0.090193
v 0.974530 -0.100000 -0.093260
v 0.974530 -0.100000 -0.188480
v 0.974402 -0.100000 -0.191484
v 0.974018 -0.100000 -0.194227
v 0.973379 -0.100000 -0.196708
v 0.972484 -0.100000 -0.198929
v 0.971332 -0.100000 -0.200888
v 0.969926 -0.100000 -0.202586
v 0.968263 -0.100000 -0.204023
v 0.966345 -0.100000 -0.205199
v 0.964170 -0.100000 -0.206113
v 0.961740 -0.100000 -0.206766
v 0.959055 -0.100000 -0.207158
v 0.774295 -0.100000 -0.014107
v 0.774197 -0.100000 -0.011853
v 0.773903 -0.100000 -0.009796
v 0.773413 -0.100000 -0.007935
v 0.772727 -0.100000 -0.006270
v 0.771846 -0.100000 -0.004800
v 0.770768 -0.100000 -0.003527
v 0.769494 -0.100000 -0.002449
v 0.768025 -0.100000 -0.001567
v 0.766360 -0.100000 -0.000882
v 0.764498 -0.100000 -0.000392
v 0.762441 -0.100000 -0.000098
v 0.760188 -0.100000 0.000000
v 0.578370 -0.100000 0.000000
v 0.576117 -0.100000 -0.000098
v 0.574060 -0.100000 -0.000392
v 0.572198 -0.100000 -0.000882
v 0.570533 -0.100000 -0.001567
v 0.569064 -0.100000 -0.002449
v 0.567790 -0.100000 -0.003527
v 0.566712 -0.100000 -0.004800
v 0.565831 -0.100000 -0.006270
v 0.565145 -0.100000 -0.007935
v 0.564655 -0.100000 -0.009796
v 0.564361 -0.100000 -0.011853
v 0.564263 -0.100000 -0.014107
v 0.564263 -0.100000 -0.268025
v 0.564361 -0.100000 -0.270278
v 0.564655 -0.100000 -0.272335
v 0.565145 -0.100000 -0.274197
v 0.565831 -0.100000 -0.275862
v 0.566712 -0.100000 -0.277331
v 0.567790 -0.100000 -0.278605
v 0.569064 -0.100000 -0.279683
v 0.570533 -0.100000 -0.280564
v 0.572198 -0.100000 -0.281250
v 0.574060 -0.100000 -0.281740
v 0.576117 -0.100000 -0.282034
v 0.578370 -0.100000 -0.282132
v 0.760188 -0.100000 -0.282132
v 0.762441 -0.100000 -0.282034
v 0.764498 -0.100000 -0.281740
v 0.766360 -0.100000 -0.281250
v 0.768025 -0.100000 -0.280564
v 0.769494 -0.100000 -0.279683
v 0.770768 -0.100000 -0.278605
v 0.771846 -0.100000 -0.277332
v 0.772727 -0.100000 -0.275862
v 0.773413 -0.100000 -0.274197
v 0.773903 -0.100000 -0.272335
v 0.774197 -0.100000 -0.270278
v 0.774295 -0.100000 -0.268025
v 0.774295 -0.100000 -0.222179
v 0.774197 -0.100000 -0.219926
v 0.773903 -0.100000 -0.217868
v 0.773413 -0.100000 -0.216007
v 0.772727 -0.100000 -0.214342
v 0.771846 -0.100000 -0.212872
v 0.770768 -0.100000 -0.211599
v 0.769494 -0.100000 -0.210521
v 0.768025 -0.100000 -0.209639
v 0.766360 -0.100000 -0.208954
v 0.764498 -0.100000 -0.208464
v 0.762441 -0.100000 -0.208170
v 0.760188 -0.100000 -0.208072
v 0.652038 -0.100000 -0.208072
v 0.652038 -0.100000 -0.177900
v 0.728448 -0.100000 -0.177900
v 0.730701 -0.100000 -0.177802
v 0.732759 -0.100000 -0.177508
v 0.734620 -0.100000 -0.177018
v 0.736285 -0.100000 -0.176332
v 0.737755 -0.100000 -0.175451
v 0.739028 -0.100000 -0.174373
v 0.740106 -0.100000 -0.173100
v 0.740987 -0.100000 -0.171630
v 0.741673 -0.100000 -0.169965
v 0.742163 -0.100000 -0.168103
v 0.742457 -0.100000 -0.166046
v 0.742555 -0.100000 -0.163793
v 0.742555 -0.100000 -0.121865
v 0.742457 -0.100000 -0.119612
v 0.742163 -0.100000 -0.117555
v 0.741673 -0.100000 -0.115694
v 0.740987 -0.100000 -0.114028
v 0.740106 -0.100000 -0.112559
v 0.739028 -0.100000 -0.111285
v 0.737755 -0.100000 -0.110208
v 0.736285 -0.100000 -0.109326
v 0.734620 -0.100000 -0.108640
v 0.732759 -0.100000 -0.108150
v 0.730701 -0.100000 -0.107857
v 0.728448 -0.100000 -0.107759
v 0.652038 -0.100000 -0.107759
v 0.652038 -0.100000 -0.074060
v 0.760188 -0.100000 -0.074060
v 0.762441 -0.100000 -0.073962
v 0.764498 -0.100000 -0.073668
v 0.766360 -0.100000 -0.073178
v 0.768025 -0.100000 -0.072492
v 0.769494 -0.100000 -0.071611
v 0.770768 -0.100000 -0.070533
v 0.771846 -0.100000 -0.069259
v 0.772727 -0.100000 -0.067790
v 0.773413 -0.100000 -0.066125
v 0.773903 -0.100000 -0.064263
v 0.774197 -0.100000 -0.062206
v 0.774295 -0.100000 -0.059953
v 0.361677 -0.100000 -0.014107
v 0.361579 -0.100000 -0.011853
v 0.361285 -0.100000 -0.009796
v 0.360795 -0.100000 -0.007935
v 0.360110 -0.100000 -0.006270
v 0.359228 -0.100000 -0.004800
v 0.358150 -0.100000 -0.003527
v 0.356877 -0.100000 -0.002449
v 0.355408 -0.100000 -0.001567
v 0.353742 -0.100000 -0.000882
v 0.351881 -0.100000 -0.000392
v 0.349824 -0.100000 -0.000098
v 0.347571 -0.100000 0.000000
v 0.287226 -0.100000 0.000000
v 0.284973 -0.100000 -0.000098
v 0.282915 -0.100000 -0.000392
v 0.281054 -0.100000 -0.000882
v 0.279389 -0.100000 -0.001567
v 0.277919 -0.100000 -0.002449
v 0.276646 -0.100000 -0.003527
v 0.275568 -0.100000 -0.004800
v 0.274687 -0.100000 -0.006270
v 0.274001 -0.100000 -0.007935
v 0.273511 -0.100000 -0.009796
v 0.273217 -0.100000 -0.011853
v 0.273119 -0.100000 -0.014107
v 0.273119 -0.100000 -0.268025
v 0.273217 -0.100000 -0.270278
v 0.273511 -0.100000 -0.272335
v 0.274001 -0.100000 -0.274197
v 0.274686 -0.100000 -0.275862
v 0.275568 -0.100000 -0.277331
v 0.276646 -0.100000 -0.278605
v 0.277919 -0.100000 -0.279683
v 0.279389 -0.100000 -0.280564
v 0.281054 -0.100000 -0.281250
v 0.282915 -0.100000 -0.281740
v 0.284973 -0.100000 -0.282034
v 0.287226 -0.100000 -0.282132
v 0.417712 -0.100000 -0.282132
v 0.422523 -0.100000 -0.282075
v 0.427160 -0.100000 -0.281903
v 0.431622 -0.100000 -0.281617
v 0.435911 -0.100000 -0.281217
v 0.440025 -0.100000 -0.280703
v 0.443965 -0.100000 -0.280074
v 0.447732 -0.100000 -0.279332
v 0.451324 -0.100000 -0.278474
v 0.454741 -0.100000 -0.277503
v 0.457985 -0.100000 -0.276417
v 0.461055 -0.100000 -0.275217
v 0.463950 -0.100000 -0.273903
v 0.466690 -0.100000 -0.272486
v 0.469294 -0.100000 -0.270980
v 0.471762 -0.100000 -0.269384
v 0.474094 -0.100000 -0.267698
v 0.476290 -0.100000 -0.265923
v 0.478350 -0.100000 -0.264058
v 0.480274 -0.100000 -0.262102
v 0.482062 -0.100000 -0.260057
v 0.483714 -0.100000 -0.257923
v 0.485229 -0.100000 -0.255698
v 0.486609 -0.100000 -0.253384
v 0.487853 -0.100000 -0.250980
v 0.488979 -0.100000 -0.248497
v 0.490008 -0.100000 -0.245945
v 0.490938 -0.100000 -0.243326
v 0.491771 -0.100000 -0.240639
v 0.492506 -0.100000 -0.237884
v 0.493143 -0.100000 -0.235061
v 0.493681 -0.100000 -0.232169
v 0.494122 -0.100000 -0.229210
v 0.494465 -0.100000 -0.226183
v 0.494710 -0.100000 -0.223088
v 0.494857 -0.100000 -0.219924
v 0.494906 -0.100000 -0.216693
v 0.494906 -0.100000 -0.198668
v 0.494873 -0.100000 -0.195960
v 0.494775 -0.100000 -0.193323
v 0.494612 -0.100000 -0.190757
v 0.494383 -0.100000 -0.188262
v 0.494090 -0.100000 -0.185837
v 0.493730 -0.100000 -0.183484
v 0.493306 -0.100000 -0.181200
v 0.492816 -0.100000 -0.178988
v 0.492261 -0.100000 -0.176847
v 0.491641 -0.100000 -0.174776
v 0.490955 -0.100000 -0.172776
v 0.490204 -0.100000 -0.170846
v 0.489366 -0.100000 -0.168993
v 0.488419 -0.100000 -0.167222
v 0.487363 -0.100000 -0.165532
v 0.486198 -0.100000 -0.163924
v 0.484925 -0.100000 -0.162397
v 0.483542 -0.100000 -0.160952
v 0.482051 -0.100000 -0.159589
v 0.480451 -0.100000 -0.158307
v 0.478742 -0.100000 -0.157107
v 0.476924 -0.100000 -0.155989
v 0.474998 -0.100000 -0.154952
v 0.472962 -0.100000 -0.153997
v 0.476494 -0.100000 -0.153518
v 0.479907 -0.100000 -0.152865
v 0.483199 -0.100000 -0.152038
v 0.486372 -0.100000 -0.151036
v 0.489426 -0.100000 -0.149861
v 0.492359 -0.100000 -0.148511
v 0.495173 -0.100000 -0.146987
v 0.497867 -0.100000 -0.145289
v 0.500441 -0.100000 -0.143417
v 0.502895 -0.100000 -0.141371
v 0.505230 -0.100000 -0.139150
v 0.507445 -0.100000 -0.136755
v 0.509510 -0.100000 -0.134206
v 0.511396 -0.100000 -0.131520
v 0.513102 -0.100000 -0.128698
v 0.514629 -0.100000 -0.125740
v 0.515976 -0.100000 -0.122646
v 0.517143 -0.100000 -0.119416
v 0.518131 -0.100000 -0.116050
v 0.518939 -0.100000 -0.112548
v 0.519568 -0.100000 -0.108910
v 0.520017 -0.100000 -0.105135
v 0.520286 -0.100000 -0.101225
v 0.520376 -0.100000 -0.097179
v 0.520376 -0.100000 -0.014107
v 0.520278 -0.100000 -0.011853
v 0.519984 -0.100000 -0.009796
v 0.519494 -0.100000 -0.007935
v 0.518809 -0.100000 -0.006270
v 0.517927 -0.100000 -0.004800
v 0.516849 -0.100000 -0.003527
v 0.515576 -0.100000 -0.002449
v 0.514107 -0.100000 -0.001567
v 0.512441 -0.100000 -0.000882
v 0.510580 -0.100000 -0.000392
v 0.508523 -0.100000 -0.000098
v 0.506270 -0.100000 0.000000
v 0.445533 -0.100000 0.000000
v 0.443280 -0.100000 -0.000098
v 0.441223 -0.100000 -0.000392
v 0.439361 -0.100000 -0.000882
v 0.437696 -0.100000 -0.001567
v 0.436226 -0.100000 -0.002449
v 0.434953 -0.100000 -0.003527
v 0.433875 -0.100000 -0.004800
v 0.432994 -0.100000 -0.006270
v 0.432308 -0.100000 -0.007935
v 0.431818 -0.100000 -0.009796
v 0.431524 -0.100000 -0.011853
v 0.431426 -0.100000 -0.014107
v 0.431426 -0.100000 -0.074060
v 0.431403 -0.100000 -0.075526
v 0.431334 -0.100000 -0.076922
v 0.431218 -0.100000 -0.078247
v 0.431056 -0.100000 -0.079502
v 0.430848 -0.100000 -0.080686
v 0.430594 -0.100000 -0.081799
v 0.430293 -0.100000 -0.082841
v 0.429946 -0.100000 -0.083812
v 0.429553 -0.100000 -0.084713
v 0.429113 -0.100000 -0.085543
v 0.428628 -0.100000 -0.086302
v 0.428096 -0.100000 -0.086991
v 0.427506 -0.100000 -0.087616
v 0.426849 -0.100000 -0.088188
v 0.426124 -0.100000 -0.088705
v 0.425331 -0.100000 -0.089168
v 0.424470 -0.100000 -0.089576
v 0.423540 -0.100000 -0.089929
v 0.422543 -0.100000 -0.090229
v 0.421478 -0.100000 -0.090474
v 0.420344 -0.100000 -0.090664
v 0.419143 -0.100000 -0.090800
v 0.417873 -0.100000 -0.090882
v 0.416536 -0.100000 -0.090909
v 0.361677 -0.100000 -0.090909
v 0.391066 -0.100000 -0.211599
v 0.361677 -0.100000 -0.211599
v 0.361677 -0.100000 -0.161442
v 0.391066 -0.100000 -0.161442
v 0.392718 -0.100000 -0.161479
v 0.394277 -0.100000 -0.161589
v 0.395744 -0.100000 -0.161773
v 0.397118 -0.100000 -0.162030
v 0.398399 -0.100000 -0.162360
v 0.399589 -0.100000 -0.162764
v 0.400685 -0.100000 -0.163242
v 0.401689 -0.100000 -0.163793
v 0.402601 -0.100000 -0.164418
v 0.403420 -0.100000 -0.165116
v 0.404147 -0.100000 -0.165887
v 0.404781 -0.100000 -0.166732
v 0.405344 -0.100000 -0.167631
v 0.405858 -0.100000 -0.168566
v 0.406323 -0.100000 -0.169536
v 0.406740 -0.100000 -0.170542
v 0.407107 -0.100000 -0.171582
v 0.407426 -0.100000 -0.172659
v 0.407695 -0.100000 -0.173770
v 0.407915 -0.100000 -0.174917
v 0.408087 -0.100000 -0.176100
v 0.408209 -0.100000 -0.177317
v 0.408283 -0.100000 -0.178570
v 0.408307 -0.100000 -0.179859
v 0.408307 -0.100000 -0.193182
v 0.408283 -0.100000 -0.194470
v 0.408209 -0.100000 -0.195723
v 0.408087 -0.100000 -0.196941
v 0.407915 -0.100000 -0.198123
v 0.407695 -0.100000 -0.199270
v 0.407426 -0.100000 -0.200382
v 0.407107 -0.100000 -0.201458
v 0.406740 -0.100000 -0.202499
v 0.406323 -0.100000 -0.203505
v 0.405858 -0.100000 -0.204475
v 0.405344 -0.100000 -0.205409
v 0.404781 -0.100000 -0.206309
v 0.404147 -0.100000 -0.207154
v 0.403420 -0.100000 -0.207925
v 0.402601 -0.100000 -0.208623
v 0.401689 -0.100000 -0.209248
v 0.400685 -0.100000 -0.209799
v 0.399589 -0.100000 -0.210276
v 0.398399 -0.100000 -0.210680
v 0.397118 -0.100000 -0.211011
v 0.395744 -0.100000 -0.211268
v 0.394277 -0.100000 -0.211452
v 0.392718 -0.100000 -0.211562
v 0.228840 -0.100000 -0.014107
v 0.228742 -0.100000 -0.011853
v 0.228448 -0.100000 -0.009796
v 0.227958 -0.100000 -0.007935
v 0.227273 -0.100000 -0.006270
v 0.226391 -0.100000 -0.004800
v 0.225313 -0.100000 -0.003527
v 0.224040 -0.100000 -0.002449
v 0.222571 -0.100000 -0.001567
v 0.220905 -0.100000 -0.000882
v 0.219044 -0.100000 -0.000392
v 0.216987 -0.100000 -0.000098
v 0.214734 -0.100000 0.000000
v 0.119122 -0.100000 0.000000
v 0.111073 -0.100000 -0.000136
v 0.103383 -0.100000 -0.000544
v 0.096052 -0.100000 -0.001225
v 0.089080 -0.100000 -0.002177
v 0.082468 -0.100000 -0.003401
v 0.076215 -0.100000 -0.004898
v 0.070321 -0.100000 -0.006667
v 0.064786 -0.100000 -0.008708
v 0.059610 -0.100000 -0.011021
v 0.054794 -0.100000 -0.013606
v 0.050336 -0.100000 -0.016463
v 0.046238 -0.100000 -0.019592
v 0.042483 -0.100000 -0.023005
v 0.039054 -0.100000 -0.026711
v 0.035952 -0.100000 -0.030711
v 0.033177 -0.100000 -0.035005
v 0.030728 -0.100000 -0.039593
v 0.028605 -0.100000 -0.044475
v 0.026809 -0.100000 -0.049651
v 0.025340 -0.100000 -0.055120
v 0.024197 -0.100000 -0.060884
v 0.023380 -0.100000 -0.066941
v 0.022891 -0.100000 -0.073292
v 0.022727 -0.100000 -0.079937
v 0.022727 -0.100000 -0.201803
v 0.022891 -0.100000 -0.208510
v 0.023380 -0.100000 -0.214919
v 0.024197 -0.100000 -0.221028
v 0.025340 -0.100000 -0.226837
v 0.026809 -0.100000 -0.232348
v 0.028605 -0.100000 -0.237559
v 0.030728 -0.100000 -0.242471
v 0.033177 -0.100000 -0.247083
v 0.035952 -0.100000 -0.251396
v 0.039054 -0.100000 -0.255410
v 0.042483 -0.100000 -0.259124
v 0.046238 -0.100000 -0.262539
v 0.050336 -0.100000 -0.265669
v 0.054794 -0.100000 -0.268526
v 0.059610 -0.100000 -0.271111
v 0.064786 -0.100000 -0.273424
v 0.070321 -0.100000 -0.275465
v 0.076215 -0.100000 -0.277234
v 0.082468 -0.100000 -0.278730
v 0.089080 -0.100000 -0.279955
v 0.096052 -0.100000 -0.280907
v 0.103383 -0.100000 -0.281587
v 0.111073 -0.100000 -0.281996
v 0.119122 -0.100000 -0.282132
v 0.214734 -0.100000 -0.282132
v 0.216987 -0.100000 -0.282034
v 0.219044 -0.100000 -0.281740
v 0.220905 -0.100000 -0.281250
v 0.222571 -0.100000 -0.280564
v 0.224040 -0.100000 -0.279683
v 0.225313 -0.100000 -0.278605
v 0.226391 -0.100000 -0.277332
v 0.227273 -0.100000 -0.275862
v 0.227958 -0.100000 -0.274197
v 0.228448 -0.100000 -0.272335
v 0.228742 -0.100000 -0.270278
v 0.228840 -0.100000 -0.268025
v 0.228840 -0.100000 -0.220611
v 0.228742 -0.100000 -0.218358
v 0.228448 -0.100000 -0.216301
v 0.227958 -0.100000 -0.214440
v 0.227273 -0.100000 -0.212774
v 0.226391 -0.100000 -0.211305
v 0.225313 -0.100000 -0.210031
v 0.224040 -0.100000 -0.208954
v 0.222571 -0.100000 -0.208072
v 0.220905 -0.100000 -0.207386
v 0.219044 -0.100000 -0.206897
v 0.216987 -0.100000 -0.206603
v 0.214734 -0.100000 -0.206505
v 0.135972 -0.100000 -0.206505
v 0.132154 -0.100000 -0.206369
v 0.128668 -0.100000 -0.205960
v 0.125514 -0.100000 -0.205280
v 0.122692 -0.100000 -0.204328
v 0.120203 -0.100000 -0.203103
v 0.118045 -0.100000 -0.201607
v 0.116219 -0.100000 -0.199838
v 0.114725 -0.100000 -0.197797
v 0.113563 -0.100000 -0.195484
v 0.112733 -0.100000 -0.192899
v 0.112235 -0.100000 -0.190042
v 0.112069 -0.100000 -0.186912
v 0.112069 -0.100000 -0.093652
v 0.112235 -0.100000 -0.090648
v 0.112733 -0.100000 -0.087905
v 0.113563 -0.100000 -0.085423
v 0.114725 -0.100000 -0.083203
v 0.116219 -0.100000 -0.081243
v 0.118045 -0.100000 -0.079545
v 0.120203 -0.100000 -0.078109
v 0.122692 -0.100000 -0.076933
v 0.125514 -0.100000 -0.076019
v 0.128668 -0.100000 -0.075366
v 0.132154 -0.100000 -0.074974
v 0.135972 -0.100000 -0.074843
v 0.214734 -0.100000 -0.074843
v 0.216987 -0.100000 -0.074745
v 0.219044 -0.100000 -0.074451
v 0.220905 -0.100000 -0.073962
v 0.222571 -0.100000 -0.073276
v 0.224040 -0.100000 -0.072394
v 0.225313 -0.100000 -0.071317
v 0.226391 -0.100000 -0.070043
v 0.227273 -0.100000 -0.068574
v 0.227958 -0.100000 -0.066908
v 0.228448 -0.100000 -0.065047
v 0.228742 -0.100000 -0.062990
v 0.228840 -0.100000 -0.060737
v 0.228840 -0.100000 -0.014107
v 0.228840 0.100000 -0.014107
v 0.228742 -0.100000 -0.011853
v 0.228742 0.100000 -0.011853
v 0.228448 -0.100000 -0.009796
v 0.228448 0.100000 -0.009796
v 0.227958 -0.100000 -0.007935
v 0.227958 0.100000 -0.007935
v 0.227273 -0.100000 -0.006270
v 0.227273 0.100000 -0.006270
v 0.226391 -0.100000 -0.004800
v 0.226391 0.100000 -0.004800
v 0.225313 -0.100000 -0.003527
v 0.225313 0.100000 -0.003527
v 0.224040 -0.100000 -0.002449
v 0.224040 0.100000 -0.002449
v 0.222571 -0.100000 -0.001567
v 0.222571 0.100000 -0.001567
v 0.220905 -0.100000 -0.000882
v 0.220905 0.100000 -0.000882
v 0.219044 -0.100000 -0.000392
v 0.219044 0.100000 -0.000392
v 0.216987 -0.100000 -0.000098
v 0.216987 0.100000 -0.000098
v 0.214734 -0.100000 0.000000
v 0.214734 0.100000 0.000000
v 0.119122 -0.100000 0.000000
v 0.119122 0.100000 0.000000
v 0.111073 -0.100000 -0.000136
v 0.111073 0.100000 -0.000136
v 0.103383 -0.100000 -0.000544
v 0.103383 0.100000 -0.000544
v 0.096052 -0.100000 -0.001225
v 0.096052 0.100000 -0.001225
v 0.089080 -0.100000 -0.002177
v 0.089080 0.100000 -0.002177
v 0.082468 -0.100000 -0.003401
v 0.082468 0.100000 -0.003401
v 0.076215 -0.100000 -0.004898
v 0.076215 0.100000 -0.004898
v 0.070321 -0.100000 -0.006667
v 0.070321 0.100000 -0.006667
v 0.064786 -0.100000 -0.008708
v 0.064786 0.100000 -0.008708
v 0.059610 -0.100000 -0.011021
v 0.059610 0.100000 -0.011021
v 0.054794 -0.100000 -0.013606
v 0.054794 0.100000 -0.013606
v 0.050336 -0.100000 -0.016463
v 0.050336 0.100000 -0.016463
v 0.046238 -0.100000 -0.019592
v 0.046238 0.100000 -0.019592
v 0.042483 -0.100000 -0.023005
v 0.042483 0.100000 -0.023005
v 0.039054 -0.100000 -0.026711
v 0.039054 0.100000 -0.026711
v 0.035952 -0.100000 -0.030711
v 0.035952 0.100000 -0.030711
v 0.033177 -0.100000 -0.035005
v 0.033177 0.100000 -0.035005
v 0.030728 -0.100000 -0.039593
v 0.030728 0.100000 -0.039593
v 0.028605 -0.100000 -0.044475
v 0.028605 0.100000 -0.044475
v 0.026809 -0.100000 -0.049651
v 0.026809 0.100000 -0.049651
v 0.025340 -0.100000 -0.055120
v 0.025340 0.100000 -0.055120
v 0.024197 -0.100000 -0.060884
v 0.024197 0.100000 -0.060884
v 0.023380 -0.100000 -0.066941
v 0.023380 0.100000 -0.066941
v 0.022891 -0.100000 -0.073292
v 0.022891 0.100000 -0.073292
v 0.022727 -0.100000 -0.079937
v 0.022727 0.100000 -0.079937
v 0.022727 -0.100000 -0.201803
v 0.022727 0.100000 -0.201803
v 0.022891 -0.100000 -0.208510
v 0.022891 0.100000 -0.208510
v 0.023380 -0.100000 -0.214919
v 0.023380 0.100000 -0.214919
v 0.024197 -0.100000 -0.221028
v 0.024197 0.100000 -0.221028
v 0.025340 -0.100000 -0.226837
v 0.025340 0.100000 -0.226837
v 0.026809 -0.100000 -0.232348
v 0.026809 0.100000 -0.232348
v 0.028605 -0.100000 -0.237559
v 0.028605 0.100000 -0.237559
v 0.030728 -0.100000 -0.242471
v 0.030728 0.100000 -0.242471
v 0.033177 -0.100000 -0.247083
v 0.033177 0.100000 -0.247083
v 0.035952 -0.100000 -0.251396
v 0.035952 0.100000 -0.251396
v 0.039054 -0.100000 -0.255410
v 0.039054 0.100000 -0.255410
v 0.042483 -0.100000 -0.259124
v 0.042483 0.100000 -0.259124
v 0.046238 -0.100000 -0.262539
v 0.046238 0.100000 -0.262539
v 0.050336 -0.100000 -0.265669
v 0.050336 0.100000 -0.265669
v 0.054794 -0.100000 -0.268526
v 0.054794 0.100000 -0.268526
v 0.059610 -0.100000 -0.271111
v 0.059610 0.100000 -0.271111
v 0.064786 -0.100000 -0.273424
v 0.064786 0.100000 -0.273424
v 0.070321 -0.100000 -0.275465
v 0.070321 0.100000 -0.275465
v 0.076215 -0.100000 -0.277234
v 0.076215 0.100000 -0.277234
v 0.082468 -0.100000 -0.278730
v 0.082468 0.100000 -0.278730
v 0.089080 -0.100000 -0.279955
v 0.089080 0.100000 -0.279955
v 0.096052 -0.100000 -0.280907
v 0.096052 0.100000 -0.280907
v 0.103383 -0.100000 -0.281587
v 0.103383 0.100000 -0.281587
v 0.111073 -0.100000 -0.281996
v 0.111073 0.100000 -0.281996
v 0.119122 -0.100000 -0.282132
v 0.119122 0.100000 -0.282132
v 0.214734 -0.100000 -0.282132
v 0.214734 0.100000 -0.282132
v 0.216987 -0.100000 -0.282034
v 0.216987 0.100000 -0.282034
v 0.219044 -0.100000 -0.281740
v 0.219044 0.100000 -0.281740
v 0.220905 -0.100000 -0.281250
v 0.220905 0.100000 -0.281250
v 0.222571 -0.100000 -0.280564
v 0.222571 0.100000 -0.280564
v 0.224040 -0.100000 -0.279683
v 0.224040 0.100000 -0.279683
v 0.225313 -0.100000 -0.278605
v 0.225313 0.100000 -0.278605
v 0.226391 -0.100000 -0.277332
v 0.226391 0.100000 -0.277332
v 0.227273 -0.100000 -0.275862
v 0.227273 0.100000 -0.275862
v 0.227958 -0.100000 -0.274197
v 0.227958 0.100000 -0.274197
v 0.228448 -0.100000 -0.272335
v 0.228448 0.100000 -0.272335
v 0.228742 -0.100000 -0.270278
v 0.228742 0.100000 -0.270278
v 0.228840 -0.100000 -0.268025
v 0.228840 0.100000 -0.268025
v 0.228840 -0.100000 -0.220611
v 0.228840 0.100000 -0.220611
v 0.228742 -0.100000 -0.218358
v 0.228742 0.100000 -0.218358
v 0.228448 -0.100000 -0.216301
v 0.228448 0.100000 -0.216301
v 0.227958 -0.100000 -0.214440
v 0.227958 0.100000 -0.214440
v 0.227273 -0.100000 -0.212774
v 0.227273 0.100000 -0.212774
v 0.226391 -0.100000 -0.211305
v 0.226391 0.100000 -0.211305
v 0.225313 -0.100000 -0.210031
v 0.225313 0.100000 -0.210031
v 0.224040 -0.100000 -0.208954
v 0.224040 0.100000 -0.208954
v 0.222571 -0.100000 -0.208072
v 0.222571 0.100000 -0.208072
v 0.220905 -0.100000 -0.207386
v 0.220905 0.100000 -0.207386
v 0.219044 -0.100000 -0.206897
v 0.219044 0.100000 -0.206897
v 0.216987 -0.100000 -0.206603
v 0.216987 0.100000 -0.206603
v 0.214734 -0.100000 -0.206505
v 0.214734 0.100000 -0.206505
v 0.135972 -0.100000 -0.206505
v 0.135972 0.100000 -0.206505
v 0.132154 -0.100000 -0.206369
v 0.132154 0.100000 -0.206369
v 0.128668 -0.100000 -0.205960
v 0.128668 0.100000 -0.205960
v 0.125514 -0.100000 -0.205280
v 0.125514 0.100000 -0.205280
v 0.122692 -0.100000 -0.204328
v 0.122692 0.100000 -0.204328
v 0.120203 -0.100000 -0.203103
v 0.120203 0.100000 -0.203103
v 0.118045 -0.100000 -0.201607
v 0.118045 0.100000 -0.201607
v 0.116219 -0.100000 -0.199838
v 0.116219 0.100000 -0.199838
v 0.114725 -0.100000 -0.197797
v 0.114725 0.100000 -0.197797
v 0.113563 -0.100000 -0.195484
v 0.113563 0.100000 -0.195484
v 0.112733 -0.100000 -0.192899
v 0.112733 0.100000 -0.192899
v 0.112235 -0.100000 -0.190042
v 0.112235 0.100000 -0.190042
v 0.112069 -0.100000 -0.186912
v 0.112069 0.100000 -0.186912
v 0.112069 -0.100000 -0.093652
v 0.112069 0.100000 -0.093652
v 0.112235 -0.100000 -0.090648
v 0.112235 0.100000 -0.090648
v 0.112733 -0.100000 -0.087905
v 0.112733 0.100000 -0.087905
v 0.113563 -0.100000 -0.085423
v 0.113563 0.100000 -0.085423
v 0.114725 -0.100000 -0.083203
v 0.114725 0.100000 -0.083203
v 0.116219 -0.100000 -0.081243
v 0.116219 0.100000 -0.081243
v 0.118045 -0.100000 -0.079545
v 0.118045 0.100000 -0.079545
v 0.120203 -0.100000 -0.078109
v 0.120203 0.100000 -0.078109
v 0.122692 -0.100000 -0.076933
v 0.122692 0.100000 -0.076933
v 0.125514 -0.100000 -0.076019
v 0.125514 0.100000 -0.076019
v 0.128668 -0.100000 -0.075366
v 0.128668 0.100000 -0.075366
v 0.132154 -0.100000 -0.074974
v 0.132154 0.100000 -0.074974
v 0.135972 -0.100000 -0.074843
v 0.135972 0.100000 -0.074843
v 0.214734 -0.100000 -0.074843
v 0.214734 0.100000 -0.074843
v 0.216987 -0.100000 -0.074745
v 0.216987 0.100000 -0.074745
v 0.219044 -0.100000 -0.074451
v 0.219044 0.100000 -0.074451
v 0.220905 -0.100000 -0.073962
v 0.220905 0.100000 -0.073962
v 0.222571 -0.100000 -0.073276
v 0.222571 0.100000 -0.073276
v 0.224040 -0.100000 -0.072394
v 0.224040 0.100000 -0.072394
v 0.225313 -0.100000 -0.071317
v 0.225313 0.100000 -0.071317
v 0.226391 -0.100000 -0.070043
v 0.226391 0.100000 -0.070043
v 0.227273 -0.100000 -0.068574
v 0.227273 0.100000 -0.068574
v 0.227958 -0.100000 -0.066908
v 0.227958 0.100000 -0.066908
v 0.228448 -0.100000 -0.065047
v 0.228448 0.100000 -0.065047
v 0.228742 -0.100000 -0.062990
v 0.228742 0.100000 -0.062990
v 0.228840 -0.100000 -0.060737
v 0.228840 0.100000 -0.060737
v 0.361677 -0.100000 -0.014107
v 0.361677 0.100000 -0.014107
v 0.361579 -0.100000 -0.011853
v 0.361579 0.100000 -0.011853
v 0.361285 -0.100000 -0.009796
v 0.361285 0.100000 -0.009796
v 0.360795 -0.100000 -0.007935
v 0.360795 0.100000 -0.007935
v 0.360110 -0.100000 -0.006270
v 0.360110 0.100000 -0.006270
v 0.359228 -0.100000 -0.004800
v 0.359228 0.100000 -0.004800
v 0.358150 -0.100000 -0.003527
v 0.358150 0.100000 -0.003527
v 0.356877 -0.100000 -0.002449
v 0.356877 0.100000 -0.002449
v 0.355408 -0.100000 -0.001567
v 0.355408 0.100000 -0.001567
v 0.353742 -0.100000 -0.000882
v 0.353742 0.100000 -0.000882
v 0.351881 -0.100000 -0.000392
v 0.351881 0.100000 -0.000392
v 0.349824 -0.100000 -0.000098
v 0.349824 0.100000 -0.000098
v 0.347571 -0.100000 0.000000
v 0.347571 0.100000 0.000000
v 0.287226 -0.100000 0.000000
v 0.287226 0.100000 0.000000
v 0.284973 -0.100000 -0.000098
v 0.284973 0.100000 -0.000098
v 0.282915 -0.100000 -0.000392
v 0.282915 0.100000 -0.000392
v 0.281054 -0.100000 -0.000882
v 0.281054 0.100000 -0.000882
v 0.279389 -0.100000 -0.001567
v 0.279389 0.100000 -0.001567
v 0.277919 -0.100000 -0.002449
v 0.277919 0.100000 -0.002449
v 0.276646 -0.100000 -0.003527
v 0.276646 0.100000 -0.003527
v 0.275568 -0.100000 -0.004800
v 0.275568 0.100000 -0.004800
v 0.274687 -0.100000 -0.006270
v 0.274687 0.100000 -0.006270
v 0.274001 -0.100000 -0.007935
v 0.274001 0.100000 -0.007935
v 0.273511 -0.100000 -0.009796
v 0.273511 0.100000 -0.009796
v 0.273217 -0.100000 -0.011853
v 0.273217 0.100000 -0.011853
v 0.273119 -0.100000 -0.014107
v 0.273119 0.100000 -0.014107
v 0.273119 -0.100000 -0.268025
v 0.273119 0.100000 -0.268025
v 0.273217 -0.100000 -0.270278
v 0.273217 0.100000 -0.270278
v 0.273511 -0.100000 -0.272335
v 0.273511 0.100000 -0.272335
v 0.274001 -0.100000 -0.274197
v 0.274001 0.100000 -0.274197
v 0.274686 -0.100000 -0.275862
v 0.274686 0.100000 -0.275862
v 0.275568 -0.100000 -0.277331
v 0.275568 0.100000 -0.277331
v 0.276646 -0.100000 -0.278605
v 0.276646 0.100000 -0.278605
v 0.277919 -0.100000 -0.279683
v 0.277919 0.100000 -0.279683
v 0.279389 -0.100000 -0.280564
v 0.279389 0.100000 -0.280564
v 0.281054 -0.100000 -0.281250
v 0.281054 0.100000 -0.281250
v 0.282915 -0.100000 -0.281740
v 0.282915 0.100000 -0.281740
v 0.284973 -0.100000 -0.282034
v 0.284973 0.100000 -0.282034
v 0.287226 -0.100000 -0.282132
v 0.287226 0.100000 -0.282132
v 0.417712 -0.100000 -0.282132
v 0.417712 0.100000 -0.282132
v 0.422523 -0.100000 -0.282075
v 0.422523 0.100000 -0.282075
v 0.427160 -0.100000 -0.281903
v 0.427160 0.100000 -0.281903
v 0.431622 -0.100000 -0.281617
v 0.431622 0.100000 -0.281617
v 0.435911 -0.100000 -0.281217
v 0.435911 0.100000 -0.281217
v 0.440025 -0.100000 -0.280703
v 0.440025 0.100000 -0.280703
v 0.443965 -0.100000 -0.280074
v 0.443965 0.100000 -0.280074
v 0.447732 -0.100000 -0.279332
v 0.447732 0.100000 -0.279332
v 0.451324 -0.100000 -0.278474
v 0.451324 0.100000 -0.278474
v 0.454741 -0.100000 -0.277503
v 0.454741 0.100000 -0.277503
v 0.457985 -0.100000 -0.276417
v 0.457985 0.100000 -0.276417
v 0.461055 -0.100000 -0.275217
v 0.461055 0.100000 -0.275217
v 0.463950 -0.100000 -0.273903
v 0.463950 0.100000 -0.273903
v 0.466690 -0.100000 -0.272486
v 0.466690 0.100000 -0.272486
v 0.469294 -0.100000 -0.270980
v 0.469294 0.100000 -0.270980
v 0.471762 -0.100000 -0.269384
v 0.471762 0.100000 -0.269384
v 0.474094 -0.100000 -0.267698
v 0.474094 0.100000 -0.267698
v 0.476290 -0.100000 -0.265923
v 0.476290 0.100000 -0.265923
v 0.478350 -0.100000 -0.264058
v 0.478350 0.100000 -0.264058
v 0.480274 -0.100000 -0.262102
v 0.480274 0.100000 -0.262102
v 0.482062 -0.100000 -0.260057
v 0.482062 0.100000 -0.260057
v 0.483714 -0.100000 -0.257923
v 0.483714 0.100000 -0.257923
v 0.485229 -0.100000 -0.255698
v 0.485229 0.100000 -0.255698
v 0.486609 -0.100000 -0.253384
v 0.486609 0.100000 -0.253384
v 0.487853 -0.100000 -0.250980
v 0.487853 0.100000 -0.250980
v 0.488979 -0.100000 -0.248497
v 0.488979 0.100000 -0.248497
v 0.490008 -0.100000 -0.245945
v 0.490008 0.100000 -0.245945
v 0.490938 -0.100000 -0.243326
v 0.490938 0.100000 -0.243326
v 0.491771 -0.100000 -0.240639
v 0.491771 0.100000 -0.240639
v 0.492506 -0.100000 -0.237884
v 0.492506 0.100000 -0.237884
v 0.493143 -0.100000 -0.235061
v 0.493143 0.100000 -0.235061
v 0.493681 -0.100000 -0.232169
v 0.493681 0.100000 -0.232169
v 0.494122 -0.100000 -0.229210
v 0.494122 0.100000 -0.229210
v 0.494465 -0.100000 -0.226183
v 0.494465 0.100000 -0.226183
v 0.494710 -0.100000 -0.223088
v 0.494710 0.100000 -0.223088
v 0.494857 -0.100000 -0.219924
v 0.494857 0.100000 -0.219924
v 0.494906 -0.100000 -0.216693
v 0.494906 0.100000 -0.216693
v 0.494906 -0.100000 -0.198668
v 0.494906 0.100000 -0.198668
v 0.494873 -0.100000 -0.195960
v 0.494873 0.100000 -0.195960
v 0.494775 -0.100000 -0.193323
v 0.494775 0.100000 -0.193323
v 0.494612 -0.100000 -0.190757
v 0.494612 0.100000 -0.190757
v 0.494383 -0.100000 -0.188262
v 0.494383 0.100000 -0.188262
v 0.494090 -0.100000 -0.185837
v 0.494090 0.100000 -0.185837
v 0.493730 -0.100000 -0.183484
v 0.493730 0.100000 -0.183484
v 0.493306 -0.100000 -0.181200
v 0.493306 0.100000 -0.181200
v 0.492816 -0.100000 -0.178988
v 0.492816 0.100000 -0.178988
v 0.492261 -0.100000 -0.176847
v 0.492261 0.100000 -0.176847
v 0.491641 -0.100000 -0.174776
v 0.491641 0.100000 -0.174776
v 0.490955 -0.100000 -0.172776
v 0.490955 0.100000 -0.172776
v 0.490204 -0.100000 -0.170846
v 0.490204 0.100000 -0.170846
v 0.489366 -0.100000 -0.168993
v 0.489366 0.100000 -0.168993
v 0.488419 -0.100000 -0.167222
v 0.488419 0.100000 -0.167222
v 0.487363 -0.100000 -0.165532
v 0.487363 0.100000 -0.165532
v 0.486198 -0.100000 -0.163924
v 0.486198 0.100000 -0.163924
v 0.484925 -0.100000 -0.162397
v 0.484925 0.100000 -0.162397
v 0.483542 -0.100000 -0.160952
v 0.483542 0.100000 -0.160952
v 0.482051 -0.100000 -0.159589
v 0.482051 0.100000 -0.159589
v 0.480451 -0.100000 -0.158307
v 0.480451 0.100000 -0.158307
v 0.478742 -0.100000 -0.157107
v 0.478742 0.100000 -0.157107
v 0.476924 -0.100000 -0.155989
v 0.476924 0.100000 -0.155989
v 0.474998 -0.100000 -0.154952
v 0.474998 0.100000 -0.154952
v 0.472962 -0.100000 -0.153997
v 0.472962 0.100000 -0.153997
v 0.476494 -0.100000 -0.153518
v 0.476494 0.100000 -0.153518
v 0.479907 -0.100000 -0.152865
v 0.479907 0.100000 -0.152865
v 0.483199 -0.100000 -0.152038
v 0.483199 0.100000 -0.152038
v 0.486372 -0.100000 -0.151036
v 0.486372 0.100000 -0.151036
v 0.489426 -0.100000 -0.149861
v 0.489426 0.100000 -0.149861
v 0.492359 -0.100000 -0.148511
v 0.492359 0.100000 -0.148511
v 0.495173 -0.100000 -0.146987
v 0.495173 0.100000 -0.146987
v 0.497867 -0.100000 -0.145289
v 0.497867 0.100000 -0.145289
v 0.500441 -0.100000 -0.143417
v 0.500441 0.100000 -0.143417
v 0.502895 -0.100000 -0.141371
v 0.502895 0.100000 -0.141371
v 0.505230 -0.100000 -0.139150
v 0.505230 0.100000 -0.139150
v 0.507445 -0.100000 -0.136755
v 0.507445 0.100000 -0.136755
v 0.509510 -0.100000 -0.134206
v 0.509510 0.100000 -0.134206
v 0.511396 -0.100000 -0.131520
v 0.511396 0.100000 -0.131520
v 0.513102 -0.100000 -0.128698
v 0.513102 0.100000 -0.128698
v 0.514629 -0.100000 -0.125740
v 0.514629 0.100000 -0.125740
v 0.515976 -0.100000 -0.122646
v 0.515976 0.100000 -0.122646
v 0.517143 -0.100000 -0.119416
v 0.517143 0.100000 -0.119416
v 0.518131 -0.100000 -0.116050
v 0.518131 0.100000 -0.116050
v 0.518939 -0.100000 -0.112548
v 0.518939 0.100000 -0.112548
v 0.519568 -0.100000 -0.108910
v 0.519568 0.100000 -0.108910
v 0.520017 -0.100000 -0.105135
v 0.520017 0.100000 -0.105135
v 0.520286 -0.100000 -0.101225
v 0.520286 0.100000 -0.101225
v 0.520376 -0.100000 -0.097179
v 0.520376 0.100000 -0.097179
v 0.520376 -0.100000 -0.014107
v 0.520376 0.100000 -0.014107
v 0.520278 -0.100000 -0.011853
v 0.520278 0.100000 -0.011853
v 0.519984 -0.100000 -0.009796
v 0.519984 0.100000 -0.009796
v 0.519494 -0.100000 -0.007935
v 0.519494 0.100000 -0.007935
v 0.518809 -0.100000 -0.006270
v 0.518809 0.100000 -0.006270
v 0.517927 -0.100000 -0.004800
v 0.517927 0.100000 -0.004800
v 0.516849 -0.100000 -0.003527
v 0.516849 0.100000 -0.003527
v 0.515576 -0.100000 -0.002449
v 0.515576 0.100000 -0.002449
v 0.514107 -0.100000 -0.001567
v 0.514107 0.100000 -0.001567
v 0.512441 -0.100000 -0.000882
v 0.512441 0.100000 -0.000882
v 0.510580 -0.100000 -0.000392
v 0.510580 0.100000 -0.000392
v 0.508523 -0.100000 -0.000098
v 0.508523 0.100000 -0.000098
v 0.506270 -0.100000 0.000000
v 0.506270 0.100000 0.000000
v 0.445533 -0.100000 0.000000
v 0.445533 0.100000 0.000000
v 0.443280 -0.100000 -0.000098
v 0.443280 0.100000 -0.000098
v 0.441223 -0.100000 -0.000392
v 0.441223 0.100000 -0.000392
v 0.439361 -0.100000 -0.000882
v 0.439361 0.100000 -0.000882
v 0.437696 -0.100000 -0.001567
v 0.437696 0.100000 -0.001567
v 0.436226 -0.100000 -0.002449
v 0.436226 0.100000 -0.002449
v 0.434953 -0.100000 -0.003527
v 0.434953 0.100000 -0.003527
v 0.433875 -0.100000 -0.004800
v 0.433875 0.100000 -0.004800
v 0.432994 -0.100000 -0.006270
v 0.432994 0.100000 -0.006270
v 0.432308 -0.100000 -0.007935
v 0.432308 0.100000 -0.007935
v 0.431818 -0.100000 -0.009796
v 0.431818 0.100000 -0.009796
v 0.431524 -0.100000 -0.011853
v 0.431524 0.100000 -0.011853
v 0.431426 -0.100000 -0.014107
v 0.431426 0.100000 -0.014107
v 0.431426 -0.100000 -0.074060
v 0.431426 0.100000 -0.074060
v 0.431403 -0.100000 -0.075526
v 0.431403 0.100000 -0.075526
v 0.431334 -0.100000 -0.076922
v 0.431334 0.100000 -0.076922
v 0.431218 -0.100000 -0.078247
v 0.431218 0.100000 -0.078247
v 0.431056 -0.100000 -0.079502
v 0.431056 0.100000 -0.079502
v 0.430848 -0.100000 -0.080686
v 0.430848 0.100000 -0.080686
v 0.430594 -0.100000 -0.081799
v 0.430594 0.100000 -0.081799
v 0.430293 -0.100000 -0.082841
v 0.430293 0.100000 -0.082841
v 0.429946 -0.100000 -0.083812
v 0.429946 0.100000 -0.083812
v 0.429553 -0.100000 -0.084713
v 0.429553 0.100000 -0.084713
v 0.429113 -0.100000 -0.085543
v 0.429113 0.100000 -0.085543
v 0.428628 -0.100000 -0.086302
v 0.428628 0.100000 -0.086302
v 0.428096 -0.100000 -0.086991
v 0.428096 0.100000 -0.086991
v 0.427506 -0.100000 -0.087616
v 0.427506 0.100000 -0.087616
v 0.426849 -0.100000 -0.088188
v 0.426849 0.100000 -0.088188
v 0.426124 -0.100000 -0.088705
v 0.426124 0.100000 -0.088705
v 0.425331 -0.100000 -0.089168
v 0.425331 0.100000 -0.089168
v 0.424470 -0.100000 -0.089576
v 0.424470 0.100000 -0.089576
v 0.423540 -0.100000 -0.089929
v 0.423540 0.100000 -0.089929
v 0.422543 -0.100000 -0.090229
v 0.422543 0.100000 -0.090229
v 0.421478 -0.100000 -0.090474
v 0.421478 0.100000 -0.090474
v 0.420344 -0.100000 -0.090664
v 0.420344 0.100000 -0.090664
v 0.419143 -0.100000 -0.090800
v 0.419143 0.100000 -0.090800
v 0.417873 -0.100000 -0.090882
v 0.417873 0.100000 -0.090882
v 0.416536 -0.100000 -0.090909
v 0.416536 0.100000 -0.090909
v 0.361677 -0.100000 -0.090909
v 0.361677 0.100000 -0.090909
v 0.391066 -0.100000 -0.211599
v 0.391066 0.100000 -0.211599
v 0.361677 -0.100000 -0.211599
v 0.361677 0.100000 -0.211599
v 0.361677 -0.100000 -0.161442
v 0.361677 0.100000 -0.161442
v 0.391066 -0.100000 -0.161442
v 0.391066 0.100000 -0.161442
v 0.392718 -0.100000 -0.161479
v 0.392718 0.100000 -0.161479
v 0.394277 -0.100000 -0.161589
v 0.394277 0.100000 -0.161589
v 0.395744 -0.100000 -0.161773
v 0.395744 0.100000 -0.161773
v 0.397118 -0.100000 -0.162030
v 0.397118 0.100000 -0.162030
v 0.398399 -0.100000 -0.162360
v 0.398399 0.100000 -0.162360
v 0.399589 -0.100000 -0.162764
v 0.399589 0.100000 -0.162764
v 0.400685 -0.100000 -0.163242
v 0.400685 0.100000 -0.163242
v 0.401689 -0.100000 -0.163793
v 0.401689 0.100000 -0.163793
v 0.402601 -0.100000 -0.164418
v 0.402601 0.100000 -0.164418
v 0.403420 -0.100000 -0.165116
v 0.403420 0.100000 -0.165116
v 0.404147 -0.100000 -0.165887
v 0.404147 0.100000 -0.165887
v 0.404781 -0.100000 -0.166732
v 0.404781 0.100000 -0.166732
v 0.405344 -0.100000 -0.167631
v 0.405344 0.100000 -0.167631
v 0.405858 -0.100000 -0.168566
v 0.405858 0.100000 -0.168566
v 0.406323 -0.100000 -0.169536
v 0.406323 0.100000 -0.169536
v 0.406740 -0.100000 -0.170542
v 0.406740 0.100000 -0.170542
v 0.407107 -0.100000 -0.171582
v 0.407107 0.100000 -0.171582
v 0.407426 -0.100000 -0.172659
v 0.407426 0.100000 -0.172659
v 0.407695 -0.100000 -0.173770
v 0.407695 0.100000 -0.173770
v 0.407915 -0.100000 -0.174917
v 0.407915 0.100000 -0.174917
v 0.408087 -0.100000 -0.176100
v 0.408087 0.100000 -0.176100
v 0.408209 -0.100000 -0.177317
v 0.408209 0.100000 -0.177317
v 0.408283 -0.100000 -0.178570
v 0.408283 0.100000 -0.178570
v 0.408307 -0.100000 -0.179859
v 0.408307 0.100000 -0.179859
v 0.408307 -0.100000 -0.193182
v 0.408307 0.100000 -0.193182
v 0.408283 -0.100000 -0.194470
v 0.408283 0.100000 -0.194470
v 0.408209 -0.100000 -0.195723
v 0.408209 0.100000 -0.195723
v 0.408087 -0.100000 -0.196941
v 0.408087 0.100000 -0.196941
v 0.407915 -0.100000 -0.198123
v 0.407915 0.100000 -0.198123
v 0.407695 -0.100000 -0.199270
v 0.407695 0.100000 -0.199270
v 0.407426 -0.100000 -0.200382
v 0.407426 0.100000 -0.200382
v 0.407107 -0.100000 -0.201458
v 0.407107 0.100000 -0.201458
v 0.406740 -0.100000 -0.202499
v 0.406740 0.100000 -0.202499
v 0.406323 -0.100000 -0.203505
v 0.406323 0.100000 -0.203505
v 0.405858 -0.100000 -0.204475
v 0.405858 0.100000 -0.204475
v 0.405344 -0.100000 -0.205409
v 0.405344 0.100000 -0.205409
v 0.404781 -0.100000 -0.206309
v 0.404781 0.100000 -0.206309
v 0.404147 -0.100000 -0.207154
v 0.404147 0.100000 -0.207154
v 0.403420 -0.100000 -0.207925
v 0.403420 0.100000 -0.207925
v 0.402601 -0.100000 -0.208623
v 0.402601 0.100000 -0.208623
v 0.401689 -0.100000 -0.209248
v 0.401689 0.100000 -0.209248
v 0.400685 -0.100000 -0.209799
v 0.400685 0.100000 -0.209799
v 0.399589 -0.100000 -0.210276
v 0.399589 0.100000 -0.210276
v 0.398399 -0.100000 -0.210680
v 0.398399 0.100000 -0.210680
v 0.397118 -0.100000 -0.211011
v 0.397118 0.100000 -0.211011
v 0.395744 -0.100000 -0.211268
v 0.395744 0.100000 -0.211268
v 0.394277 -0.100000 -0.211452
v 0.394277 0.100000 -0.211452
v 0.392718 -0.100000 -0.211562
v 0.392718 0.100000 -0.211562
v 0.774295 -0.100000 -0.014107
v 0.774295 0.100000 -0.014107
v 0.774197 -0.100000 -0.011853
v 0.774197 0.100000 -0.011853
v 0.773903 -0.100000 -0.009796
v 0.773903 0.100000 -0.009796
v 0.773413 -0.100000 -0.007935
v 0.773413 0.100000 -0.007935
v 0.772727 -0.100000 -0.006270
v 0.772727 0.100000 -0.006270
v 0.771846 -0.100000 -0.004800
v 0.771846 0.100000 -0.004800
v 0.770768 -0.100000 -0.003527
v 0.770768 0.100000 -0.003527
v 0.769494 -0.100000 -0.002449
v 0.769494 0.100000 -0.002449
v 0.768025 -0.100000 -0.001567
v 0.768025 0.100000 -0.001567
v 0.766360 -0.100000 -0.000882
v 0.766360 0.100000 -0.000882
v 0.764498 -0.100000 -0.000392
v 0.764498 0.100000 -0.000392
v 0.762441 -0.100000 -0.000098
v 0.762441 0.100000 -0.000098
v 0.760188 -0.100000 0.000000
v 0.760188 0.100000 0.000000
v 0.578370 -0.100000 0.000000
v 0.578370 0.100000 0.000000
v 0.576117 -0.100000 -0.000098
v 0.576117 0.100000 -0.000098
v 0.574060 -0.100000 -0.000392
v 0.574060 0.100000 -0.000392
v 0.572198 -0.100000 -0.000882
v 0.572198 0.100000 -0.000882
v 0.570533 -0.100000 -0.001567
v 0.570533 0.100000 -0.001567
v 0.569064 -0.100000 -0.002449
v 0.569064 0.100000 -0.002449
v 0.567790 -0.100000 -0.003527
v 0.567790 0.100000 -0.003527
v 0.566712 -0.100000 -0.004800
v 0.566712 0.100000 -0.004800
v 0.565831 -0.100000 -0.006270
v 0.565831 0.100000 -0.006270
v 0.565145 -0.100000 -0.007935
v 0.565145 0.100000 -0.007935
v 0.564655 -0.100000 -0.009796
v 0.564655 0.100000 -0.009796
v 0.564361 -0.100000 -0.011853
v 0.564361 0.100000 -0.011853
v 0.564263 -0.100000 -0.014107
v 0.564263 0.100000 -0.014107
v 0.564263 -0.100000 -0.268025
v 0.564263 0.100000 -0.268025
v 0.564361 -0.100000 -0.270278
v 0.564361 0.100000 -0.270278
v 0.564655 -0.100000 -0.272335
v 0.564655 0.100000 -0.272335
v 0.565145 -0.100000 -0.274197
v 0.565145 0.100000 -0.274197
v 0.565831 -0.100000 -0.275862
v 0.565831 0.100000 -0.275862
v 0.566712 -0.100000 -0.277331
v 0.566712 0.100000 -0.277331
v 0.567790 -0.100000 -0.278605
v 0.567790 0.100000 -0.278605
v 0.569064 -0.100000 -0.279683
v 0.569064 0.100000 -0.279683
v 0.570533 -0.100000 -0.280564
v 0.570533 0.100000 -0.280564
v 0.572198 -0.100000 -0.281250
v 0.572198 0.100000 -0.281250
v 0.574060 -0.100000 -0.281740
v 0.574060 0.100000 -0.281740
v 0.576117 -0.100000 -0.282034
v 0.576117 0.100000 -0.282034
v 0.578370 -0.100000 -0.282132
v 0.578370 0.100000 -0.282132
v 0.760188 -0.100000 -0.282132
v 0.760188 0.100000 -0.282132
v 0.762441 -0.100000 -0.282034
v 0.762441 0.100000 -0.282034
v 0.764498 -0.100000 -0.281740
v 0.764498 0.100000 -0.281740
v 0.766360 -0.100000 -0.281250
v 0.766360 0.100000 -0.281250
v 0.768025 -0.100000 -0.280564
v 0.768025 0.100000 -0.280564
v 0.769494 -0.100000 -0.279683
v 0.769494 0.100000 -0.279683
v 0.770768 -0.100000 -0.278605
v 0.770768 0.100000 -0.278605
v 0.771846 -0.100000 -0.277332
v 0.771846 0.100000 -0.277332
v 0.772727 -0.100000 -0.275862
v 0.772727 0.100000 -0.275862
v 0.773413 -0.100000 -0.274197
v 0.773413 0.100000 -0.274197
v 0.773903 -0.100000 -0.272335
v 0.773903 0.100000 -0.272335
v 0.774197 -0.100000 -0.270278
v 0.774197 0.100000 -0.270278
v 0.774295 -0.100000 -0.268025
v 0.774295 0.100000 -0.268025
v 0.774295 -0.100000 -0.222179
v 0.774295 0.100000 -0.222179
v 0.774197 -0.100000 -0.219926
v 0.774197 0.100000 -0.219926
v 0.773903 -0.100000 -0.217868
v 0.773903 0.100000 -0.217868
v 0.773413 -0.100000 -0.216007
v 0.773413 0.100000 -0.216007
v 0.772727 -0.100000 -0.214342
v 0.772727 0.100000 -0.214342
v 0.771846 -0.100000 -0.212872
v 0.771846 0.100000 -0.212872
v 0.770768 -0.100000 -0.211599
v 0.770768 0.100000 -0.211599
v 0.769494 -0.100000 -0.210521
v 0.769494 0.100000 -0.210521
v 0.768025 -0.100000 -0.209639
v 0.768025 0.100000 -0.209639
v 0.766360 -0.100000 -0.208954
v 0.766360 0.100000 -0.208954
v 0.764498 -0.100000 -0.208464
v 0.764498 0.100000 -0.208464
v 0.762441 -0.100000 -0.208170
v 0.762441 0.100000 -0.208170
v 0.760188 -0.100000 -0.208072
v 0.760188 0.100000 -0.208072
v 0.652038 -0.100000 -0.208072
v 0.652038 0.100000 -0.208072
v 0.652038 -0.100000 -0.177900
v 0.652038 0.100000 -0.177900
v 0.728448 -0.100000 -0.177900
v 0.728448 0.100000 -0.177900
v 0.730701 -0.100000 -0.177802
v 0.730701 0.100000 -0.177802
v 0.732759 -0.100000 -0.177508
v 0.732759 0.100000 -0.177508
v 0.734620 -0.100000 -0.177018
v 0.734620 0.100000 -0.177018
v 0.736285 -0.100000 -0.176332
v 0.736285 0.100000 -0.176332
v 0.737755 -0.100000 -0.175451
v 0.737755 0.100000 -0.175451
v 0.739028 -0.100000 -0.174373
v 0.739028 0.100000 -0.174373
v 0.740106 -0.100000 -0.173100
v 0.740106 0.100000 -0.173100
v 0.740987 -0.100000 -0.171630
v 0.740987 0.100000 -0.171630
v 0.741673 -0.100000 -0.169965
v 0.741673 0.100000 -0.169965
v 0.742163 -0.100000 -0.168103
v 0.742163 0.100000 -0.168103
v 0.742457 -0.100000 -0.166046
v 0.742457 0.100000 -0.166046
v 0.742555 -0.100000 -0.163793
v 0.742555 0.100000 -0.163793
v 0.742555 -0.100000 -0.121865
v 0.742555 0.100000 -0.121865
v 0.742457 -0.100000 -0.119612
v 0.742457 0.100000 -0.119612
v 0.742163 -0.100000 -0.117555
v 0.742163 0.100000 -0.117555
v 0.741673 -0.100000 -0.115694
v 0.741673 0.100000 -0.115694
v 0.740987 -0.100000 -0.114028
v 0.740987 0.100000 -0.114028
v 0.740106 -0.100000 -0.112559
v 0.740106 0.100000 -0.112559
v 0.739028 -0.100000 -0.111285
v 0.739028 0.100000 -0.111285
v 0.737755 -0.100000 -0.110208
v 0.737755 0.100000 -0.110208
v 0.736285 -0.100000 -0.109326
v 0.736285 0.100000 -0.109326
v 0.734620 -0.100000 -0.108640
v 0.734620 0.100000 -0.108640
v 0.732759 -0.100000 -0.108150
v 0.732759 0.100000 -0.108150
v 0.730701 -0.100000 -0.107857
v 0.730701 0.100000 -0.107857
v 0.728448 -0.100000 -0.107759
v 0.728448 0.100000 -0.107759
v 0.652038 -0.100000 -0.107759
v 0.652038 0.100000 -0.107759
v 0.652038 -0.100000 -0.074060
v 0.652038 0.100000 -0.074060
v 0.760188 -0.100000 -0.074060
v 0.760188 0.100000 -0.074060
v 0.762441 -0.100000 -0.073962
v 0.762441 0.100000 -0.073962
v 0.764498 -0.100000 -0.073668
v 0.764498 0.100000 -0.073668
v 0.766360 -0.100000 -0.073178
v 0.766360 0.100000 -0.073178
v 0.768025 -0.100000 -0.072492
v 0.768025 0.100000 -0.072492
v 0.769494 -0.100000 -0.071611
v 0.769494 0.100000 -0.071611
v 0.770768 -0.100000 -0.070533
v 0.770768 0.100000 -0.070533
v 0.771846 -0.100000 -0.069259
v 0.771846 0.100000 -0.069259
v 0.772727 -0.100000 -0.067790
v 0.772727 0.100000 -0.067790
v 0.773413 -0.100000 -0.066125
v 0.773413 0.100000 -0.066125
v 0.773903 -0.100000 -0.064263
v 0.773903 0.100000 -0.064263
v 0.774197 -0.100000 -0.062206
v 0.774197 0.100000 -0.062206
v 0.774295 -0.100000 -0.059953
v 0.774295 0.100000 -0.059953
v 1.039577 -0.100000 -0.019592
v 1.039577 0.100000 -0.019592
v 1.035479 -0.100000 -0.016463
v 1.035479 0.100000 -0.016463
v 1.031021 -0.100000 -0.013606
v 1.031021 0.100000 -0.013606
v 1.026205 -0.100000 -0.011021
v 1.026205 0.100000 -0.011021
v 1.021029 -0.100000 -0.008708
v 1.021029 0.100000 -0.008708
v 1.015494 -0.100000 -0.006667
v 1.015494 0.100000 -0.006667
v 1.009600 -0.100000 -0.004898
v 1.009600 0.100000 -0.004898
v 1.003347 -0.100000 -0.003401
v 1.003347 0.100000 -0.003401
v 0.996735 -0.100000 -0.002177
v 0.996735 0.100000 -0.002177
v 0.989763 -0.100000 -0.001225
v 0.989763 0.100000 -0.001225
v 0.982432 -0.100000 -0.000544
v 0.982432 0.100000 -0.000544
v 0.974742 -0.100000 -0.000136
v 0.974742 0.100000 -0.000136
v 0.966693 -0.100000 0.000000
v 0.966693 0.100000 0.000000
v 0.834639 -0.100000 0.000000
v 0.834639 0.100000 0.000000
v 0.832386 -0.100000 -0.000098
v 0.832386 0.100000 -0.000098
v 0.830329 -0.100000 -0.000392
v 0.830329 0.100000 -0.000392
v 0.828468 -0.100000 -0.000882
v 0.828468 0.100000 -0.000882
v 0.826803 -0.100000 -0.001567
v 0.826803 0.100000 -0.001567
v 0.825333 -0.100000 -0.002449
v 0.825333 0.100000 -0.002449
v 0.824060 -0.100000 -0.003527
v 0.824060 0.100000 -0.003527
v 0.822982 -0.100000 -0.004800
v 0.822982 0.100000 -0.004800
v 0.822100 -0.100000 -0.006270
v 0.822100 0.100000 -0.006270
v 0.821415 -0.100000 -0.007935
v 0.821415 0.100000 -0.007935
v 0.820925 -0.100000 -0.009796
v 0.820925 0.100000 -0.009796
v 0.820631 -0.100000 -0.011853
v 0.820631 0.100000 -0.011853
v 0.820533 -0.100000 -0.014107
v 0.820533 0.100000 -0.014107
v 0.820533 -0.100000 -0.268025
v 0.820533 0.100000 -0.268025
v 0.820631 -0.100000 -0.270278
v 0.820631 0.100000 -0.270278
v 0.820925 -0.100000 -0.272335
v 0.820925 0.100000 -0.272335
v 0.821415 -0.100000 -0.274197
v 0.821415 0.100000 -0.274197
v 0.822100 -0.100000 -0.275862
v 0.822100 0.100000 -0.275862
v 0.822982 -0.100000 -0.277331
v 0.822982 0.100000 -0.277331
v 0.824060 -0.100000 -0.278605
v 0.824060 0.100000 -0.278605
v 0.825333 -0.100000 -0.279683
v 0.825333 0.100000 -0.279683
v 0.826803 -0.100000 -0.280564
v 0.826803 0.100000 -0.280564
v 0.828468 -0.100000 -0.281250
v 0.828468 0.100000 -0.281250
v 0.830329 -0.100000 -0.281740
v 0.830329 0.100000 -0.281740
v 0.832386 -0.100000 -0.282034
v 0.832386 0.100000 -0.282034
v 0.834639 -0.100000 -0.282132
v 0.834639 0.100000 -0.282132
v 0.966693 -0.100000 -0.282132
v 0.966693 0.100000 -0.282132
v 0.974742 -0.100000 -0.281996
v 0.974742 0.100000 -0.281996
v 0.982432 -0.100000 -0.281587
v 0.982432 0.100000 -0.281587
v 0.989763 -0.100000 -0.280907
v 0.989763 0.100000 -0.280907
v 0.996735 -0.100000 -0.279955
v 0.996735 0.100000 -0.279955
v 1.003347 -0.100000 -0.278730
v 1.003347 0.100000 -0.278730
v 1.009600 -0.100000 -0.277234
v 1.009600 0.100000 -0.277234
v 1.015494 -0.100000 -0.275465
v 1.015494 0.100000 -0.275465
v 1.021029 -0.100000 -0.273424
v 1.021029 0.100000 -0.273424
v 1.026205 -0.100000 -0.271111
v 1.026205 0.100000 -0.271111
v 1.031021 -0.100000 -0.268526
v 1.031021 0.100000 -0.268526
v 1.035479 -0.100000 -0.265669
v 1.035479 0.100000 -0.265669
v 1.039577 -0.100000 -0.262539
v 1.039577 0.100000 -0.262539
v 1.043332 -0.100000 -0.259127
v 1.043332 0.100000 -0.259127
v 1.046761 -0.100000 -0.255421
v 1.046761 0.100000 -0.255421
v 1.049863 -0.100000 -0.251420
v 1.049863 0.100000 -0.251420
v 1.052638 -0.100000 -0.247126
v 1.052638 0.100000 -0.247126
v 1.055087 -0.100000 -0.242539
v 1.055087 0.100000 -0.242539
v 1.057210 -0.100000 -0.237657
v 1.057210 0.100000 -0.237657
v 1.059006 -0.100000 -0.232481
v 1.059006 0.100000 -0.232481
v 1.060475 -0.100000 -0.227011
v 1.060475 0.100000 -0.227011
v 1.061618 -0.100000 -0.221248
v 1.061618 0.100000 -0.221248
v 1.062435 -0.100000 -0.215191
v 1.062435 0.100000 -0.215191
v 1.062924 -0.100000 -0.208839
v 1.062924 0.100000 -0.208839
v 1.063088 -0.100000 -0.202194
v 1.063088 0.100000 -0.202194
v 1.063088 -0.100000 -0.079937
v 1.063088 0.100000 -0.079937
v 1.062924 -0.100000 -0.073292
v 1.062924 0.100000 -0.073292
v 1.062435 -0.100000 -0.066941
v 1.062435 0.100000 -0.066941
v 1.061618 -0.100000 -0.060884
v 1.061618 0.100000 -0.060884
v 1.060475 -0.100000 -0.055120
v 1.060475 0.100000 -0.055120
v 1.059006 -0.100000 -0.049651
v 1.059006 0.100000 -0.049651
v 1.057210 -0.100000 -0.044475
v 1.057210 0.100000 -0.044475
v 1.055087 -0.100000 -0.039593
v 1.055087 0.100000 -0.039593
v 1.052638 -0.100000 -0.035005
v 1.052638 0.100000 -0.035005
v 1.049863 -0.100000 -0.030711
v 1.049863 0.100000 -0.030711
v 1.046761 -0.100000 -0.026711
v 1.046761 0.100000 -0.026711
v 1.043332 -0.100000 -0.023005
v 1.043332 0.100000 -0.023005
v 0.956113 -0.100000 -0.207288
v 0.956113 0.100000 -0.207288
v 0.909483 -0.100000 -0.207288
v 0.909483 0.100000 -0.207288
v 0.909483 -0.100000 -0.074060
v 0.909483 0.100000 -0.074060
v 0.956113 -0.100000 -0.074060
v 0.956113 0.100000 -0.074060
v 0.959054 -0.100000 -0.074193
v 0.959054 0.100000 -0.074193
v 0.961740 -0.100000 -0.074593
v 0.961740 0.100000 -0.074593
v 0.964170 -0.100000 -0.075260
v 0.964170 0.100000 -0.075260
v 0.966344 -0.100000 -0.076193
v 0.966344 0.100000 -0.076193
v 0.968263 -0.100000 -0.077393
v 0.968263 0.100000 -0.077393
v 0.969926 -0.100000 -0.078860
v 0.969926 0.100000 -0.078860
v 0.971332 -0.100000 -0.080593
v 0.971332 0.100000 -0.080593
v 0.972483 -0.100000 -0.082593
v 0.972483 0.100000 -0.082593
v 0.973379 -0.100000 -0.084860
v 0.973379 0.100000 -0.084860
v 0.974018 -0.100000 -0.087393
v 0.974018 0.100000 -0.087393
v 0.974402 -0.100000 -0.090193
v 0.974402 0.100000 -0.090193
v 0.974530 -0.100000 -0.093260
v 0.974530 0.100000 -0.093260
v 0.974530 -0.100000 -0.188480
v 0.974530 0.100000 -0.188480
v 0.974402 -0.100000 -0.191484
v 0.974402 0.100000 -0.191484
v 0.974018 -0.100000 -0.194227
v 0.974018 0.100000 -0.194227
v 0.973379 -0.100000 -0.196708
v 0.973379 0.100000 -0.196708
v 0.972484 -0.100000 -0.198929
v 0.972484 0.100000 -0.198929
v 0.971332 -0.100000 -0.200888
v 0.971332 0.100000 -0.200888
v 0.969926 -0.100000 -0.202586
v 0.969926 0.100000 -0.202586
v 0.968263 -0.100000 -0.204023
v 0.968263 0.100000 -0.204023
v 0.966345 -0.100000 -0.205199
v 0.966345 0.100000 -0.205199
v 0.964170 -0.100000 -0.206113
v 0.964170 0.100000 -0.206113
v 0.961740 -0.100000 -0.206766
v 0.961740 0.100000 -0.206766
v 0.959055 -0.100000 -0.207158
v 0.959055 0.100000 -0.207158
v 1.287618 -0.100000 0.000000
v 1.287618 0.100000 0.000000
v 1.120690 -0.100000 0.000000
v 1.120690 0.100000 0.000000
v 1.118437 -0.100000 -0.000098
v 1.118437 0.100000 -0.000098
v 1.116379 -0.100000 -0.000392
v 1.116379 0.100000 -0.000392
v 1.114518 -0.100000 -0.000882
v 1.114518 0.100000 -0.000882
v 1.112853 -0.100000 -0.001567
v 1.112853 0.100000 -0.001567
v 1.111383 -0.100000 -0.002449
v 1.111383 0.100000 -0.002449
v 1.110110 -0.100000 -0.003527
v 1.110110 0.100000 -0.003527
v 1.109032 -0.100000 -0.004800
v 1.109032 0.100000 -0.004800
v 1.108151 -0.100000 -0.006270
v 1.108151 0.100000 -0.006270
v 1.107465 -0.100000 -0.007935
v 1.107465 0.100000 -0.007935
v 1.106975 -0.100000 -0.009796
v 1.106975 0.100000 -0.009796
v 1.106681 -0.100000 -0.011853
v 1.106681 0.100000 -0.011853
v 1.106583 -0.100000 -0.014107
v 1.106583 0.100000 -0.014107
v 1.106583 -0.100000 -0.060737
v 1.106583 0.100000 -0.060737
v 1.106681 -0.100000 -0.062990
v 1.106681 0.100000 -0.062990
v 1.106975 -0.100000 -0.065047
v 1.106975 0.100000 -0.065047
v 1.107465 -0.100000 -0.066908
v 1.107465 0.100000 -0.066908
v 1.108150 -0.100000 -0.068574
v 1.108150 0.100000 -0.068574
v 1.109032 -0.100000 -0.070043
v 1.109032 0.100000 -0.070043
v 1.110110 -0.100000 -0.071317
v 1.110110 0.100000 -0.071317
v 1.111383 -0.100000 -0.072394
v 1.111383 0.100000 -0.072394
v 1.112853 -0.100000 -0.073276
v 1.112853 0.100000 -0.073276
v 1.114518 -0.100000 -0.073962
v 1.114518 0.100000 -0.073962
v 1.116379 -0.100000 -0.074451
v 1.116379 0.100000 -0.074451
v 1.118436 -0.100000 -0.074745
v 1.118436 0.100000 -0.074745
v 1.120690 -0.100000 -0.074843
v 1.120690 0.100000 -0.074843
v 1.159483 -0.100000 -0.074843
v 1.159483 0.100000 -0.074843
v 1.159483 -0.100000 -0.206505
v 1.159483 0.100000 -0.206505
v 1.120690 -0.100000 -0.206505
v 1.120690 0.100000 -0.206505
v 1.118437 -0.100000 -0.206603
v 1.118437 0.100000 -0.206603
v 1.116379 -0.100000 -0.206897
v 1.116379 0.100000 -0.206897
v 1.114518 -0.100000 -0.207386
v 1.114518 0.100000 -0.207386
v 1.112853 -0.100000 -0.208072
v 1.112853 0.100000 -0.208072
v 1.111383 -0.100000 -0.208954
v 1.111383 0.100000 -0.208954
v 1.110110 -0.100000 -0.210031
v 1.110110 0.100000 -0.210031
v 1.109032 -0.100000 -0.211305
v 1.109032 0.100000 -0.211305
v 1.108151 -0.100000 -0.212774
v 1.108151 0.100000 -0.212774
v 1.107465 -0.100000 -0.214440
v 1.107465 0.100000 -0.214440
v 1.106975 -0.100000 -0.216301
v 1.106975 0.100000 -0.216301
v 1.106681 -0.100000 -0.218358
v 1.106681 0.100000 -0.218358
v 1.106583 -0.100000 -0.220611
v 1.106583 0.100000 -0.220611
v 1.106583 -0.100000 -0.268025
v 1.106583 0.100000 -0.268025
v 1.106681 -0.100000 -0.270278
v 1.106681 0.100000 -0.270278
v 1.106975 -0.100000 -0.272335
v 1.106975 0.100000 -0.272335
v 1.107465 -0.100000 -0.274197
v 1.107465 0.100000 -0.274197
v 1.108150 -0.100000 -0.275862
v 1.108150 0.100000 -0.275862
v 1.109032 -0.100000 -0.277331
v 1.109032 0.100000 -0.277331
v 1.110110 -0.100000 -0.278605
v 1.110110 0.100000 -0.278605
v 1.111383 -0.100000 -0.279683
v 1.111383 0.100000 -0.279683
v 1.112853 -0.100000 -0.280564
v 1.112853 0.100000 -0.280564
v 1.114518 -0.100000 -0.281250
v 1.114518 0.100000 -0.281250
v 1.116379 -0.100000 -0.281740
v 1.116379 0.100000 -0.281740
v 1.118436 -0.100000 -0.282034
v 1.118436 0.100000 -0.282034
v 1.120690 -0.100000 -0.282132
v 1.120690 0.100000 -0.282132
v 1.287618 -0.100000 -0.282132
v 1.287618 0.100000 -0.282132
v 1.289871 -0.100000 -0.282034
v 1.289871 0.100000 -0.282034
v 1.291928 -0.100000 -0.281740
v 1.291928 0.100000 -0.281740
v 1.293789 -0.100000 -0.281250
v 1.293789 0.100000 -0.281250
v 1.295455 -0.100000 -0.280564
v 1.295455 0.100000 -0.280564
v 1.296924 -0.100000 -0.279683
v 1.296924 0.100000 -0.279683
v 1.298198 -0.100000 -0.278605
v 1.298198 0.100000 -0.278605
v 1.299275 -0.100000 -0.277332
v 1.299275 0.100000 -0.277332
v 1.300157 -0.100000 -0.275862
v 1.300157 0.100000 -0.275862
v 1.300843 -0.100000 -0.274197
v 1.300843 0.100000 -0.274197
v 1.301332 -0.100000 -0.272335
v 1.301332 0.100000 -0.272335
v 1.301626 -0.100000 -0.270278
v 1.301626 0.100000 -0.270278
v 1.301724 -0.100000 -0.268025
v 1.301724 0.100000 -0.268025
v 1.301724 -0.100000 -0.220611
v 1.301724 0.100000 -0.220611
v 1.301626 -0.100000 -0.218358
v 1.301626 0.100000 -0.218358
v 1.301332 -0.100000 -0.216301
v 1.301332 0.100000 -0.216301
v 1.300843 -0.100000 -0.214440
v 1.300843 0.100000 -0.214440
v 1.300157 -0.100000 -0.212774
v 1.300157 0.100000 -0.212774
v 1.299275 -0.100000 -0.211305
v 1.299275 0.100000 -0.211305
v 1.298198 -0.100000 -0.210031
v 1.298198 0.100000 -0.210031
v 1.296924 -0.100000 -0.208954
v 1.296924 0.100000 -0.208954
v 1.295455 -0.100000 -0.208072
v 1.295455 0.100000 -0.208072
v 1.293789 -0.100000 -0.207386
v 1.293789 0.100000 -0.207386
v 1.291928 -0.100000 -0.206897
v 1.291928 0.100000 -0.206897
v 1.289871 -0.100000 -0.206603
v 1.289871 0.100000 -0.206603
v 1.287618 -0.100000 -0.206505
v 1.287618 0.100000 -0.206505
v 1.249608 -0.100000 -0.206505
v 1.249608 0.100000 -0.206505
v 1.249608 -0.100000 -0.074843
v 1.249608 0.100000 -0.074843
v 1.287618 -0.100000 -0.074843
v 1.287618 0.100000 -0.074843
v 1.289871 -0.100000 -0.074745
v 1.289871 0.100000 -0.074745
v 1.291928 -0.100000 -0.074451
v 1.291928 0.100000 -0.074451
v 1.293789 -0.100000 -0.073962
v 1.293789 0.100000 -0.073962
v 1.295455 -0.100000 -0.073276
v 1.295455 0.100000 -0.073276
v 1.296924 -0.100000 -0.072394
v 1.296924 0.100000 -0.072394
v 1.298198 -0.100000 -0.071317
v 1.298198 0.100000 -0.071317
v 1.299275 -0.100000 -0.070043
v 1.299275 0.100000 -0.070043
v 1.300157 -0.100000 -0.068574
v 1.300157 0.100000 -0.068574
v 1.300843 -0.100000 -0.066908
v 1.300843 0.100000 -0.066908
v 1.301332 -0.100000 -0.065047
v 1.301332 0.100000 -0.065047
v 1.301626 -0.100000 -0.062990
v 1.301626 0.100000 -0.062990
v 1.301724 -0.100000 -0.060737
v 1.301724 0.100000 -0.060737
v 1.301724 -0.100000 -0.014107
v 1.301724 0.100000 -0.014107
v 1.301626 -0.100000 -0.011853
v 1.301626 0.100000 -0.011853
v 1.301332 -0.100000 -0.009796
v 1.301332 0.100000 -0.009796
v 1.300843 -0.100000 -0.007935
v 1.300843 0.100000 -0.007935
v 1.300157 -0.100000 -0.006270
v 1.300157 0.100000 -0.006270
v 1.299275 -0.100000 -0.004800
v 1.299275 0.100000 -0.004800
v 1.298198 -0.100000 -0.003527
v 1.298198 0.100000 -0.003527
v 1.296924 -0.100000 -0.002449
v 1.296924 0.100000 -0.002449
v 1.295455 -0.100000 -0.001567
v 1.295455 0.100000 -0.001567
v 1.293789 -0.100000 -0.000882
v 1.293789 0.100000 -0.000882
v 1.291928 -0.100000 -0.000392
v 1.291928 0.100000 -0.000392
v 1.289871 -0.100000 -0.000098
v 1.289871 0.100000 -0.000098
v 1.497257 -0.100000 -0.014107
v 1.497257 0.100000 -0.014107
v 1.497159 -0.100000 -0.011853
v 1.497159 0.100000 -0.011853
v 1.496865 -0.100000 -0.009796
v 1.496865 0.100000 -0.009796
v 1.496375 -0.100000 -0.007935
v 1.496375 0.100000 -0.007935
v 1.495690 -0.100000 -0.006270
v 1.495690 0.100000 -0.006270
v 1.494808 -0.100000 -0.004800
v 1.494808 0.100000 -0.004800
v 1.493731 -0.100000 -0.003527
v 1.493731 0.100000 -0.003527
v 1.492457 -0.100000 -0.002449
v 1.492457 0.100000 -0.002449
v 1.490988 -0.100000 -0.001567
v 1.490988 0.100000 -0.001567
v 1.489322 -0.100000 -0.000882
v 1.489322 0.100000 -0.000882
v 1.487461 -0.100000 -0.000392
v 1.487461 0.100000 -0.000392
v 1.485404 -0.100000 -0.000098
v 1.485404 0.100000 -0.000098
v 1.483150 -0.100000 0.000000
v 1.483150 0.100000 0.000000
v 1.419671 -0.100000 0.000000
v 1.419671 0.100000 0.000000
v 1.417418 -0.100000 -0.000098
v 1.417418 0.100000 -0.000098
v 1.415361 -0.100000 -0.000392
v 1.415361 0.100000 -0.000392
v 1.413499 -0.100000 -0.000882
v 1.413499 0.100000 -0.000882
v 1.411834 -0.100000 -0.001567
v 1.411834 0.100000 -0.001567
v 1.410364 -0.100000 -0.002449
v 1.410364 0.100000 -0.002449
v 1.409091 -0.100000 -0.003527
v 1.409091 0.100000 -0.003527
v 1.408013 -0.100000 -0.004800
v 1.408013 0.100000 -0.004800
v 1.407132 -0.100000 -0.006270
v 1.407132 0.100000 -0.006270
v 1.406446 -0.100000 -0.007935
v 1.406446 0.100000 -0.007935
v 1.405956 -0.100000 -0.009796
v 1.405956 0.100000 -0.009796
v 1.405662 -0.100000 -0.011853
v 1.405662 0.100000 -0.011853
v 1.405564 -0.100000 -0.014107
v 1.405564 0.100000 -0.014107
v 1.405564 -0.100000 -0.206505
v 1.405564 0.100000 -0.206505
v 1.347962 -0.100000 -0.206505
v 1.347962 0.100000 -0.206505
v 1.345709 -0.100000 -0.206603
v 1.345709 0.100000 -0.206603
v 1.343652 -0.100000 -0.206897
v 1.343652 0.100000 -0.206897
v 1.341791 -0.100000 -0.207386
v 1.341791 0.100000 -0.207386
v 1.340125 -0.100000 -0.208072
v 1.340125 0.100000 -0.208072
v 1.338656 -0.100000 -0.208954
v 1.338656 0.100000 -0.208954
v 1.337382 -0.100000 -0.210031
v 1.337382 0.100000 -0.210031
v 1.336305 -0.100000 -0.211305
v 1.336305 0.100000 -0.211305
v 1.335423 -0.100000 -0.212774
v 1.335423 0.100000 -0.212774
v 1.334738 -0.100000 -0.214440
v 1.334738 0.100000 -0.214440
v 1.334248 -0.100000 -0.216301
v 1.334248 0.100000 -0.216301
v 1.333954 -0.100000 -0.218358
v 1.333954 0.100000 -0.218358
v 1.333856 -0.100000 -0.220611
v 1.333856 0.100000 -0.220611
v 1.333856 -0.100000 -0.268025
v 1.333856 0.100000 -0.268025
v 1.333954 -0.100000 -0.270278
v 1.333954 0.100000 -0.270278
v 1.334248 -0.100000 -0.272335
v 1.334248 0.100000 -0.272335
v 1.334738 -0.100000 -0.274197
v 1.334738 0.100000 -0.274197
v 1.335423 -0.100000 -0.275862
v 1.335423 0.100000 -0.275862
v 1.336305 -0.100000 -0.277331
v 1.336305 0.100000 -0.277331
v 1.337382 -0.100000 -0.278605
v 1.337382 0.100000 -0.278605
v 1.338656 -0.100000 -0.279683
v 1.338656 0.100000 -0.279683
v 1.340125 -0.100000 -0.280564
v 1.340125 0.100000 -0.280564
v 1.341791 -0.100000 -0.281250
v 1.341791 0.100000 -0.281250
v 1.343652 -0.100000 -0.281740
v 1.343652 0.100000 -0.281740
v 1.345709 -0.100000 -0.282034
v 1.345709 0.100000 -0.282034
v 1.347962 -0.100000 -0.282132
v 1.347962 0.100000 -0.282132
v 1.554859 -0.100000 -0.282132
v 1.554859 0.100000 -0.282132
v 1.557112 -0.100000 -0.282034
v 1.557112 0.100000 -0.282034
v 1.559169 -0.100000 -0.281740
v 1.559169 0.100000 -0.281740
v 1.561031 -0.100000 -0.281250
v 1.561031 0.100000 -0.281250
v 1.562696 -0.100000 -0.280564
v 1.562696 0.100000 -0.280564
v 1.564165 -0.100000 -0.279683
v 1.564165 0.100000 -0.279683
v 1.565439 -0.100000 -0.278605
v 1.565439 0.100000 -0.278605
v 1.566516 -0.100000 -0.277332
v 1.566516 0.100000 -0.277332
v 1.567398 -0.100000 -0.275862
v 1.567398 0.100000 -0.275862
v 1.568084 -0.100000 -0.274197
v 1.568084 0.100000 -0.274197
v 1.568574 -0.100000 -0.272335
v 1.568574 0.100000 -0.272335
v 1.568867 -0.100000 -0.270278
v 1.568867 0.100000 -0.270278
v 1.568966 -0.100000 -0.268025
v 1.568966 0.100000 -0.268025
v 1.568966 -0.100000 -0.220611
v 1.568966 0.100000 -0.220611
v 1.568868 -0.100000 -0.218358
v 1.568868 0.100000 -0.218358
v 1.568574 -0.100000 -0.216301
v 1.568574 0.100000 -0.216301
v 1.568084 -0.100000 -0.214440
v 1.568084 0.100000 -0.214440
v 1.567398 -0.100000 -0.212774
v 1.567398 0.100000 -0.212774
v 1.566517 -0.100000 -0.211305
v 1.566517 0.100000 -0.211305
v 1.565439 -0.100000 -0.210031
v 1.565439 0.100000 -0.210031
v 1.564165 -0.100000 -0.208954
v 1.564165 0.100000 -0.208954
v 1.562696 -0.100000 -0.208072
v 1.562696 0.100000 -0.208072
v 1.561031 -0.100000 -0.207386
v 1.561031 0.100000 -0.207386
v 1.559170 -0.100000 -0.206897
v 1.559170 0.100000 -0.206897
v 1.557112 -0.100000 -0.206603
v 1.557112 0.100000 -0.206603
v 1.554859 -0.100000 -0.206505
v 1.554859 0.100000 -0.206505
v 1.497257 -0.100000 -0.206505
v 1.497257 0.100000 -0.206505
vn -0.0000 1.0000 -0.0000
vn 0.0001 1.0000 -0.0000
vn -0.0001 1.0000 -0.0000
vn -0.0000 -1.0000 -0.0000
vn 0.0001 -1.0000 -0.0000
vn -0.0001 -1.0000 -0.0000
vn 0.9998 -0.0000 0.0217
vn 0.9957 -0.0000 0.0925
vn 0.9801 -0.0000 0.1983
vn 0.9480 -0.0000 0.3183
vn 0.8936 -0.0000 0.4489
vn 0.8131 -0.0000 0.5821
vn 0.7071 -0.0000 0.7071
vn 0.5821 -0.0000 0.8131
vn 0.4489 -0.0000 0.8936
vn 0.3183 -0.0000 0.9480
vn 0.1983 -0.0000 0.9801
vn 0.0925 -0.0000 0.9957
vn 0.0217 -0.0000 0.9998
vn -0.0085 -0.0000 1.0000
vn -0.0350 -0.0000 0.9994
vn -0.0727 -0.0000 0.9974
vn -0.1139 -0.0000 0.9935
vn -0.1588 -0.0000 0.9873
vn -0.2075 -0.0000 0.9782
vn -0.2602 -0.0000 0.9656
vn -0.3168 -0.0000 0.9485
vn -0.3772 -0.0000 0.9261
vn -0.4407 -0.0000 0.8976
vn -0.5067 -0.0000 0.8621
vn -0.5738 -0.0000 0.8190
vn -0.6403 -0.0000 0.7681
vn -0.7039 -0.0000 0.7103
vn -0.7629 -0.0000 0.6466
vn -0.8158 -0.0000 0.5784
vn -0.8618 -0.0000 0.5073
vn -0.9003 -0.0000 0.4352
vn -0.9316 -0.0000 0.3635
vn -0.9559 -0.0000 0.2938
vn -0.9739 -0.0000 0.2271
vn -0.9864 -0.0000 0.1641
vn -0.9944 -0.0000 0.1053
vn -0.9987 -0.0000 0.0507
vn -0.9999 -0.0000 0.0123
vn -0.9999 -0.0000 -0.0122
vn -0.9987 -0.0000 -0.0503
vn -0.9945 -0.0000 -0.1044
vn -0.9867 -0.0000 -0.1628
vn -0.9743 -0.0000 -0.2255
vn -0.9564 -0.0000 -0.2919
vn -0.9324 -0.0000 -0.3615
vn -0.9013 -0.0000 -0.4332
vn -0.8628 -0.0000 -0.5055
vn -0.8168 -0.0000 -0.5769
vn -0.7637 -0.0000 -0.6455
vn -0.7045 -0.0000 -0.7097
vn -0.6404 -0.0000 -0.7680
vn -0.5738 -0.0000 -0.8190
vn -0.5067 -0.0000 -0.8621
vn -0.4407 -0.0000 -0.8976
vn -0.3772 -0.0000 -0.9261
vn -0.3168 -0.0000 -0.9485
vn -0.2602 -0.0000 -0.9656
vn -0.2075 -0.0000 -0.9782
vn -0.1588 -0.0000 -0.9873
vn -0.1139 -0.0000 -0.9935
vn -0.0727 -0.0000 -0.9974
vn -0.0350 -0.0000 -0.9994
vn -0.0085 -0.0000 -1.0000
vn 0.0217 -0.0000 -0.9998
vn 0.0925 -0.0000 -0.9957
vn 0.1983 -0.0000 -0.9801
vn 0.3183 -0.0000 -0.9480
vn 0.4489 -0.0000 -0.8936
vn 0.5821 -0.0000 -0.8131
vn 0.7071 -0.0000 -0.7071
vn 0.8131 -0.0000 -0.5821
vn 0.8936 -0.0000 -0.4489
vn 0.9480 -0.0000 -0.3183
vn 0.9801 -0.0000 -0.1983
vn 0.9957 -0.0000 -0.0925
vn 0.9998 -0.0000 -0.0217
vn 0.0178 -0.0000 0.9998
vn 0.0760 -0.0000 0.9971
vn 0.1638 -0.0000 0.9865
vn 0.2657 -0.0000 0.9640
vn 0.3814 -0.0000 0.9244
vn 0.5070 -0.0000 0.8619
vn 0.6350 -0.0000 0.7725
vn 0.7541 -0.0000 0.6568
vn 0.8532 -0.0000 0.5216
vn 0.9256 -0.0000 0.3784
vn 0.9710 -0.0000 0.2393
vn 0.9936 -0.0000 0.1125
vn 0.9996 -0.0000 0.0265
vn 0.9996 -0.0000 -0.0276
vn 0.9931 -0.0000 -0.1171
vn 0.9686 -0.0000 -0.2485
vn 0.9201 -0.0000 -0.3916
vn 0.8436 -0.0000 -0.5369
vn 0.7408 -0.0000 -0.6717
vn 0.6196 -0.0000 -0.7849
vn 0.4919 -0.0000 -0.8707
vn 0.3683 -0.0000 -0.9297
vn 0.2559 -0.0000 -0.9667
vn 0.1574 -0.0000 -0.9875
vn 0.0730 -0.0000 -0.9973
vn 0.0171 -0.0000 -0.9999
vn -0.0217 -0.0000 0.9998
vn -0.0925 -0.0000 0.9957
vn -0.1983 -0.0000 0.9801
vn -0.3183 -0.0000 0.9480
vn -0.4489 -0.0000 0.8936
vn -0.5821 -0.0000 0.8131
vn -0.7071 -0.0000 0.7071
vn -0.8131 -0.0000 0.5821
vn -0.8936 -0.0000 0.4489
vn -0.9480 -0.0000 0.3183
vn -0.9801 -0.0000 0.1983
vn -0.9957 -0.0000 0.0925
vn -0.9998 -0.0000 0.0217
vn -0.9998 -0.0000 -0.0217
vn -0.9957 -0.0000 -0.0925
vn -0.9801 -0.0000 -0.1983
vn -0.9480 -0.0000 -0.3183
vn -0.8936 -0.0000 -0.4489
vn -0.8131 -0.0000 -0.5821
vn -0.7071 -0.0000 -0.7071
vn -0.5821 -0.0000 -0.8131
vn -0.4489 -0.0000 -0.8936
vn -0.3183 -0.0000 -0.9480
vn -0.1983 -0.0000 -0.9801
vn -0.0925 -0.0000 -0.9957
vn -0.0217 -0.0000 -0.9998
vn 0.0059 -0.0000 -1.0000
vn 0.0244 -0.0000 -0.9997
vn 0.0504 -0.0000 -0.9987
vn 0.0784 -0.0000 -0.9969
vn 0.1085 -0.0000 -0.9941
vn 0.1408 -0.0000 -0.9900
vn 0.1756 -0.0000 -0.9845
vn 0.2129 -0.0000 -0.9771
vn 0.2528 -0.0000 -0.9675
vn 0.2955 -0.0000 -0.9553
vn 0.3409 -0.0000 -0.9401
vn 0.3889 -0.0000 -0.9213
vn 0.4364 -0.0000 -0.8997
vn 0.4801 -0.0000 -0.8772
vn 0.5220 -0.0000 -0.8529
vn 0.5646 -0.0000 -0.8254
vn 0.6075 -0.0000 -0.7943
vn 0.6502 -0.0000 -0.7597
vn 0.6923 -0.0000 -0.7216
vn 0.7331 -0.0000 -0.6801
vn 0.7722 -0.0000 -0.6353
vn 0.8090 -0.0000 -0.5878
vn 0.8431 -0.0000 -0.5378
vn 0.8740 -0.0000 -0.4860
vn 0.8997 -0.0000 -0.4364
vn 0.9193 -0.0000 -0.3936
vn 0.9351 -0.0000 -0.3545
vn 0.9489 -0.0000 -0.3155
vn 0.9609 -0.0000 -0.2769
vn 0.9710 -0.0000 -0.2389
vn 0.9795 -0.0000 -0.2016
vn 0.9862 -0.0000 -0.1653
vn 0.9915 -0.0000 -0.1300
vn 0.9954 -0.0000 -0.0957
vn 0.9980 -0.0000 -0.0626
vn 0.9995 -0.0000 -0.0308
vn 1.0000 -0.0000 -0.0076
vn 1.0000 -0.0000 0.0060
vn 0.9997 -0.0000 0.0246
vn 0.9987 -0.0000 0.0503
vn 0.9970 -0.0000 0.0774
vn 0.9944 -0.0000 0.1058
vn 0.9908 -0.0000 0.1356
vn 0.9860 -0.0000 0.1669
vn 0.9799 -0.0000 0.1995
vn 0.9723 -0.0000 0.2336
vn 0.9631 -0.0000 0.2690
vn 0.9521 -0.0000 0.3057
vn 0.9391 -0.0000 0.3436
vn 0.9218 -0.0000 0.3876
vn 0.8970 -0.0000 0.4420
vn 0.8655 -0.0000 0.5009
vn 0.8295 -0.0000 0.5585
vn 0.7894 -0.0000 0.6139
vn 0.7457 -0.0000 0.6663
vn 0.6991 -0.0000 0.7151
vn 0.6503 -0.0000 0.7597
vn 0.6002 -0.0000 0.7998
vn 0.5496 -0.0000 0.8354
vn 0.4992 -0.0000 0.8665
vn 0.4495 -0.0000 0.8933
vn 0.9885 -0.0000 -0.1514
vn 0.1612 -0.0000 -0.9869
vn 0.2159 -0.0000 -0.9764
vn 0.2724 -0.0000 -0.9622
vn 0.3303 -0.0000 -0.9439
vn 0.4473 -0.0000 -0.8944
vn 0.5050 -0.0000 -0.8631
vn 0.5610 -0.0000 -0.8278
vn 0.6146 -0.0000 -0.7888
vn 0.6651 -0.0000 -0.7468
vn 0.7120 -0.0000 -0.7022
vn 0.7560 -0.0000 -0.6546
vn 0.7982 -0.0000 -0.6024
vn 0.8376 -0.0000 -0.5463
vn 0.8727 -0.0000 -0.4883
vn 0.9032 -0.0000 -0.4291
vn 0.9291 -0.0000 -0.3697
vn 0.9504 -0.0000 -0.3109
vn 0.9674 -0.0000 -0.2533
vn 0.9803 -0.0000 -0.1976
vn 0.9895 -0.0000 -0.1442
vn 0.9956 -0.0000 -0.0935
vn 0.9990 -0.0000 -0.0455
vn 0.9999 -0.0000 -0.0111
vn 0.9957 -0.0000 0.0926
vn -1.0000 -0.0000 0.0079
vn -0.9995 -0.0000 0.0327
vn -0.9977 -0.0000 0.0683
vn -0.9942 -0.0000 0.1075
vn -0.9886 -0.0000 0.1506
vn -0.9802 -0.0000 0.1981
vn -0.9682 -0.0000 0.2501
vn -0.9517 -0.0000 0.3069
vn -0.9297 -0.0000 0.3684
vn -0.9008 -0.0000 0.4343
vn -0.8638 -0.0000 0.5039
vn -0.8176 -0.0000 0.5757
vn -0.7606 -0.0000 0.6492
vn -0.6930 -0.0000 0.7209
vn -0.6191 -0.0000 0.7853
vn -0.5427 -0.0000 0.8399
vn -0.4665 -0.0000 0.8845
vn -0.3923 -0.0000 0.9198
vn -0.3218 -0.0000 0.9468
vn -0.2559 -0.0000 0.9667
vn -0.1950 -0.0000 0.9808
vn -0.1392 -0.0000 0.9903
vn -0.0884 -0.0000 0.9961
vn -0.0423 -0.0000 0.9991
vn -0.0102 -0.0000 0.9999
vn -0.0111 -0.0000 0.9999
vn -0.0111 -0.0000 -0.9999
vn -0.0464 -0.0000 -0.9989
vn -0.0974 -0.0000 -0.9952
vn -0.1542 -0.0000 -0.9880
vn -0.2170 -0.0000 -0.9762
vn -0.2860 -0.0000 -0.9582
vn -0.3608 -0.0000 -0.9326
vn -0.4406 -0.0000 -0.8977
vn -0.5238 -0.0000 -0.8519
vn -0.6077 -0.0000 -0.7942
vn -0.6893 -0.0000 -0.7245
vn -0.7651 -0.0000 -0.6439
vn -0.8244 -0.0000 -0.5660
vn -0.8622 -0.0000 -0.5066
vn -0.8892 -0.0000 -0.4574
vn -0.9131 -0.0000 -0.4077
vn -0.9338 -0.0000 -0.3578
vn -0.9513 -0.0000 -0.3084
vn -0.9657 -0.0000 -0.2597
vn -0.9772 -0.0000 -0.2122
vn -0.9861 -0.0000 -0.1661
vn -0.9926 -0.0000 -0.1218
vn -0.9969 -0.0000 -0.0793
vn -0.9992 -0.0000 -0.0388
vn -1.0000 -0.0000 -0.0095
vn -1.0000 -0.0000 0.0095
vn -0.9992 -0.0000 0.0388
vn -0.9969 -0.0000 0.0793
vn -0.9926 -0.0000 0.1218
vn -0.9861 -0.0000 0.1661
vn -0.9772 -0.0000 0.2122
vn -0.9657 -0.0000 0.2597
vn -0.9513 -0.0000 0.3084
vn -0.9338 -0.0000 0.3578
vn -0.9131 -0.0000 0.4077
vn -0.8892 -0.0000 0.4574
vn -0.8622 -0.0000 0.5066
vn -0.8244 -0.0000 0.5660
vn -0.7651 -0.0000 0.6439
vn -0.6893 -0.0000 0.7245
vn -0.6077 -0.0000 0.7942
vn -0.5238 -0.0000 0.8519
vn -0.4406 -0.0000 0.8977
vn -0.3608 -0.0000 0.9326
vn -0.2860 -0.0000 0.9582
vn -0.2170 -0.0000 0.9762
vn -0.1542 -0.0000 0.9880
vn -0.0974 -0.0000 0.9952
vn -0.0464 -0.0000 0.9989
vn -0.9957 -0.0000 -0.0926
vn 0.9957 -0.0000 -0.0926
vn 0.6403 -0.0000 0.7681
vn 0.5738 -0.0000 0.8190
vn 0.5067 -0.0000 0.8621
vn 0.4407 -0.0000 0.8976
vn 0.3772 -0.0000 0.9261
vn 0.3168 -0.0000 0.9485
vn 0.2602 -0.0000 0.9656
vn 0.2075 -0.0000 0.9782
vn 0.1588 -0.0000 0.9873
vn 0.1139 -0.0000 0.9935
vn 0.0727 -0.0000 0.9974
vn 0.0350 -0.0000 0.9994
vn 0.0085 -0.0000 1.0000
vn 0.0084 -0.0000 -1.0000
vn 0.0350 -0.0000 -0.9994
vn 0.0727 -0.0000 -0.9974
vn 0.1139 -0.0000 -0.9935
vn 0.1588 -0.0000 -0.9873
vn 0.2075 -0.0000 -0.9782
vn 0.2602 -0.0000 -0.9656
vn 0.3168 -0.0000 -0.9485
vn 0.3772 -0.0000 -0.9261
vn 0.4407 -0.0000 -0.8976
vn 0.5067 -0.0000 -0.8621
vn 0.5738 -0.0000 -0.8190
vn 0.6403 -0.0000 -0.7681
vn 0.7039 -0.0000 -0.7103
vn 0.7629 -0.0000 -0.6466
vn 0.8158 -0.0000 -0.5784
vn 0.8618 -0.0000 -0.5073
vn 0.9004 -0.0000 -0.4352
vn 0.9316 -0.0000 -0.3635
vn 0.9559 -0.0000 -0.2938
vn 0.9739 -0.0000 -0.2271
vn 0.9864 -0.0000 -0.1641
vn 0.9944 -0.0000 -0.1053
vn 0.9987 -0.0000 -0.0508
vn 0.9999 -0.0000 -0.0123
vn 0.9999 -0.0000 0.0123
vn 0.9987 -0.0000 0.0508
vn 0.9944 -0.0000 0.1053
vn 0.9864 -0.0000 0.1641
vn 0.9739 -0.0000 0.2271
vn 0.9559 -0.0000 0.2938
vn 0.9316 -0.0000 0.3635
vn 0.9004 -0.0000 0.4352
vn 0.8618 -0.0000 0.5073
vn 0.8158 -0.0000 0.5784
vn 0.7629 -0.0000 0.6466
vn 0.7039 -0.0000 0.7103
vn -0.0222 -0.0000 0.9998
vn -0.0226 -0.0000 -0.9997
vn -0.0964 -0.0000 -0.9953
vn -0.2063 -0.0000 -0.9785
vn -0.3303 -0.0000 -0.9439
vn -0.4638 -0.0000 -0.8860
vn -0.5979 -0.0000 -0.8015
vn -0.7215 -0.0000 -0.6924
vn -0.8242 -0.0000 -0.5663
vn -0.9008 -0.0000 -0.4342
vn -0.9518 -0.0000 -0.3067
vn -0.9817 -0.0000 -0.1905
vn -0.9960 -0.0000 -0.0888
vn -0.9998 -0.0000 -0.0209
vn -0.9998 -0.0000 0.0213
vn -0.9959 -0.0000 0.0906
vn -0.9809 -0.0000 0.1943
vn -0.9500 -0.0000 0.3124
vn -0.8973 -0.0000 0.4414
vn -0.8188 -0.0000 0.5741
vn -0.7144 -0.0000 0.6997
vn -0.5901 -0.0000 0.8073
vn -0.4564 -0.0000 0.8898
vn -0.3243 -0.0000 0.9459
vn -0.2023 -0.0000 0.9793
vn -0.0945 -0.0000 0.9955
vn -0.9957 -0.0000 0.0926
vn -0.9998 -0.0000 0.0218
vn 0.9998 -0.0000 -0.0218
vt 0.645570 0.000000
vt 0.670886 0.000000
vt 0.658228 0.000000
vt 0.683544 0.000000
vt 0.696203 0.000000
vt 0.632911 0.000000
vt 0.708861 0.000000
vt 0.620253 0.000000
vt 0.721519 0.000000
vt 0.607595 0.000000
vt 0.734177 0.000000
vt 0.594937 0.000000
vt 0.746835 0.000000
vt 0.582278 0.000000
vt 0.759494 0.000000
vt 0.569620 0.000000
vt 0.772152 0.000000
vt 0.556962 0.000000
vt 0.784810 0.000000
vt 0.544304 0.000000
vt 0.797468 0.000000
vt 0.531646 0.000000
vt 0.810127 0.000000
vt 0.518987 0.000000
vt 0.506329 0.000000
vt 0.822785 0.000000
vt 0.493671 0.000000
vt 0.835443 0.000000
vt 0.481013 0.000000
vt 0.848101 0.000000
vt 0.468354 0.000000
vt 0.860759 0.000000
vt 0.455696 0.000000
vt 0.873418 0.000000
vt 0.443038 0.000000
vt 0.886076 0.000000
vt 0.430380 0.000000
vt 0.898734 0.000000
vt 0.417722 0.000000
vt 0.911392 0.000000
vt 0.405063 0.000000
vt 0.924051 0.000000
vt 0.392405 0.000000
vt 0.936709 0.000000
vt 0.379747 0.000000
vt 0.949367 0.000000
vt 0.367089 0.000000
vt 0.962025 0.000000
vt 0.354430 0.000000
vt 0.974684 0.000000
vt 0.341772 0.000000
vt 0.987342 0.000000
vt 0.329114 0.000000
vt 0.316456 0.000000
vt 1.000000 0.000000
vt 0.000000 0.000000
vt 0.303797 0.000000
vt 0.012658 0.000000
vt 0.291139 0.000000
vt 0.025316 0.000000
vt 0.278481 0.000000
vt 0.037975 0.000000
vt 0.265823 0.000000
vt 0.050633 0.000000
vt 0.253165 0.000000
vt 0.063291 0.000000
vt 0.240506 0.000000
vt 0.075949 0.000000
vt 0.227848 0.000000
vt 0.088608 0.000000
vt 0.215190 0.000000
vt 0.101266 0.000000
vt 0.202532 0.000000
vt 0.113924 0.000000
vt 0.189873 0.000000
vt 0.126582 0.000000
vt 0.177215 0.000000
vt 0.139241 0.000000
vt 0.164557 0.000000
vt 0.151899 0.000000
vt 0.495327 0.000000
vt 0.514019 0.000000
vt 0.504673 0.000000
vt 0.523364 0.000000
vt 0.532710 0.000000
vt 0.485981 0.000000
vt 0.542056 0.000000
vt 0.476636 0.000000
vt 0.551402 0.000000
vt 0.467290 0.000000
vt 0.560748 0.000000
vt 0.457944 0.000000
vt 0.570093 0.000000
vt 0.448598 0.000000
vt 0.579439 0.000000
vt 0.439252 0.000000
vt 0.588785 0.000000
vt 0.429907 0.000000
vt 0.598131 0.000000
vt 0.420561 0.000000
vt 0.607477 0.000000
vt 0.411215 0.000000
vt 0.616822 0.000000
vt 0.401869 0.000000
vt 0.392523 0.000000
vt 0.626168 0.000000
vt 0.383178 0.000000
vt 0.635514 0.000000
vt 0.373832 0.000000
vt 0.644860 0.000000
vt 0.364486 0.000000
vt 0.654206 0.000000
vt 0.355140 0.000000
vt 0.663551 0.000000
vt 0.345794 0.000000
vt 0.672897 0.000000
vt 0.336449 0.000000
vt 0.682243 0.000000
vt 0.327103 0.000000
vt 0.691589 0.000000
vt 0.317757 0.000000
vt 0.700935 0.000000
vt 0.308411 0.000000
vt 0.710280 0.000000
vt 0.299065 0.000000
vt 0.719626 0.000000
vt 0.289720 0.000000
vt 0.728972 0.000000
vt 0.280374 0.000000
vt 0.738318 0.000000
vt 0.271028 0.000000
vt 0.747664 0.000000
vt 0.261682 0.000000
vt 0.252336 0.000000
vt 0.757009 0.000000
vt 0.766355 0.000000
vt 0.233645 0.000000
vt 0.242991 0.000000
vt 0.775701 0.000000
vt 0.785047 0.000000
vt 0.794393 0.000000
vt 0.224299 0.000000
vt 0.803738 0.000000
vt 0.214953 0.000000
vt 0.813084 0.000000
vt 0.205607 0.000000
vt 0.822430 0.000000
vt 0.196262 0.000000
vt 0.831776 0.000000
vt 0.186916 0.000000
vt 0.841121 0.000000
vt 0.177570 0.000000
vt 0.850467 0.000000
vt 0.168224 0.000000
vt 0.859813 0.000000
vt 0.158879 0.000000
vt 0.869159 0.000000
vt 0.149533 0.000000
vt 0.878505 0.000000
vt 0.140187 0.000000
vt 0.887850 0.000000
vt 0.130841 0.000000
vt 0.121495 0.000000
vt 0.897196 0.000000
vt 0.112150 0.000000
vt 0.906542 0.000000
vt 0.102804 0.000000
vt 0.915888 0.000000
vt 0.093458 0.000000
vt 0.925234 0.000000
vt 0.084112 0.000000
vt 0.934579 0.000000
vt 0.074766 0.000000
vt 0.943925 0.000000
vt 0.065421 0.000000
vt 0.953271 0.000000
vt 0.056075 0.000000
vt 0.962617 0.000000
vt 0.046729 0.000000
vt 0.971963 0.000000
vt 0.037383 0.000000
vt 0.981308 0.000000
vt 0.028037 0.000000
vt 0.990654 0.000000
vt 0.018692 0.000000
vt 0.009346 0.000000
vt 0.359223 0.000000
vt 0.378641 0.000000
vt 0.368932 0.000000
vt 0.388350 0.000000
vt 0.349515 0.000000
vt 0.398058 0.000000
vt 0.339806 0.000000
vt 0.407767 0.000000
vt 0.330097 0.000000
vt 0.417476 0.000000
vt 0.320388 0.000000
vt 0.427184 0.000000
vt 0.310680 0.000000
vt 0.436893 0.000000
vt 0.300971 0.000000
vt 0.291262 0.000000
vt 0.446602 0.000000
vt 0.281553 0.000000
vt 0.456311 0.000000
vt 0.271845 0.000000
vt 0.466019 0.000000
vt 0.262136 0.000000
vt 0.475728 0.000000
vt 0.252427 0.000000
vt 0.485437 0.000000
vt 0.242718 0.000000
vt 0.747573 0.000000
vt 0.495146 0.000000
vt 0.504854 0.000000
vt 0.514563 0.000000
vt 0.524272 0.000000
vt 0.533981 0.000000
vt 0.543689 0.000000
vt 0.553398 0.000000
vt 0.563107 0.000000
vt 0.572816 0.000000
vt 0.582524 0.000000
vt 0.592233 0.000000
vt 0.601942 0.000000
vt 0.737864 0.000000
vt 0.611650 0.000000
vt 0.757282 0.000000
vt 0.990291 0.000000
vt 0.980583 0.000000
vt 0.970874 0.000000
vt 0.961165 0.000000
vt 0.951456 0.000000
vt 0.941748 0.000000
vt 0.621359 0.000000
vt 0.932039 0.000000
vt 0.922330 0.000000
vt 0.912621 0.000000
vt 0.902913 0.000000
vt 0.893204 0.000000
vt 0.883495 0.000000
vt 0.873786 0.000000
vt 0.864078 0.000000
vt 0.854369 0.000000
vt 0.844660 0.000000
vt 0.834951 0.000000
vt 0.825243 0.000000
vt 0.631068 0.000000
vt 0.815534 0.000000
vt 0.805825 0.000000
vt 0.796117 0.000000
vt 0.786408 0.000000
vt 0.776699 0.000000
vt 0.766990 0.000000
vt 0.640777 0.000000
vt 0.650485 0.000000
vt 0.660194 0.000000
vt 0.669903 0.000000
vt 0.679612 0.000000
vt 0.689320 0.000000
vt 0.699029 0.000000
vt 0.708738 0.000000
vt 0.718447 0.000000
vt 0.728155 0.000000
vt 0.009709 0.000000
vt 0.019417 0.000000
vt 0.233010 0.000000
vt 0.029126 0.000000
vt 0.223301 0.000000
vt 0.038835 0.000000
vt 0.213592 0.000000
vt 0.048544 0.000000
vt 0.203883 0.000000
vt 0.058252 0.000000
vt 0.194175 0.000000
vt 0.067961 0.000000
vt 0.184466 0.000000
vt 0.174757 0.000000
vt 0.077670 0.000000
vt 0.165049 0.000000
vt 0.087379 0.000000
vt 0.155340 0.000000
vt 0.097087 0.000000
vt 0.145631 0.000000
vt 0.106796 0.000000
vt 0.135922 0.000000
vt 0.116505 0.000000
vt 0.126214 0.000000
vt 0.162281 0.000000
vt 0.171053 0.000000
vt 0.166667 0.000000
vt 0.175439 0.000000
vt 0.179825 0.000000
vt 0.157895 0.000000
vt 0.184211 0.000000
vt 0.153509 0.000000
vt 0.188596 0.000000
vt 0.149123 0.000000
vt 0.192982 0.000000
vt 0.197368 0.000000
vt 0.144737 0.000000
vt 0.201754 0.000000
vt 0.140351 0.000000
vt 0.206140 0.000000
vt 0.135965 0.000000
vt 0.210526 0.000000
vt 0.214912 0.000000
vt 0.131579 0.000000
vt 0.219298 0.000000
vt 0.127193 0.000000
vt 0.223684 0.000000
vt 0.122807 0.000000
vt 0.228070 0.000000
vt 0.232456 0.000000
vt 0.118421 0.000000
vt 0.236842 0.000000
vt 0.114035 0.000000
vt 0.241228 0.000000
vt 0.109649 0.000000
vt 0.780702 0.000000
vt 0.245614 0.000000
vt 0.250000 0.000000
vt 0.254386 0.000000
vt 0.258772 0.000000
vt 0.263158 0.000000
vt 0.267544 0.000000
vt 0.271930 0.000000
vt 0.276316 0.000000
vt 0.280702 0.000000
vt 0.285088 0.000000
vt 0.289474 0.000000
vt 0.293860 0.000000
vt 0.298246 0.000000
vt 0.302632 0.000000
vt 0.307018 0.000000
vt 0.311404 0.000000
vt 0.315789 0.000000
vt 0.320175 0.000000
vt 0.324561 0.000000
vt 0.328947 0.000000
vt 0.776316 0.000000
vt 0.995614 0.000000
vt 0.991228 0.000000
vt 0.333333 0.000000
vt 0.785088 0.000000
vt 0.986842 0.000000
vt 0.982456 0.000000
vt 0.978070 0.000000
vt 0.973684 0.000000
vt 0.969298 0.000000
vt 0.964912 0.000000
vt 0.960526 0.000000
vt 0.956140 0.000000
vt 0.951754 0.000000
vt 0.947368 0.000000
vt 0.942982 0.000000
vt 0.938596 0.000000
vt 0.934211 0.000000
vt 0.929825 0.000000
vt 0.925439 0.000000
vt 0.921053 0.000000
vt 0.916667 0.000000
vt 0.337719 0.000000
vt 0.912281 0.000000
vt 0.907895 0.000000
vt 0.342105 0.000000
vt 0.903509 0.000000
vt 0.899123 0.000000
vt 0.346491 0.000000
vt 0.894737 0.000000
vt 0.350877 0.000000
vt 0.355263 0.000000
vt 0.359649 0.000000
vt 0.364035 0.000000
vt 0.368421 0.000000
vt 0.890351 0.000000
vt 0.372807 0.000000
vt 0.885965 0.000000
vt 0.881579 0.000000
vt 0.377193 0.000000
vt 0.877193 0.000000
vt 0.872807 0.000000
vt 0.381579 0.000000
vt 0.868421 0.000000
vt 0.385965 0.000000
vt 0.864035 0.000000
vt 0.859649 0.000000
vt 0.390351 0.000000
vt 0.855263 0.000000
vt 0.850877 0.000000
vt 0.394737 0.000000
vt 0.846491 0.000000
vt 0.842105 0.000000
vt 0.399123 0.000000
vt 0.837719 0.000000
vt 0.833333 0.000000
vt 0.403509 0.000000
vt 0.828947 0.000000
vt 0.824561 0.000000
vt 0.407895 0.000000
vt 0.820175 0.000000
vt 0.815789 0.000000
vt 0.811404 0.000000
vt 0.412281 0.000000
vt 0.807018 0.000000
vt 0.802632 0.000000
vt 0.798246 0.000000
vt 0.793860 0.000000
vt 0.789474 0.000000
vt 0.771930 0.000000
vt 0.416667 0.000000
vt 0.421053 0.000000
vt 0.438596 0.000000
vt 0.425439 0.000000
vt 0.429825 0.000000
vt 0.434211 0.000000
vt 0.442982 0.000000
vt 0.447368 0.000000
vt 0.451754 0.000000
vt 0.456140 0.000000
vt 0.460526 0.000000
vt 0.464912 0.000000
vt 0.469298 0.000000
vt 0.473684 0.000000
vt 0.478070 0.000000
vt 0.482456 0.000000
vt 0.486842 0.000000
vt 0.491228 0.000000
vt 0.495614 0.000000
vt 0.500000 0.000000
vt 0.504386 0.000000
vt 0.508772 0.000000
vt 0.513158 0.000000
vt 0.517544 0.000000
vt 0.521930 0.000000
vt 0.526316 0.000000
vt 0.530702 0.000000
vt 0.535088 0.000000
vt 0.539474 0.000000
vt 0.543860 0.000000
vt 0.767544 0.000000
vt 0.763158 0.000000
vt 0.758772 0.000000
vt 0.754386 0.000000
vt 0.750000 0.000000
vt 0.745614 0.000000
vt 0.741228 0.000000
vt 0.736842 0.000000
vt 0.732456 0.000000
vt 0.728070 0.000000
vt 0.723684 0.000000
vt 0.548246 0.000000
vt 0.719298 0.000000
vt 0.714912 0.000000
vt 0.710526 0.000000
vt 0.706140 0.000000
vt 0.701754 0.000000
vt 0.697368 0.000000
vt 0.692982 0.000000
vt 0.688596 0.000000
vt 0.684211 0.000000
vt 0.679825 0.000000
vt 0.675439 0.000000
vt 0.671053 0.000000
vt 0.666667 0.000000
vt 0.662281 0.000000
vt 0.657895 0.000000
vt 0.105263 0.000000
vt 0.004386 0.000000
vt 0.653509 0.000000
vt 0.552632 0.000000
vt 0.100877 0.000000
vt 0.649123 0.000000
vt 0.008772 0.000000
vt 0.557018 0.000000
vt 0.096491 0.000000
vt 0.644737 0.000000
vt 0.013158 0.000000
vt 0.561404 0.000000
vt 0.092105 0.000000
vt 0.640351 0.000000
vt 0.017544 0.000000
vt 0.565789 0.000000
vt 0.087719 0.000000
vt 0.635965 0.000000
vt 0.021930 0.000000
vt 0.570175 0.000000
vt 0.083333 0.000000
vt 0.631579 0.000000
vt 0.026316 0.000000
vt 0.574561 0.000000
vt 0.078947 0.000000
vt 0.627193 0.000000
vt 0.030702 0.000000
vt 0.578947 0.000000
vt 0.074561 0.000000
vt 0.622807 0.000000
vt 0.035088 0.000000
vt 0.583333 0.000000
vt 0.070175 0.000000
vt 0.618421 0.000000
vt 0.039474 0.000000
vt 0.587719 0.000000
vt 0.065789 0.000000
vt 0.614035 0.000000
vt 0.043860 0.000000
vt 0.592105 0.000000
vt 0.061404 0.000000
vt 0.609649 0.000000
vt 0.048246 0.000000
vt 0.596491 0.000000
vt 0.057018 0.000000
vt 0.605263 0.000000
vt 0.052632 0.000000
vt 0.600877 0.000000
vt 0.480315 0.000000
vt 0.496063 0.000000
vt 0.488189 0.000000
vt 0.503937 0.000000
vt 0.511811 0.000000
vt 0.472441 0.000000
vt 0.519685 0.000000
vt 0.464567 0.000000
vt 0.527559 0.000000
vt 0.456693 0.000000
vt 0.535433 0.000000
vt 0.448819 0.000000
vt 0.543307 0.000000
vt 0.440945 0.000000
vt 0.551181 0.000000
vt 0.559055 0.000000
vt 0.433071 0.000000
vt 0.566929 0.000000
vt 0.425197 0.000000
vt 0.574803 0.000000
vt 0.417323 0.000000
vt 0.582677 0.000000
vt 0.409449 0.000000
vt 0.590551 0.000000
vt 0.401575 0.000000
vt 0.598425 0.000000
vt 0.393701 0.000000
vt 0.385827 0.000000
vt 0.377953 0.000000
vt 0.370079 0.000000
vt 0.362205 0.000000
vt 0.354331 0.000000
vt 0.346457 0.000000
vt 0.338583 0.000000
vt 0.330709 0.000000
vt 0.322835 0.000000
vt 0.314961 0.000000
vt 0.606299 0.000000
vt 0.614173 0.000000
vt 0.622047 0.000000
vt 0.307087 0.000000
vt 0.629921 0.000000
vt 0.637795 0.000000
vt 0.645669 0.000000
vt 0.653543 0.000000
vt 0.661417 0.000000
vt 0.299213 0.000000
vt 0.708661 0.000000
vt 0.700787 0.000000
vt 0.669291 0.000000
vt 0.677165 0.000000
vt 0.685039 0.000000
vt 0.692913 0.000000
vt 0.716535 0.000000
vt 0.724409 0.000000
vt 0.732283 0.000000
vt 0.740157 0.000000
vt 0.748031 0.000000
vt 0.291339 0.000000
vt 0.755906 0.000000
vt 0.763780 0.000000
vt 0.771654 0.000000
vt 0.779528 0.000000
vt 0.787402 0.000000
vt 0.795276 0.000000
vt 0.803150 0.000000
vt 0.811024 0.000000
vt 0.818898 0.000000
vt 0.826772 0.000000
vt 0.834646 0.000000
vt 0.842520 0.000000
vt 0.850394 0.000000
vt 0.283465 0.000000
vt 0.858268 0.000000
vt 0.866142 0.000000
vt 0.874016 0.000000
vt 0.881890 0.000000
vt 0.889764 0.000000
vt 0.897638 0.000000
vt 0.905512 0.000000
vt 0.913386 0.000000
vt 0.921260 0.000000
vt 0.929134 0.000000
vt 0.937008 0.000000
vt 0.275591 0.000000
vt 0.944882 0.000000
vt 0.952756 0.000000
vt 0.960630 0.000000
vt 0.968504 0.000000
vt 0.976378 0.000000
vt 0.267717 0.000000
vt 0.984252 0.000000
vt 0.992126 0.000000
vt 0.259843 0.000000
vt 0.251969 0.000000
vt 0.244094 0.000000
vt 0.236220 0.000000
vt 0.228346 0.000000
vt 0.220472 0.000000
vt 0.212598 0.000000
vt 0.204724 0.000000
vt 0.196850 0.000000
vt 0.188976 0.000000
vt 0.181102 0.000000
vt 0.007874 0.000000
vt 0.173228 0.000000
vt 0.015748 0.000000
vt 0.165354 0.000000
vt 0.023622 0.000000
vt 0.157480 0.000000
vt 0.031496 0.000000
vt 0.149606 0.000000
vt 0.039370 0.000000
vt 0.141732 0.000000
vt 0.047244 0.000000
vt 0.055118 0.000000
vt 0.133858 0.000000
vt 0.062992 0.000000
vt 0.125984 0.000000
vt 0.070866 0.000000
vt 0.118110 0.000000
vt 0.078740 0.000000
vt 0.110236 0.000000
vt 0.086614 0.000000
vt 0.102362 0.000000
vt 0.094488 0.000000
vt 0.000000 1.000000
vt 0.007812 1.000000
vt 0.007812 0.000000
vt 0.015625 1.000000
vt 0.015625 0.000000
vt 0.023438 1.000000
vt 0.023438 0.000000
vt 0.031250 1.000000
vt 0.031250 0.000000
vt 0.039062 1.000000
vt 0.039062 0.000000
vt 0.046875 1.000000
vt 0.046875 0.000000
vt 0.054688 1.000000
vt 0.054688 0.000000
vt 0.062500 1.000000
vt 0.062500 0.000000
vt 0.070312 1.000000
vt 0.070312 0.000000
vt 0.078125 1.000000
vt 0.078125 0.000000
vt 0.085938 1.000000
vt 0.085938 0.000000
vt 0.093750 1.000000
vt 0.093750 0.000000
vt 0.101562 1.000000
vt 0.101562 0.000000
vt 0.109375 1.000000
vt 0.109375 0.000000
vt 0.117188 1.000000
vt 0.117188 0.000000
vt 0.125000 1.000000
vt 0.125000 0.000000
vt 0.132812 1.000000
vt 0.132812 0.000000
vt 0.140625 1.000000
vt 0.140625 0.000000
vt 0.148438 1.000000
vt 0.148438 0.000000
vt 0.156250 1.000000
vt 0.156250 0.000000
vt 0.164062 1.000000
vt 0.164062 0.000000
vt 0.171875 1.000000
vt 0.171875 0.000000
vt 0.179688 1.000000
vt 0.179688 0.000000
vt 0.187500 1.000000
vt 0.187500 0.000000
vt 0.195312 1.000000
vt 0.195312 0.000000
vt 0.203125 1.000000
vt 0.203125 0.000000
vt 0.210938 1.000000
vt 0.210938 0.000000
vt 0.218750 1.000000
vt 0.218750 0.000000
vt 0.226562 1.000000
vt 0.226562 0.000000
vt 0.234375 1.000000
vt 0.234375 0.000000
vt 0.242188 1.000000
vt 0.242188 0.000000
vt 0.250000 1.000000
vt 0.257812 1.000000
vt 0.257812 0.000000
vt 0.265625 1.000000
vt 0.265625 0.000000
vt 0.273438 1.000000
vt 0.273438 0.000000
vt 0.281250 1.000000
vt 0.281250 0.000000
vt 0.289062 1.000000
vt 0.289062 0.000000
vt 0.296875 1.000000
vt 0.296875 0.000000
vt 0.304688 1.000000
vt 0.304688 0.000000
vt 0.312500 1.000000
vt 0.312500 0.000000
vt 0.320312 1.000000
vt 0.320312 0.000000
vt 0.328125 1.000000
vt 0.328125 0.000000
vt 0.335938 1.000000
vt 0.335938 0.000000
vt 0.343750 1.000000
vt 0.343750 0.000000
vt 0.351562 1.000000
vt 0.351562 0.000000
vt 0.359375 1.000000
vt 0.359375 0.000000
vt 0.367188 1.000000
vt 0.367188 0.000000
vt 0.375000 1.000000
vt 0.375000 0.000000
vt 0.382812 1.000000
vt 0.382812 0.000000
vt 0.390625 1.000000
vt 0.390625 0.000000
vt 0.398438 1.000000
vt 0.398438 0.000000
vt 0.406250 1.000000
vt 0.406250 0.000000
vt 0.414062 1.000000
vt 0.414062 0.000000
vt 0.421875 1.000000
vt 0.421875 0.000000
vt 0.429688 1.000000
vt 0.429688 0.000000
vt 0.437500 1.000000
vt 0.437500 0.000000
vt 0.445312 1.000000
vt 0.445312 0.000000
vt 0.453125 1.000000
vt 0.453125 0.000000
vt 0.460938 1.000000
vt 0.460938 0.000000
vt 0.468750 1.000000
vt 0.468750 0.000000
vt 0.476562 1.000000
vt 0.476562 0.000000
vt 0.484375 1.000000
vt 0.484375 0.000000
vt 0.492188 1.000000
vt 0.492188 0.000000
vt 0.500000 1.000000
vt 0.507812 1.000000
vt 0.507812 0.000000
vt 0.515625 1.000000
vt 0.515625 0.000000
vt 0.523438 1.000000
vt 0.523438 0.000000
vt 0.531250 1.000000
vt 0.531250 0.000000
vt 0.539062 1.000000
vt 0.539062 0.000000
vt 0.546875 1.000000
vt 0.546875 0.000000
vt 0.554688 1.000000
vt 0.554688 0.000000
vt 0.562500 1.000000
vt 0.562500 0.000000
vt 0.570312 1.000000
vt 0.570312 0.000000
vt 0.578125 1.000000
vt 0.578125 0.000000
vt 0.585938 1.000000
vt 0.585938 0.000000
vt 0.593750 1.000000
vt 0.593750 0.000000
vt 0.601562 1.000000
vt 0.601562 0.000000
vt 0.609375 1.000000
vt 0.609375 0.000000
vt 0.617188 1.000000
vt 0.617188 0.000000
vt 0.625000 1.000000
vt 0.625000 0.000000
vt 0.632812 1.000000
vt 0.632812 0.000000
vt 0.640625 1.000000
vt 0.640625 0.000000
vt 0.648438 1.000000
vt 0.648438 0.000000
vt 0.656250 1.000000
vt 0.656250 0.000000
vt 0.664062 1.000000
vt 0.664062 0.000000
vt 0.671875 1.000000
vt 0.671875 0.000000
vt 0.679688 1.000000
vt 0.679688 0.000000
vt 0.687500 1.000000
vt 0.687500 0.000000
vt 0.695312 1.000000
vt 0.695312 0.000000
vt 0.703125 1.000000
vt 0.703125 0.000000
vt 0.710938 1.000000
vt 0.710938 0.000000
vt 0.718750 1.000000
vt 0.718750 0.000000
vt 0.726562 1.000000
vt 0.726562 0.000000
vt 0.734375 1.000000
vt 0.734375 0.000000
vt 0.742188 1.000000
vt 0.742188 0.000000
vt 0.750000 1.000000
vt 0.757812 1.000000
vt 0.757812 0.000000
vt 0.765625 1.000000
vt 0.765625 0.000000
vt 0.773438 1.000000
vt 0.773438 0.000000
vt 0.781250 1.000000
vt 0.781250 0.000000
vt 0.789062 1.000000
vt 0.789062 0.000000
vt 0.796875 1.000000
vt 0.796875 0.000000
vt 0.804688 1.000000
vt 0.804688 0.000000
vt 0.812500 1.000000
vt 0.812500 0.000000
vt 0.820312 1.000000
vt 0.820312 0.000000
vt 0.828125 1.000000
vt 0.828125 0.000000
vt 0.835938 1.000000
vt 0.835938 0.000000
vt 0.843750 1.000000
vt 0.843750 0.000000
vt 0.851562 1.000000
vt 0.851562 0.000000
vt 0.859375 1.000000
vt 0.859375 0.000000
vt 0.867188 1.000000
vt 0.867188 0.000000
vt 0.875000 1.000000
vt 0.875000 0.000000
vt 0.882812 1.000000
vt 0.882812 0.000000
vt 0.890625 1.000000
vt 0.890625 0.000000
vt 0.898438 1.000000
vt 0.898438 0.000000
vt 0.906250 1.000000
vt 0.906250 0.000000
vt 0.914062 1.000000
vt 0.914062 0.000000
vt 0.921875 1.000000
vt 0.921875 0.000000
vt 0.929688 1.000000
vt 0.929688 0.000000
vt 0.937500 1.000000
vt 0.937500 0.000000
vt 0.945312 1.000000
vt 0.945312 0.000000
vt 0.953125 1.000000
vt 0.953125 0.000000
vt 0.960938 1.000000
vt 0.960938 0.000000
vt 0.968750 1.000000
vt 0.968750 0.000000
vt 0.976562 1.000000
vt 0.976562 0.000000
vt 0.984375 1.000000
vt 0.984375 0.000000
vt 0.992188 1.000000
vt 0.992188 0.000000
vt 1.000000 1.000000
vt 0.005650 1.000000
vt 0.005650 0.000000
vt 0.011299 1.000000
vt 0.011299 0.000000
vt 0.016949 1.000000
vt 0.016949 0.000000
vt 0.022599 1.000000
vt 0.022599 0.000000
vt 0.028249 1.000000
vt 0.028249 0.000000
vt 0.033898 1.000000
vt 0.033898 0.000000
vt 0.039548 1.000000
vt 0.039548 0.000000
vt 0.045198 1.000000
vt 0.045198 0.000000
vt 0.050847 1.000000
vt 0.050847 0.000000
vt 0.056497 1.000000
vt 0.056497 0.000000
vt 0.062147 1.000000
vt 0.062147 0.000000
vt 0.067797 1.000000
vt 0.067797 0.000000
vt 0.073446 1.000000
vt 0.073446 0.000000
vt 0.079096 1.000000
vt 0.079096 0.000000
vt 0.084746 1.000000
vt 0.084746 0.000000
vt 0.090395 1.000000
vt 0.090395 0.000000
vt 0.096045 1.000000
vt 0.096045 0.000000
vt 0.101695 1.000000
vt 0.101695 0.000000
vt 0.107345 1.000000
vt 0.107345 0.000000
vt 0.112994 1.000000
vt 0.112994 0.000000
vt 0.118644 1.000000
vt 0.118644 0.000000
vt 0.124294 1.000000
vt 0.124294 0.000000
vt 0.129944 1.000000
vt 0.129944 0.000000
vt 0.135593 1.000000
vt 0.135593 0.000000
vt 0.141243 1.000000
vt 0.141243 0.000000
vt 0.146893 1.000000
vt 0.146893 0.000000
vt 0.152542 1.000000
vt 0.152542 0.000000
vt 0.158192 1.000000
vt 0.158192 0.000000
vt 0.163842 1.000000
vt 0.163842 0.000000
vt 0.169492 1.000000
vt 0.169492 0.000000
vt 0.175141 1.000000
vt 0.175141 0.000000
vt 0.180791 1.000000
vt 0.180791 0.000000
vt 0.186441 1.000000
vt 0.186441 0.000000
vt 0.192090 1.000000
vt 0.192090 0.000000
vt 0.197740 1.000000
vt 0.197740 0.000000
vt 0.203390 1.000000
vt 0.203390 0.000000
vt 0.209040 1.000000
vt 0.209040 0.000000
vt 0.214689 1.000000
vt 0.214689 0.000000
vt 0.220339 1.000000
vt 0.220339 0.000000
vt 0.225989 1.000000
vt 0.225989 0.000000
vt 0.231638 1.000000
vt 0.231638 0.000000
vt 0.237288 1.000000
vt 0.237288 0.000000
vt 0.242938 1.000000
vt 0.242938 0.000000
vt 0.248588 1.000000
vt 0.248588 0.000000
vt 0.254237 1.000000
vt 0.254237 0.000000
vt 0.259887 1.000000
vt 0.259887 0.000000
vt 0.265537 1.000000
vt 0.265537 0.000000
vt 0.271186 1.000000
vt 0.271186 0.000000
vt 0.276836 1.000000
vt 0.276836 0.000000
vt 0.282486 1.000000
vt 0.282486 0.000000
vt 0.288136 1.000000
vt 0.288136 0.000000
vt 0.293785 1.000000
vt 0.293785 0.000000
vt 0.299435 1.000000
vt 0.299435 0.000000
vt 0.305085 1.000000
vt 0.305085 0.000000
vt 0.310734 1.000000
vt 0.310734 0.000000
vt 0.316384 1.000000
vt 0.316384 0.000000
vt 0.322034 1.000000
vt 0.322034 0.000000
vt 0.327684 1.000000
vt 0.327684 0.000000
vt 0.333333 1.000000
vt 0.338983 1.000000
vt 0.338983 0.000000
vt 0.344633 1.000000
vt 0.344633 0.000000
vt 0.350282 1.000000
vt 0.350282 0.000000
vt 0.355932 1.000000
vt 0.355932 0.000000
vt 0.361582 1.000000
vt 0.361582 0.000000
vt 0.367232 1.000000
vt 0.367232 0.000000
vt 0.372881 1.000000
vt 0.372881 0.000000
vt 0.378531 1.000000
vt 0.378531 0.000000
vt 0.384181 1.000000
vt 0.384181 0.000000
vt 0.389830 1.000000
vt 0.389830 0.000000
vt 0.395480 1.000000
vt 0.395480 0.000000
vt 0.401130 1.000000
vt 0.401130 0.000000
vt 0.406780 1.000000
vt 0.406780 0.000000
vt 0.412429 1.000000
vt 0.412429 0.000000
vt 0.418079 1.000000
vt 0.418079 0.000000
vt 0.423729 1.000000
vt 0.423729 0.000000
vt 0.429379 1.000000
vt 0.429379 0.000000
vt 0.435028 1.000000
vt 0.435028 0.000000
vt 0.440678 1.000000
vt 0.440678 0.000000
vt 0.446328 1.000000
vt 0.446328 0.000000
vt 0.451977 1.000000
vt 0.451977 0.000000
vt 0.457627 1.000000
vt 0.457627 0.000000
vt 0.463277 1.000000
vt 0.463277 0.000000
vt 0.468927 1.000000
vt 0.468927 0.000000
vt 0.474576 1.000000
vt 0.474576 0.000000
vt 0.480226 1.000000
vt 0.480226 0.000000
vt 0.485876 1.000000
vt 0.485876 0.000000
vt 0.491525 1.000000
vt 0.491525 0.000000
vt 0.497175 1.000000
vt 0.497175 0.000000
vt 0.502825 1.000000
vt 0.502825 0.000000
vt 0.508475 1.000000
vt 0.508475 0.000000
vt 0.514124 1.000000
vt 0.514124 0.000000
vt 0.519774 1.000000
vt 0.519774 0.000000
vt 0.525424 1.000000
vt 0.525424 0.000000
vt 0.531073 1.000000
vt 0.531073 0.000000
vt 0.536723 1.000000
vt 0.536723 0.000000
vt 0.542373 1.000000
vt 0.542373 0.000000
vt 0.548023 1.000000
vt 0.548023 0.000000
vt 0.553672 1.000000
vt 0.553672 0.000000
vt 0.559322 1.000000
vt 0.559322 0.000000
vt 0.564972 1.000000
vt 0.564972 0.000000
vt 0.570621 1.000000
vt 0.570621 0.000000
vt 0.576271 1.000000
vt 0.576271 0.000000
vt 0.581921 1.000000
vt 0.581921 0.000000
vt 0.587571 1.000000
vt 0.587571 0.000000
vt 0.593220 1.000000
vt 0.593220 0.000000
vt 0.598870 1.000000
vt 0.598870 0.000000
vt 0.604520 1.000000
vt 0.604520 0.000000
vt 0.610169 1.000000
vt 0.610169 0.000000
vt 0.615819 1.000000
vt 0.615819 0.000000
vt 0.621469 1.000000
vt 0.621469 0.000000
vt 0.627119 1.000000
vt 0.627119 0.000000
vt 0.632768 1.000000
vt 0.632768 0.000000
vt 0.638418 1.000000
vt 0.638418 0.000000
vt 0.644068 1.000000
vt 0.644068 0.000000
vt 0.649718 1.000000
vt 0.649718 0.000000
vt 0.655367 1.000000
vt 0.655367 0.000000
vt 0.661017 1.000000
vt 0.661017 0.000000
vt 0.666667 1.000000
vt 0.672316 1.000000
vt 0.672316 0.000000
vt 0.677966 1.000000
vt 0.677966 0.000000
vt 0.683616 1.000000
vt 0.683616 0.000000
vt 0.689266 1.000000
vt 0.689266 0.000000
vt 0.694915 1.000000
vt 0.694915 0.000000
vt 0.700565 1.000000
vt 0.700565 0.000000
vt 0.706215 1.000000
vt 0.706215 0.000000
vt 0.711864 1.000000
vt 0.711864 0.000000
vt 0.717514 1.000000
vt 0.717514 0.000000
vt 0.723164 1.000000
vt 0.723164 0.000000
vt 0.728814 1.000000
vt 0.728814 0.000000
vt 0.734463 1.000000
vt 0.734463 0.000000
vt 0.740113 1.000000
vt 0.740113 0.000000
vt 0.745763 1.000000
vt 0.745763 0.000000
vt 0.751412 1.000000
vt 0.751412 0.000000
vt 0.757062 1.000000
vt 0.757062 0.000000
vt 0.762712 1.000000
vt 0.762712 0.000000
vt 0.768362 1.000000
vt 0.768362 0.000000
vt 0.774011 1.000000
vt 0.774011 0.000000
vt 0.779661 1.000000
vt 0.779661 0.000000
vt 0.785311 1.000000
vt 0.785311 0.000000
vt 0.790960 1.000000
vt 0.790960 0.000000
vt 0.796610 1.000000
vt 0.796610 0.000000
vt 0.802260 1.000000
vt 0.802260 0.000000
vt 0.807910 1.000000
vt 0.807910 0.000000
vt 0.813559 1.000000
vt 0.813559 0.000000
vt 0.819209 1.000000
vt 0.819209 0.000000
vt 0.824859 1.000000
vt 0.824859 0.000000
vt 0.830508 1.000000
vt 0.830508 0.000000
vt 0.836158 1.000000
vt 0.836158 0.000000
vt 0.841808 1.000000
vt 0.841808 0.000000
vt 0.847458 1.000000
vt 0.847458 0.000000
vt 0.853107 1.000000
vt 0.853107 0.000000
vt 0.858757 1.000000
vt 0.858757 0.000000
vt 0.864407 1.000000
vt 0.864407 0.000000
vt 0.870057 1.000000
vt 0.870057 0.000000
vt 0.875706 1.000000
vt 0.875706 0.000000
vt 0.881356 1.000000
vt 0.881356 0.000000
vt 0.887006 1.000000
vt 0.887006 0.000000
vt 0.892655 1.000000
vt 0.892655 0.000000
vt 0.898305 1.000000
vt 0.898305 0.000000
vt 0.903955 1.000000
vt 0.903955 0.000000
vt 0.909605 1.000000
vt 0.909605 0.000000
vt 0.915254 1.000000
vt 0.915254 0.000000
vt 0.920904 1.000000
vt 0.920904 0.000000
vt 0.926554 1.000000
vt 0.926554 0.000000
vt 0.932203 1.000000
vt 0.932203 0.000000
vt 0.937853 1.000000
vt 0.937853 0.000000
vt 0.943503 1.000000
vt 0.943503 0.000000
vt 0.949153 1.000000
vt 0.949153 0.000000
vt 0.954802 1.000000
vt 0.954802 0.000000
vt 0.960452 1.000000
vt 0.960452 0.000000
vt 0.966102 1.000000
vt 0.966102 0.000000
vt 0.971751 1.000000
vt 0.971751 0.000000
vt 0.977401 1.000000
vt 0.977401 0.000000
vt 0.983051 1.000000
vt 0.983051 0.000000
vt 0.988701 1.000000
vt 0.988701 0.000000
vt 0.994350 1.000000
vt 0.994350 0.000000
vt 0.019231 1.000000
vt 0.019231 0.000000
vt 0.038462 1.000000
vt 0.038462 0.000000
vt 0.057692 1.000000
vt 0.057692 0.000000
vt 0.076923 1.000000
vt 0.076923 0.000000
vt 0.096154 1.000000
vt 0.096154 0.000000
vt 0.115385 1.000000
vt 0.115385 0.000000
vt 0.134615 1.000000
vt 0.134615 0.000000
vt 0.153846 1.000000
vt 0.153846 0.000000
vt 0.173077 1.000000
vt 0.173077 0.000000
vt 0.192308 1.000000
vt 0.192308 0.000000
vt 0.211538 1.000000
vt 0.211538 0.000000
vt 0.230769 1.000000
vt 0.230769 0.000000
vt 0.269231 1.000000
vt 0.269231 0.000000
vt 0.288462 1.000000
vt 0.288462 0.000000
vt 0.307692 1.000000
vt 0.307692 0.000000
vt 0.326923 1.000000
vt 0.326923 0.000000
vt 0.346154 1.000000
vt 0.346154 0.000000
vt 0.365385 1.000000
vt 0.365385 0.000000
vt 0.384615 1.000000
vt 0.384615 0.000000
vt 0.403846 1.000000
vt 0.403846 0.000000
vt 0.423077 1.000000
vt 0.423077 0.000000
vt 0.442308 1.000000
vt 0.442308 0.000000
vt 0.461538 1.000000
vt 0.461538 0.000000
vt 0.480769 1.000000
vt 0.480769 0.000000
vt 0.519231 1.000000
vt 0.519231 0.000000
vt 0.538462 1.000000
vt 0.538462 0.000000
vt 0.557692 1.000000
vt 0.557692 0.000000
vt 0.576923 1.000000
vt 0.576923 0.000000
vt 0.596154 1.000000
vt 0.596154 0.000000
vt 0.615385 1.000000
vt 0.615385 0.000000
vt 0.634615 1.000000
vt 0.634615 0.000000
vt 0.653846 1.000000
vt 0.653846 0.000000
vt 0.673077 1.000000
vt 0.673077 0.000000
vt 0.692308 1.000000
vt 0.692308 0.000000
vt 0.711538 1.000000
vt 0.711538 0.000000
vt 0.730769 1.000000
vt 0.730769 0.000000
vt 0.769231 1.000000
vt 0.769231 0.000000
vt 0.788462 1.000000
vt 0.788462 0.000000
vt 0.807692 1.000000
vt 0.807692 0.000000
vt 0.826923 1.000000
vt 0.826923 0.000000
vt 0.846154 1.000000
vt 0.846154 0.000000
vt 0.865385 1.000000
vt 0.865385 0.000000
vt 0.884615 1.000000
vt 0.884615 0.000000
vt 0.903846 1.000000
vt 0.903846 0.000000
vt 0.923077 1.000000
vt 0.923077 0.000000
vt 0.942308 1.000000
vt 0.942308 0.000000
vt 0.961538 1.000000
vt 0.961538 0.000000
vt 0.980769 1.000000
vt 0.980769 0.000000
vt 0.009259 1.000000
vt 0.009259 0.000000
vt 0.018519 1.000000
vt 0.018519 0.000000
vt 0.027778 1.000000
vt 0.027778 0.000000
vt 0.037037 1.000000
vt 0.037037 0.000000
vt 0.046296 1.000000
vt 0.046296 0.000000
vt 0.055556 1.000000
vt 0.055556 0.000000
vt 0.064815 1.000000
vt 0.064815 0.000000
vt 0.074074 1.000000
vt 0.074074 0.000000
vt 0.083333 1.000000
vt 0.092593 1.000000
vt 0.092593 0.000000
vt 0.101852 1.000000
vt 0.101852 0.000000
vt 0.111111 1.000000
vt 0.111111 0.000000
vt 0.120370 1.000000
vt 0.120370 0.000000
vt 0.129630 1.000000
vt 0.129630 0.000000
vt 0.138889 1.000000
vt 0.138889 0.000000
vt 0.148148 1.000000
vt 0.148148 0.000000
vt 0.157407 1.000000
vt 0.157407 0.000000
vt 0.166667 1.000000
vt 0.175926 1.000000
vt 0.175926 0.000000
vt 0.185185 1.000000
vt 0.185185 0.000000
vt 0.194444 1.000000
vt 0.194444 0.000000
vt 0.203704 1.000000
vt 0.203704 0.000000
vt 0.212963 1.000000
vt 0.212963 0.000000
vt 0.222222 1.000000
vt 0.222222 0.000000
vt 0.231481 1.000000
vt 0.231481 0.000000
vt 0.240741 1.000000
vt 0.240741 0.000000
vt 0.259259 1.000000
vt 0.259259 0.000000
vt 0.268519 1.000000
vt 0.268519 0.000000
vt 0.277778 1.000000
vt 0.277778 0.000000
vt 0.287037 1.000000
vt 0.287037 0.000000
vt 0.296296 1.000000
vt 0.296296 0.000000
vt 0.305556 1.000000
vt 0.305556 0.000000
vt 0.314815 1.000000
vt 0.314815 0.000000
vt 0.324074 1.000000
vt 0.324074 0.000000
vt 0.342593 1.000000
vt 0.342593 0.000000
vt 0.351852 1.000000
vt 0.351852 0.000000
vt 0.361111 1.000000
vt 0.361111 0.000000
vt 0.370370 1.000000
vt 0.370370 0.000000
vt 0.379630 1.000000
vt 0.379630 0.000000
vt 0.388889 1.000000
vt 0.388889 0.000000
vt 0.398148 1.000000
vt 0.398148 0.000000
vt 0.407407 1.000000
vt 0.407407 0.000000
vt 0.416667 1.000000
vt 0.425926 1.000000
vt 0.425926 0.000000
vt 0.435185 1.000000
vt 0.435185 0.000000
vt 0.444444 1.000000
vt 0.444444 0.000000
vt 0.453704 1.000000
vt 0.453704 0.000000
vt 0.462963 1.000000
vt 0.462963 0.000000
vt 0.472222 1.000000
vt 0.472222 0.000000
vt 0.481481 1.000000
vt 0.481481 0.000000
vt 0.490741 1.000000
vt 0.490741 0.000000
vt 0.509259 1.000000
vt 0.509259 0.000000
vt 0.518519 1.000000
vt 0.518519 0.000000
vt 0.527778 1.000000
vt 0.527778 0.000000
vt 0.537037 1.000000
vt 0.537037 0.000000
vt 0.546296 1.000000
vt 0.546296 0.000000
vt 0.555556 1.000000
vt 0.555556 0.000000
vt 0.564815 1.000000
vt 0.564815 0.000000
vt 0.574074 1.000000
vt 0.574074 0.000000
vt 0.583333 1.000000
vt 0.592593 1.000000
vt 0.592593 0.000000
vt 0.601852 1.000000
vt 0.601852 0.000000
vt 0.611111 1.000000
vt 0.611111 0.000000
vt 0.620370 1.000000
vt 0.620370 0.000000
vt 0.629630 1.000000
vt 0.629630 0.000000
vt 0.638889 1.000000
vt 0.638889 0.000000
vt 0.648148 1.000000
vt 0.648148 0.000000
vt 0.657407 1.000000
vt 0.657407 0.000000
vt 0.675926 1.000000
vt 0.675926 0.000000
vt 0.685185 1.000000
vt 0.685185 0.000000
vt 0.694444 1.000000
vt 0.694444 0.000000
vt 0.703704 1.000000
vt 0.703704 0.000000
vt 0.712963 1.000000
vt 0.712963 0.000000
vt 0.722222 1.000000
vt 0.722222 0.000000
vt 0.731481 1.000000
vt 0.731481 0.000000
vt 0.740741 1.000000
vt 0.740741 0.000000
vt 0.759259 1.000000
vt 0.759259 0.000000
vt 0.768519 1.000000
vt 0.768519 0.000000
vt 0.777778 1.000000
vt 0.777778 0.000000
vt 0.787037 1.000000
vt 0.787037 0.000000
vt 0.796296 1.000000
vt 0.796296 0.000000
vt 0.805556 1.000000
vt 0.805556 0.000000
vt 0.814815 1.000000
vt 0.814815 0.000000
vt 0.824074 1.000000
vt 0.824074 0.000000
vt 0.833333 1.000000
vt 0.842593 1.000000
vt 0.842593 0.000000
vt 0.851852 1.000000
vt 0.851852 0.000000
vt 0.861111 1.000000
vt 0.861111 0.000000
vt 0.870370 1.000000
vt 0.870370 0.000000
vt 0.879630 1.000000
vt 0.879630 0.000000
vt 0.888889 1.000000
vt 0.888889 0.000000
vt 0.898148 1.000000
vt 0.898148 0.000000
vt 0.907407 1.000000
vt 0.907407 0.000000
vt 0.916667 1.000000
vt 0.925926 1.000000
vt 0.925926 0.000000
vt 0.935185 1.000000
vt 0.935185 0.000000
vt 0.944444 1.000000
vt 0.944444 0.000000
vt 0.953704 1.000000
vt 0.953704 0.000000
vt 0.962963 1.000000
vt 0.962963 0.000000
vt 0.972222 1.000000
vt 0.972222 0.000000
vt 0.981481 1.000000
vt 0.981481 0.000000
vt 0.990741 1.000000
vt 0.990741 0.000000
vt 0.013158 1.000000
vt 0.026316 1.000000
vt 0.039474 1.000000
vt 0.052632 1.000000
vt 0.065789 1.000000
vt 0.078947 1.000000
vt 0.092105 1.000000
vt 0.105263 1.000000
vt 0.118421 1.000000
vt 0.131579 1.000000
vt 0.144737 1.000000
vt 0.157895 1.000000
vt 0.171053 1.000000
vt 0.184211 1.000000
vt 0.197368 1.000000
vt 0.210526 1.000000
vt 0.223684 1.000000
vt 0.236842 1.000000
vt 0.263158 1.000000
vt 0.276316 1.000000
vt 0.289474 1.000000
vt 0.302632 1.000000
vt 0.315789 1.000000
vt 0.328947 1.000000
vt 0.342105 1.000000
vt 0.355263 1.000000
vt 0.368421 1.000000
vt 0.381579 1.000000
vt 0.394737 1.000000
vt 0.407895 1.000000
vt 0.421053 1.000000
vt 0.434211 1.000000
vt 0.447368 1.000000
vt 0.460526 1.000000
vt 0.473684 1.000000
vt 0.486842 1.000000
vt 0.513158 1.000000
vt 0.526316 1.000000
vt 0.539474 1.000000
vt 0.552632 1.000000
vt 0.565789 1.000000
vt 0.578947 1.000000
vt 0.592105 1.000000
vt 0.605263 1.000000
vt 0.618421 1.000000
vt 0.631579 1.000000
vt 0.644737 1.000000
vt 0.657895 1.000000
vt 0.671053 1.000000
vt 0.684211 1.000000
vt 0.697368 1.000000
vt 0.710526 1.000000
vt 0.723684 1.000000
vt 0.736842 1.000000
vt 0.763158 1.000000
vt 0.776316 1.000000
vt 0.789474 1.000000
vt 0.802632 1.000000
vt 0.815789 1.000000
vt 0.828947 1.000000
vt 0.842105 1.000000
vt 0.855263 1.000000
vt 0.868421 1.000000
vt 0.881579 1.000000
vt 0.894737 1.000000
vt 0.907895 1.000000
vt 0.921053 1.000000
vt 0.934211 1.000000
vt 0.947368 1.000000
vt 0.960526 1.000000
vt 0.973684 1.000000
vt 0.986842 1.000000
vt 0.035714 1.000000
vt 0.035714 0.000000
vt 0.071429 1.000000
vt 0.071429 0.000000
vt 0.107143 1.000000
vt 0.107143 0.000000
vt 0.142857 1.000000
vt 0.142857 0.000000
vt 0.178571 1.000000
vt 0.178571 0.000000
vt 0.214286 1.000000
vt 0.214286 0.000000
vt 0.285714 1.000000
vt 0.285714 0.000000
vt 0.321429 1.000000
vt 0.321429 0.000000
vt 0.357143 1.000000
vt 0.357143 0.000000
vt 0.392857 1.000000
vt 0.392857 0.000000
vt 0.428571 1.000000
vt 0.428571 0.000000
vt 0.464286 1.000000
vt 0.464286 0.000000
vt 0.535714 1.000000
vt 0.535714 0.000000
vt 0.571429 1.000000
vt 0.571429 0.000000
vt 0.607143 1.000000
vt 0.607143 0.000000
vt 0.642857 1.000000
vt 0.642857 0.000000
vt 0.678571 1.000000
vt 0.678571 0.000000
vt 0.714286 1.000000
vt 0.714286 0.000000
vt 0.785714 1.000000
vt 0.785714 0.000000
vt 0.821429 1.000000
vt 0.821429 0.000000
vt 0.857143 1.000000
vt 0.857143 0.000000
vt 0.892857 1.000000
vt 0.892857 0.000000
vt 0.928571 1.000000
vt 0.928571 0.000000
vt 0.964286 1.000000
vt 0.964286 0.000000
vt 0.012500 1.000000
vt 0.012500 0.000000
vt 0.025000 1.000000
vt 0.025000 0.000000
vt 0.037500 1.000000
vt 0.037500 0.000000
vt 0.050000 1.000000
vt 0.050000 0.000000
vt 0.075000 1.000000
vt 0.075000 0.000000
vt 0.087500 1.000000
vt 0.087500 0.000000
vt 0.100000 1.000000
vt 0.100000 0.000000
vt 0.112500 1.000000
vt 0.112500 0.000000
vt 0.137500 1.000000
vt 0.137500 0.000000
vt 0.150000 1.000000
vt 0.150000 0.000000
vt 0.162500 1.000000
vt 0.162500 0.000000
vt 0.175000 1.000000
vt 0.175000 0.000000
vt 0.200000 1.000000
vt 0.200000 0.000000
vt 0.212500 1.000000
vt 0.212500 0.000000
vt 0.225000 1.000000
vt 0.225000 0.000000
vt 0.237500 1.000000
vt 0.237500 0.000000
vt 0.262500 1.000000
vt 0.262500 0.000000
vt 0.275000 1.000000
vt 0.275000 0.000000
vt 0.287500 1.000000
vt 0.287500 0.000000
vt 0.300000 1.000000
vt 0.300000 0.000000
vt 0.325000 1.000000
vt 0.325000 0.000000
vt 0.337500 1.000000
vt 0.337500 0.000000
vt 0.350000 1.000000
vt 0.350000 0.000000
vt 0.362500 1.000000
vt 0.362500 0.000000
vt 0.387500 1.000000
vt 0.387500 0.000000
vt 0.400000 1.000000
vt 0.400000 0.000000
vt 0.412500 1.000000
vt 0.412500 0.000000
vt 0.425000 1.000000
vt 0.425000 0.000000
vt 0.450000 1.000000
vt 0.450000 0.000000
vt 0.462500 1.000000
vt 0.462500 0.000000
vt 0.475000 1.000000
vt 0.475000 0.000000
vt 0.487500 1.000000
vt 0.487500 0.000000
vt 0.512500 1.000000
vt 0.512500 0.000000
vt 0.525000 1.000000
vt 0.525000 0.000000
vt 0.537500 1.000000
vt 0.537500 0.000000
vt 0.550000 1.000000
vt 0.550000 0.000000
vt 0.575000 1.000000
vt 0.575000 0.000000
vt 0.587500 1.000000
vt 0.587500 0.000000
vt 0.600000 1.000000
vt 0.600000 0.000000
vt 0.612500 1.000000
vt 0.612500 0.000000
vt 0.637500 1.000000
vt 0.637500 0.000000
vt 0.650000 1.000000
vt 0.650000 0.000000
vt 0.662500 1.000000
vt 0.662500 0.000000
vt 0.675000 1.000000
vt 0.675000 0.000000
vt 0.700000 1.000000
vt 0.700000 0.000000
vt 0.712500 1.000000
vt 0.712500 0.000000
vt 0.725000 1.000000
vt 0.725000 0.000000
vt 0.737500 1.000000
vt 0.737500 0.000000
vt 0.762500 1.000000
vt 0.762500 0.000000
vt 0.775000 1.000000
vt 0.775000 0.000000
vt 0.787500 1.000000
vt 0.787500 0.000000
vt 0.800000 1.000000
vt 0.800000 0.000000
vt 0.825000 1.000000
vt 0.825000 0.000000
vt 0.837500 1.000000
vt 0.837500 0.000000
vt 0.850000 1.000000
vt 0.850000 0.000000
vt 0.862500 1.000000
vt 0.862500 0.000000
vt 0.887500 1.000000
vt 0.887500 0.000000
vt 0.900000 1.000000
vt 0.900000 0.000000
vt 0.912500 1.000000
vt 0.912500 0.000000
vt 0.925000 1.000000
vt 0.925000 0.000000
vt 0.950000 1.000000
vt 0.950000 0.000000
vt 0.962500 1.000000
vt 0.962500 0.000000
vt 0.975000 1.000000
vt 0.975000 0.000000
vt 0.987500 1.000000
vt 0.987500 0.000000
s 0
f 52/1/1 54/2/1 53/3/1
f 52/1/1 55/4/1 54/2/1
f 52/1/1 56/5/1 55/4/1
f 51/6/1 56/5/1 52/1/1
f 51/6/1 57/7/1 56/5/1
f 50/8/1 57/7/1 51/6/1
f 50/8/1 58/9/1 57/7/1
f 49/10/1 58/9/1 50/8/1
f 49/10/1 59/11/1 58/9/1
f 48/12/1 59/11/1 49/10/1
f 48/12/1 60/13/1 59/11/1
f 47/14/1 60/13/1 48/12/1
f 47/14/1 61/15/1 60/13/1
f 46/16/1 61/15/1 47/14/1
f 46/16/1 62/17/1 61/15/1
f 45/18/1 62/17/1 46/16/1
f 45/18/1 63/19/1 62/17/1
f 44/20/1 63/19/1 45/18/1
f 44/20/1 64/21/1 63/19/1
f 43/22/1 64/21/1 44/20/1
f 43/22/1 65/23/1 64/21/1
f 42/24/1 65/23/1 43/22/1
f 41/25/1 65/23/1 42/24/1
f 41/25/1 66/26/1 65/23/1
f 40/27/1 66/26/1 41/25/1
f 40/27/1 67/28/1 66/26/1
f 39/29/1 67/28/1 40/27/1
f 39/29/1 68/30/1 67/28/1
f 38/31/1 68/30/1 39/29/1
f 38/31/1 69/32/1 68/30/1
f 37/33/1 69/32/1 38/31/1
f 37/33/1 70/34/1 69/32/1
f 36/35/1 70/34/1 37/33/1
f 36/35/1 71/36/1 70/34/1
f 35/37/1 71/36/1 36/35/1
f 35/37/1 72/38/1 71/36/1
f 34/39/1 72/38/1 35/37/1
f 34/39/1 73/40/1 72/38/1
f 33/41/1 73/40/1 34/39/1
f 33/41/1 74/42/1 73/40/1
f 32/43/1 74/42/1 33/41/1
f 32/43/1 75/44/1 74/42/1
f 31/45/1 75/44/1 32/43/1
f 31/45/1 76/46/1 75/44/1
f 30/47/1 76/46/1 31/45/1
f 30/47/1 77/48/1 76/46/1
f 29/49/1 77/48/1 30/47/1
f 29/49/1 78/50/1 77/48/1
f 28/51/1 78/50/1 29/49/1
f 28/51/1 79/52/1 78/50/1
f 27/53/1 79/52/1 28/51/1
f 26/54/1 80/55/1 27/53/1
f 80/55/1 79/52/1 27/53/1
f 26/54/1 1/56/1 80/55/1
f 25/57/1 1/56/1 26/54/1
f 25/57/1 2/58/1 1/56/1
f 24/59/1 2/58/1 25/57/1
f 24/59/1 3/60/1 2/58/1
f 23/61/1 3/60/1 24/59/1
f 23/61/1 4/62/1 3/60/1
f 22/63/1 4/62/1 23/61/1
f 22/63/1 5/64/1 4/62/1
f 21/65/1 5/64/1 22/63/1
f 21/65/1 6/66/1 5/64/1
f 20/67/1 6/66/1 21/65/1
f 20/67/1 7/68/1 6/66/1
f 19/69/1 7/68/1 20/67/1
f 19/69/1 8/70/1 7/68/1
f 18/71/1 8/70/1 19/69/1
f 18/71/1 9/72/1 8/70/1
f 17/73/1 9/72/1 18/71/1
f 17/73/1 10/74/1 9/72/1
f 16/75/1 10/74/1 17/73/1
f 16/75/1 11/76/1 10/74/1
f 15/77/1 11/76/1 16/75/1
f 15/77/1 12/78/1 11/76/1
f 14/79/1 12/78/1 15/77/1
f 14/79/1 13/80/1 12/78/1
f 134/81/1 136/82/1 135/83/1
f 134/81/1 137/84/1 136/82/1
f 134/81/1 138/85/1 137/84/1
f 133/86/1 138/85/1 134/81/1
f 133/86/1 139/87/1 138/85/1
f 132/88/1 139/87/1 133/86/1
f 132/88/1 140/89/1 139/87/1
f 131/90/1 140/89/1 132/88/1
f 131/90/1 141/91/1 140/89/1
f 130/92/1 141/91/1 131/90/1
f 130/92/1 142/93/1 141/91/1
f 129/94/1 142/93/1 130/92/1
f 129/94/1 143/95/1 142/93/1
f 128/96/1 143/95/1 129/94/1
f 128/96/1 144/97/1 143/95/1
f 127/98/1 144/97/1 128/96/1
f 127/98/1 145/99/1 144/97/1
f 126/100/1 145/99/1 127/98/1
f 126/100/1 146/101/1 145/99/1
f 125/102/1 146/101/1 126/100/1
f 125/102/1 147/103/1 146/101/1
f 124/104/1 147/103/1 125/102/1
f 123/105/1 147/103/1 124/104/1
f 123/105/1 148/106/1 147/103/1
f 122/107/1 148/106/1 123/105/1
f 122/107/1 149/108/1 148/106/1
f 121/109/1 149/108/1 122/107/1
f 121/109/1 150/110/1 149/108/1
f 120/111/1 150/110/1 121/109/1
f 120/111/1 151/112/1 150/110/1
f 119/113/1 151/112/1 120/111/1
f 119/113/1 152/114/1 151/112/1
f 118/115/1 152/114/1 119/113/1
f 118/115/1 153/116/1 152/114/1
f 117/117/1 153/116/1 118/115/1
f 117/117/1 154/118/1 153/116/1
f 116/119/1 154/118/1 117/117/1
f 116/119/1 155/120/1 154/118/1
f 115/121/1 155/120/1 116/119/1
f 115/121/1 156/122/1 155/120/1
f 114/123/1 156/122/1 115/121/1
f 114/123/1 157/124/1 156/122/1
f 113/125/1 157/124/1 114/123/1
f 113/125/1 158/126/1 157/124/1
f 112/127/1 158/126/1 113/125/1
f 112/127/1 159/128/1 158/126/1
f 111/129/1 159/128/1 112/127/1
f 111/129/1 160/130/1 159/128/1
f 110/131/1 160/130/1 111/129/1
f 110/131/1 161/132/1 160/130/1
f 109/133/1 161/132/1 110/131/1
f 108/134/1 162/135/1 109/133/1
f 162/135/1 161/132/1 109/133/1
f 108/134/1 163/136/1 162/135/1
f 106/137/1 108/134/1 107/138/1
f 106/137/1 163/136/1 108/134/1
f 106/137/1 164/139/1 163/136/1
f 106/137/1 165/140/1 164/139/1
f 106/137/1 166/141/1 165/140/1
f 105/142/1 166/141/1 106/137/1
f 105/142/1 167/143/1 166/141/1
f 104/144/1 167/143/1 105/142/1
f 104/144/1 168/145/1 167/143/1
f 103/146/1 168/145/1 104/144/1
f 103/146/1 169/147/1 168/145/1
f 102/148/1 169/147/1 103/146/1
f 102/148/1 170/149/1 169/147/1
f 101/150/1 170/149/1 102/148/1
f 101/150/1 171/151/1 170/149/1
f 100/152/1 171/151/1 101/150/1
f 100/152/1 172/153/1 171/151/1
f 99/154/1 172/153/1 100/152/1
f 99/154/1 173/155/1 172/153/1
f 98/156/1 173/155/1 99/154/1
f 98/156/1 174/157/1 173/155/1
f 97/158/1 174/157/1 98/156/1
f 97/158/1 175/159/1 174/157/1
f 96/160/1 175/159/1 97/158/1
f 96/160/1 176/161/1 175/159/1
f 95/162/1 176/161/1 96/160/1
f 94/163/1 176/161/1 95/162/1
f 94/163/1 177/164/1 176/161/1
f 93/165/1 177/164/1 94/163/1
f 93/165/1 178/166/1 177/164/1
f 92/167/1 178/166/1 93/165/1
f 92/167/1 179/168/1 178/166/1
f 91/169/1 179/168/1 92/167/1
f 91/169/1 180/170/1 179/168/1
f 90/171/1 180/170/1 91/169/1
f 90/171/1 181/172/1 180/170/1
f 89/173/1 181/172/1 90/171/1
f 89/173/1 182/174/1 181/172/1
f 88/175/1 182/174/1 89/173/1
f 88/175/1 183/176/1 182/174/1
f 87/177/1 183/176/1 88/175/1
f 87/177/1 184/178/1 183/176/1
f 86/179/1 184/178/1 87/177/1
f 86/179/1 185/180/1 184/178/1
f 85/181/1 185/180/1 86/179/1
f 85/181/1 186/182/1 185/180/1
f 84/183/1 186/182/1 85/181/1
f 84/183/1 187/184/1 186/182/1
f 83/185/1 187/184/1 84/183/1
f 83/185/1 188/55/1 187/184/1
f 82/186/1 188/55/1 83/185/1
f 82/186/1 81/56/1 188/55/1
f 226/187/1 228/188/1 227/189/1
f 226/187/1 229/190/1 228/188/1
f 225/191/1 229/190/1 226/187/1
f 225/191/1 230/192/1 229/190/1
f 224/193/1 230/192/1 225/191/1
f 224/193/1 231/194/1 230/192/1
f 223/195/1 231/194/1 224/193/1
f 223/195/1 232/196/1 231/194/1
f 222/197/1 232/196/1 223/195/1
f 222/197/1 233/198/1 232/196/1
f 221/199/1 233/198/1 222/197/1
f 221/199/1 234/200/1 233/198/1
f 220/201/1 234/200/1 221/199/1
f 219/202/1 234/200/1 220/201/1
f 219/202/1 235/203/1 234/200/1
f 218/204/1 235/203/1 219/202/1
f 218/204/1 236/205/1 235/203/1
f 217/206/1 236/205/1 218/204/1
f 217/206/1 237/207/1 236/205/1
f 216/208/1 237/207/1 217/206/1
f 216/208/1 238/209/1 237/207/1
f 215/210/1 238/209/1 216/208/1
f 215/210/1 239/211/1 238/209/1
f 214/212/1 266/213/1 215/210/1
f 266/213/1 239/211/1 215/210/1
f 266/213/1 240/214/1 239/211/1
f 266/213/1 241/215/1 240/214/1
f 266/213/1 242/216/1 241/215/1
f 266/213/1 243/217/1 242/216/1
f 266/213/1 244/218/1 243/217/1
f 266/213/1 245/219/1 244/218/1
f 266/213/1 246/220/1 245/219/1
f 266/213/1 247/221/1 246/220/1
f 266/213/1 248/222/1 247/221/1
f 266/213/1 249/223/1 248/222/1
f 266/213/1 250/224/1 249/223/1
f 266/213/1 251/225/1 250/224/1
f 266/213/1 265/226/1 251/225/1
f 265/226/1 292/55/1 251/225/1
f 292/55/1 252/227/1 251/225/1
f 214/212/1 267/228/1 266/213/1
f 291/229/1 252/227/1 292/55/1
f 290/230/1 252/227/1 291/229/1
f 289/231/1 252/227/1 290/230/1
f 288/232/1 252/227/1 289/231/1
f 287/233/1 252/227/1 288/232/1
f 286/234/1 252/227/1 287/233/1
f 286/234/1 253/235/1 252/227/1
f 285/236/1 253/235/1 286/234/1
f 284/237/1 253/235/1 285/236/1
f 283/238/1 253/235/1 284/237/1
f 282/239/1 253/235/1 283/238/1
f 281/240/1 253/235/1 282/239/1
f 280/241/1 253/235/1 281/240/1
f 279/242/1 253/235/1 280/241/1
f 278/243/1 253/235/1 279/242/1
f 277/244/1 253/235/1 278/243/1
f 276/245/1 253/235/1 277/244/1
f 275/246/1 253/235/1 276/245/1
f 274/247/1 253/235/1 275/246/1
f 274/247/1 254/248/1 253/235/1
f 273/249/1 254/248/1 274/247/1
f 272/250/1 254/248/1 273/249/1
f 271/251/1 254/248/1 272/250/1
f 270/252/1 254/248/1 271/251/1
f 269/253/1 254/248/1 270/252/1
f 268/254/1 254/248/1 269/253/1
f 214/212/1 268/254/1 267/228/1
f 214/212/1 254/248/1 268/254/1
f 214/212/1 255/255/1 254/248/1
f 214/212/1 256/256/1 255/255/1
f 214/212/1 257/257/1 256/256/1
f 214/212/1 258/258/1 257/257/1
f 214/212/1 259/259/1 258/258/1
f 214/212/1 260/260/1 259/259/1
f 214/212/1 261/261/1 260/260/1
f 214/212/1 262/262/1 261/261/1
f 214/212/1 263/263/1 262/262/1
f 214/212/1 264/264/1 263/263/1
f 214/212/1 189/56/1 264/264/1
f 214/212/1 190/265/1 189/56/1
f 214/212/1 191/266/1 190/265/1
f 213/267/1 191/266/1 214/212/1
f 213/267/1 192/268/1 191/266/1
f 212/269/1 192/268/1 213/267/1
f 212/269/1 193/270/1 192/268/1
f 211/271/1 193/270/1 212/269/1
f 211/271/1 194/272/1 193/270/1
f 210/273/1 194/272/1 211/271/1
f 210/273/1 195/274/1 194/272/1
f 209/275/1 195/274/1 210/273/1
f 209/275/1 196/276/1 195/274/1
f 208/277/1 196/276/1 209/275/1
f 207/278/1 196/276/1 208/277/1
f 207/278/1 197/279/1 196/276/1
f 206/280/1 197/279/1 207/278/1
f 206/280/1 198/281/1 197/279/1
f 205/282/1 198/281/1 206/280/1
f 205/282/1 199/283/1 198/281/1
f 204/284/1 199/283/1 205/282/1
f 204/284/1 200/285/1 199/283/1
f 203/286/1 200/285/1 204/284/1
f 203/286/1 201/287/1 200/285/1
f 202/288/1 201/287/1 203/286/1
f 330/115/1 332/111/1 331/113/1
f 330/115/1 333/109/1 332/111/1
f 330/115/1 334/107/1 333/109/1
f 329/117/1 334/107/1 330/115/1
f 329/117/1 335/105/1 334/107/1
f 328/119/1 335/105/1 329/117/1
f 328/119/1 336/104/1 335/105/1
f 327/121/1 336/104/1 328/119/1
f 327/121/1 337/102/1 336/104/1
f 326/123/1 337/102/1 327/121/1
f 326/123/1 338/100/1 337/102/1
f 325/125/1 338/100/1 326/123/1
f 325/125/1 339/98/1 338/100/1
f 324/127/1 339/98/1 325/125/1
f 324/127/1 340/96/1 339/98/1
f 323/129/1 340/96/1 324/127/1
f 323/129/1 341/94/1 340/96/1
f 322/131/1 341/94/1 323/129/1
f 322/131/1 342/92/1 341/94/1
f 321/133/1 342/92/1 322/131/1
f 321/133/1 343/90/1 342/92/1
f 320/134/1 343/90/1 321/133/1
f 319/138/1 343/90/1 320/134/1
f 319/138/1 344/88/1 343/90/1
f 318/137/1 358/101/1 319/138/1
f 358/101/1 344/88/1 319/138/1
f 358/101/1 345/86/1 344/88/1
f 358/101/1 346/81/1 345/86/1
f 358/101/1 347/83/1 346/81/1
f 358/101/1 348/82/1 347/83/1
f 358/101/1 349/84/1 348/82/1
f 358/101/1 350/85/1 349/84/1
f 358/101/1 351/87/1 350/85/1
f 358/101/1 352/89/1 351/87/1
f 358/101/1 353/91/1 352/89/1
f 358/101/1 354/93/1 353/91/1
f 358/101/1 355/95/1 354/93/1
f 358/101/1 356/97/1 355/95/1
f 358/101/1 357/99/1 356/97/1
f 318/137/1 359/103/1 358/101/1
f 318/137/1 386/157/1 359/103/1
f 386/157/1 360/106/1 359/103/1
f 386/157/1 361/108/1 360/106/1
f 386/157/1 362/110/1 361/108/1
f 386/157/1 363/112/1 362/110/1
f 386/157/1 364/114/1 363/112/1
f 386/157/1 365/116/1 364/114/1
f 386/157/1 366/118/1 365/116/1
f 386/157/1 367/120/1 366/118/1
f 386/157/1 368/122/1 367/120/1
f 386/157/1 369/124/1 368/122/1
f 386/157/1 370/126/1 369/124/1
f 386/157/1 371/128/1 370/126/1
f 386/157/1 372/130/1 371/128/1
f 386/157/1 373/132/1 372/130/1
f 386/157/1 374/135/1 373/132/1
f 386/157/1 375/136/1 374/135/1
f 386/157/1 376/139/1 375/136/1
f 386/157/1 377/140/1 376/139/1
f 386/157/1 378/141/1 377/140/1
f 386/157/1 379/143/1 378/141/1
f 386/157/1 380/145/1 379/143/1
f 386/157/1 381/147/1 380/145/1
f 386/157/1 382/149/1 381/147/1
f 386/157/1 383/151/1 382/149/1
f 386/157/1 384/153/1 383/151/1
f 386/157/1 385/155/1 384/153/1
f 318/137/1 387/159/1 386/157/1
f 318/137/1 388/161/1 387/159/1
f 318/137/1 389/164/1 388/161/1
f 318/137/1 390/166/1 389/164/1
f 318/137/1 391/168/1 390/166/1
f 318/137/1 392/170/1 391/168/1
f 318/137/1 393/172/1 392/170/1
f 318/137/1 394/174/1 393/172/1
f 318/137/1 395/176/1 394/174/1
f 318/137/1 396/178/1 395/176/1
f 318/137/1 397/180/1 396/178/1
f 318/137/1 398/182/1 397/180/1
f 318/137/1 399/184/1 398/182/1
f 318/137/1 400/55/1 399/184/1
f 318/137/1 293/56/1 400/55/1
f 317/142/1 293/56/1 318/137/1
f 317/142/1 294/186/1 293/56/1
f 316/144/1 294/186/1 317/142/1
f 316/144/1 295/185/1 294/186/1
f 315/146/1 295/185/1 316/144/1
f 315/146/1 296/183/1 295/185/1
f 314/148/1 296/183/1 315/146/1
f 314/148/1 297/181/1 296/183/1
f 313/150/1 297/181/1 314/148/1
f 313/150/1 298/179/1 297/181/1
f 312/152/1 298/179/1 313/150/1
f 312/152/1 299/177/1 298/179/1
f 311/154/1 299/177/1 312/152/1
f 311/154/1 300/175/1 299/177/1
f 310/156/1 300/175/1 311/154/1
f 310/156/1 301/173/1 300/175/1
f 309/158/1 301/173/1 310/156/1
f 309/158/1 302/171/1 301/173/1
f 308/160/1 302/171/1 309/158/1
f 308/160/1 303/169/1 302/171/1
f 307/162/1 303/169/1 308/160/1
f 307/162/1 304/167/1 303/169/1
f 306/163/1 304/167/1 307/162/1
f 306/163/1 305/165/1 304/167/1
f 438/289/1 440/290/1 439/291/1
f 438/289/1 441/292/1 440/290/1
f 438/289/1 442/293/1 441/292/1
f 437/294/1 442/293/1 438/289/1
f 437/294/1 443/295/1 442/293/1
f 436/296/1 443/295/1 437/294/1
f 436/296/1 444/297/1 443/295/1
f 435/298/1 444/297/1 436/296/1
f 435/298/1 445/299/1 444/297/1
f 435/298/1 446/300/1 445/299/1
f 434/301/1 446/300/1 435/298/1
f 434/301/1 447/302/1 446/300/1
f 433/303/1 447/302/1 434/301/1
f 433/303/1 448/304/1 447/302/1
f 432/305/1 448/304/1 433/303/1
f 432/305/1 449/306/1 448/304/1
f 432/305/1 450/307/1 449/306/1
f 431/308/1 450/307/1 432/305/1
f 431/308/1 451/309/1 450/307/1
f 430/310/1 451/309/1 431/308/1
f 430/310/1 452/311/1 451/309/1
f 429/312/1 452/311/1 430/310/1
f 429/312/1 453/313/1 452/311/1
f 429/312/1 454/314/1 453/313/1
f 428/315/1 454/314/1 429/312/1
f 428/315/1 455/316/1 454/314/1
f 427/317/1 455/316/1 428/315/1
f 427/317/1 456/318/1 455/316/1
f 426/319/1 579/320/1 427/317/1
f 579/320/1 456/318/1 427/317/1
f 579/320/1 457/321/1 456/318/1
f 579/320/1 458/322/1 457/321/1
f 579/320/1 459/323/1 458/322/1
f 579/320/1 460/324/1 459/323/1
f 579/320/1 461/325/1 460/324/1
f 579/320/1 462/326/1 461/325/1
f 579/320/1 463/327/1 462/326/1
f 579/320/1 464/328/1 463/327/1
f 579/320/1 465/329/1 464/328/1
f 579/320/1 466/330/1 465/329/1
f 579/320/1 467/331/1 466/330/1
f 579/320/1 468/332/1 467/331/1
f 579/320/1 469/333/1 468/332/1
f 579/320/1 470/334/1 469/333/1
f 579/320/1 471/335/1 470/334/1
f 579/320/1 472/336/1 471/335/1
f 579/320/1 473/337/1 472/336/1
f 579/320/1 474/338/1 473/337/1
f 579/320/1 475/339/1 474/338/1
f 579/320/1 476/340/1 475/339/1
f 579/320/1 578/341/1 476/340/1
f 578/341/1 629/55/1 476/340/1
f 629/55/1 628/342/1 476/340/1
f 628/342/1 627/343/1 476/340/1
f 627/343/1 477/344/1 476/340/1
f 426/319/1 580/345/1 579/320/1
f 626/346/1 477/344/1 627/343/1
f 625/347/1 477/344/1 626/346/1
f 624/348/1 477/344/1 625/347/1
f 623/349/1 477/344/1 624/348/1
f 622/350/1 477/344/1 623/349/1
f 621/351/1 477/344/1 622/350/1
f 620/352/1 477/344/1 621/351/1
f 619/353/1 477/344/1 620/352/1
f 618/354/1 477/344/1 619/353/1
f 617/355/1 477/344/1 618/354/1
f 616/356/1 477/344/1 617/355/1
f 615/357/1 477/344/1 616/356/1
f 614/358/1 477/344/1 615/357/1
f 613/359/1 477/344/1 614/358/1
f 612/360/1 477/344/1 613/359/1
f 611/361/1 477/344/1 612/360/1
f 610/362/1 477/344/1 611/361/1
f 610/362/1 478/363/1 477/344/1
f 609/364/1 478/363/1 610/362/1
f 608/365/1 478/363/1 609/364/1
f 608/365/1 479/366/1 478/363/1
f 607/367/1 479/366/1 608/365/1
f 606/368/1 479/366/1 607/367/1
f 606/368/1 480/369/1 479/366/1
f 605/370/1 480/369/1 606/368/1
f 605/370/1 481/371/1 480/369/1
f 605/370/1 482/372/1 481/371/1
f 605/370/1 483/373/1 482/372/1
f 605/370/1 484/374/1 483/373/1
f 605/370/1 485/375/1 484/374/1
f 604/376/1 485/375/1 605/370/1
f 604/376/1 486/377/1 485/375/1
f 603/378/1 486/377/1 604/376/1
f 602/379/1 486/377/1 603/378/1
f 602/379/1 487/380/1 486/377/1
f 601/381/1 487/380/1 602/379/1
f 600/382/1 487/380/1 601/381/1
f 600/382/1 488/383/1 487/380/1
f 599/384/1 488/383/1 600/382/1
f 599/384/1 489/385/1 488/383/1
f 598/386/1 489/385/1 599/384/1
f 597/387/1 489/385/1 598/386/1
f 597/387/1 490/388/1 489/385/1
f 596/389/1 490/388/1 597/387/1
f 595/390/1 490/388/1 596/389/1
f 595/390/1 491/391/1 490/388/1
f 594/392/1 491/391/1 595/390/1
f 593/393/1 491/391/1 594/392/1
f 593/393/1 492/394/1 491/391/1
f 592/395/1 492/394/1 593/393/1
f 591/396/1 492/394/1 592/395/1
f 591/396/1 493/397/1 492/394/1
f 590/398/1 493/397/1 591/396/1
f 589/399/1 493/397/1 590/398/1
f 589/399/1 494/400/1 493/397/1
f 588/401/1 494/400/1 589/399/1
f 587/402/1 494/400/1 588/401/1
f 586/403/1 494/400/1 587/402/1
f 586/403/1 495/404/1 494/400/1
f 585/405/1 495/404/1 586/403/1
f 584/406/1 495/404/1 585/405/1
f 583/407/1 495/404/1 584/406/1
f 582/408/1 495/404/1 583/407/1
f 581/409/1 495/404/1 582/408/1
f 426/319/1 581/409/1 580/345/1
f 426/319/1 577/410/1 581/409/1
f 577/410/1 495/404/1 581/409/1
f 577/410/1 496/411/1 495/404/1
f 577/410/1 497/412/1 496/411/1
f 577/410/2 501/413/2 497/412/2
f 501/413/1 498/414/1 497/412/1
f 501/413/1 499/415/1 498/414/1
f 501/413/1 500/416/1 499/415/1
f 577/410/1 502/417/1 501/413/1
f 577/410/1 503/418/1 502/417/1
f 577/410/1 504/419/1 503/418/1
f 577/410/1 505/420/1 504/419/1
f 577/410/1 506/421/1 505/420/1
f 577/410/1 507/422/1 506/421/1
f 577/410/1 508/423/1 507/422/1
f 577/410/1 509/424/1 508/423/1
f 577/410/1 510/425/1 509/424/1
f 577/410/1 511/426/1 510/425/1
f 577/410/1 512/427/1 511/426/1
f 577/410/1 513/428/1 512/427/1
f 577/410/1 514/429/1 513/428/1
f 577/410/1 515/430/1 514/429/1
f 577/410/1 516/431/1 515/430/1
f 577/410/1 517/432/1 516/431/1
f 577/410/1 518/433/1 517/432/1
f 577/410/1 519/434/1 518/433/1
f 577/410/1 520/435/1 519/434/1
f 577/410/1 521/436/1 520/435/1
f 577/410/1 522/437/1 521/436/1
f 577/410/1 523/438/1 522/437/1
f 577/410/1 524/439/1 523/438/1
f 577/410/1 525/440/1 524/439/1
f 577/410/1 576/441/1 525/440/1
f 576/441/1 575/442/1 525/440/1
f 575/442/1 574/443/1 525/440/1
f 574/443/1 573/444/1 525/440/1
f 573/444/1 572/445/1 525/440/1
f 572/445/1 571/446/1 525/440/1
f 571/446/1 570/447/1 525/440/1
f 570/447/1 569/448/1 525/440/1
f 569/448/1 568/449/1 525/440/1
f 568/449/1 567/450/1 525/440/1
f 567/450/1 566/451/1 525/440/1
f 566/451/1 526/452/1 525/440/1
f 426/319/1 401/56/1 577/410/1
f 565/453/1 526/452/1 566/451/1
f 564/454/3 526/452/3 565/453/3
f 563/455/1 526/452/1 564/454/1
f 562/456/3 526/452/3 563/455/3
f 561/457/1 526/452/1 562/456/1
f 560/458/1 526/452/1 561/457/1
f 559/459/1 526/452/1 560/458/1
f 558/460/1 526/452/1 559/459/1
f 557/461/1 526/452/1 558/460/1
f 556/462/1 526/452/1 557/461/1
f 555/463/1 526/452/1 556/462/1
f 554/464/1 526/452/1 555/463/1
f 553/465/1 526/452/1 554/464/1
f 552/466/1 526/452/1 553/465/1
f 551/467/1 526/452/1 552/466/1
f 425/468/1 401/56/1 426/319/1
f 425/468/1 402/469/1 401/56/1
f 550/470/1 526/452/1 551/467/1
f 550/470/1 527/471/1 526/452/1
f 424/472/1 402/469/1 425/468/1
f 549/473/1 527/471/1 550/470/1
f 424/472/1 403/474/1 402/469/1
f 549/473/1 528/475/1 527/471/1
f 423/476/1 403/474/1 424/472/1
f 548/477/1 528/475/1 549/473/1
f 423/476/1 404/478/1 403/474/1
f 548/477/1 529/479/1 528/475/1
f 422/480/1 404/478/1 423/476/1
f 547/481/1 529/479/1 548/477/1
f 422/480/1 405/482/1 404/478/1
f 547/481/1 530/483/1 529/479/1
f 421/484/1 405/482/1 422/480/1
f 546/485/1 530/483/1 547/481/1
f 421/484/1 406/486/1 405/482/1
f 546/485/1 531/487/1 530/483/1
f 420/488/1 406/486/1 421/484/1
f 545/489/1 531/487/1 546/485/1
f 420/488/1 407/490/1 406/486/1
f 545/489/1 532/491/1 531/487/1
f 419/492/1 407/490/1 420/488/1
f 544/493/1 532/491/1 545/489/1
f 419/492/1 408/494/1 407/490/1
f 544/493/1 533/495/1 532/491/1
f 418/496/1 408/494/1 419/492/1
f 543/497/1 533/495/1 544/493/1
f 418/496/1 409/498/1 408/494/1
f 543/497/1 534/499/1 533/495/1
f 417/500/1 409/498/1 418/496/1
f 542/501/1 534/499/1 543/497/1
f 417/500/1 410/502/1 409/498/1
f 542/501/1 535/503/1 534/499/1
f 416/504/1 410/502/1 417/500/1
f 541/505/1 535/503/1 542/501/1
f 416/504/1 411/506/1 410/502/1
f 541/505/1 536/507/1 535/503/1
f 415/508/1 411/506/1 416/504/1
f 540/509/1 536/507/1 541/505/1
f 415/508/1 412/510/1 411/506/1
f 540/509/1 537/511/1 536/507/1
f 414/512/1 412/510/1 415/508/1
f 539/513/1 537/511/1 540/509/1
f 414/512/1 413/514/1 412/510/1
f 539/513/1 538/515/1 537/511/1
f 691/516/1 693/517/1 692/518/1
f 691/516/1 694/519/1 693/517/1
f 691/516/1 695/520/1 694/519/1
f 690/521/1 695/520/1 691/516/1
f 690/521/1 696/522/1 695/520/1
f 689/523/1 696/522/1 690/521/1
f 689/523/1 697/524/1 696/522/1
f 688/525/1 697/524/1 689/523/1
f 688/525/1 698/526/1 697/524/1
f 687/527/1 698/526/1 688/525/1
f 687/527/1 699/528/1 698/526/1
f 686/529/1 699/528/1 687/527/1
f 686/529/1 700/530/1 699/528/1
f 686/529/1 701/531/1 700/530/1
f 685/532/1 701/531/1 686/529/1
f 685/532/1 702/533/1 701/531/1
f 684/534/1 702/533/1 685/532/1
f 684/534/1 703/535/1 702/533/1
f 683/536/1 703/535/1 684/534/1
f 683/536/1 704/537/1 703/535/1
f 682/538/1 704/537/1 683/536/1
f 682/538/1 705/539/1 704/537/1
f 681/540/1 705/539/1 682/538/1
f 681/540/1 706/541/1 705/539/1
f 680/542/1 706/541/1 681/540/1
f 679/543/1 706/541/1 680/542/1
f 678/544/1 706/541/1 679/543/1
f 677/545/1 706/541/1 678/544/1
f 676/546/1 706/541/1 677/545/1
f 675/547/1 706/541/1 676/546/1
f 674/548/1 706/541/1 675/547/1
f 673/549/1 706/541/1 674/548/1
f 672/550/1 706/541/1 673/549/1
f 671/551/1 706/541/1 672/550/1
f 670/552/1 706/541/1 671/551/1
f 670/552/1 707/553/1 706/541/1
f 670/552/1 708/554/1 707/553/1
f 670/552/1 709/555/1 708/554/1
f 669/556/1 709/555/1 670/552/1
f 669/556/1 710/557/1 709/555/1
f 669/556/1 711/558/1 710/557/1
f 669/556/1 712/559/1 711/558/1
f 669/556/1 713/560/1 712/559/1
f 669/556/1 714/561/1 713/560/1
f 668/562/1 720/563/1 669/556/1
f 720/563/1 719/564/1 669/556/1
f 719/564/1 714/561/1 669/556/1
f 719/564/1 715/565/1 714/561/1
f 719/564/1 716/566/1 715/565/1
f 719/564/1 717/567/1 716/566/1
f 719/564/1 718/568/1 717/567/1
f 668/562/1 721/569/1 720/563/1
f 668/562/1 722/570/1 721/569/1
f 668/562/1 723/571/1 722/570/1
f 668/562/1 724/572/1 723/571/1
f 668/562/1 725/573/1 724/572/1
f 667/574/1 726/575/1 668/562/1
f 726/575/1 725/573/1 668/562/1
f 667/574/3 727/576/3 726/575/3
f 667/574/1 728/577/1 727/576/1
f 667/574/1 729/578/1 728/577/1
f 667/574/1 730/579/1 729/578/1
f 667/574/1 731/580/1 730/579/1
f 667/574/1 732/581/1 731/580/1
f 667/574/1 733/582/1 732/581/1
f 667/574/1 734/583/1 733/582/1
f 667/574/1 735/584/1 734/583/1
f 667/574/1 736/585/1 735/584/1
f 667/574/1 737/586/1 736/585/1
f 667/574/1 738/587/1 737/586/1
f 666/588/1 738/587/1 667/574/1
f 666/588/1 739/589/1 738/587/1
f 666/588/1 740/590/1 739/589/1
f 666/588/1 741/591/1 740/590/1
f 666/588/1 742/592/1 741/591/1
f 666/588/1 743/593/1 742/592/1
f 666/588/1 744/594/1 743/593/1
f 666/588/1 745/595/1 744/594/1
f 666/588/1 746/596/1 745/595/1
f 666/588/1 747/597/1 746/596/1
f 666/588/1 748/598/1 747/597/1
f 666/588/1 749/599/1 748/598/1
f 665/600/1 749/599/1 666/588/1
f 665/600/1 750/601/1 749/599/1
f 665/600/1 751/602/1 750/601/1
f 665/600/1 752/603/1 751/602/1
f 665/600/1 753/604/1 752/603/1
f 665/600/1 754/605/1 753/604/1
f 664/606/1 754/605/1 665/600/1
f 664/606/1 755/607/1 754/605/1
f 664/606/1 756/608/1 755/607/1
f 664/606/1 757/55/1 756/608/1
f 663/609/1 757/55/1 664/606/1
f 663/609/1 630/56/1 757/55/1
f 662/610/1 630/56/1 663/609/1
f 661/611/1 630/56/1 662/610/1
f 660/612/1 630/56/1 661/611/1
f 659/613/1 630/56/1 660/612/1
f 658/614/1 630/56/1 659/613/1
f 657/615/1 630/56/1 658/614/1
f 656/616/1 630/56/1 657/615/1
f 655/617/1 630/56/1 656/616/1
f 654/618/1 630/56/1 655/617/1
f 653/619/1 630/56/1 654/618/1
f 653/619/1 631/620/1 630/56/1
f 652/621/1 631/620/1 653/619/1
f 652/621/1 632/622/1 631/620/1
f 651/623/1 632/622/1 652/621/1
f 651/623/1 633/624/1 632/622/1
f 650/625/1 633/624/1 651/623/1
f 650/625/1 634/626/1 633/624/1
f 649/627/1 634/626/1 650/625/1
f 649/627/1 635/628/1 634/626/1
f 648/629/1 635/628/1 649/627/1
f 648/629/1 636/630/1 635/628/1
f 648/629/1 637/631/1 636/630/1
f 647/632/1 637/631/1 648/629/1
f 647/632/1 638/633/1 637/631/1
f 646/634/1 638/633/1 647/632/1
f 646/634/1 639/635/1 638/633/1
f 645/636/1 639/635/1 646/634/1
f 645/636/1 640/637/1 639/635/1
f 644/638/1 640/637/1 645/636/1
f 644/638/1 641/639/1 640/637/1
f 643/640/1 641/639/1 644/638/1
f 643/640/1 642/641/1 641/639/1
f 809/1/4 810/3/4 811/2/4
f 809/1/4 811/2/4 812/4/4
f 809/1/4 812/4/4 813/5/4
f 808/6/4 809/1/4 813/5/4
f 808/6/4 813/5/4 814/7/4
f 807/8/4 808/6/4 814/7/4
f 807/8/4 814/7/4 815/9/4
f 806/10/4 807/8/4 815/9/4
f 806/10/4 815/9/4 816/11/4
f 805/12/4 806/10/4 816/11/4
f 805/12/4 816/11/4 817/13/4
f 804/14/4 805/12/4 817/13/4
f 804/14/4 817/13/4 818/15/4
f 803/16/4 804/14/4 818/15/4
f 803/16/4 818/15/4 819/17/4
f 802/18/4 803/16/4 819/17/4
f 802/18/4 819/17/4 820/19/4
f 801/20/4 802/18/4 820/19/4
f 801/20/4 820/19/4 821/21/4
f 800/22/4 801/20/4 821/21/4
f 800/22/4 821/21/4 822/23/4
f 799/24/4 800/22/4 822/23/4
f 798/25/4 799/24/4 822/23/4
f 798/25/4 822/23/4 823/26/4
f 797/27/4 798/25/4 823/26/4
f 797/27/4 823/26/4 824/28/4
f 796/29/4 797/27/4 824/28/4
f 796/29/4 824/28/4 825/30/4
f 795/31/4 796/29/4 825/30/4
f 795/31/4 825/30/4 826/32/4
f 794/33/4 795/31/4 826/32/4
f 794/33/4 826/32/4 827/34/4
f 793/35/4 794/33/4 827/34/4
f 793/35/4 827/34/4 828/36/4
f 792/37/4 793/35/4 828/36/4
f 792/37/4 828/36/4 829/38/4
f 791/39/4 792/37/4 829/38/4
f 791/39/4 829/38/4 830/40/4
f 790/41/4 791/39/4 830/40/4
f 790/41/4 830/40/4 831/42/4
f 789/43/4 790/41/4 831/42/4
f 789/43/4 831/42/4 832/44/4
f 788/45/4 789/43/4 832/44/4
f 788/45/4 832/44/4 833/46/4
f 787/47/4 788/45/4 833/46/4
f 787/47/4 833/46/4 834/48/4
f 786/49/4 787/47/4 834/48/4
f 786/49/4 834/48/4 835/50/4
f 785/51/4 786/49/4 835/50/4
f 785/51/4 835/50/4 836/52/4
f 784/53/1 785/51/1 836/52/1
f 783/54/4 784/53/4 837/55/4
f 837/55/4 784/53/4 836/52/4
f 783/54/4 837/55/4 758/56/4
f 782/57/4 783/54/4 758/56/4
f 782/57/4 758/56/4 759/58/4
f 781/59/4 782/57/4 759/58/4
f 781/59/4 759/58/4 760/60/4
f 780/61/4 781/59/4 760/60/4
f 780/61/4 760/60/4 761/62/4
f 779/63/4 780/61/4 761/62/4
f 779/63/4 761/62/4 762/64/4
f 778/65/4 779/63/4 762/64/4
f 778/65/4 762/64/4 763/66/4
f 777/67/4 778/65/4 763/66/4
f 777/67/4 763/66/4 764/68/4
f 776/69/4 777/67/4 764/68/4
f 776/69/4 764/68/4 765/70/4
f 775/71/4 776/69/4 765/70/4
f 775/71/4 765/70/4 766/72/4
f 774/73/4 775/71/4 766/72/4
f 774/73/4 766/72/4 767/74/4
f 773/75/4 774/73/4 767/74/4
f 773/75/4 767/74/4 768/76/4
f 772/77/4 773/75/4 768/76/4
f 772/77/4 768/76/4 769/78/4
f 771/79/4 772/77/4 769/78/4
f 771/79/4 769/78/4 770/80/4
f 891/81/4 892/83/4 893/82/4
f 891/81/4 893/82/4 894/84/4
f 891/81/4 894/84/4 895/85/4
f 890/86/4 891/81/4 895/85/4
f 890/86/4 895/85/4 896/87/4
f 889/88/4 890/86/4 896/87/4
f 889/88/4 896/87/4 897/89/4
f 888/90/4 889/88/4 897/89/4
f 888/90/4 897/89/4 898/91/4
f 887/92/4 888/90/4 898/91/4
f 887/92/4 898/91/4 899/93/4
f 886/94/4 887/92/4 899/93/4
f 886/94/4 899/93/4 900/95/4
f 885/96/4 886/94/4 900/95/4
f 885/96/4 900/95/4 901/97/4
f 884/98/4 885/96/4 901/97/4
f 884/98/4 901/97/4 902/99/4
f 883/100/4 884/98/4 902/99/4
f 883/100/4 902/99/4 903/101/4
f 882/102/4 883/100/4 903/101/4
f 882/102/4 903/101/4 904/103/4
f 881/104/4 882/102/4 904/103/4
f 880/105/4 881/104/4 904/103/4
f 880/105/4 904/103/4 905/106/4
f 879/107/4 880/105/4 905/106/4
f 879/107/4 905/106/4 906/108/4
f 878/109/4 879/107/4 906/108/4
f 878/109/4 906/108/4 907/110/4
f 877/111/4 878/109/4 907/110/4
f 877/111/4 907/110/4 908/112/4
f 876/113/4 877/111/4 908/112/4
f 876/113/4 908/112/4 909/114/4
f 875/115/4 876/113/4 909/114/4
f 875/115/4 909/114/4 910/116/4
f 874/117/4 875/115/4 910/116/4
f 874/117/4 910/116/4 911/118/4
f 873/119/4 874/117/4 911/118/4
f 873/119/4 911/118/4 912/120/4
f 872/121/4 873/119/4 912/120/4
f 872/121/4 912/120/4 913/122/4
f 871/123/4 872/121/4 913/122/4
f 871/123/4 913/122/4 914/124/4
f 870/125/4 871/123/4 914/124/4
f 870/125/4 914/124/4 915/126/4
f 869/127/4 870/125/4 915/126/4
f 869/127/4 915/126/4 916/128/4
f 868/129/4 869/127/4 916/128/4
f 868/129/4 916/128/4 917/130/4
f 867/131/4 868/129/4 917/130/4
f 867/131/4 917/130/4 918/132/4
f 866/133/1 867/131/1 918/132/1
f 865/134/4 866/133/4 919/135/4
f 919/135/1 866/133/1 918/132/1
f 865/134/4 919/135/4 920/136/4
f 863/137/4 864/138/4 865/134/4
f 863/137/4 865/134/4 920/136/4
f 863/137/4 920/136/4 921/139/4
f 863/137/4 921/139/4 922/140/4
f 863/137/4 922/140/4 923/141/4
f 862/142/4 863/137/4 923/141/4
f 862/142/4 923/141/4 924/143/4
f 861/144/4 862/142/4 924/143/4
f 861/144/4 924/143/4 925/145/4
f 860/146/4 861/144/4 925/145/4
f 860/146/4 925/145/4 926/147/4
f 859/148/4 860/146/4 926/147/4
f 859/148/4 926/147/4 927/149/4
f 858/150/4 859/148/4 927/149/4
f 858/150/4 927/149/4 928/151/4
f 857/152/4 858/150/4 928/151/4
f 857/152/4 928/151/4 929/153/4
f 856/154/4 857/152/4 929/153/4
f 856/154/4 929/153/4 930/155/4
f 855/156/4 856/154/4 930/155/4
f 855/156/4 930/155/4 931/157/4
f 854/158/4 855/156/4 931/157/4
f 854/158/4 931/157/4 932/159/4
f 853/160/4 854/158/4 932/159/4
f 853/160/4 932/159/4 933/161/4
f 852/162/4 853/160/4 933/161/4
f 851/163/4 852/162/4 933/161/4
f 851/163/4 933/161/4 934/164/4
f 850/165/4 851/163/4 934/164/4
f 850/165/4 934/164/4 935/166/4
f 849/167/4 850/165/4 935/166/4
f 849/167/4 935/166/4 936/168/4
f 848/169/4 849/167/4 936/168/4
f 848/169/4 936/168/4 937/170/4
f 847/171/4 848/169/4 937/170/4
f 847/171/4 937/170/4 938/172/4
f 846/173/4 847/171/4 938/172/4
f 846/173/4 938/172/4 939/174/4
f 845/175/4 846/173/4 939/174/4
f 845/175/4 939/174/4 940/176/4
f 844/177/4 845/175/4 940/176/4
f 844/177/4 940/176/4 941/178/4
f 843/179/4 844/177/4 941/178/4
f 843/179/4 941/178/4 942/180/4
f 842/181/4 843/179/4 942/180/4
f 842/181/4 942/180/4 943/182/4
f 841/183/4 842/181/4 943/182/4
f 841/183/4 943/182/4 944/184/4
f 840/185/4 841/183/4 944/184/4
f 840/185/4 944/184/4 945/55/4
f 839/186/4 840/185/4 945/55/4
f 839/186/4 945/55/4 838/56/4
f 983/187/4 984/189/4 985/188/4
f 983/187/4 985/188/4 986/190/4
f 982/191/4 983/187/4 986/190/4
f 982/191/4 986/190/4 987/192/4
f 981/193/4 982/191/4 987/192/4
f 981/193/4 987/192/4 988/194/4
f 980/195/4 981/193/4 988/194/4
f 980/195/4 988/194/4 989/196/4
f 979/197/4 980/195/4 989/196/4
f 979/197/4 989/196/4 990/198/4
f 978/199/4 979/197/4 990/198/4
f 978/199/4 990/198/4 991/200/4
f 977/201/4 978/199/4 991/200/4
f 976/202/4 977/201/4 991/200/4
f 976/202/4 991/200/4 992/203/4
f 975/204/4 976/202/4 992/203/4
f 975/204/4 992/203/4 993/205/4
f 974/206/4 975/204/4 993/205/4
f 974/206/4 993/205/4 994/207/4
f 973/208/4 974/206/4 994/207/4
f 973/208/4 994/207/4 995/209/4
f 972/210/4 973/208/4 995/209/4
f 972/210/4 995/209/4 996/211/4
f 971/212/4 972/210/4 1023/213/4
f 1023/213/4 972/210/4 996/211/4
f 1023/213/4 996/211/4 997/214/4
f 1023/213/4 997/214/4 998/215/4
f 1023/213/4 998/215/4 999/216/4
f 1023/213/4 999/216/4 1000/217/4
f 1023/213/4 1000/217/4 1001/218/4
f 1023/213/4 1001/218/4 1002/219/4
f 1023/213/4 1002/219/4 1003/220/4
f 1023/213/4 1003/220/4 1004/221/4
f 1023/213/4 1004/221/4 1005/222/4
f 1023/213/4 1005/222/4 1006/223/4
f 1023/213/4 1006/223/4 1007/224/4
f 1023/213/4 1007/224/4 1008/225/4
f 1023/213/4 1008/225/4 1022/226/4
f 1022/226/4 1008/225/4 1049/55/4
f 1049/55/4 1008/225/4 1009/227/4
f 971/212/4 1023/213/4 1024/228/4
f 1048/229/4 1049/55/4 1009/227/4
f 1047/230/4 1048/229/4 1009/227/4
f 1046/231/4 1047/230/4 1009/227/4
f 1045/232/4 1046/231/4 1009/227/4
f 1044/233/4 1045/232/4 1009/227/4
f 1043/234/4 1044/233/4 1009/227/4
f 1043/234/4 1009/227/4 1010/235/4
f 1042/236/4 1043/234/4 1010/235/4
f 1041/237/4 1042/236/4 1010/235/4
f 1040/238/4 1041/237/4 1010/235/4
f 1039/239/4 1040/238/4 1010/235/4
f 1038/240/4 1039/239/4 1010/235/4
f 1037/241/4 1038/240/4 1010/235/4
f 1036/242/4 1037/241/4 1010/235/4
f 1035/243/4 1036/242/4 1010/235/4
f 1034/244/4 1035/243/4 1010/235/4
f 1033/245/4 1034/244/4 1010/235/4
f 1032/246/4 1033/245/4 1010/235/4
f 1031/247/4 1032/246/4 1010/235/4
f 1031/247/4 1010/235/4 1011/248/4
f 1030/249/4 1031/247/4 1011/248/4
f 1029/250/4 1030/249/4 1011/248/4
f 1028/251/4 1029/250/4 1011/248/4
f 1027/252/4 1028/251/4 1011/248/4
f 1026/253/4 1027/252/4 1011/248/4
f 1025/254/4 1026/253/4 1011/248/4
f 971/212/4 1024/228/4 1025/254/4
f 971/212/4 1025/254/4 1011/248/4
f 971/212/4 1011/248/4 1012/255/4
f 971/212/4 1012/255/4 1013/256/4
f 971/212/4 1013/256/4 1014/257/4
f 971/212/4 1014/257/4 1015/258/4
f 971/212/4 1015/258/4 1016/259/4
f 971/212/4 1016/259/4 1017/260/4
f 971/212/4 1017/260/4 1018/261/4
f 971/212/4 1018/261/4 1019/262/4
f 971/212/4 1019/262/4 1020/263/4
f 971/212/4 1020/263/4 1021/264/4
f 971/212/4 1021/264/4 946/56/4
f 971/212/4 946/56/4 947/265/4
f 971/212/4 947/265/4 948/266/4
f 970/267/4 971/212/4 948/266/4
f 970/267/4 948/266/4 949/268/4
f 969/269/4 970/267/4 949/268/4
f 969/269/4 949/268/4 950/270/4
f 968/271/4 969/269/4 950/270/4
f 968/271/4 950/270/4 951/272/4
f 967/273/4 968/271/4 951/272/4
f 967/273/4 951/272/4 952/274/4
f 966/275/4 967/273/4 952/274/4
f 966/275/4 952/274/4 953/276/4
f 965/277/4 966/275/4 953/276/4
f 964/278/4 965/277/4 953/276/4
f 964/278/4 953/276/4 954/279/4
f 963/280/4 964/278/4 954/279/4
f 963/280/4 954/279/4 955/281/4
f 962/282/4 963/280/4 955/281/4
f 962/282/4 955/281/4 956/283/4
f 961/284/4 962/282/4 956/283/4
f 961/284/4 956/283/4 957/285/4
f 960/286/4 961/284/4 957/285/4
f 960/286/4 957/285/4 958/287/4
f 959/288/4 960/286/4 958/287/4
f 1087/115/4 1088/113/4 1089/111/4
f 1087/115/4 1089/111/4 1090/109/4
f 1087/115/4 1090/109/4 1091/107/4
f 1086/117/4 1087/115/4 1091/107/4
f 1086/117/4 1091/107/4 1092/105/4
f 1085/119/4 1086/117/4 1092/105/4
f 1085/119/4 1092/105/4 1093/104/4
f 1084/121/4 1085/119/4 1093/104/4
f 1084/121/4 1093/104/4 1094/102/4
f 1083/123/4 1084/121/4 1094/102/4
f 1083/123/4 1094/102/4 1095/100/4
f 1082/125/4 1083/123/4 1095/100/4
f 1082/125/4 1095/100/4 1096/98/4
f 1081/127/4 1082/125/4 1096/98/4
f 1081/127/4 1096/98/4 1097/96/4
f 1080/129/4 1081/127/4 1097/96/4
f 1080/129/4 1097/96/4 1098/94/4
f 1079/131/4 1080/129/4 1098/94/4
f 1079/131/4 1098/94/4 1099/92/4
f 1078/133/4 1079/131/4 1099/92/4
f 1078/133/4 1099/92/4 1100/90/4
f 1077/134/4 1078/133/4 1100/90/4
f 1076/138/4 1077/134/4 1100/90/4
f 1076/138/4 1100/90/4 1101/88/4
f 1075/137/4 1076/138/4 1115/101/4
f 1115/101/4 1076/138/4 1101/88/4
f 1115/101/4 1101/88/4 1102/86/4
f 1115/101/4 1102/86/4 1103/81/4
f 1115/101/4 1103/81/4 1104/83/4
f 1115/101/4 1104/83/4 1105/82/4
f 1115/101/4 1105/82/4 1106/84/4
f 1115/101/4 1106/84/4 1107/85/4
f 1115/101/4 1107/85/4 1108/87/4
f 1115/101/4 1108/87/4 1109/89/4
f 1115/101/4 1109/89/4 1110/91/4
f 1115/101/4 1110/91/4 1111/93/4
f 1115/101/4 1111/93/4 1112/95/4
f 1115/101/4 1112/95/4 1113/97/4
f 1115/101/4 1113/97/4 1114/99/4
f 1075/137/4 1115/101/4 1116/103/4
f 1075/137/4 1116/103/4 1143/157/4
f 1143/157/4 1116/103/4 1117/106/4
f 1143/157/4 1117/106/4 1118/108/4
f 1143/157/4 1118/108/4 1119/110/4
f 1143/157/4 1119/110/4 1120/112/4
f 1143/157/4 1120/112/4 1121/114/4
f 1143/157/4 1121/114/4 1122/116/4
f 1143/157/4 1122/116/4 1123/118/4
f 1143/157/4 1123/118/4 1124/120/4
f 1143/157/4 1124/120/4 1125/122/4
f 1143/157/4 1125/122/4 1126/124/4
f 1143/157/4 1126/124/4 1127/126/4
f 1143/157/4 1127/126/4 1128/128/4
f 1143/157/4 1128/128/4 1129/130/4
f 1143/157/4 1129/130/4 1130/132/4
f 1143/157/4 1130/132/4 1131/135/4
f 1143/157/4 1131/135/4 1132/136/4
f 1143/157/4 1132/136/4 1133/139/4
f 1143/157/4 1133/139/4 1134/140/4
f 1143/157/4 1134/140/4 1135/141/4
f 1143/157/4 1135/141/4 1136/143/4
f 1143/157/4 1136/143/4 1137/145/4
f 1143/157/4 1137/145/4 1138/147/4
f 1143/157/4 1138/147/4 1139/149/4
f 1143/157/4 1139/149/4 1140/151/4
f 1143/157/4 1140/151/4 1141/153/4
f 1143/157/4 1141/153/4 1142/155/4
f 1075/137/4 1143/157/4 1144/159/4
f 1075/137/4 1144/159/4 1145/161/4
f 1075/137/4 1145/161/4 1146/164/4
f 1075/137/4 1146/164/4 1147/166/4
f 1075/137/4 1147/166/4 1148/168/4
f 1075/137/4 1148/168/4 1149/170/4
f 1075/137/4 1149/170/4 1150/172/4
f 1075/137/4 1150/172/4 1151/174/4
f 1075/137/4 1151/174/4 1152/176/4
f 1075/137/4 1152/176/4 1153/178/4
f 1075/137/4 1153/178/4 1154/180/4
f 1075/137/4 1154/180/4 1155/182/4
f 1075/137/4 1155/182/4 1156/184/4
f 1075/137/4 1156/184/4 1157/55/4
f 1075/137/4 1157/55/4 1050/56/4
f 1074/142/4 1075/137/4 1050/56/4
f 1074/142/4 1050/56/4 1051/186/4
f 1073/144/4 1074/142/4 1051/186/4
f 1073/144/4 1051/186/4 1052/185/4
f 1072/146/4 1073/144/4 1052/185/4
f 1072/146/4 1052/185/4 1053/183/4
f 1071/148/4 1072/146/4 1053/183/4
f 1071/148/4 1053/183/4 1054/181/4
f 1070/150/4 1071/148/4 1054/181/4
f 1070/150/4 1054/181/4 1055/179/4
f 1069/152/4 1070/150/4 1055/179/4
f 1069/152/4 1055/179/4 1056/177/4
f 1068/154/4 1069/152/4 1056/177/4
f 1068/154/4 1056/177/4 1057/175/4
f 1067/156/4 1068/154/4 1057/175/4
f 1067/156/4 1057/175/4 1058/173/4
f 1066/158/4 1067/156/4 1058/173/4
f 1066/158/4 1058/173/4 1059/171/4
f 1065/160/4 1066/158/4 1059/171/4
f 1065/160/4 1059/171/4 1060/169/4
f 1064/162/4 1065/160/4 1060/169/4
f 1064/162/4 1060/169/4 1061/167/4
f 1063/163/4 1064/162/4 1061/167/4
f 1063/163/4 1061/167/4 1062/165/4
f 1195/289/4 1196/291/4 1197/290/4
f 1195/289/4 1197/290/4 1198/292/4
f 1195/289/4 1198/292/4 1199/293/4
f 1194/294/4 1195/289/4 1199/293/4
f 1194/294/4 1199/293/4 1200/295/4
f 1193/296/4 1194/294/4 1200/295/4
f 1193/296/4 1200/295/4 1201/297/4
f 1192/298/4 1193/296/4 1201/297/4
f 1192/298/4 1201/297/4 1202/299/4
f 1192/298/4 1202/299/4 1203/300/4
f 1191/301/4 1192/298/4 1203/300/4
f 1191/301/4 1203/300/4 1204/302/4
f 1190/303/4 1191/301/4 1204/302/4
f 1190/303/4 1204/302/4 1205/304/4
f 1189/305/4 1190/303/4 1205/304/4
f 1189/305/4 1205/304/4 1206/306/4
f 1189/305/4 1206/306/4 1207/307/4
f 1188/308/4 1189/305/4 1207/307/4
f 1188/308/4 1207/307/4 1208/309/4
f 1187/310/4 1188/308/4 1208/309/4
f 1187/310/4 1208/309/4 1209/311/4
f 1186/312/4 1187/310/4 1209/311/4
f 1186/312/4 1209/311/4 1210/313/4
f 1186/312/4 1210/313/4 1211/314/4
f 1185/315/4 1186/312/4 1211/314/4
f 1185/315/4 1211/314/4 1212/316/4
f 1184/317/4 1185/315/4 1212/316/4
f 1184/317/4 1212/316/4 1213/318/4
f 1183/319/4 1184/317/4 1336/320/4
f 1336/320/4 1184/317/4 1213/318/4
f 1336/320/4 1213/318/4 1214/321/4
f 1336/320/4 1214/321/4 1215/322/4
f 1336/320/4 1215/322/4 1216/323/4
f 1336/320/4 1216/323/4 1217/324/4
f 1336/320/4 1217/324/4 1218/325/4
f 1336/320/4 1218/325/4 1219/326/4
f 1336/320/4 1219/326/4 1220/327/4
f 1336/320/4 1220/327/4 1221/328/4
f 1336/320/4 1221/328/4 1222/329/4
f 1336/320/4 1222/329/4 1223/330/4
f 1336/320/4 1223/330/4 1224/331/4
f 1336/320/4 1224/331/4 1225/332/4
f 1336/320/4 1225/332/4 1226/333/4
f 1336/320/4 1226/333/4 1227/334/4
f 1336/320/4 1227/334/4 1228/335/4
f 1336/320/4 1228/335/4 1229/336/4
f 1336/320/4 1229/336/4 1230/337/4
f 1336/320/4 1230/337/4 1231/338/4
f 1336/320/4 1231/338/4 1232/339/4
f 1336/320/4 1232/339/4 1233/340/4
f 1336/320/4 1233/340/4 1335/341/4
f 1335/341/4 1233/340/4 1386/55/4
f 1386/55/4 1233/340/4 1385/342/4
f 1385/342/4 1233/340/4 1384/343/4
f 1384/343/4 1233/340/4 1234/344/4
f 1183/319/4 1336/320/4 1337/345/4
f 1383/346/4 1384/343/4 1234/344/4
f 1382/347/4 1383/346/4 1234/344/4
f 1381/348/4 1382/347/4 1234/344/4
f 1380/349/4 1381/348/4 1234/344/4
f 1379/350/4 1380/349/4 1234/344/4
f 1378/351/4 1379/350/4 1234/344/4
f 1377/352/4 1378/351/4 1234/344/4
f 1376/353/4 1377/352/4 1234/344/4
f 1375/354/4 1376/353/4 1234/344/4
f 1374/355/4 1375/354/4 1234/344/4
f 1373/356/4 1374/355/4 1234/344/4
f 1372/357/4 1373/356/4 1234/344/4
f 1371/358/4 1372/357/4 1234/344/4
f 1370/359/4 1371/358/4 1234/344/4
f 1369/360/4 1370/359/4 1234/344/4
f 1368/361/4 1369/360/4 1234/344/4
f 1367/362/4 1368/361/4 1234/344/4
f 1367/362/4 1234/344/4 1235/363/4
f 1366/364/4 1367/362/4 1235/363/4
f 1365/365/4 1366/364/4 1235/363/4
f 1365/365/4 1235/363/4 1236/366/4
f 1364/367/4 1365/365/4 1236/366/4
f 1363/368/4 1364/367/4 1236/366/4
f 1363/368/4 1236/366/4 1237/369/4
f 1362/370/4 1363/368/4 1237/369/4
f 1362/370/4 1237/369/4 1238/371/4
f 1362/370/4 1238/371/4 1239/372/4
f 1362/370/4 1239/372/4 1240/373/4
f 1362/370/4 1240/373/4 1241/374/4
f 1362/370/4 1241/374/4 1242/375/4
f 1361/376/4 1362/370/4 1242/375/4
f 1361/376/4 1242/375/4 1243/377/4
f 1360/378/4 1361/376/4 1243/377/4
f 1359/379/4 1360/378/4 1243/377/4
f 1359/379/4 1243/377/4 1244/380/4
f 1358/381/4 1359/379/4 1244/380/4
f 1357/382/4 1358/381/4 1244/380/4
f 1357/382/4 1244/380/4 1245/383/4
f 1356/384/4 1357/382/4 1245/383/4
f 1356/384/4 1245/383/4 1246/385/4
f 1355/386/4 1356/384/4 1246/385/4
f 1354/387/4 1355/386/4 1246/385/4
f 1354/387/4 1246/385/4 1247/388/4
f 1353/389/4 1354/387/4 1247/388/4
f 1352/390/4 1353/389/4 1247/388/4
f 1352/390/4 1247/388/4 1248/391/4
f 1351/392/4 1352/390/4 1248/391/4
f 1350/393/4 1351/392/4 1248/391/4
f 1350/393/4 1248/391/4 1249/394/4
f 1349/395/4 1350/393/4 1249/394/4
f 1348/396/4 1349/395/4 1249/394/4
f 1348/396/4 1249/394/4 1250/397/4
f 1347/398/4 1348/396/4 1250/397/4
f 1346/399/4 1347/398/4 1250/397/4
f 1346/399/4 1250/397/4 1251/400/4
f 1345/401/4 1346/399/4 1251/400/4
f 1344/402/4 1345/401/4 1251/400/4
f 1343/403/4 1344/402/4 1251/400/4
f 1343/403/4 1251/400/4 1252/404/4
f 1342/405/4 1343/403/4 1252/404/4
f 1341/406/4 1342/405/4 1252/404/4
f 1340/407/4 1341/406/4 1252/404/4
f 1339/408/4 1340/407/4 1252/404/4
f 1338/409/4 1339/408/4 1252/404/4
f 1183/319/4 1337/345/4 1338/409/4
f 1183/319/4 1338/409/4 1334/410/4
f 1334/410/4 1338/409/4 1252/404/4
f 1334/410/4 1252/404/4 1253/411/4
f 1334/410/4 1253/411/4 1254/412/4
f 1334/410/5 1254/412/5 1258/413/5
f 1258/413/4 1254/412/4 1255/414/4
f 1258/413/4 1255/414/4 1256/415/4
f 1258/413/4 1256/415/4 1257/416/4
f 1334/410/4 1258/413/4 1259/417/4
f 1334/410/4 1259/417/4 1260/418/4
f 1334/410/4 1260/418/4 1261/419/4
f 1334/410/4 1261/419/4 1262/420/4
f 1334/410/4 1262/420/4 1263/421/4
f 1334/410/4 1263/421/4 1264/422/4
f 1334/410/4 1264/422/4 1265/423/4
f 1334/410/4 1265/423/4 1266/424/4
f 1334/410/4 1266/424/4 1267/425/4
f 1334/410/4 1267/425/4 1268/426/4
f 1334/410/4 1268/426/4 1269/427/4
f 1334/410/4 1269/427/4 1270/428/4
f 1334/410/4 1270/428/4 1271/429/4
f 1334/410/4 1271/429/4 1272/430/4
f 1334/410/4 1272/430/4 1273/431/4
f 1334/410/4 1273/431/4 1274/432/4
f 1334/410/4 1274/432/4 1275/433/4
f 1334/410/4 1275/433/4 1276/434/4
f 1334/410/4 1276/434/4 1277/435/4
f 1334/410/4 1277/435/4 1278/436/4
f 1334/410/4 1278/436/4 1279/437/4
f 1334/410/4 1279/437/4 1280/438/4
f 1334/410/4 1280/438/4 1281/439/4
f 1334/410/4 1281/439/4 1282/440/4
f 1334/410/4 1282/440/4 1333/441/4
f 1333/441/4 1282/440/4 1332/442/4
f 1332/442/4 1282/440/4 1331/443/4
f 1331/443/4 1282/440/4 1330/444/4
f 1330/444/4 1282/440/4 1329/445/4
f 1329/445/4 1282/440/4 1328/446/4
f 1328/446/4 1282/440/4 1327/447/4
f 1327/447/4 1282/440/4 1326/448/4
f 1326/448/4 1282/440/4 1325/449/4
f 1325/449/4 1282/440/4 1324/450/4
f 1324/450/4 1282/440/4 1323/451/4
f 1323/451/4 1282/440/4 1283/452/4
f 1183/319/4 1334/410/4 1158/56/4
f 1322/453/4 1323/451/4 1283/452/4
f 1321/454/6 1322/453/6 1283/452/6
f 1320/455/4 1321/454/4 1283/452/4
f 1319/456/6 1320/455/6 1283/452/6
f 1318/457/4 1319/456/4 1283/452/4
f 1317/458/4 1318/457/4 1283/452/4
f 1316/459/4 1317/458/4 1283/452/4
f 1315/460/4 1316/459/4 1283/452/4
f 1314/461/4 1315/460/4 1283/452/4
f 1313/462/4 1314/461/4 1283/452/4
f 1312/463/4 1313/462/4 1283/452/4
f 1311/464/4 1312/463/4 1283/452/4
f 1310/465/4 1311/464/4 1283/452/4
f 1309/466/4 1310/465/4 1283/452/4
f 1308/467/4 1309/466/4 1283/452/4
f 1182/468/4 1183/319/4 1158/56/4
f 1182/468/4 1158/56/4 1159/469/4
f 1307/470/4 1308/467/4 1283/452/4
f 1307/470/4 1283/452/4 1284/471/4
f 1181/472/4 1182/468/4 1159/469/4
f 1306/473/4 1307/470/4 1284/471/4
f 1181/472/4 1159/469/4 1160/474/4
f 1306/473/4 1284/471/4 1285/475/4
f 1180/476/4 1181/472/4 1160/474/4
f 1305/477/4 1306/473/4 1285/475/4
f 1180/476/4 1160/474/4 1161/478/4
f 1305/477/4 1285/475/4 1286/479/4
f 1179/480/4 1180/476/4 1161/478/4
f 1304/481/4 1305/477/4 1286/479/4
f 1179/480/4 1161/478/4 1162/482/4
f 1304/481/4 1286/479/4 1287/483/4
f 1178/484/4 1179/480/4 1162/482/4
f 1303/485/4 1304/481/4 1287/483/4
f 1178/484/4 1162/482/4 1163/486/4
f 1303/485/4 1287/483/4 1288/487/4
f 1177/488/4 1178/484/4 1163/486/4
f 1302/489/4 1303/485/4 1288/487/4
f 1177/488/4 1163/486/4 1164/490/4
f 1302/489/4 1288/487/4 1289/491/4
f 1176/492/4 1177/488/4 1164/490/4
f 1301/493/4 1302/489/4 1289/491/4
f 1176/492/4 1164/490/4 1165/494/4
f 1301/493/4 1289/491/4 1290/495/4
f 1175/496/4 1176/492/4 1165/494/4
f 1300/497/4 1301/493/4 1290/495/4
f 1175/496/4 1165/494/4 1166/498/4
f 1300/497/4 1290/495/4 1291/499/4
f 1174/500/4 1175/496/4 1166/498/4
f 1299/501/4 1300/497/4 1291/499/4
f 1174/500/4 1166/498/4 1167/502/4
f 1299/501/4 1291/499/4 1292/503/4
f 1173/504/4 1174/500/4 1167/502/4
f 1298/505/4 1299/501/4 1292/503/4
f 1173/504/4 1167/502/4 1168/506/4
f 1298/505/4 1292/503/4 1293/507/4
f 1172/508/4 1173/504/4 1168/506/4
f 1297/509/4 1298/505/4 1293/507/4
f 1172/508/4 1168/506/4 1169/510/4
f 1297/509/4 1293/507/4 1294/511/4
f 1171/512/4 1172/508/4 1169/510/4
f 1296/513/4 1297/509/4 1294/511/4
f 1171/512/4 1169/510/4 1170/514/4
f 1296/513/4 1294/511/4 1295/515/4
f 1448/516/4 1449/518/4 1450/517/4
f 1448/516/4 1450/517/4 1451/519/4
f 1448/516/4 1451/519/4 1452/520/4
f 1447/521/4 1448/516/4 1452/520/4
f 1447/521/4 1452/520/4 1453/522/4
f 1446/523/4 1447/521/4 1453/522/4
f 1446/523/4 1453/522/4 1454/524/4
f 1445/525/4 1446/523/4 1454/524/4
f 1445/525/4 1454/524/4 1455/526/4
f 1444/527/4 1445/525/4 1455/526/4
f 1444/527/4 1455/526/4 1456/528/4
f 1443/529/4 1444/527/4 1456/528/4
f 1443/529/4 1456/528/4 1457/530/4
f 1443/529/4 1457/530/4 1458/531/4
f 1442/532/4 1443/529/4 1458/531/4
f 1442/532/4 1458/531/4 1459/533/4
f 1441/534/4 1442/532/4 1459/533/4
f 1441/534/4 1459/533/4 1460/535/4
f 1440/536/4 1441/534/4 1460/535/4
f 1440/536/4 1460/535/4 1461/537/4
f 1439/538/4 1440/536/4 1461/537/4
f 1439/538/4 1461/537/4 1462/539/4
f 1438/540/4 1439/538/4 1462/539/4
f 1438/540/4 1462/539/4 1463/541/4
f 1437/542/4 1438/540/4 1463/541/4
f 1436/543/4 1437/542/4 1463/541/4
f 1435/544/4 1436/543/4 1463/541/4
f 1434/545/4 1435/544/4 1463/541/4
f 1433/546/4 1434/545/4 1463/541/4
f 1432/547/4 1433/546/4 1463/541/4
f 1431/548/4 1432/547/4 1463/541/4
f 1430/549/4 1431/548/4 1463/541/4
f 1429/550/4 1430/549/4 1463/541/4
f 1428/551/4 1429/550/4 1463/541/4
f 1427/552/4 1428/551/4 1463/541/4
f 1427/552/4 1463/541/4 1464/553/4
f 1427/552/4 1464/553/4 1465/554/4
f 1427/552/4 1465/554/4 1466/555/4
f 1426/556/4 1427/552/4 1466/555/4
f 1426/556/4 1466/555/4 1467/557/4
f 1426/556/4 1467/557/4 1468/558/4
f 1426/556/4 1468/558/4 1469/559/4
f 1426/556/4 1469/559/4 1470/560/4
f 1426/556/4 1470/560/4 1471/561/4
f 1425/562/4 1426/556/4 1477/563/4
f 1477/563/4 1426/556/4 1476/564/4
f 1476/564/4 1426/556/4 1471/561/4
f 1476/564/4 1471/561/4 1472/565/4
f 1476/564/4 1472/565/4 1473/566/4
f 1476/564/4 1473/566/4 1474/567/4
f 1476/564/4 1474/567/4 1475/568/4
f 1425/562/4 1477/563/4 1478/569/4
f 1425/562/4 1478/569/4 1479/570/4
f 1425/562/4 1479/570/4 1480/571/4
f 1425/562/4 1480/571/4 1481/572/4
f 1425/562/4 1481/572/4 1482/573/4
f 1424/574/4 1425/562/4 1483/575/4
f 1483/575/4 1425/562/4 1482/573/4
f 1424/574/6 1483/575/6 1484/576/6
f 1424/574/4 1484/576/4 1485/577/4
f 1424/574/4 1485/577/4 1486/578/4
f 1424/574/4 1486/578/4 1487/579/4
f 1424/574/4 1487/579/4 1488/580/4
f 1424/574/4 1488/580/4 1489/581/4
f 1424/574/4 1489/581/4 1490/582/4
f 1424/574/4 1490/582/4 1491/583/4
f 1424/574/4 1491/583/4 1492/584/4
f 1424/574/4 1492/584/4 1493/585/4
f 1424/574/4 1493/585/4 1494/586/4
f 1424/574/4 1494/586/4 1495/587/4
f 1423/588/4 1424/574/4 1495/587/4
f 1423/588/4 1495/587/4 1496/589/4
f 1423/588/4 1496/589/4 1497/590/4
f 1423/588/4 1497/590/4 1498/591/4
f 1423/588/4 1498/591/4 1499/592/4
f 1423/588/4 1499/592/4 1500/593/4
f 1423/588/4 1500/593/4 1501/594/4
f 1423/588/4 1501/594/4 1502/595/4
f 1423/588/4 1502/595/4 1503/596/4
f 1423/588/4 1503/596/4 1504/597/4
f 1423/588/4 1504/597/4 1505/598/4
f 1423/588/4 1505/598/4 1506/599/4
f 1422/600/4 1423/588/4 1506/599/4
f 1422/600/4 1506/599/4 1507/601/4
f 1422/600/4 1507/601/4 1508/602/4
f 1422/600/4 1508/602/4 1509/603/4
f 1422/600/4 1509/603/4 1510/604/4
f 1422/600/4 1510/604/4 1511/605/4
f 1421/606/4 1422/600/4 1511/605/4
f 1421/606/4 1511/605/4 1512/607/4
f 1421/606/4 1512/607/4 1513/608/4
f 1421/606/4 1513/608/4 1514/55/4
f 1420/609/4 1421/606/4 1514/55/4
f 1420/609/4 1514/55/4 1387/56/4
f 1419/610/4 1420/609/4 1387/56/4
f 1418/611/4 1419/610/4 1387/56/4
f 1417/612/4 1418/611/4 1387/56/4
f 1416/613/4 1417/612/4 1387/56/4
f 1415/614/4 1416/613/4 1387/56/4
f 1414/615/4 1415/614/4 1387/56/4
f 1413/616/4 1414/615/4 1387/56/4
f 1412/617/4 1413/616/4 1387/56/4
f 1411/618/4 1412/617/4 1387/56/4
f 1410/619/4 1411/618/4 1387/56/4
f 1410/619/4 1387/56/4 1388/620/4
f 1409/621/4 1410/619/4 1388/620/4
f 1409/621/4 1388/620/4 1389/622/4
f 1408/623/4 1409/621/4 1389/622/4
f 1408/623/4 1389/622/4 1390/624/4
f 1407/625/4 1408/623/4 1390/624/4
f 1407/625/4 1390/624/4 1391/626/4
f 1406/627/4 1407/625/4 1391/626/4
f 1406/627/4 1391/626/4 1392/628/4
f 1405/629/4 1406/627/4 1392/628/4
f 1405/629/4 1392/628/4 1393/630/4
f 1405/629/4 1393/630/4 1394/631/4
f 1404/632/4 1405/629/4 1394/631/4
f 1404/632/4 1394/631/4 1395/633/4
f 1403/634/4 1404/632/4 1395/633/4
f 1403/634/4 1395/633/4 1396/635/4
f 1402/636/4 1403/634/4 1396/635/4
f 1402/636/4 1396/635/4 1397/637/4
f 1401/638/4 1402/636/4 1397/637/4
f 1401/638/4 1397/637/4 1398/639/4
f 1400/640/4 1401/638/4 1398/639/4
f 1400/640/4 1398/639/4 1399/641/4
s 1
f 1516/642/7 1518/643/8 1517/644/8 1515/56/7
f 1518/643/8 1520/645/9 1519/646/9 1517/644/8
f 1520/645/9 1522/647/10 1521/648/10 1519/646/9
f 1522/647/10 1524/649/11 1523/650/11 1521/648/10
f 1524/649/11 1526/651/12 1525/652/12 1523/650/11
f 1526/651/12 1528/653/13 1527/654/13 1525/652/12
f 1528/653/13 1530/655/14 1529/656/14 1527/654/13
f 1530/655/14 1532/657/15 1531/658/15 1529/656/14
f 1532/657/15 1534/659/16 1533/660/16 1531/658/15
f 1534/659/16 1536/661/17 1535/662/17 1533/660/16
f 1536/661/17 1538/663/18 1537/664/18 1535/662/17
f 1538/663/18 1540/665/19 1539/666/19 1537/664/18
f 1540/665/19 1542/667/20 1541/668/20 1539/666/19
f 1542/667/20 1544/669/21 1543/670/21 1541/668/20
f 1544/669/21 1546/671/22 1545/672/22 1543/670/21
f 1546/671/22 1548/673/23 1547/674/23 1545/672/22
f 1548/673/23 1550/675/24 1549/676/24 1547/674/23
f 1550/675/24 1552/677/25 1551/678/25 1549/676/24
f 1552/677/25 1554/679/26 1553/680/26 1551/678/25
f 1554/679/26 1556/681/27 1555/682/27 1553/680/26
f 1556/681/27 1558/683/28 1557/684/28 1555/682/27
f 1558/683/28 1560/685/29 1559/686/29 1557/684/28
f 1560/685/29 1562/687/30 1561/688/30 1559/686/29
f 1562/687/30 1564/689/31 1563/690/31 1561/688/30
f 1564/689/31 1566/691/32 1565/692/32 1563/690/31
f 1566/691/32 1568/693/33 1567/694/33 1565/692/32
f 1568/693/33 1570/695/34 1569/696/34 1567/694/33
f 1570/695/34 1572/697/35 1571/698/35 1569/696/34
f 1572/697/35 1574/699/36 1573/700/36 1571/698/35
f 1574/699/36 1576/701/37 1575/702/37 1573/700/36
f 1576/701/37 1578/703/38 1577/704/38 1575/702/37
f 1578/703/38 1580/705/39 1579/322/39 1577/704/38
f 1580/705/39 1582/706/40 1581/707/40 1579/322/39
f 1582/706/40 1584/708/41 1583/709/41 1581/707/40
f 1584/708/41 1586/710/42 1585/711/42 1583/709/41
f 1586/710/42 1588/712/43 1587/713/43 1585/711/42
f 1588/712/43 1590/714/44 1589/715/44 1587/713/43
f 1590/714/44 1592/716/45 1591/717/45 1589/715/44
f 1592/716/45 1594/718/46 1593/719/46 1591/717/45
f 1594/718/46 1596/720/47 1595/721/47 1593/719/46
f 1596/720/47 1598/722/48 1597/723/48 1595/721/47
f 1598/722/48 1600/724/49 1599/725/49 1597/723/48
f 1600/724/49 1602/726/50 1601/727/50 1599/725/49
f 1602/726/50 1604/728/51 1603/729/51 1601/727/50
f 1604/728/51 1606/730/52 1605/731/52 1603/729/51
f 1606/730/52 1608/732/53 1607/733/53 1605/731/52
f 1608/732/53 1610/734/54 1609/735/54 1607/733/53
f 1610/734/54 1612/736/55 1611/737/55 1609/735/54
f 1612/736/55 1614/738/56 1613/739/56 1611/737/55
f 1614/738/56 1616/740/57 1615/741/57 1613/739/56
f 1616/740/57 1618/742/58 1617/743/58 1615/741/57
f 1618/742/58 1620/744/59 1619/745/59 1617/743/58
f 1620/744/59 1622/746/60 1621/747/60 1619/745/59
f 1622/746/60 1624/748/61 1623/749/61 1621/747/60
f 1624/748/61 1626/750/62 1625/751/62 1623/749/61
f 1626/750/62 1628/752/63 1627/753/63 1625/751/62
f 1628/752/63 1630/754/64 1629/755/64 1627/753/63
f 1630/754/64 1632/756/65 1631/757/65 1629/755/64
f 1632/756/65 1634/758/66 1633/759/66 1631/757/65
f 1634/758/66 1636/760/67 1635/761/67 1633/759/66
f 1636/760/67 1638/762/68 1637/763/68 1635/761/67
f 1638/762/68 1640/764/69 1639/765/69 1637/763/68
f 1640/764/69 1642/766/70 1641/767/70 1639/765/69
f 1642/766/70 1644/768/71 1643/430/71 1641/767/70
f 1644/768/71 1646/769/72 1645/770/72 1643/430/71
f 1646/769/72 1648/771/73 1647/772/73 1645/770/72
f 1648/771/73 1650/773/74 1649/774/74 1647/772/73
f 1650/773/74 1652/775/75 1651/776/75 1649/774/74
f 1652/775/75 1654/777/76 1653/778/76 1651/776/75
f 1654/777/76 1656/779/77 1655/780/77 1653/778/76
f 1656/779/77 1658/781/78 1657/782/78 1655/780/77
f 1658/781/78 1660/783/79 1659/784/79 1657/782/78
f 1660/783/79 1662/785/80 1661/786/80 1659/784/79
f 1662/785/80 1664/787/81 1663/788/81 1661/786/80
f 1664/787/81 1666/789/82 1665/790/82 1663/788/81
f 1666/789/82 1668/791/7 1667/792/7 1665/790/82
f 1668/791/7 1670/793/8 1669/794/8 1667/792/7
f 1670/793/8 1672/795/9 1671/796/9 1669/794/8
f 1672/795/9 1674/797/10 1673/798/10 1671/796/9
f 1674/797/10 1676/799/11 1675/800/11 1673/798/10
f 1676/799/11 1678/801/12 1677/802/12 1675/800/11
f 1678/801/12 1680/803/13 1679/804/13 1677/802/12
f 1680/803/13 1682/805/14 1681/806/14 1679/804/13
f 1682/805/14 1684/807/15 1683/808/15 1681/806/14
f 1684/807/15 1686/809/16 1685/810/16 1683/808/15
f 1686/809/16 1688/811/17 1687/812/17 1685/810/16
f 1688/811/17 1690/813/18 1689/814/18 1687/812/17
f 1690/813/18 1692/815/19 1691/816/19 1689/814/18
f 1692/815/19 1694/817/83 1693/818/83 1691/816/19
f 1694/817/83 1696/819/84 1695/820/84 1693/818/83
f 1696/819/84 1698/821/85 1697/822/85 1695/820/84
f 1698/821/85 1700/823/86 1699/824/86 1697/822/85
f 1700/823/86 1702/825/87 1701/826/87 1699/824/86
f 1702/825/87 1704/827/88 1703/828/88 1701/826/87
f 1704/827/88 1706/829/89 1705/830/89 1703/828/88
f 1706/829/89 1708/831/90 1707/445/90 1705/830/89
f 1708/831/90 1710/832/91 1709/833/91 1707/445/90
f 1710/832/91 1712/834/92 1711/835/92 1709/833/91
f 1712/834/92 1714/836/93 1713/837/93 1711/835/92
f 1714/836/93 1716/838/94 1715/839/94 1713/837/93
f 1716/838/94 1718/840/95 1717/841/95 1715/839/94
f 1718/840/95 1720/842/96 1719/843/96 1717/841/95
f 1720/842/96 1722/844/97 1721/845/97 1719/843/96
f 1722/844/97 1724/846/98 1723/847/98 1721/845/97
f 1724/846/98 1726/848/99 1725/849/99 1723/847/98
f 1726/848/99 1728/850/100 1727/851/100 1725/849/99
f 1728/850/100 1730/852/101 1729/853/101 1727/851/100
f 1730/852/101 1732/854/102 1731/855/102 1729/853/101
f 1732/854/102 1734/856/103 1733/857/103 1731/855/102
f 1734/856/103 1736/858/104 1735/859/104 1733/857/103
f 1736/858/104 1738/860/105 1737/861/105 1735/859/104
f 1738/860/105 1740/862/106 1739/863/106 1737/861/105
f 1740/862/106 1742/864/107 1741/865/107 1739/863/106
f 1742/864/107 1744/866/108 1743/867/108 1741/865/107
f 1744/866/108 1746/868/70 1745/869/70 1743/867/108
f 1746/868/70 1748/870/71 1747/871/71 1745/869/70
f 1748/870/71 1750/872/72 1749/873/72 1747/871/71
f 1750/872/72 1752/874/73 1751/875/73 1749/873/72
f 1752/874/73 1754/876/74 1753/877/74 1751/875/73
f 1754/876/74 1756/878/75 1755/879/75 1753/877/74
f 1756/878/75 1758/880/76 1757/881/76 1755/879/75
f 1758/880/76 1760/882/77 1759/883/77 1757/881/76
f 1760/882/77 1762/884/78 1761/885/78 1759/883/77
f 1762/884/78 1764/886/79 1763/887/79 1761/885/78
f 1764/886/79 1766/888/80 1765/889/80 1763/887/79
f 1766/888/80 1768/890/81 1767/891/81 1765/889/80
f 1768/890/81 1770/892/82 1769/893/82 1767/891/81
f 1770/892/82 1516/894/7 1515/55/7 1769/893/82
f 1772/642/7 1774/895/8 1773/896/8 1771/56/7
f 1774/895/8 1776/897/9 1775/898/9 1773/896/8
f 1776/897/9 1778/899/10 1777/900/10 1775/898/9
f 1778/899/10 1780/901/11 1779/902/11 1777/900/10
f 1780/901/11 1782/903/12 1781/904/12 1779/902/11
f 1782/903/12 1784/905/13 1783/906/13 1781/904/12
f 1784/905/13 1786/907/14 1785/908/14 1783/906/13
f 1786/907/14 1788/909/15 1787/910/15 1785/908/14
f 1788/909/15 1790/911/16 1789/912/16 1787/910/15
f 1790/911/16 1792/913/17 1791/914/17 1789/912/16
f 1792/913/17 1794/915/18 1793/916/18 1791/914/17
f 1794/915/18 1796/917/19 1795/918/19 1793/916/18
f 1796/917/19 1798/919/109 1797/920/109 1795/918/19
f 1798/919/109 1800/921/110 1799/922/110 1797/920/109
f 1800/921/110 1802/923/111 1801/924/111 1799/922/110
f 1802/923/111 1804/925/112 1803/926/112 1801/924/111
f 1804/925/112 1806/927/113 1805/928/113 1803/926/112
f 1806/927/113 1808/929/114 1807/930/114 1805/928/113
f 1808/929/114 1810/931/115 1809/932/115 1807/930/114
f 1810/931/115 1812/933/116 1811/934/116 1809/932/115
f 1812/933/116 1814/935/117 1813/936/117 1811/934/116
f 1814/935/117 1816/937/118 1815/938/118 1813/936/117
f 1816/937/118 1818/939/119 1817/940/119 1815/938/118
f 1818/939/119 1820/941/120 1819/942/120 1817/940/119
f 1820/941/120 1822/943/121 1821/944/121 1819/942/120
f 1822/943/121 1824/945/122 1823/946/122 1821/944/121
f 1824/945/122 1826/947/123 1825/948/123 1823/946/122
f 1826/947/123 1828/949/124 1827/950/124 1825/948/123
f 1828/949/124 1830/951/125 1829/952/125 1827/950/124
f 1830/951/125 1832/953/126 1831/954/126 1829/952/125
f 1832/953/126 1834/955/127 1833/956/127 1831/954/126
f 1834/955/127 1836/957/128 1835/958/128 1833/956/127
f 1836/957/128 1838/959/129 1837/960/129 1835/958/128
f 1838/959/129 1840/961/130 1839/962/130 1837/960/129
f 1840/961/130 1842/963/131 1841/964/131 1839/962/130
f 1842/963/131 1844/965/132 1843/966/132 1841/964/131
f 1844/965/132 1846/967/133 1845/968/133 1843/966/132
f 1846/967/133 1848/969/134 1847/970/134 1845/968/133
f 1848/969/134 1850/971/135 1849/972/135 1847/970/134
f 1850/971/135 1852/973/136 1851/974/136 1849/972/135
f 1852/973/136 1854/975/137 1853/976/137 1851/974/136
f 1854/975/137 1856/977/138 1855/978/138 1853/976/137
f 1856/977/138 1858/979/139 1857/980/139 1855/978/138
f 1858/979/139 1860/981/140 1859/982/140 1857/980/139
f 1860/981/140 1862/983/141 1861/984/141 1859/982/140
f 1862/983/141 1864/985/142 1863/986/142 1861/984/141
f 1864/985/142 1866/987/143 1865/988/143 1863/986/142
f 1866/987/143 1868/989/144 1867/990/144 1865/988/143
f 1868/989/144 1870/991/145 1869/992/145 1867/990/144
f 1870/991/145 1872/993/146 1871/994/146 1869/992/145
f 1872/993/146 1874/995/147 1873/996/147 1871/994/146
f 1874/995/147 1876/997/148 1875/998/148 1873/996/147
f 1876/997/148 1878/999/149 1877/1000/149 1875/998/148
f 1878/999/149 1880/1001/150 1879/1002/150 1877/1000/149
f 1880/1001/150 1882/1003/151 1881/1004/151 1879/1002/150
f 1882/1003/151 1884/1005/152 1883/1006/152 1881/1004/151
f 1884/1005/152 1886/1007/153 1885/1008/153 1883/1006/152
f 1886/1007/153 1888/1009/154 1887/1010/154 1885/1008/153
f 1888/1009/154 1890/1011/155 1889/344/155 1887/1010/154
f 1890/1011/155 1892/1012/156 1891/1013/156 1889/344/155
f 1892/1012/156 1894/1014/157 1893/1015/157 1891/1013/156
f 1894/1014/157 1896/1016/158 1895/1017/158 1893/1015/157
f 1896/1016/158 1898/1018/159 1897/1019/159 1895/1017/158
f 1898/1018/159 1900/1020/160 1899/1021/160 1897/1019/159
f 1900/1020/160 1902/1022/161 1901/1023/161 1899/1021/160
f 1902/1022/161 1904/1024/162 1903/1025/162 1901/1023/161
f 1904/1024/162 1906/1026/163 1905/1027/163 1903/1025/162
f 1906/1026/163 1908/1028/164 1907/1029/164 1905/1027/163
f 1908/1028/164 1910/1030/165 1909/1031/165 1907/1029/164
f 1910/1030/165 1912/1032/166 1911/1033/166 1909/1031/165
f 1912/1032/166 1914/1034/167 1913/1035/167 1911/1033/166
f 1914/1034/167 1916/1036/168 1915/1037/168 1913/1035/167
f 1916/1036/168 1918/1038/169 1917/1039/169 1915/1037/168
f 1918/1038/169 1920/1040/170 1919/1041/170 1917/1039/169
f 1920/1040/170 1922/1042/171 1921/1043/171 1919/1041/170
f 1922/1042/171 1924/1044/172 1923/1045/172 1921/1043/171
f 1924/1044/172 1926/1046/173 1925/1047/173 1923/1045/172
f 1926/1046/173 1928/1048/174 1927/1049/174 1925/1047/173
f 1928/1048/174 1930/1050/175 1929/1051/175 1927/1049/174
f 1930/1050/175 1932/1052/176 1931/1053/176 1929/1051/175
f 1932/1052/176 1934/1054/177 1933/1055/177 1931/1053/176
f 1934/1054/177 1936/1056/178 1935/1057/178 1933/1055/177
f 1936/1056/178 1938/1058/179 1937/1059/179 1935/1057/178
f 1938/1058/179 1940/1060/180 1939/1061/180 1937/1059/179
f 1940/1060/180 1942/1062/181 1941/1063/181 1939/1061/180
f 1942/1062/181 1944/1064/182 1943/1065/182 1941/1063/181
f 1944/1064/182 1946/1066/183 1945/1067/183 1943/1065/182
f 1946/1066/183 1948/1068/184 1947/1069/184 1945/1067/183
f 1948/1068/184 1950/1070/185 1949/1071/185 1947/1069/184
f 1950/1070/185 1952/1072/186 1951/1073/186 1949/1071/185
f 1952/1072/186 1954/1074/187 1953/1075/187 1951/1073/186
f 1954/1074/187 1956/1076/188 1955/1077/188 1953/1075/187
f 1956/1076/188 1958/1078/189 1957/1079/189 1955/1077/188
f 1958/1078/189 1960/1080/190 1959/1081/190 1957/1079/189
f 1960/1080/190 1962/1082/191 1961/1083/191 1959/1081/190
f 1962/1082/191 1964/1084/192 1963/1085/192 1961/1083/191
f 1964/1084/192 1966/1086/193 1965/1087/193 1963/1085/192
f 1966/1086/193 1968/1088/194 1967/1089/194 1965/1087/193
f 1968/1088/194 1970/1090/195 1969/1091/195 1967/1089/194
f 1970/1090/195 1972/1092/196 1971/1093/196 1969/1091/195
f 1972/1092/196 1974/1094/197 1973/1095/197 1971/1093/196
f 1974/1094/197 1976/1096/198 1975/1097/198 1973/1095/197
f 1976/1096/198 1978/1098/199 1977/1099/199 1975/1097/198
f 1978/1098/199 1980/1100/200 1979/1101/200 1977/1099/199
f 1980/1100/200 1982/1102/146 1981/1103/146 1979/1101/200
f 1982/1102/146 1984/1104/201 1983/1105/201 1981/1103/146
f 1984/1104/201 1986/1106/202 1985/1107/202 1983/1105/201
f 1986/1106/202 1988/1108/203 1987/1109/203 1985/1107/202
f 1988/1108/203 1990/1110/204 1989/1111/204 1987/1109/203
f 1990/1110/204 1992/1112/205 1991/1113/205 1989/1111/204
f 1992/1112/205 1994/1114/206 1993/1115/206 1991/1113/205
f 1994/1114/206 1996/1116/207 1995/1117/207 1993/1115/206
f 1996/1116/207 1998/1118/208 1997/1119/208 1995/1117/207
f 1998/1118/208 2000/1120/209 1999/1121/209 1997/1119/208
f 2000/1120/209 2002/1122/210 2001/1123/210 1999/1121/209
f 2002/1122/210 2004/1124/211 2003/1125/211 2001/1123/210
f 2004/1124/211 2006/1126/212 2005/1127/212 2003/1125/211
f 2006/1126/212 2008/1128/213 2007/465/213 2005/1127/212
f 2008/1128/213 2010/1129/214 2009/1130/214 2007/465/213
f 2010/1129/214 2012/1131/215 2011/1132/215 2009/1130/214
f 2012/1131/215 2014/1133/216 2013/1134/216 2011/1132/215
f 2014/1133/216 2016/1135/217 2015/1136/217 2013/1134/216
f 2016/1135/217 2018/1137/218 2017/1138/218 2015/1136/217
f 2018/1137/218 2020/1139/219 2019/1140/219 2017/1138/218
f 2020/1139/219 2022/1141/7 2021/1142/7 2019/1140/219
f 2022/1141/7 2024/1143/220 2023/1144/220 2021/1142/7
f 2024/1143/220 2026/1145/9 2025/1146/9 2023/1144/220
f 2026/1145/9 2028/1147/10 2027/1148/10 2025/1146/9
f 2028/1147/10 2030/1149/11 2029/1150/11 2027/1148/10
f 2030/1149/11 2032/1151/12 2031/1152/12 2029/1150/11
f 2032/1151/12 2034/1153/13 2033/1154/13 2031/1152/12
f 2034/1153/13 2036/1155/14 2035/1156/14 2033/1154/13
f 2036/1155/14 2038/1157/15 2037/1158/15 2035/1156/14
f 2038/1157/15 2040/1159/16 2039/1160/16 2037/1158/15
f 2040/1159/16 2042/1161/17 2041/1162/17 2039/1160/16
f 2042/1161/17 2044/1163/18 2043/1164/18 2041/1162/17
f 2044/1163/18 2046/1165/19 2045/1166/19 2043/1164/18
f 2046/1165/19 2048/1167/109 2047/1168/109 2045/1166/19
f 2048/1167/109 2050/1169/110 2049/1170/110 2047/1168/109
f 2050/1169/110 2052/1171/111 2051/1172/111 2049/1170/110
f 2052/1171/111 2054/1173/112 2053/1174/112 2051/1172/111
f 2054/1173/112 2056/1175/113 2055/1176/113 2053/1174/112
f 2056/1175/113 2058/1177/114 2057/1178/114 2055/1176/113
f 2058/1177/114 2060/1179/115 2059/1180/115 2057/1178/114
f 2060/1179/115 2062/1181/116 2061/1182/116 2059/1180/115
f 2062/1181/116 2064/1183/117 2063/1184/117 2061/1182/116
f 2064/1183/117 2066/1185/118 2065/1186/118 2063/1184/117
f 2066/1185/118 2068/1187/119 2067/1188/119 2065/1186/118
f 2068/1187/119 2070/1189/120 2069/1190/120 2067/1188/119
f 2070/1189/120 2072/1191/121 2071/1192/121 2069/1190/120
f 2072/1191/121 2074/1193/221 2073/1194/221 2071/1192/121
f 2074/1193/221 2076/1195/222 2075/1196/222 2073/1194/221
f 2076/1195/222 2078/1197/223 2077/1198/223 2075/1196/222
f 2078/1197/223 2080/1199/224 2079/1200/224 2077/1198/223
f 2080/1199/224 2082/1201/225 2081/1202/225 2079/1200/224
f 2082/1201/225 2084/1203/226 2083/1204/226 2081/1202/225
f 2084/1203/226 2086/1205/227 2085/1206/227 2083/1204/226
f 2086/1205/227 2088/1207/228 2087/1208/228 2085/1206/227
f 2088/1207/228 2090/1209/229 2089/1210/229 2087/1208/228
f 2090/1209/229 2092/1211/230 2091/1212/230 2089/1210/229
f 2092/1211/230 2094/1213/231 2093/1214/231 2091/1212/230
f 2094/1213/231 2096/1215/232 2095/1216/232 2093/1214/231
f 2096/1215/232 2098/1217/233 2097/1218/233 2095/1216/232
f 2098/1217/233 2100/1219/234 2099/1220/234 2097/1218/233
f 2100/1219/234 2102/1221/235 2101/1222/235 2099/1220/234
f 2102/1221/235 2104/1223/236 2103/1224/236 2101/1222/235
f 2104/1223/236 2106/1225/237 2105/1226/237 2103/1224/236
f 2106/1225/237 2108/1227/238 2107/1228/238 2105/1226/237
f 2108/1227/238 2110/1229/239 2109/1230/239 2107/1228/238
f 2110/1229/239 2112/1231/240 2111/1232/240 2109/1230/239
f 2112/1231/240 2114/1233/241 2113/1234/241 2111/1232/240
f 2114/1233/241 2116/1235/242 2115/1236/242 2113/1234/241
f 2116/1235/242 2118/1237/243 2117/1238/243 2115/1236/242
f 2118/1237/243 2120/1239/244 2119/1240/244 2117/1238/243
f 2120/1239/244 2122/1241/245 2121/1242/245 2119/1240/244
f 2122/1241/245 2124/1243/13 2123/1244/13 2121/1242/245
f 2124/1243/13 1772/894/7 1771/55/7 2123/1244/13
f 2126/642/246 2128/1245/13 2127/1246/13 2125/56/246
f 2128/1245/13 2130/1247/76 2129/1248/76 2127/1246/13
f 2130/1247/76 2132/1249/247 2131/1250/247 2129/1248/76
f 2132/1249/247 2134/1251/248 2133/1252/248 2131/1250/247
f 2134/1251/248 2136/1253/249 2135/1254/249 2133/1252/248
f 2136/1253/249 2138/1255/250 2137/1256/250 2135/1254/249
f 2138/1255/250 2140/1257/251 2139/1258/251 2137/1256/250
f 2140/1257/251 2142/1259/252 2141/1260/252 2139/1258/251
f 2142/1259/252 2144/1261/253 2143/1262/253 2141/1260/252
f 2144/1261/253 2146/1263/254 2145/1264/254 2143/1262/253
f 2146/1263/254 2148/1265/255 2147/1266/255 2145/1264/254
f 2148/1265/255 2150/1267/256 2149/1268/256 2147/1266/255
f 2150/1267/256 2152/705/257 2151/322/257 2149/1268/256
f 2152/705/257 2154/1269/258 2153/1270/258 2151/322/257
f 2154/1269/258 2156/1271/259 2155/1272/259 2153/1270/258
f 2156/1271/259 2158/1273/260 2157/1274/260 2155/1272/259
f 2158/1273/260 2160/1275/261 2159/1276/261 2157/1274/260
f 2160/1275/261 2162/1277/262 2161/1278/262 2159/1276/261
f 2162/1277/262 2164/1279/263 2163/1280/263 2161/1278/262
f 2164/1279/263 2166/1281/264 2165/1282/264 2163/1280/263
f 2166/1281/264 2168/1283/265 2167/1284/265 2165/1282/264
f 2168/1283/265 2170/1285/266 2169/1286/266 2167/1284/265
f 2170/1285/266 2172/1287/267 2171/1288/267 2169/1286/266
f 2172/1287/267 2174/1289/268 2173/1290/268 2171/1288/267
f 2174/1289/268 2176/1291/269 2175/1292/269 2173/1290/268
f 2176/1291/269 2178/768/270 2177/430/270 2175/1292/269
f 2178/768/270 2180/1293/271 2179/1294/271 2177/430/270
f 2180/1293/271 2182/1295/272 2181/1296/272 2179/1294/271
f 2182/1295/272 2184/1297/273 2183/1298/273 2181/1296/272
f 2184/1297/273 2186/1299/274 2185/1300/274 2183/1298/273
f 2186/1299/274 2188/1301/275 2187/1302/275 2185/1300/274
f 2188/1301/275 2190/1303/276 2189/1304/276 2187/1302/275
f 2190/1303/276 2192/1305/277 2191/1306/277 2189/1304/276
f 2192/1305/277 2194/1307/278 2193/1308/278 2191/1306/277
f 2194/1307/278 2196/1309/279 2195/1310/279 2193/1308/278
f 2196/1309/279 2198/1311/280 2197/1312/280 2195/1310/279
f 2198/1311/280 2200/1313/281 2199/1314/281 2197/1312/280
f 2200/1313/281 2202/1315/282 2201/1316/282 2199/1314/281
f 2202/1315/282 2204/831/283 2203/445/283 2201/1316/282
f 2204/831/283 2206/1317/284 2205/1318/284 2203/445/283
f 2206/1317/284 2208/1319/285 2207/1320/285 2205/1318/284
f 2208/1319/285 2210/1321/286 2209/1322/286 2207/1320/285
f 2210/1321/286 2212/1323/287 2211/1324/287 2209/1322/286
f 2212/1323/287 2214/1325/288 2213/1326/288 2211/1324/287
f 2214/1325/288 2216/1327/289 2215/1328/289 2213/1326/288
f 2216/1327/289 2218/1329/290 2217/1330/290 2215/1328/289
f 2218/1329/290 2220/1331/291 2219/1332/291 2217/1330/290
f 2220/1331/291 2222/1333/292 2221/1334/292 2219/1332/291
f 2222/1333/292 2224/1335/293 2223/1336/293 2221/1334/292
f 2224/1335/293 2226/1337/294 2225/1338/294 2223/1336/293
f 2226/1337/294 2228/1339/295 2227/1340/295 2225/1338/294
f 2228/1339/295 2126/894/246 2125/55/246 2227/1340/295
f 2230/642/7 2232/1341/220 2231/1342/220 2229/56/7
f 2232/1341/220 2234/1343/9 2233/1344/9 2231/1342/220
f 2234/1343/9 2236/1345/10 2235/1346/10 2233/1344/9
f 2236/1345/10 2238/1347/11 2237/1348/11 2235/1346/10
f 2238/1347/11 2240/1349/12 2239/1350/12 2237/1348/11
f 2240/1349/12 2242/1351/13 2241/1352/13 2239/1350/12
f 2242/1351/13 2244/1353/14 2243/1354/14 2241/1352/13
f 2244/1353/14 2246/1355/15 2245/1356/15 2243/1354/14
f 2246/1355/15 2248/1357/16 2247/488/16 2245/1356/15
f 2248/1357/16 2250/1358/17 2249/1359/17 2247/488/16
f 2250/1358/17 2252/1360/18 2251/1361/18 2249/1359/17
f 2252/1360/18 2254/1362/19 2253/1363/19 2251/1361/18
f 2254/1362/19 2256/1364/109 2255/1365/109 2253/1363/19
f 2256/1364/109 2258/1366/110 2257/1367/110 2255/1365/109
f 2258/1366/110 2260/1368/111 2259/1369/111 2257/1367/110
f 2260/1368/111 2262/1370/112 2261/1371/112 2259/1369/111
f 2262/1370/112 2264/1372/113 2263/1373/113 2261/1371/112
f 2264/1372/113 2266/1374/114 2265/291/114 2263/1373/113
f 2266/1374/114 2268/1375/115 2267/1376/115 2265/291/114
f 2268/1375/115 2270/1377/116 2269/1378/116 2267/1376/115
f 2270/1377/116 2272/1379/117 2271/1380/117 2269/1378/116
f 2272/1379/117 2274/1381/118 2273/1382/118 2271/1380/117
f 2274/1381/118 2276/1383/119 2275/1384/119 2273/1382/118
f 2276/1383/119 2278/1385/120 2277/1386/120 2275/1384/119
f 2278/1385/120 2280/1387/121 2279/1388/121 2277/1386/120
f 2280/1387/121 2282/1389/122 2281/1390/122 2279/1388/121
f 2282/1389/122 2284/705/296 2283/322/296 2281/1390/122
f 2284/705/296 2286/1391/124 2285/1392/124 2283/322/296
f 2286/1391/124 2288/1393/125 2287/1394/125 2285/1392/124
f 2288/1393/125 2290/1395/126 2289/1396/126 2287/1394/125
f 2290/1395/126 2292/1397/127 2291/1398/127 2289/1396/126
f 2292/1397/127 2294/1399/128 2293/1400/128 2291/1398/127
f 2294/1399/128 2296/1401/129 2295/1402/129 2293/1400/128
f 2296/1401/129 2298/1403/130 2297/1404/130 2295/1402/129
f 2298/1403/130 2300/1405/131 2299/1406/131 2297/1404/130
f 2300/1405/131 2302/1011/132 2301/344/132 2299/1406/131
f 2302/1011/132 2304/1407/133 2303/1408/133 2301/344/132
f 2304/1407/133 2306/1409/134 2305/1410/134 2303/1408/133
f 2306/1409/134 2308/1411/70 2307/1412/70 2305/1410/134
f 2308/1411/70 2310/1413/71 2309/1414/71 2307/1412/70
f 2310/1413/71 2312/1415/72 2311/1416/72 2309/1414/71
f 2312/1415/72 2314/1417/73 2313/1418/73 2311/1416/72
f 2314/1417/73 2316/1419/74 2315/1420/74 2313/1418/73
f 2316/1419/74 2318/1421/75 2317/1422/75 2315/1420/74
f 2318/1421/75 2320/1423/76 2319/411/76 2317/1422/75
f 2320/1423/76 2322/1424/77 2321/1425/77 2319/411/76
f 2322/1424/77 2324/1426/78 2323/1427/78 2321/1425/77
f 2324/1426/78 2326/1428/79 2325/1429/79 2323/1427/78
f 2326/1428/79 2328/1430/80 2327/1431/80 2325/1429/79
f 2328/1430/80 2330/1432/81 2329/1433/81 2327/1431/80
f 2330/1432/81 2332/1434/82 2331/1435/82 2329/1433/81
f 2332/1434/82 2334/1436/7 2333/1437/7 2331/1435/82
f 2334/1436/7 2336/1438/220 2335/1439/220 2333/1437/7
f 2336/1438/220 2338/768/9 2337/430/9 2335/1439/220
f 2338/768/9 2340/1440/10 2339/1441/10 2337/430/9
f 2340/1440/10 2342/1442/11 2341/1443/11 2339/1441/10
f 2342/1442/11 2344/1444/12 2343/1445/12 2341/1443/11
f 2344/1444/12 2346/1446/13 2345/1447/13 2343/1445/12
f 2346/1446/13 2348/1448/14 2347/1449/14 2345/1447/13
f 2348/1448/14 2350/1450/15 2349/1451/15 2347/1449/14
f 2350/1450/15 2352/1452/16 2351/1453/16 2349/1451/15
f 2352/1452/16 2354/1454/17 2353/1455/17 2351/1453/16
f 2354/1454/17 2356/1456/18 2355/499/18 2353/1455/17
f 2356/1456/18 2358/1457/19 2357/1458/19 2355/499/18
f 2358/1457/19 2360/1459/13 2359/1460/13 2357/1458/19
f 2360/1459/13 2362/1461/76 2361/1462/76 2359/1460/13
f 2362/1461/76 2364/1463/70 2363/1464/70 2361/1462/76
f 2364/1463/70 2366/1465/71 2365/1466/71 2363/1464/70
f 2366/1465/71 2368/1467/72 2367/1468/72 2365/1466/71
f 2368/1467/72 2370/1469/73 2369/1470/73 2367/1468/72
f 2370/1469/73 2372/1471/74 2371/1472/74 2369/1470/73
f 2372/1471/74 2374/1128/75 2373/465/75 2371/1472/74
f 2374/1128/75 2376/1473/76 2375/1474/76 2373/465/75
f 2376/1473/76 2378/1475/77 2377/1476/77 2375/1474/76
f 2378/1475/77 2380/1477/78 2379/1478/78 2377/1476/77
f 2380/1477/78 2382/1479/79 2381/1480/79 2379/1478/78
f 2382/1479/79 2384/1481/80 2383/1482/80 2381/1480/79
f 2384/1481/80 2386/1483/297 2385/1484/297 2383/1482/80
f 2386/1483/297 2388/1485/82 2387/1486/82 2385/1484/297
f 2388/1485/82 2390/1487/7 2389/1488/7 2387/1486/82
f 2390/1487/7 2392/831/220 2391/445/220 2389/1488/7
f 2392/831/220 2394/1489/9 2393/1490/9 2391/445/220
f 2394/1489/9 2396/1491/10 2395/1492/10 2393/1490/9
f 2396/1491/10 2398/1493/11 2397/1494/11 2395/1492/10
f 2398/1493/11 2400/1495/12 2399/1496/12 2397/1494/11
f 2400/1495/12 2402/1497/13 2401/1498/13 2399/1496/12
f 2402/1497/13 2404/1499/14 2403/1500/14 2401/1498/13
f 2404/1499/14 2406/1501/15 2405/1502/15 2403/1500/14
f 2406/1501/15 2408/1503/16 2407/1504/16 2405/1502/15
f 2408/1503/16 2410/1505/17 2409/396/17 2407/1504/16
f 2410/1505/17 2412/1506/18 2411/1507/18 2409/396/17
f 2412/1506/18 2414/1508/19 2413/1509/19 2411/1507/18
f 2414/1508/19 2416/1510/13 2415/1511/13 2413/1509/19
f 2416/1510/13 2418/1512/76 2417/1513/76 2415/1511/13
f 2418/1512/76 2420/1514/70 2419/1515/70 2417/1513/76
f 2420/1514/70 2422/1516/71 2421/1517/71 2419/1515/70
f 2422/1516/71 2424/1518/72 2423/1519/72 2421/1517/71
f 2424/1518/72 2426/1520/73 2425/1521/73 2423/1519/72
f 2426/1520/73 2428/1522/74 2427/362/74 2425/1521/73
f 2428/1522/74 2430/1523/75 2429/1524/75 2427/362/74
f 2430/1523/75 2432/1525/76 2431/1526/76 2429/1524/75
f 2432/1525/76 2434/1527/77 2433/1528/77 2431/1526/76
f 2434/1527/77 2436/1529/78 2435/1530/78 2433/1528/77
f 2436/1529/78 2438/1531/79 2437/1532/79 2435/1530/78
f 2438/1531/79 2440/1533/80 2439/1534/80 2437/1532/79
f 2440/1533/80 2442/1535/81 2441/1536/81 2439/1534/80
f 2442/1535/81 2444/1537/82 2443/1538/82 2441/1536/81
f 2444/1537/82 2230/894/7 2229/55/7 2443/1538/82
f 2446/642/298 2448/1539/299 2447/478/299 2445/56/298
f 2448/1539/299 2450/1540/300 2449/490/300 2447/478/299
f 2450/1540/300 2452/1541/301 2451/502/301 2449/490/300
f 2452/1541/301 2454/1542/302 2453/514/302 2451/502/301
f 2454/1542/302 2456/1543/303 2455/504/303 2453/514/302
f 2456/1543/303 2458/1544/304 2457/492/304 2455/504/303
f 2458/1544/304 2460/1545/305 2459/480/305 2457/492/304
f 2460/1545/305 2462/1546/306 2461/468/306 2459/480/305
f 2462/1546/306 2464/1547/307 2463/315/307 2461/468/306
f 2464/1547/307 2466/1548/308 2465/308/308 2463/315/307
f 2466/1548/308 2468/1549/309 2467/301/309 2465/308/308
f 2468/1549/309 2470/1550/310 2469/294/310 2467/301/309
f 2470/1550/310 2472/1551/109 2471/290/109 2469/294/310
f 2472/1551/109 2474/1552/110 2473/295/110 2471/290/109
f 2474/1552/110 2476/1553/111 2475/300/111 2473/295/110
f 2476/1553/111 2478/1554/112 2477/306/112 2475/300/111
f 2478/1554/112 2480/1555/113 2479/311/113 2477/306/112
f 2480/1555/113 2482/1556/114 2481/316/114 2479/311/113
f 2482/1556/114 2484/705/115 2483/322/115 2481/316/114
f 2484/705/115 2486/1557/116 2485/325/116 2483/322/115
f 2486/1557/116 2488/1558/117 2487/328/117 2485/325/116
f 2488/1558/117 2490/1559/118 2489/331/118 2487/328/117
f 2490/1559/118 2492/1560/119 2491/334/119 2489/331/118
f 2492/1560/119 2494/1561/120 2493/337/120 2491/334/119
f 2494/1561/120 2496/1562/121 2495/340/121 2493/337/120
f 2496/1562/121 2498/1563/122 2497/366/122 2495/340/121
f 2498/1563/122 2500/1564/296 2499/372/296 2497/366/122
f 2500/1564/296 2502/1565/124 2501/375/124 2499/372/296
f 2502/1565/124 2504/1566/125 2503/383/125 2501/375/124
f 2504/1566/125 2506/1567/126 2505/391/126 2503/383/125
f 2506/1567/126 2508/1568/127 2507/400/127 2505/391/126
f 2508/1568/127 2510/1569/128 2509/412/128 2507/400/127
f 2510/1569/128 2512/1570/129 2511/416/129 2509/412/128
f 2512/1570/129 2514/1571/130 2513/418/130 2511/416/129
f 2514/1571/130 2516/1572/131 2515/421/131 2513/418/130
f 2516/1572/131 2518/1573/132 2517/424/132 2515/421/131
f 2518/1573/132 2520/1574/133 2519/427/133 2517/424/132
f 2520/1574/133 2522/768/134 2521/430/134 2519/427/133
f 2522/768/134 2524/1575/311 2523/433/311 2521/430/134
f 2524/1575/311 2526/1576/312 2525/436/312 2523/433/311
f 2526/1576/312 2528/1577/313 2527/439/313 2525/436/312
f 2528/1577/313 2530/1578/314 2529/471/314 2527/439/313
f 2530/1578/314 2532/1579/315 2531/483/315 2529/471/314
f 2532/1579/315 2534/1580/316 2533/495/316 2531/483/315
f 2534/1580/316 2536/1581/317 2535/507/317 2533/495/316
f 2536/1581/317 2538/1582/318 2537/513/318 2535/507/317
f 2538/1582/318 2540/1583/319 2539/501/319 2537/513/318
f 2540/1583/319 2542/1584/320 2541/489/320 2539/501/319
f 2542/1584/320 2544/1585/321 2543/477/321 2541/489/320
f 2544/1585/321 2546/1586/322 2545/467/322 2543/477/321
f 2546/1586/322 2548/1587/323 2547/464/323 2545/467/322
f 2548/1587/323 2550/1588/324 2549/461/324 2547/464/323
f 2550/1588/324 2552/1589/325 2551/458/325 2549/461/324
f 2552/1589/325 2554/1590/326 2553/455/326 2551/458/325
f 2554/1590/326 2556/1591/327 2555/451/327 2553/455/326
f 2556/1591/327 2558/1592/328 2557/448/328 2555/451/327
f 2558/1592/328 2560/831/329 2559/445/329 2557/448/328
f 2560/831/329 2562/1593/330 2561/442/330 2559/445/329
f 2562/1593/330 2564/1594/331 2563/341/331 2561/442/330
f 2564/1594/331 2566/1595/332 2565/409/332 2563/341/331
f 2566/1595/332 2568/1596/333 2567/406/333 2565/409/332
f 2568/1596/333 2570/1597/334 2569/402/334 2567/406/333
f 2570/1597/334 2572/1598/335 2571/398/335 2569/402/334
f 2572/1598/335 2574/1599/336 2573/393/336 2571/398/335
f 2574/1599/336 2576/1600/337 2575/389/337 2573/393/336
f 2576/1600/337 2578/1601/338 2577/384/338 2575/389/337
f 2578/1601/338 2580/1602/339 2579/379/339 2577/384/338
f 2580/1602/339 2582/1603/340 2581/370/340 2579/379/339
f 2582/1603/340 2584/1604/341 2583/365/341 2581/370/340
f 2584/1604/341 2586/1605/342 2585/361/342 2583/365/341
f 2586/1605/342 2588/1606/343 2587/358/343 2585/361/342
f 2588/1606/343 2590/1607/344 2589/355/344 2587/358/343
f 2590/1607/344 2592/1608/345 2591/352/345 2589/355/344
f 2592/1608/345 2594/1609/346 2593/349/346 2591/352/345
f 2594/1609/346 2596/1610/347 2595/346/347 2593/349/346
f 2596/1610/347 2446/894/298 2445/55/298 2595/346/347
f 2598/642/348 2600/1611/13 2599/1612/13 2597/56/348
f 2600/1611/13 2602/1613/76 2601/1614/76 2599/1612/13
f 2602/1613/76 2604/1615/349 2603/1616/349 2601/1614/76
f 2604/1615/349 2606/1617/350 2605/1618/350 2603/1616/349
f 2606/1617/350 2608/1619/351 2607/1620/351 2605/1618/350
f 2608/1619/351 2610/1621/352 2609/1622/352 2607/1620/351
f 2610/1621/352 2612/705/353 2611/322/353 2609/1622/352
f 2612/705/353 2614/1623/354 2613/1624/354 2611/322/353
f 2614/1623/354 2616/1625/355 2615/1626/355 2613/1624/354
f 2616/1625/355 2618/1627/356 2617/1628/356 2615/1626/355
f 2618/1627/356 2620/1629/357 2619/1630/357 2617/1628/356
f 2620/1629/357 2622/1631/358 2621/1632/358 2619/1630/357
f 2622/1631/358 2624/1633/359 2623/1634/359 2621/1632/358
f 2624/1633/359 2626/768/360 2625/430/360 2623/1634/359
f 2626/768/360 2628/1635/361 2627/1636/361 2625/430/360
f 2628/1635/361 2630/1637/362 2629/1638/362 2627/1636/361
f 2630/1637/362 2632/1639/363 2631/1640/363 2629/1638/362
f 2632/1639/363 2634/1641/364 2633/1642/364 2631/1640/363
f 2634/1641/364 2636/1643/365 2635/1644/365 2633/1642/364
f 2636/1643/365 2638/1645/366 2637/1646/366 2635/1644/365
f 2638/1645/366 2640/831/367 2639/445/367 2637/1646/366
f 2640/831/367 2642/1647/368 2641/1648/368 2639/445/367
f 2642/1647/368 2644/1649/369 2643/1650/369 2641/1648/368
f 2644/1649/369 2646/1651/370 2645/1652/370 2643/1650/369
f 2646/1651/370 2648/1653/371 2647/1654/371 2645/1652/370
f 2648/1653/371 2650/1655/372 2649/1656/372 2647/1654/371
f 2650/1655/372 2652/1657/373 2651/1658/373 2649/1656/372
f 2652/1657/373 2598/894/348 2597/55/348 2651/1658/373
f 2654/642/19 2656/1341/109 2655/1342/109 2653/56/19
f 2656/1341/109 2658/1343/110 2657/1344/110 2655/1342/109
f 2658/1343/110 2660/1345/111 2659/1346/111 2657/1344/110
f 2660/1345/111 2662/1347/112 2661/1348/112 2659/1346/111
f 2662/1347/112 2664/1349/113 2663/1350/113 2661/1348/112
f 2664/1349/113 2666/1351/114 2665/1352/114 2663/1350/113
f 2666/1351/114 2668/1353/115 2667/1354/115 2665/1352/114
f 2668/1353/115 2670/1355/116 2669/1356/116 2667/1354/115
f 2670/1355/116 2672/1357/117 2671/488/117 2669/1356/116
f 2672/1357/117 2674/1358/118 2673/1359/118 2671/488/117
f 2674/1358/118 2676/1360/119 2675/1361/119 2673/1359/118
f 2676/1360/119 2678/1362/374 2677/1363/374 2675/1361/119
f 2678/1362/374 2680/1364/375 2679/1365/375 2677/1363/374
f 2680/1364/375 2682/1366/122 2681/1367/122 2679/1365/375
f 2682/1366/122 2684/1368/296 2683/1369/296 2681/1367/122
f 2684/1368/296 2686/1370/124 2685/1371/124 2683/1369/296
f 2686/1370/124 2688/1372/125 2687/1373/125 2685/1371/124
f 2688/1372/125 2690/1374/126 2689/291/126 2687/1373/125
f 2690/1374/126 2692/1375/127 2691/1376/127 2689/291/126
f 2692/1375/127 2694/1377/128 2693/1378/128 2691/1376/127
f 2694/1377/128 2696/1379/129 2695/1380/129 2693/1378/128
f 2696/1379/129 2698/1381/130 2697/1382/130 2695/1380/129
f 2698/1381/130 2700/1383/131 2699/1384/131 2697/1382/130
f 2700/1383/131 2702/1385/132 2701/1386/132 2699/1384/131
f 2702/1385/132 2704/1387/133 2703/1388/133 2701/1386/132
f 2704/1387/133 2706/1389/134 2705/1390/134 2703/1388/133
f 2706/1389/134 2708/705/128 2707/322/128 2705/1390/134
f 2708/705/128 2710/1391/115 2709/1392/115 2707/322/128
f 2710/1391/115 2712/1393/109 2711/1394/109 2709/1392/115
f 2712/1393/109 2714/1395/110 2713/1396/110 2711/1394/109
f 2714/1395/110 2716/1397/111 2715/1398/111 2713/1396/110
f 2716/1397/111 2718/1399/112 2717/1400/112 2715/1398/111
f 2718/1399/112 2720/1401/113 2719/1402/113 2717/1400/112
f 2720/1401/113 2722/1403/114 2721/1404/114 2719/1402/113
f 2722/1403/114 2724/1405/115 2723/1406/115 2721/1404/114
f 2724/1405/115 2726/1011/116 2725/344/116 2723/1406/115
f 2726/1011/116 2728/1407/117 2727/1408/117 2725/344/116
f 2728/1407/117 2730/1409/118 2729/1410/118 2727/1408/117
f 2730/1409/118 2732/1411/119 2731/1412/119 2729/1410/118
f 2732/1411/119 2734/1413/374 2733/1414/374 2731/1412/119
f 2734/1413/374 2736/1415/375 2735/1416/375 2733/1414/374
f 2736/1415/375 2738/1417/122 2737/1418/122 2735/1416/375
f 2738/1417/122 2740/1419/296 2739/1420/296 2737/1418/122
f 2740/1419/296 2742/1421/124 2741/1422/124 2739/1420/296
f 2742/1421/124 2744/1423/125 2743/411/125 2741/1422/124
f 2744/1423/125 2746/1424/126 2745/1425/126 2743/411/125
f 2746/1424/126 2748/1426/127 2747/1427/127 2745/1425/126
f 2748/1426/127 2750/1428/128 2749/1429/128 2747/1427/127
f 2750/1428/128 2752/1430/129 2751/1431/129 2749/1429/128
f 2752/1430/129 2754/1432/130 2753/1433/130 2751/1431/129
f 2754/1432/130 2756/1434/131 2755/1435/131 2753/1433/130
f 2756/1434/131 2758/1436/132 2757/1437/132 2755/1435/131
f 2758/1436/132 2760/1438/133 2759/1439/133 2757/1437/132
f 2760/1438/133 2762/768/134 2761/430/134 2759/1439/133
f 2762/768/134 2764/1440/70 2763/1441/70 2761/430/134
f 2764/1440/70 2766/1442/71 2765/1443/71 2763/1441/70
f 2766/1442/71 2768/1444/72 2767/1445/72 2765/1443/71
f 2768/1444/72 2770/1446/73 2769/1447/73 2767/1445/72
f 2770/1446/73 2772/1448/74 2771/1449/74 2769/1447/73
f 2772/1448/74 2774/1450/75 2773/1451/75 2771/1449/74
f 2774/1450/75 2776/1452/76 2775/1453/76 2773/1451/75
f 2776/1452/76 2778/1454/77 2777/1455/77 2775/1453/76
f 2778/1454/77 2780/1456/78 2779/499/78 2777/1455/77
f 2780/1456/78 2782/1457/79 2781/1458/79 2779/499/78
f 2782/1457/79 2784/1459/80 2783/1460/80 2781/1458/79
f 2784/1459/80 2786/1461/81 2785/1462/81 2783/1460/80
f 2786/1461/81 2788/1463/82 2787/1464/82 2785/1462/81
f 2788/1463/82 2790/1465/7 2789/1466/7 2787/1464/82
f 2790/1465/7 2792/1467/8 2791/1468/8 2789/1466/7
f 2792/1467/8 2794/1469/9 2793/1470/9 2791/1468/8
f 2794/1469/9 2796/1471/10 2795/1472/10 2793/1470/9
f 2796/1471/10 2798/1128/11 2797/465/11 2795/1472/10
f 2798/1128/11 2800/1473/12 2799/1474/12 2797/465/11
f 2800/1473/12 2802/1475/13 2801/1476/13 2799/1474/12
f 2802/1475/13 2804/1477/14 2803/1478/14 2801/1476/13
f 2804/1477/14 2806/1479/15 2805/1480/15 2803/1478/14
f 2806/1479/15 2808/1481/16 2807/1482/16 2805/1480/15
f 2808/1481/16 2810/1483/17 2809/1484/17 2807/1482/16
f 2810/1483/17 2812/1485/18 2811/1486/18 2809/1484/17
f 2812/1485/18 2814/1487/19 2813/1488/19 2811/1486/18
f 2814/1487/19 2816/831/13 2815/445/13 2813/1488/19
f 2816/831/13 2818/1489/76 2817/1490/76 2815/445/13
f 2818/1489/76 2820/1491/70 2819/1492/70 2817/1490/76
f 2820/1491/70 2822/1493/71 2821/1494/71 2819/1492/70
f 2822/1493/71 2824/1495/72 2823/1496/72 2821/1494/71
f 2824/1495/72 2826/1497/73 2825/1498/73 2823/1496/72
f 2826/1497/73 2828/1499/74 2827/1500/74 2825/1498/73
f 2828/1499/74 2830/1501/75 2829/1502/75 2827/1500/74
f 2830/1501/75 2832/1503/76 2831/1504/76 2829/1502/75
f 2832/1503/76 2834/1505/77 2833/396/77 2831/1504/76
f 2834/1505/77 2836/1506/78 2835/1507/78 2833/396/77
f 2836/1506/78 2838/1508/79 2837/1509/79 2835/1507/78
f 2838/1508/79 2840/1510/80 2839/1511/80 2837/1509/79
f 2840/1510/80 2842/1512/81 2841/1513/81 2839/1511/80
f 2842/1512/81 2844/1514/82 2843/1515/82 2841/1513/81
f 2844/1514/82 2846/1516/7 2845/1517/7 2843/1515/82
f 2846/1516/7 2848/1518/8 2847/1519/8 2845/1517/7
f 2848/1518/8 2850/1520/9 2849/1521/9 2847/1519/8
f 2850/1520/9 2852/1522/10 2851/362/10 2849/1521/9
f 2852/1522/10 2854/1523/11 2853/1524/11 2851/362/10
f 2854/1523/11 2856/1525/12 2855/1526/12 2853/1524/11
f 2856/1525/12 2858/1527/13 2857/1528/13 2855/1526/12
f 2858/1527/13 2860/1529/14 2859/1530/14 2857/1528/13
f 2860/1529/14 2862/1531/15 2861/1532/15 2859/1530/14
f 2862/1531/15 2864/1533/16 2863/1534/16 2861/1532/15
f 2864/1533/16 2866/1535/17 2865/1536/17 2863/1534/16
f 2866/1535/17 2868/1537/18 2867/1538/18 2865/1536/17
f 2868/1537/18 2654/894/19 2653/55/19 2867/1538/18
f 2870/642/7 2872/1659/220 2871/1660/220 2869/56/7
f 2872/1659/220 2874/1661/9 2873/1662/9 2871/1660/220
f 2874/1661/9 2876/1663/10 2875/1664/10 2873/1662/9
f 2876/1663/10 2878/1665/11 2877/1666/11 2875/1664/10
f 2878/1665/11 2880/657/12 2879/658/12 2877/1666/11
f 2880/657/12 2882/1667/13 2881/1668/13 2879/658/12
f 2882/1667/13 2884/1669/14 2883/1670/14 2881/1668/13
f 2884/1669/14 2886/1671/15 2885/1672/15 2883/1670/14
f 2886/1671/15 2888/1673/16 2887/1674/16 2885/1672/15
f 2888/1673/16 2890/673/17 2889/674/17 2887/1674/16
f 2890/673/17 2892/1675/18 2891/1676/18 2889/674/17
f 2892/1675/18 2894/1677/19 2893/1678/19 2891/1676/18
f 2894/1677/19 2896/1679/109 2895/1680/109 2893/1678/19
f 2896/1679/109 2898/1681/110 2897/1682/110 2895/1680/109
f 2898/1681/110 2900/689/111 2899/690/111 2897/1682/110
f 2900/689/111 2902/1683/112 2901/1684/112 2899/690/111
f 2902/1683/112 2904/1685/113 2903/1686/113 2901/1684/112
f 2904/1685/113 2906/1687/114 2905/1688/114 2903/1686/113
f 2906/1687/114 2908/1689/115 2907/1690/115 2905/1688/114
f 2908/1689/115 2910/705/116 2909/322/116 2907/1690/115
f 2910/705/116 2912/1691/117 2911/1692/117 2909/322/116
f 2912/1691/117 2914/1693/118 2913/1694/118 2911/1692/117
f 2914/1693/118 2916/1695/119 2915/1696/119 2913/1694/118
f 2916/1695/119 2918/1697/120 2917/1698/120 2915/1696/119
f 2918/1697/120 2920/720/121 2919/721/121 2917/1698/120
f 2920/720/121 2922/1699/115 2921/1700/115 2919/721/121
f 2922/1699/115 2924/1701/109 2923/1702/109 2921/1700/115
f 2924/1701/109 2926/1703/110 2925/1704/110 2923/1702/109
f 2926/1703/110 2928/1705/111 2927/1706/111 2925/1704/110
f 2928/1705/111 2930/736/112 2929/737/112 2927/1706/111
f 2930/736/112 2932/1707/113 2931/1708/113 2929/737/112
f 2932/1707/113 2934/1709/114 2933/1710/114 2931/1708/113
f 2934/1709/114 2936/1711/115 2935/1712/115 2933/1710/114
f 2936/1711/115 2938/1713/116 2937/1714/116 2935/1712/115
f 2938/1713/116 2940/752/117 2939/753/117 2937/1714/116
f 2940/752/117 2942/1715/118 2941/1716/118 2939/753/117
f 2942/1715/118 2944/1717/119 2943/1718/119 2941/1716/118
f 2944/1717/119 2946/1719/374 2945/1720/374 2943/1718/119
f 2946/1719/374 2948/1721/121 2947/1722/121 2945/1720/374
f 2948/1721/121 2950/768/122 2949/430/122 2947/1722/121
f 2950/768/122 2952/1723/296 2951/1724/296 2949/430/122
f 2952/1723/296 2954/1725/124 2953/1726/124 2951/1724/296
f 2954/1725/124 2956/1727/125 2955/1728/125 2953/1726/124
f 2956/1727/125 2958/1729/126 2957/1730/126 2955/1728/125
f 2958/1729/126 2960/783/127 2959/784/127 2957/1730/126
f 2960/783/127 2962/1731/128 2961/1732/128 2959/784/127
f 2962/1731/128 2964/1733/129 2963/1734/129 2961/1732/128
f 2964/1733/129 2966/1735/130 2965/1736/130 2963/1734/129
f 2966/1735/130 2968/1737/131 2967/1738/131 2965/1736/130
f 2968/1737/131 2970/799/132 2969/800/132 2967/1738/131
f 2970/799/132 2972/1739/133 2971/1740/133 2969/800/132
f 2972/1739/133 2974/1741/134 2973/1742/134 2971/1740/133
f 2974/1741/134 2976/1743/70 2975/1744/70 2973/1742/134
f 2976/1743/70 2978/1745/71 2977/1746/71 2975/1744/70
f 2978/1745/71 2980/815/72 2979/816/72 2977/1746/71
f 2980/815/72 2982/1747/73 2981/1748/73 2979/816/72
f 2982/1747/73 2984/1749/74 2983/1750/74 2981/1748/73
f 2984/1749/74 2986/1751/75 2985/1752/75 2983/1750/74
f 2986/1751/75 2988/1753/76 2987/1754/76 2985/1752/75
f 2988/1753/76 2990/831/77 2989/445/77 2987/1754/76
f 2990/831/77 2992/1755/78 2991/1756/78 2989/445/77
f 2992/1755/78 2994/1757/79 2993/1758/79 2991/1756/78
f 2994/1757/79 2996/1759/80 2995/1760/80 2993/1758/79
f 2996/1759/80 2998/1761/297 2997/1762/297 2995/1760/80
f 2998/1761/297 3000/846/376 2999/847/376 2997/1762/297
f 3000/846/376 3002/1763/7 3001/1764/7 2999/847/376
f 3002/1763/7 3004/1765/220 3003/1766/220 3001/1764/7
f 3004/1765/220 3006/1767/9 3005/1768/9 3003/1766/220
f 3006/1767/9 3008/1769/10 3007/1770/10 3005/1768/9
f 3008/1769/10 3010/862/11 3009/863/11 3007/1770/10
f 3010/862/11 3012/1771/12 3011/1772/12 3009/863/11
f 3012/1771/12 3014/1773/13 3013/1774/13 3011/1772/12
f 3014/1773/13 3016/1775/14 3015/1776/14 3013/1774/13
f 3016/1775/14 3018/1777/15 3017/1778/15 3015/1776/14
f 3018/1777/15 3020/878/16 3019/879/16 3017/1778/15
f 3020/878/16 3022/1779/17 3021/1780/17 3019/879/16
f 3022/1779/17 3024/1781/18 3023/1782/18 3021/1780/17
f 3024/1781/18 3026/1783/19 3025/1784/19 3023/1782/18
f 3026/1783/19 3028/1785/13 3027/1786/13 3025/1784/19
f 3028/1785/13 2870/894/7 2869/55/7 3027/1786/13
