# Blender 4.5.0
# www.blender.org
mtllib linkhere.mtl
o Text
v 2.401645 -0.050000 0.100000
v 2.657915 -0.050000 0.100000
v 2.657915 -0.100000 0.100000
v 2.401645 -0.100000 0.100000
v 2.110501 -0.050000 0.100000
v 2.401645 -0.050000 0.100000
v 2.401645 -0.100000 0.100000
v 2.110501 -0.100000 0.100000
v 1.821708 -0.050000 0.100000
v 2.110501 -0.050000 0.100000
v 2.110501 -0.100000 0.100000
v 1.821708 -0.100000 0.100000
v 1.489028 -0.050000 0.100000
v 1.821708 -0.050000 0.100000
v 1.821708 -0.100000 0.100000
v 1.489028 -0.100000 0.100000
v 1.400862 -0.050000 0.100000
v 1.489028 -0.050000 0.100000
v 1.489028 -0.100000 0.100000
v 1.400862 -0.100000 0.100000
v 1.105799 -0.050000 0.100000
v 1.400862 -0.050000 0.100000
v 1.400862 -0.100000 0.100000
v 1.105799 -0.100000 0.100000
v 0.814655 -0.050000 0.100000
v 1.105799 -0.050000 0.100000
v 1.105799 -0.100000 0.100000
v 0.814655 -0.100000 0.100000
v 0.528605 -0.050000 0.100000
v 0.814655 -0.050000 0.100000
v 0.814655 -0.100000 0.100000
v 0.528605 -0.100000 0.100000
v 0.272335 -0.050000 0.100000
v 0.528605 -0.050000 0.100000
v 0.528605 -0.100000 0.100000
v 0.272335 -0.100000 0.100000
v 0.000000 -0.050000 0.100000
v 0.272335 -0.050000 0.100000
v 0.272335 -0.100000 0.100000
v 0.000000 -0.100000 0.100000
v 2.638714 0.014107 0.100000
v 2.638616 0.011853 0.100000
v 2.638322 0.009796 0.100000
v 2.637833 0.007935 0.100000
v 2.637147 0.006270 0.100000
v 2.636265 0.004800 0.100000
v 2.635188 0.003527 0.100000
v 2.633914 0.002449 0.100000
v 2.632445 0.001567 0.100000
v 2.630780 0.000882 0.100000
v 2.628918 0.000392 0.100000
v 2.626861 0.000098 0.100000
v 2.624608 -0.000000 0.100000
v 2.442790 -0.000000 0.100000
v 2.440536 0.000098 0.100000
v 2.438479 0.000392 0.100000
v 2.436618 0.000882 0.100000
v 2.434952 0.001567 0.100000
v 2.433483 0.002449 0.100000
v 2.432210 0.003527 0.100000
v 2.431132 0.004800 0.100000
v 2.430250 0.006270 0.100000
v 2.429565 0.007935 0.100000
v 2.429075 0.009796 0.100000
v 2.428781 0.011853 0.100000
v 2.428683 0.014107 0.100000
v 2.428683 0.268025 0.100000
v 2.428781 0.270278 0.100000
v 2.429075 0.272335 0.100000
v 2.429565 0.274197 0.100000
v 2.430250 0.275862 0.100000
v 2.431132 0.277331 0.100000
v 2.432210 0.278605 0.100000
v 2.433483 0.279683 0.100000
v 2.434952 0.280564 0.100000
v 2.436618 0.281250 0.100000
v 2.438479 0.281740 0.100000
v 2.440536 0.282034 0.100000
v 2.442790 0.282132 0.100000
v 2.624608 0.282132 0.100000
v 2.626861 0.282034 0.100000
v 2.628918 0.281740 0.100000
v 2.630780 0.281250 0.100000
v 2.632445 0.280564 0.100000
v 2.633914 0.279683 0.100000
v 2.635188 0.278605 0.100000
v 2.636265 0.277332 0.100000
v 2.637147 0.275862 0.100000
v 2.637833 0.274197 0.100000
v 2.638322 0.272335 0.100000
v 2.638616 0.270278 0.100000
v 2.638714 0.268025 0.100000
v 2.638714 0.222179 0.100000
v 2.638616 0.219926 0.100000
v 2.638322 0.217868 0.100000
v 2.637833 0.216007 0.100000
v 2.637147 0.214342 0.100000
v 2.636265 0.212872 0.100000
v 2.635188 0.211599 0.100000
v 2.633914 0.210521 0.100000
v 2.632445 0.209639 0.100000
v 2.630780 0.208954 0.100000
v 2.628918 0.208464 0.100000
v 2.626861 0.208170 0.100000
v 2.624608 0.208072 0.100000
v 2.516457 0.208072 0.100000
v 2.516457 0.177900 0.100000
v 2.592868 0.177900 0.100000
v 2.595121 0.177802 0.100000
v 2.597178 0.177508 0.100000
v 2.599040 0.177018 0.100000
v 2.600705 0.176332 0.100000
v 2.602174 0.175451 0.100000
v 2.603448 0.174373 0.100000
v 2.604525 0.173100 0.100000
v 2.605407 0.171630 0.100000
v 2.606093 0.169965 0.100000
v 2.606582 0.168103 0.100000
v 2.606876 0.166046 0.100000
v 2.606975 0.163793 0.100000
v 2.606975 0.121865 0.100000
v 2.606877 0.119612 0.100000
v 2.606583 0.117555 0.100000
v 2.606093 0.115694 0.100000
v 2.605407 0.114028 0.100000
v 2.604526 0.112559 0.100000
v 2.603448 0.111285 0.100000
v 2.602175 0.110208 0.100000
v 2.600705 0.109326 0.100000
v 2.599040 0.108640 0.100000
v 2.597178 0.108150 0.100000
v 2.595121 0.107857 0.100000
v 2.592868 0.107759 0.100000
v 2.516457 0.107759 0.100000
v 2.516457 0.074060 0.100000
v 2.624608 0.074060 0.100000
v 2.626861 0.073962 0.100000
v 2.628918 0.073668 0.100000
v 2.630780 0.073178 0.100000
v 2.632445 0.072492 0.100000
v 2.633914 0.071610 0.100000
v 2.635188 0.070533 0.100000
v 2.636265 0.069259 0.100000
v 2.637147 0.067790 0.100000
v 2.637833 0.066125 0.100000
v 2.638322 0.064263 0.100000
v 2.638616 0.062206 0.100000
v 2.638714 0.059953 0.100000
v 2.226097 0.014107 0.100000
v 2.225999 0.011853 0.100000
v 2.225705 0.009796 0.100000
v 2.225215 0.007935 0.100000
v 2.224530 0.006270 0.100000
v 2.223648 0.004800 0.100000
v 2.222570 0.003527 0.100000
v 2.221297 0.002449 0.100000
v 2.219827 0.001567 0.100000
v 2.218162 0.000882 0.100000
v 2.216301 0.000392 0.100000
v 2.214243 0.000098 0.100000
v 2.211990 -0.000000 0.100000
v 2.151645 -0.000000 0.100000
v 2.149392 0.000098 0.100000
v 2.147335 0.000392 0.100000
v 2.145474 0.000882 0.100000
v 2.143808 0.001567 0.100000
v 2.142339 0.002449 0.100000
v 2.141066 0.003527 0.100000
v 2.139988 0.004800 0.100000
v 2.139106 0.006270 0.100000
v 2.138421 0.007935 0.100000
v 2.137931 0.009796 0.100000
v 2.137637 0.011853 0.100000
v 2.137539 0.014107 0.100000
v 2.137539 0.268025 0.100000
v 2.137637 0.270278 0.100000
v 2.137931 0.272335 0.100000
v 2.138421 0.274197 0.100000
v 2.139106 0.275862 0.100000
v 2.139988 0.277331 0.100000
v 2.141066 0.278605 0.100000
v 2.142339 0.279683 0.100000
v 2.143808 0.280564 0.100000
v 2.145474 0.281250 0.100000
v 2.147335 0.281740 0.100000
v 2.149392 0.282034 0.100000
v 2.151645 0.282132 0.100000
v 2.282131 0.282132 0.100000
v 2.286942 0.282075 0.100000
v 2.291579 0.281903 0.100000
v 2.296042 0.281617 0.100000
v 2.300331 0.281217 0.100000
v 2.304445 0.280703 0.100000
v 2.308386 0.280074 0.100000
v 2.312152 0.279332 0.100000
v 2.315744 0.278474 0.100000
v 2.319161 0.277503 0.100000
v 2.322405 0.276417 0.100000
v 2.325475 0.275217 0.100000
v 2.328370 0.273903 0.100000
v 2.331110 0.272486 0.100000
v 2.333714 0.270980 0.100000
v 2.336182 0.269384 0.100000
v 2.338514 0.267698 0.100000
v 2.340710 0.265923 0.100000
v 2.342770 0.264058 0.100000
v 2.344694 0.262102 0.100000
v 2.346482 0.260057 0.100000
v 2.348134 0.257923 0.100000
v 2.349649 0.255698 0.100000
v 2.351029 0.253384 0.100000
v 2.352273 0.250980 0.100000
v 2.353399 0.248497 0.100000
v 2.354428 0.245945 0.100000
v 2.355358 0.243326 0.100000
v 2.356191 0.240639 0.100000
v 2.356925 0.237884 0.100000
v 2.357562 0.235061 0.100000
v 2.358101 0.232169 0.100000
v 2.358542 0.229210 0.100000
v 2.358885 0.226183 0.100000
v 2.359130 0.223088 0.100000
v 2.359277 0.219924 0.100000
v 2.359326 0.216693 0.100000
v 2.359326 0.198668 0.100000
v 2.359293 0.195960 0.100000
v 2.359195 0.193323 0.100000
v 2.359032 0.190757 0.100000
v 2.358803 0.188262 0.100000
v 2.358509 0.185837 0.100000
v 2.358150 0.183484 0.100000
v 2.357725 0.181200 0.100000
v 2.357236 0.178988 0.100000
v 2.356681 0.176847 0.100000
v 2.356060 0.174776 0.100000
v 2.355375 0.172776 0.100000
v 2.354624 0.170846 0.100000
v 2.353786 0.168993 0.100000
v 2.352839 0.167222 0.100000
v 2.351783 0.165532 0.100000
v 2.350618 0.163924 0.100000
v 2.349344 0.162397 0.100000
v 2.347962 0.160952 0.100000
v 2.346471 0.159589 0.100000
v 2.344871 0.158307 0.100000
v 2.343162 0.157107 0.100000
v 2.341344 0.155989 0.100000
v 2.339417 0.154952 0.100000
v 2.337382 0.153997 0.100000
v 2.340914 0.153518 0.100000
v 2.344326 0.152865 0.100000
v 2.347619 0.152038 0.100000
v 2.350792 0.151036 0.100000
v 2.353845 0.149861 0.100000
v 2.356779 0.148511 0.100000
v 2.359592 0.146987 0.100000
v 2.362286 0.145289 0.100000
v 2.364861 0.143417 0.100000
v 2.367315 0.141371 0.100000
v 2.369650 0.139150 0.100000
v 2.371865 0.136755 0.100000
v 2.373930 0.134206 0.100000
v 2.375816 0.131520 0.100000
v 2.377522 0.128698 0.100000
v 2.379049 0.125740 0.100000
v 2.380396 0.122646 0.100000
v 2.381563 0.119416 0.100000
v 2.382551 0.116050 0.100000
v 2.383359 0.112548 0.100000
v 2.383988 0.108910 0.100000
v 2.384437 0.105135 0.100000
v 2.384706 0.101225 0.100000
v 2.384796 0.097179 0.100000
v 2.384796 0.014107 0.100000
v 2.384698 0.011853 0.100000
v 2.384404 0.009796 0.100000
v 2.383914 0.007935 0.100000
v 2.383229 0.006270 0.100000
v 2.382347 0.004800 0.100000
v 2.381269 0.003527 0.100000
v 2.379996 0.002449 0.100000
v 2.378526 0.001567 0.100000
v 2.376861 0.000882 0.100000
v 2.375000 0.000392 0.100000
v 2.372942 0.000098 0.100000
v 2.370689 -0.000000 0.100000
v 2.309953 -0.000000 0.100000
v 2.307700 0.000098 0.100000
v 2.305642 0.000392 0.100000
v 2.303781 0.000882 0.100000
v 2.302116 0.001567 0.100000
v 2.300646 0.002449 0.100000
v 2.299373 0.003527 0.100000
v 2.298295 0.004800 0.100000
v 2.297413 0.006270 0.100000
v 2.296728 0.007935 0.100000
v 2.296238 0.009796 0.100000
v 2.295944 0.011853 0.100000
v 2.295846 0.014107 0.100000
v 2.295846 0.074060 0.100000
v 2.295823 0.075526 0.100000
v 2.295754 0.076922 0.100000
v 2.295638 0.078247 0.100000
v 2.295476 0.079502 0.100000
v 2.295268 0.080686 0.100000
v 2.295014 0.081799 0.100000
v 2.294713 0.082841 0.100000
v 2.294366 0.083812 0.100000
v 2.293973 0.084713 0.100000
v 2.293534 0.085543 0.100000
v 2.293048 0.086302 0.100000
v 2.292515 0.086991 0.100000
v 2.291926 0.087616 0.100000
v 2.291269 0.088188 0.100000
v 2.290544 0.088705 0.100000
v 2.289751 0.089168 0.100000
v 2.288889 0.089576 0.100000
v 2.287960 0.089929 0.100000
v 2.286963 0.090229 0.100000
v 2.285897 0.090474 0.100000
v 2.284764 0.090664 0.100000
v 2.283563 0.090800 0.100000
v 2.282293 0.090882 0.100000
v 2.280956 0.090909 0.100000
v 2.226097 0.090909 0.100000
v 2.255486 0.211599 0.100000
v 2.226097 0.211599 0.100000
v 2.226097 0.161442 0.100000
v 2.255486 0.161442 0.100000
v 2.257137 0.161479 0.100000
v 2.258697 0.161589 0.100000
v 2.260163 0.161773 0.100000
v 2.261538 0.162030 0.100000
v 2.262819 0.162360 0.100000
v 2.264009 0.162764 0.100000
v 2.265105 0.163242 0.100000
v 2.266109 0.163793 0.100000
v 2.267021 0.164418 0.100000
v 2.267840 0.165116 0.100000
v 2.268567 0.165887 0.100000
v 2.269200 0.166732 0.100000
v 2.269764 0.167631 0.100000
v 2.270278 0.168566 0.100000
v 2.270743 0.169536 0.100000
v 2.271160 0.170542 0.100000
v 2.271527 0.171582 0.100000
v 2.271845 0.172659 0.100000
v 2.272115 0.173770 0.100000
v 2.272335 0.174917 0.100000
v 2.272507 0.176100 0.100000
v 2.272629 0.177317 0.100000
v 2.272703 0.178570 0.100000
v 2.272727 0.179859 0.100000
v 2.272727 0.193182 0.100000
v 2.272702 0.194470 0.100000
v 2.272629 0.195723 0.100000
v 2.272506 0.196941 0.100000
v 2.272335 0.198123 0.100000
v 2.272115 0.199270 0.100000
v 2.271845 0.200382 0.100000
v 2.271527 0.201458 0.100000
v 2.271159 0.202499 0.100000
v 2.270743 0.203505 0.100000
v 2.270278 0.204475 0.100000
v 2.269763 0.205409 0.100000
v 2.269200 0.206309 0.100000
v 2.268566 0.207154 0.100000
v 2.267840 0.207925 0.100000
v 2.267021 0.208623 0.100000
v 2.266109 0.209248 0.100000
v 2.265105 0.209799 0.100000
v 2.264008 0.210276 0.100000
v 2.262819 0.210680 0.100000
v 2.261537 0.211011 0.100000
v 2.260163 0.211268 0.100000
v 2.258696 0.211452 0.100000
v 2.257137 0.211562 0.100000
v 2.087774 0.207680 0.100000
v 2.087774 0.074060 0.100000
v 2.087738 0.071079 0.100000
v 2.087627 0.068144 0.100000
v 2.087444 0.065255 0.100000
v 2.087187 0.062413 0.100000
v 2.086856 0.059617 0.100000
v 2.086452 0.056867 0.100000
v 2.085974 0.054164 0.100000
v 2.085423 0.051506 0.100000
v 2.084799 0.048895 0.100000
v 2.084101 0.046331 0.100000
v 2.083329 0.043812 0.100000
v 2.082484 0.041340 0.100000
v 2.081547 0.038920 0.100000
v 2.080498 0.036556 0.100000
v 2.079337 0.034250 0.100000
v 2.078065 0.032001 0.100000
v 2.076681 0.029809 0.100000
v 2.075186 0.027674 0.100000
v 2.073579 0.025597 0.100000
v 2.071860 0.023576 0.100000
v 2.070030 0.021613 0.100000
v 2.068089 0.019707 0.100000
v 2.066036 0.017858 0.100000
v 2.063871 0.016066 0.100000
v 2.061579 0.014337 0.100000
v 2.059142 0.012675 0.100000
v 2.056561 0.011082 0.100000
v 2.053835 0.009557 0.100000
v 2.050966 0.008100 0.100000
v 2.047952 0.006710 0.100000
v 2.044795 0.005389 0.100000
v 2.041492 0.004136 0.100000
v 2.038046 0.002951 0.100000
v 2.034456 0.001834 0.100000
v 2.030721 0.000785 0.100000
v 2.026842 -0.000196 0.100000
v 2.022799 -0.001103 0.100000
v 2.018574 -0.001932 0.100000
v 2.014168 -0.002682 0.100000
v 2.009578 -0.003352 0.100000
v 2.004807 -0.003944 0.100000
v 1.999853 -0.004457 0.100000
v 1.994716 -0.004891 0.100000
v 1.989398 -0.005246 0.100000
v 1.983897 -0.005523 0.100000
v 1.978214 -0.005720 0.100000
v 1.972348 -0.005838 0.100000
v 1.966301 -0.005878 0.100000
v 1.960253 -0.005838 0.100000
v 1.954388 -0.005720 0.100000
v 1.948704 -0.005523 0.100000
v 1.943203 -0.005246 0.100000
v 1.937885 -0.004891 0.100000
v 1.932749 -0.004457 0.100000
v 1.927795 -0.003944 0.100000
v 1.923023 -0.003352 0.100000
v 1.918434 -0.002682 0.100000
v 1.914027 -0.001932 0.100000
v 1.909802 -0.001103 0.100000
v 1.905760 -0.000196 0.100000
v 1.901881 0.000785 0.100000
v 1.898146 0.001834 0.100000
v 1.894556 0.002951 0.100000
v 1.891109 0.004136 0.100000
v 1.887807 0.005389 0.100000
v 1.884649 0.006710 0.100000
v 1.881635 0.008100 0.100000
v 1.878766 0.009557 0.100000
v 1.876041 0.011082 0.100000
v 1.873460 0.012675 0.100000
v 1.871023 0.014337 0.100000
v 1.868730 0.016066 0.100000
v 1.866564 0.017858 0.100000
v 1.864507 0.019707 0.100000
v 1.862559 0.021613 0.100000
v 1.860719 0.023576 0.100000
v 1.858989 0.025597 0.100000
v 1.857367 0.027674 0.100000
v 1.855854 0.029809 0.100000
v 1.854450 0.032001 0.100000
v 1.853154 0.034250 0.100000
v 1.851968 0.036556 0.100000
v 1.850890 0.038920 0.100000
v 1.849921 0.041340 0.100000
v 1.849045 0.043812 0.100000
v 1.848245 0.046331 0.100000
v 1.847521 0.048895 0.100000
v 1.846874 0.051506 0.100000
v 1.846302 0.054164 0.100000
v 1.845807 0.056867 0.100000
v 1.845388 0.059617 0.100000
v 1.845045 0.062413 0.100000
v 1.844778 0.065255 0.100000
v 1.844588 0.068144 0.100000
v 1.844474 0.071079 0.100000
v 1.844436 0.074060 0.100000
v 1.844436 0.207680 0.100000
v 1.844474 0.210661 0.100000
v 1.844588 0.213596 0.100000
v 1.844779 0.216485 0.100000
v 1.845045 0.219327 0.100000
v 1.845388 0.222123 0.100000
v 1.845807 0.224873 0.100000
v 1.846302 0.227576 0.100000
v 1.846874 0.230233 0.100000
v 1.847522 0.232844 0.100000
v 1.848245 0.235409 0.100000
v 1.849045 0.237927 0.100000
v 1.849921 0.240400 0.100000
v 1.850890 0.242820 0.100000
v 1.851968 0.245183 0.100000
v 1.853154 0.247490 0.100000
v 1.854450 0.249739 0.100000
v 1.855854 0.251931 0.100000
v 1.857367 0.254065 0.100000
v 1.858989 0.256143 0.100000
v 1.860719 0.258164 0.100000
v 1.862559 0.260127 0.100000
v 1.864507 0.262033 0.100000
v 1.866565 0.263882 0.100000
v 1.868730 0.265674 0.100000
v 1.871023 0.267405 0.100000
v 1.873460 0.269070 0.100000
v 1.876041 0.270670 0.100000
v 1.878766 0.272205 0.100000
v 1.881635 0.273674 0.100000
v 1.884649 0.275078 0.100000
v 1.887807 0.276417 0.100000
v 1.891109 0.277691 0.100000
v 1.894556 0.278899 0.100000
v 1.898146 0.280042 0.100000
v 1.901881 0.281119 0.100000
v 1.905760 0.282132 0.100000
v 1.909802 0.283070 0.100000
v 1.914027 0.283928 0.100000
v 1.918434 0.284703 0.100000
v 1.923023 0.285397 0.100000
v 1.927795 0.286009 0.100000
v 1.932749 0.286540 0.100000
v 1.937885 0.286989 0.100000
v 1.943203 0.287356 0.100000
v 1.948704 0.287642 0.100000
v 1.954388 0.287846 0.100000
v 1.960253 0.287969 0.100000
v 1.966301 0.288009 0.100000
v 1.972349 0.287969 0.100000
v 1.978214 0.287846 0.100000
v 1.983897 0.287642 0.100000
v 1.989398 0.287356 0.100000
v 1.994717 0.286989 0.100000
v 1.999853 0.286540 0.100000
v 2.004807 0.286009 0.100000
v 2.009579 0.285397 0.100000
v 2.014168 0.284703 0.100000
v 2.018575 0.283928 0.100000
v 2.022800 0.283070 0.100000
v 2.026842 0.282132 0.100000
v 2.030721 0.281119 0.100000
v 2.034456 0.280042 0.100000
v 2.038046 0.278899 0.100000
v 2.041492 0.277691 0.100000
v 2.044795 0.276417 0.100000
v 2.047952 0.275078 0.100000
v 2.050966 0.273674 0.100000
v 2.053835 0.272205 0.100000
v 2.056561 0.270670 0.100000
v 2.059142 0.269070 0.100000
v 2.061579 0.267405 0.100000
v 2.063871 0.265674 0.100000
v 2.066036 0.263882 0.100000
v 2.068089 0.262033 0.100000
v 2.070030 0.260127 0.100000
v 2.071861 0.258164 0.100000
v 2.073579 0.256143 0.100000
v 2.075186 0.254065 0.100000
v 2.076681 0.251931 0.100000
v 2.078065 0.249739 0.100000
v 2.079337 0.247490 0.100000
v 2.080498 0.245183 0.100000
v 2.081547 0.242820 0.100000
v 2.082484 0.240400 0.100000
v 2.083329 0.237927 0.100000
v 2.084101 0.235409 0.100000
v 2.084799 0.232844 0.100000
v 2.085423 0.230233 0.100000
v 2.085974 0.227576 0.100000
v 2.086452 0.224873 0.100000
v 2.086856 0.222123 0.100000
v 2.087187 0.219327 0.100000
v 2.087444 0.216485 0.100000
v 2.087627 0.213596 0.100000
v 2.087738 0.210661 0.100000
v 1.933385 0.193574 0.100000
v 1.933385 0.088166 0.100000
v 1.933426 0.086878 0.100000
v 1.933549 0.085625 0.100000
v 1.933753 0.084407 0.100000
v 1.934038 0.083224 0.100000
v 1.934406 0.082078 0.100000
v 1.934855 0.080966 0.100000
v 1.935385 0.079890 0.100000
v 1.935998 0.078849 0.100000
v 1.936692 0.077843 0.100000
v 1.937467 0.076873 0.100000
v 1.938324 0.075939 0.100000
v 1.939263 0.075039 0.100000
v 1.940349 0.074194 0.100000
v 1.941647 0.073423 0.100000
v 1.943157 0.072725 0.100000
v 1.944880 0.072100 0.100000
v 1.946814 0.071549 0.100000
v 1.948961 0.071072 0.100000
v 1.951321 0.070668 0.100000
v 1.953892 0.070337 0.100000
v 1.956676 0.070080 0.100000
v 1.959672 0.069896 0.100000
v 1.962880 0.069786 0.100000
v 1.966301 0.069749 0.100000
v 1.969783 0.069786 0.100000
v 1.973044 0.069896 0.100000
v 1.976085 0.070080 0.100000
v 1.978905 0.070337 0.100000
v 1.981505 0.070668 0.100000
v 1.983885 0.071072 0.100000
v 1.986044 0.071549 0.100000
v 1.987983 0.072100 0.100000
v 1.989702 0.072725 0.100000
v 1.991199 0.073423 0.100000
v 1.992477 0.074194 0.100000
v 1.993534 0.075039 0.100000
v 1.994442 0.075939 0.100000
v 1.995270 0.076873 0.100000
v 1.996020 0.077843 0.100000
v 1.996691 0.078849 0.100000
v 1.997283 0.079890 0.100000
v 1.997796 0.080966 0.100000
v 1.998230 0.082077 0.100000
v 1.998585 0.083224 0.100000
v 1.998861 0.084407 0.100000
v 1.999058 0.085625 0.100000
v 1.999177 0.086878 0.100000
v 1.999216 0.088166 0.100000
v 1.999216 0.193574 0.100000
v 1.999177 0.194861 0.100000
v 1.999058 0.196110 0.100000
v 1.998861 0.197321 0.100000
v 1.998585 0.198494 0.100000
v 1.998230 0.199628 0.100000
v 1.997796 0.200725 0.100000
v 1.997283 0.201783 0.100000
v 1.996691 0.202804 0.100000
v 1.996020 0.203786 0.100000
v 1.995270 0.204730 0.100000
v 1.994442 0.205637 0.100000
v 1.993534 0.206505 0.100000
v 1.992477 0.207318 0.100000
v 1.991200 0.208061 0.100000
v 1.989702 0.208733 0.100000
v 1.987983 0.209335 0.100000
v 1.986044 0.209865 0.100000
v 1.983885 0.210325 0.100000
v 1.981506 0.210714 0.100000
v 1.978905 0.211033 0.100000
v 1.976085 0.211280 0.100000
v 1.973044 0.211457 0.100000
v 1.969783 0.211563 0.100000
v 1.966301 0.211599 0.100000
v 1.962880 0.211563 0.100000
v 1.959672 0.211457 0.100000
v 1.956676 0.211280 0.100000
v 1.953892 0.211033 0.100000
v 1.951321 0.210714 0.100000
v 1.948962 0.210325 0.100000
v 1.946815 0.209865 0.100000
v 1.944880 0.209335 0.100000
v 1.943157 0.208733 0.100000
v 1.941647 0.208061 0.100000
v 1.940349 0.207318 0.100000
v 1.939263 0.206505 0.100000
v 1.938324 0.205637 0.100000
v 1.937467 0.204730 0.100000
v 1.936692 0.203786 0.100000
v 1.935998 0.202804 0.100000
v 1.935385 0.201783 0.100000
v 1.934855 0.200725 0.100000
v 1.934406 0.199628 0.100000
v 1.934038 0.198494 0.100000
v 1.933753 0.197321 0.100000
v 1.933549 0.196110 0.100000
v 1.933426 0.194861 0.100000
v 1.602664 0.014107 0.100000
v 1.602566 0.011853 0.100000
v 1.602273 0.009796 0.100000
v 1.601783 0.007935 0.100000
v 1.601097 0.006270 0.100000
v 1.600215 0.004800 0.100000
v 1.599138 0.003527 0.100000
v 1.597864 0.002449 0.100000
v 1.596395 0.001567 0.100000
v 1.594730 0.000882 0.100000
v 1.592868 0.000392 0.100000
v 1.590811 0.000098 0.100000
v 1.588558 -0.000000 0.100000
v 1.530172 -0.000000 0.100000
v 1.527919 0.000098 0.100000
v 1.525862 0.000392 0.100000
v 1.524001 0.000882 0.100000
v 1.522335 0.001567 0.100000
v 1.520866 0.002449 0.100000
v 1.519592 0.003527 0.100000
v 1.518515 0.004800 0.100000
v 1.517633 0.006270 0.100000
v 1.516947 0.007935 0.100000
v 1.516458 0.009796 0.100000
v 1.516164 0.011853 0.100000
v 1.516066 0.014107 0.100000
v 1.516066 0.268025 0.100000
v 1.516164 0.270278 0.100000
v 1.516458 0.272335 0.100000
v 1.516947 0.274197 0.100000
v 1.517633 0.275862 0.100000
v 1.518515 0.277331 0.100000
v 1.519592 0.278605 0.100000
v 1.520866 0.279683 0.100000
v 1.522335 0.280564 0.100000
v 1.524001 0.281250 0.100000
v 1.525862 0.281740 0.100000
v 1.527919 0.282034 0.100000
v 1.530172 0.282132 0.100000
v 1.593260 0.282132 0.100000
v 1.595181 0.282050 0.100000
v 1.597026 0.281805 0.100000
v 1.598795 0.281397 0.100000
v 1.600488 0.280825 0.100000
v 1.602104 0.280091 0.100000
v 1.603644 0.279193 0.100000
v 1.605108 0.278132 0.100000
v 1.606496 0.276907 0.100000
v 1.607808 0.275519 0.100000
v 1.609043 0.273968 0.100000
v 1.610202 0.272254 0.100000
v 1.611285 0.270376 0.100000
v 1.646552 0.206505 0.100000
v 1.646874 0.205931 0.100000
v 1.647188 0.205384 0.100000
v 1.647495 0.204864 0.100000
v 1.647793 0.204371 0.100000
v 1.648082 0.203906 0.100000
v 1.648364 0.203468 0.100000
v 1.648638 0.203057 0.100000
v 1.648903 0.202673 0.100000
v 1.649160 0.202317 0.100000
v 1.649409 0.201988 0.100000
v 1.649650 0.201685 0.100000
v 1.649882 0.201411 0.100000
v 1.650118 0.201160 0.100000
v 1.650367 0.200932 0.100000
v 1.650629 0.200725 0.100000
v 1.650906 0.200540 0.100000
v 1.651195 0.200377 0.100000
v 1.651499 0.200235 0.100000
v 1.651816 0.200115 0.100000
v 1.652146 0.200017 0.100000
v 1.652491 0.199941 0.100000
v 1.652848 0.199887 0.100000
v 1.653220 0.199854 0.100000
v 1.653605 0.199843 0.100000
v 1.657132 0.199843 0.100000
v 1.657517 0.199854 0.100000
v 1.657888 0.199887 0.100000
v 1.658246 0.199941 0.100000
v 1.658590 0.200017 0.100000
v 1.658921 0.200115 0.100000
v 1.659238 0.200235 0.100000
v 1.659541 0.200377 0.100000
v 1.659831 0.200540 0.100000
v 1.660107 0.200725 0.100000
v 1.660370 0.200932 0.100000
v 1.660619 0.201160 0.100000
v 1.660854 0.201411 0.100000
v 1.661087 0.201685 0.100000
v 1.661328 0.201988 0.100000
v 1.661577 0.202317 0.100000
v 1.661834 0.202673 0.100000
v 1.662099 0.203057 0.100000
v 1.662373 0.203468 0.100000
v 1.662654 0.203906 0.100000
v 1.662944 0.204371 0.100000
v 1.663242 0.204864 0.100000
v 1.663548 0.205384 0.100000
v 1.663863 0.205931 0.100000
v 1.664185 0.206505 0.100000
v 1.699059 0.270376 0.100000
v 1.700143 0.272254 0.100000
v 1.701302 0.273968 0.100000
v 1.702537 0.275519 0.100000
v 1.703849 0.276907 0.100000
v 1.705237 0.278132 0.100000
v 1.706701 0.279193 0.100000
v 1.708241 0.280091 0.100000
v 1.709857 0.280825 0.100000
v 1.711550 0.281397 0.100000
v 1.713318 0.281805 0.100000
v 1.715163 0.282050 0.100000
v 1.717085 0.282132 0.100000
v 1.780564 0.282132 0.100000
v 1.782817 0.282034 0.100000
v 1.784874 0.281740 0.100000
v 1.786736 0.281250 0.100000
v 1.788401 0.280564 0.100000
v 1.789871 0.279683 0.100000
v 1.791144 0.278605 0.100000
v 1.792222 0.277332 0.100000
v 1.793103 0.275862 0.100000
v 1.793789 0.274197 0.100000
v 1.794279 0.272335 0.100000
v 1.794573 0.270278 0.100000
v 1.794671 0.268025 0.100000
v 1.794671 0.014107 0.100000
v 1.794573 0.011853 0.100000
v 1.794279 0.009796 0.100000
v 1.793789 0.007935 0.100000
v 1.793103 0.006270 0.100000
v 1.792222 0.004800 0.100000
v 1.791144 0.003527 0.100000
v 1.789871 0.002449 0.100000
v 1.788401 0.001567 0.100000
v 1.786736 0.000882 0.100000
v 1.784874 0.000392 0.100000
v 1.782817 0.000098 0.100000
v 1.780564 -0.000000 0.100000
v 1.720219 -0.000000 0.100000
v 1.717966 0.000098 0.100000
v 1.715909 0.000392 0.100000
v 1.714048 0.000882 0.100000
v 1.712382 0.001567 0.100000
v 1.710913 0.002449 0.100000
v 1.709639 0.003527 0.100000
v 1.708562 0.004800 0.100000
v 1.707680 0.006270 0.100000
v 1.706994 0.007935 0.100000
v 1.706505 0.009796 0.100000
v 1.706211 0.011853 0.100000
v 1.706113 0.014107 0.100000
v 1.706113 0.152038 0.100000
v 1.682994 0.109326 0.100000
v 1.681832 0.107323 0.100000
v 1.680566 0.105495 0.100000
v 1.679198 0.103840 0.100000
v 1.677725 0.102360 0.100000
v 1.676150 0.101054 0.100000
v 1.674471 0.099922 0.100000
v 1.672688 0.098964 0.100000
v 1.670803 0.098180 0.100000
v 1.668814 0.097571 0.100000
v 1.666721 0.097135 0.100000
v 1.664525 0.096874 0.100000
v 1.662226 0.096787 0.100000
v 1.646552 0.096787 0.100000
v 1.644252 0.096874 0.100000
v 1.642056 0.097135 0.100000
v 1.639964 0.097571 0.100000
v 1.637975 0.098180 0.100000
v 1.636089 0.098964 0.100000
v 1.634306 0.099922 0.100000
v 1.632627 0.101054 0.100000
v 1.631052 0.102360 0.100000
v 1.629580 0.103840 0.100000
v 1.628211 0.105495 0.100000
v 1.626945 0.107323 0.100000
v 1.625784 0.109326 0.100000
v 1.602664 0.152038 0.100000
v 1.219828 0.014107 0.100000
v 1.219730 0.011853 0.100000
v 1.219436 0.009796 0.100000
v 1.218946 0.007935 0.100000
v 1.218260 0.006270 0.100000
v 1.217378 0.004800 0.100000
v 1.216301 0.003527 0.100000
v 1.215027 0.002449 0.100000
v 1.213558 0.001567 0.100000
v 1.211893 0.000882 0.100000
v 1.210031 0.000392 0.100000
v 1.207974 0.000098 0.100000
v 1.205721 -0.000000 0.100000
v 1.146944 -0.000000 0.100000
v 1.144690 0.000098 0.100000
v 1.142633 0.000392 0.100000
v 1.140772 0.000882 0.100000
v 1.139107 0.001567 0.100000
v 1.137637 0.002449 0.100000
v 1.136364 0.003527 0.100000
v 1.135286 0.004800 0.100000
v 1.134404 0.006270 0.100000
v 1.133719 0.007935 0.100000
v 1.133229 0.009796 0.100000
v 1.132935 0.011853 0.100000
v 1.132837 0.014107 0.100000
v 1.132837 0.268025 0.100000
v 1.132935 0.270278 0.100000
v 1.133229 0.272335 0.100000
v 1.133719 0.274197 0.100000
v 1.134404 0.275862 0.100000
v 1.135286 0.277331 0.100000
v 1.136364 0.278605 0.100000
v 1.137637 0.279683 0.100000
v 1.139107 0.280564 0.100000
v 1.140772 0.281250 0.100000
v 1.142633 0.281740 0.100000
v 1.144690 0.282034 0.100000
v 1.146944 0.282132 0.100000
v 1.187696 0.282132 0.100000
v 1.190012 0.282058 0.100000
v 1.192257 0.281838 0.100000
v 1.194431 0.281470 0.100000
v 1.196534 0.280956 0.100000
v 1.198567 0.280295 0.100000
v 1.200529 0.279487 0.100000
v 1.202420 0.278532 0.100000
v 1.204241 0.277429 0.100000
v 1.205990 0.276180 0.100000
v 1.207669 0.274785 0.100000
v 1.209278 0.273242 0.100000
v 1.210815 0.271552 0.100000
v 1.286834 0.184561 0.100000
v 1.286834 0.268025 0.100000
v 1.286932 0.270278 0.100000
v 1.287226 0.272335 0.100000
v 1.287715 0.274197 0.100000
v 1.288401 0.275862 0.100000
v 1.289283 0.277331 0.100000
v 1.290360 0.278605 0.100000
v 1.291634 0.279683 0.100000
v 1.293103 0.280564 0.100000
v 1.294769 0.281250 0.100000
v 1.296630 0.281740 0.100000
v 1.298687 0.282034 0.100000
v 1.300940 0.282132 0.100000
v 1.359718 0.282132 0.100000
v 1.361971 0.282034 0.100000
v 1.364028 0.281740 0.100000
v 1.365889 0.281250 0.100000
v 1.367555 0.280564 0.100000
v 1.369024 0.279683 0.100000
v 1.370298 0.278605 0.100000
v 1.371375 0.277332 0.100000
v 1.372257 0.275862 0.100000
v 1.372942 0.274197 0.100000
v 1.373432 0.272335 0.100000
v 1.373726 0.270278 0.100000
v 1.373824 0.268025 0.100000
v 1.373824 0.014107 0.100000
v 1.373726 0.011853 0.100000
v 1.373433 0.009796 0.100000
v 1.372943 0.007935 0.100000
v 1.372257 0.006270 0.100000
v 1.371375 0.004800 0.100000
v 1.370298 0.003527 0.100000
v 1.369024 0.002449 0.100000
v 1.367555 0.001567 0.100000
v 1.365890 0.000882 0.100000
v 1.364028 0.000392 0.100000
v 1.361971 0.000098 0.100000
v 1.359718 -0.000000 0.100000
v 1.300940 -0.000000 0.100000
v 1.298687 0.000098 0.100000
v 1.296630 0.000392 0.100000
v 1.294769 0.000882 0.100000
v 1.293103 0.001567 0.100000
v 1.291634 0.002449 0.100000
v 1.290360 0.003527 0.100000
v 1.289283 0.004800 0.100000
v 1.288401 0.006270 0.100000
v 1.287715 0.007935 0.100000
v 1.287226 0.009796 0.100000
v 1.286932 0.011853 0.100000
v 1.286834 0.014107 0.100000
v 1.286834 0.062304 0.100000
v 1.219828 0.143417 0.100000
v 0.930251 0.014107 0.100000
v 0.930153 0.011853 0.100000
v 0.929859 0.009796 0.100000
v 0.929369 0.007935 0.100000
v 0.928683 0.006270 0.100000
v 0.927802 0.004800 0.100000
v 0.926724 0.003527 0.100000
v 0.925451 0.002449 0.100000
v 0.923981 0.001567 0.100000
v 0.922316 0.000882 0.100000
v 0.920454 0.000392 0.100000
v 0.918397 0.000098 0.100000
v 0.916144 -0.000000 0.100000
v 0.855799 -0.000000 0.100000
v 0.853546 0.000098 0.100000
v 0.851489 0.000392 0.100000
v 0.849628 0.000882 0.100000
v 0.847962 0.001567 0.100000
v 0.846493 0.002449 0.100000
v 0.845219 0.003527 0.100000
v 0.844142 0.004800 0.100000
v 0.843260 0.006270 0.100000
v 0.842574 0.007935 0.100000
v 0.842085 0.009796 0.100000
v 0.841791 0.011853 0.100000
v 0.841693 0.014107 0.100000
v 0.841693 0.268025 0.100000
v 0.841791 0.270278 0.100000
v 0.842085 0.272335 0.100000
v 0.842574 0.274197 0.100000
v 0.843260 0.275862 0.100000
v 0.844142 0.277331 0.100000
v 0.845219 0.278605 0.100000
v 0.846493 0.279683 0.100000
v 0.847962 0.280564 0.100000
v 0.849628 0.281250 0.100000
v 0.851489 0.281740 0.100000
v 0.853546 0.282034 0.100000
v 0.855799 0.282132 0.100000
v 0.986285 0.282132 0.100000
v 0.991096 0.282075 0.100000
v 0.995733 0.281903 0.100000
v 1.000196 0.281617 0.100000
v 1.004484 0.281217 0.100000
v 1.008599 0.280703 0.100000
v 1.012539 0.280074 0.100000
v 1.016305 0.279332 0.100000
v 1.019897 0.278474 0.100000
v 1.023315 0.277503 0.100000
v 1.026558 0.276417 0.100000
v 1.029628 0.275217 0.100000
v 1.032523 0.273903 0.100000
v 1.035264 0.272486 0.100000
v 1.037868 0.270980 0.100000
v 1.040336 0.269384 0.100000
v 1.042668 0.267698 0.100000
v 1.044864 0.265923 0.100000
v 1.046924 0.264058 0.100000
v 1.048848 0.262102 0.100000
v 1.050636 0.260057 0.100000
v 1.052287 0.257923 0.100000
v 1.053803 0.255698 0.100000
v 1.055183 0.253384 0.100000
v 1.056426 0.250980 0.100000
v 1.057553 0.248497 0.100000
v 1.058581 0.245945 0.100000
v 1.059512 0.243326 0.100000
v 1.060345 0.240639 0.100000
v 1.061080 0.237884 0.100000
v 1.061716 0.235061 0.100000
v 1.062255 0.232169 0.100000
v 1.062696 0.229210 0.100000
v 1.063039 0.226183 0.100000
v 1.063284 0.223088 0.100000
v 1.063431 0.219924 0.100000
v 1.063480 0.216693 0.100000
v 1.063480 0.198668 0.100000
v 1.063447 0.195960 0.100000
v 1.063349 0.193323 0.100000
v 1.063186 0.190757 0.100000
v 1.062957 0.188262 0.100000
v 1.062663 0.185837 0.100000
v 1.062304 0.183484 0.100000
v 1.061880 0.181200 0.100000
v 1.061390 0.178988 0.100000
v 1.060835 0.176847 0.100000
v 1.060214 0.174776 0.100000
v 1.059528 0.172776 0.100000
v 1.058777 0.170846 0.100000
v 1.057939 0.168993 0.100000
v 1.056992 0.167222 0.100000
v 1.055936 0.165532 0.100000
v 1.054772 0.163924 0.100000
v 1.053498 0.162397 0.100000
v 1.052116 0.160952 0.100000
v 1.050625 0.159589 0.100000
v 1.049025 0.158307 0.100000
v 1.047316 0.157107 0.100000
v 1.045498 0.155989 0.100000
v 1.043571 0.154952 0.100000
v 1.041536 0.153997 0.100000
v 1.045068 0.153518 0.100000
v 1.048480 0.152865 0.100000
v 1.051773 0.152038 0.100000
v 1.054946 0.151036 0.100000
v 1.057999 0.149861 0.100000
v 1.060933 0.148511 0.100000
v 1.063746 0.146987 0.100000
v 1.066440 0.145289 0.100000
v 1.069014 0.143417 0.100000
v 1.071469 0.141371 0.100000
v 1.073804 0.139150 0.100000
v 1.076019 0.136755 0.100000
v 1.078084 0.134206 0.100000
v 1.079970 0.131520 0.100000
v 1.081676 0.128698 0.100000
v 1.083203 0.125740 0.100000
v 1.084550 0.122646 0.100000
v 1.085717 0.119416 0.100000
v 1.086705 0.116050 0.100000
v 1.087513 0.112548 0.100000
v 1.088142 0.108910 0.100000
v 1.088591 0.105135 0.100000
v 1.088860 0.101225 0.100000
v 1.088950 0.097179 0.100000
v 1.088950 0.014107 0.100000
v 1.088852 0.011853 0.100000
v 1.088558 0.009796 0.100000
v 1.088068 0.007935 0.100000
v 1.087382 0.006270 0.100000
v 1.086501 0.004800 0.100000
v 1.085423 0.003527 0.100000
v 1.084150 0.002449 0.100000
v 1.082680 0.001567 0.100000
v 1.081015 0.000882 0.100000
v 1.079154 0.000392 0.100000
v 1.077096 0.000098 0.100000
v 1.074843 -0.000000 0.100000
v 1.014107 -0.000000 0.100000
v 1.011853 0.000098 0.100000
v 1.009796 0.000392 0.100000
v 1.007935 0.000882 0.100000
v 1.006269 0.001567 0.100000
v 1.004800 0.002449 0.100000
v 1.003526 0.003527 0.100000
v 1.002449 0.004800 0.100000
v 1.001567 0.006270 0.100000
v 1.000882 0.007935 0.100000
v 1.000392 0.009796 0.100000
v 1.000098 0.011853 0.100000
v 1.000000 0.014107 0.100000
v 1.000000 0.074060 0.100000
v 0.999977 0.075526 0.100000
v 0.999907 0.076922 0.100000
v 0.999792 0.078247 0.100000
v 0.999630 0.079502 0.100000
v 0.999422 0.080686 0.100000
v 0.999167 0.081799 0.100000
v 0.998867 0.082841 0.100000
v 0.998520 0.083812 0.100000
v 0.998126 0.084713 0.100000
v 0.997687 0.085543 0.100000
v 0.997201 0.086302 0.100000
v 0.996669 0.086991 0.100000
v 0.996080 0.087616 0.100000
v 0.995423 0.088188 0.100000
v 0.994698 0.088705 0.100000
v 0.993905 0.089168 0.100000
v 0.993043 0.089576 0.100000
v 0.992114 0.089929 0.100000
v 0.991117 0.090229 0.100000
v 0.990051 0.090474 0.100000
v 0.988918 0.090664 0.100000
v 0.987717 0.090800 0.100000
v 0.986447 0.090882 0.100000
v 0.985110 0.090909 0.100000
v 0.930251 0.090909 0.100000
v 0.959639 0.211599 0.100000
v 0.930251 0.211599 0.100000
v 0.930251 0.161442 0.100000
v 0.959639 0.161442 0.100000
v 0.961291 0.161479 0.100000
v 0.962850 0.161589 0.100000
v 0.964317 0.161773 0.100000
v 0.965691 0.162030 0.100000
v 0.966973 0.162360 0.100000
v 0.968162 0.162764 0.100000
v 0.969259 0.163242 0.100000
v 0.970263 0.163793 0.100000
v 0.971174 0.164418 0.100000
v 0.971994 0.165116 0.100000
v 0.972720 0.165887 0.100000
v 0.973354 0.166732 0.100000
v 0.973917 0.167631 0.100000
v 0.974432 0.168566 0.100000
v 0.974897 0.169536 0.100000
v 0.975313 0.170542 0.100000
v 0.975681 0.171582 0.100000
v 0.975999 0.172659 0.100000
v 0.976269 0.173770 0.100000
v 0.976489 0.174917 0.100000
v 0.976660 0.176100 0.100000
v 0.976783 0.177317 0.100000
v 0.976856 0.178570 0.100000
v 0.976881 0.179859 0.100000
v 0.976881 0.193182 0.100000
v 0.976856 0.194470 0.100000
v 0.976783 0.195723 0.100000
v 0.976660 0.196941 0.100000
v 0.976489 0.198123 0.100000
v 0.976269 0.199270 0.100000
v 0.975999 0.200382 0.100000
v 0.975681 0.201458 0.100000
v 0.975313 0.202499 0.100000
v 0.974897 0.203505 0.100000
v 0.974432 0.204475 0.100000
v 0.973917 0.205409 0.100000
v 0.973354 0.206309 0.100000
v 0.972720 0.207154 0.100000
v 0.971994 0.207925 0.100000
v 0.971174 0.208623 0.100000
v 0.970263 0.209248 0.100000
v 0.969259 0.209799 0.100000
v 0.968162 0.210276 0.100000
v 0.966973 0.210680 0.100000
v 0.965691 0.211011 0.100000
v 0.964317 0.211268 0.100000
v 0.962850 0.211452 0.100000
v 0.961291 0.211562 0.100000
v 0.635580 0.068966 0.100000
v 0.635580 0.014107 0.100000
v 0.635482 0.011853 0.100000
v 0.635188 0.009796 0.100000
v 0.634698 0.007935 0.100000
v 0.634012 0.006270 0.100000
v 0.633131 0.004800 0.100000
v 0.632053 0.003527 0.100000
v 0.630780 0.002449 0.100000
v 0.629310 0.001567 0.100000
v 0.627645 0.000882 0.100000
v 0.625784 0.000392 0.100000
v 0.623726 0.000098 0.100000
v 0.621473 -0.000000 0.100000
v 0.563871 -0.000000 0.100000
v 0.561618 0.000098 0.100000
v 0.559561 0.000392 0.100000
v 0.557700 0.000882 0.100000
v 0.556035 0.001567 0.100000
v 0.554565 0.002449 0.100000
v 0.553292 0.003527 0.100000
v 0.552214 0.004800 0.100000
v 0.551332 0.006270 0.100000
v 0.550647 0.007935 0.100000
v 0.550157 0.009796 0.100000
v 0.549863 0.011853 0.100000
v 0.549765 0.014107 0.100000
v 0.549765 0.117555 0.100000
v 0.549791 0.119539 0.100000
v 0.549868 0.121571 0.100000
v 0.549998 0.123653 0.100000
v 0.550179 0.125784 0.100000
v 0.550411 0.127963 0.100000
v 0.550696 0.130192 0.100000
v 0.551032 0.132470 0.100000
v 0.551419 0.134796 0.100000
v 0.551859 0.137172 0.100000
v 0.552350 0.139596 0.100000
v 0.552893 0.142070 0.100000
v 0.553487 0.144592 0.100000
v 0.554136 0.147175 0.100000
v 0.554843 0.149828 0.100000
v 0.555606 0.152552 0.100000
v 0.556426 0.155347 0.100000
v 0.557304 0.158212 0.100000
v 0.558239 0.161148 0.100000
v 0.559230 0.164155 0.100000
v 0.560279 0.167233 0.100000
v 0.561386 0.170381 0.100000
v 0.562549 0.173600 0.100000
v 0.563769 0.176890 0.100000
v 0.565047 0.180251 0.100000
v 0.599138 0.269201 0.100000
v 0.599935 0.271266 0.100000
v 0.600890 0.273152 0.100000
v 0.602003 0.274858 0.100000
v 0.603274 0.276385 0.100000
v 0.604703 0.277731 0.100000
v 0.606289 0.278899 0.100000
v 0.608033 0.279887 0.100000
v 0.609935 0.280695 0.100000
v 0.611995 0.281323 0.100000
v 0.614213 0.281772 0.100000
v 0.616589 0.282042 0.100000
v 0.619122 0.282132 0.100000
v 0.724530 0.282132 0.100000
v 0.727001 0.282042 0.100000
v 0.729319 0.281772 0.100000
v 0.731485 0.281323 0.100000
v 0.733499 0.280695 0.100000
v 0.735360 0.279887 0.100000
v 0.737069 0.278899 0.100000
v 0.738625 0.277732 0.100000
v 0.740030 0.276385 0.100000
v 0.741281 0.274858 0.100000
v 0.742381 0.273152 0.100000
v 0.743328 0.271266 0.100000
v 0.744122 0.269201 0.100000
v 0.778213 0.180251 0.100000
v 0.779491 0.176890 0.100000
v 0.780711 0.173600 0.100000
v 0.781874 0.170381 0.100000
v 0.782981 0.167233 0.100000
v 0.784030 0.164155 0.100000
v 0.785021 0.161148 0.100000
v 0.785956 0.158212 0.100000
v 0.786834 0.155347 0.100000
v 0.787654 0.152552 0.100000
v 0.788418 0.149828 0.100000
v 0.789124 0.147175 0.100000
v 0.789773 0.144592 0.100000
v 0.790367 0.142070 0.100000
v 0.790910 0.139596 0.100000
v 0.791401 0.137172 0.100000
v 0.791841 0.134796 0.100000
v 0.792229 0.132470 0.100000
v 0.792565 0.130192 0.100000
v 0.792849 0.127963 0.100000
v 0.793082 0.125784 0.100000
v 0.793263 0.123653 0.100000
v 0.793392 0.121571 0.100000
v 0.793469 0.119539 0.100000
v 0.793495 0.117555 0.100000
v 0.793495 0.014107 0.100000
v 0.793397 0.011853 0.100000
v 0.793103 0.009796 0.100000
v 0.792614 0.007935 0.100000
v 0.791928 0.006270 0.100000
v 0.791046 0.004800 0.100000
v 0.789969 0.003527 0.100000
v 0.788695 0.002449 0.100000
v 0.787226 0.001567 0.100000
v 0.785560 0.000882 0.100000
v 0.783699 0.000392 0.100000
v 0.781642 0.000098 0.100000
v 0.779389 -0.000000 0.100000
v 0.720219 -0.000000 0.100000
v 0.717779 0.000098 0.100000
v 0.715550 0.000392 0.100000
v 0.713534 0.000882 0.100000
v 0.711729 0.001567 0.100000
v 0.710138 0.002449 0.100000
v 0.708758 0.003527 0.100000
v 0.707591 0.004800 0.100000
v 0.706635 0.006270 0.100000
v 0.705893 0.007935 0.100000
v 0.705362 0.009796 0.100000
v 0.705044 0.011853 0.100000
v 0.704937 0.014107 0.100000
v 0.704937 0.068966 0.100000
v 0.665360 0.206505 0.100000
v 0.664590 0.206458 0.100000
v 0.663848 0.206320 0.100000
v 0.663132 0.206088 0.100000
v 0.662443 0.205765 0.100000
v 0.661782 0.205348 0.100000
v 0.661148 0.204839 0.100000
v 0.660541 0.204238 0.100000
v 0.659962 0.203544 0.100000
v 0.659409 0.202758 0.100000
v 0.658884 0.201879 0.100000
v 0.658386 0.200907 0.100000
v 0.657915 0.199843 0.100000
v 0.639498 0.140282 0.100000
v 0.701019 0.140282 0.100000
v 0.682602 0.199843 0.100000
v 0.682131 0.200907 0.100000
v 0.681633 0.201879 0.100000
v 0.681108 0.202758 0.100000
v 0.680555 0.203544 0.100000
v 0.679976 0.204238 0.100000
v 0.679369 0.204839 0.100000
v 0.678735 0.205348 0.100000
v 0.678074 0.205765 0.100000
v 0.677385 0.206088 0.100000
v 0.676670 0.206320 0.100000
v 0.675927 0.206458 0.100000
v 0.675157 0.206505 0.100000
v 0.509404 0.014107 0.100000
v 0.509306 0.011853 0.100000
v 0.509012 0.009796 0.100000
v 0.508523 0.007935 0.100000
v 0.507837 0.006270 0.100000
v 0.506955 0.004800 0.100000
v 0.505878 0.003527 0.100000
v 0.504604 0.002449 0.100000
v 0.503135 0.001567 0.100000
v 0.501469 0.000882 0.100000
v 0.499608 0.000392 0.100000
v 0.497551 0.000098 0.100000
v 0.495298 -0.000000 0.100000
v 0.313480 -0.000000 0.100000
v 0.311226 0.000098 0.100000
v 0.309169 0.000392 0.100000
v 0.307308 0.000882 0.100000
v 0.305643 0.001567 0.100000
v 0.304173 0.002449 0.100000
v 0.302900 0.003527 0.100000
v 0.301822 0.004800 0.100000
v 0.300940 0.006270 0.100000
v 0.300255 0.007935 0.100000
v 0.299765 0.009796 0.100000
v 0.299471 0.011853 0.100000
v 0.299373 0.014107 0.100000
v 0.299373 0.268025 0.100000
v 0.299471 0.270278 0.100000
v 0.299765 0.272335 0.100000
v 0.300255 0.274197 0.100000
v 0.300940 0.275862 0.100000
v 0.301822 0.277331 0.100000
v 0.302900 0.278605 0.100000
v 0.304173 0.279683 0.100000
v 0.305643 0.280564 0.100000
v 0.307308 0.281250 0.100000
v 0.309169 0.281740 0.100000
v 0.311226 0.282034 0.100000
v 0.313480 0.282132 0.100000
v 0.495298 0.282132 0.100000
v 0.497551 0.282034 0.100000
v 0.499608 0.281740 0.100000
v 0.501469 0.281250 0.100000
v 0.503135 0.280564 0.100000
v 0.504604 0.279683 0.100000
v 0.505878 0.278605 0.100000
v 0.506955 0.277332 0.100000
v 0.507837 0.275862 0.100000
v 0.508523 0.274197 0.100000
v 0.509013 0.272335 0.100000
v 0.509306 0.270278 0.100000
v 0.509404 0.268025 0.100000
v 0.509404 0.222179 0.100000
v 0.509306 0.219926 0.100000
v 0.509012 0.217868 0.100000
v 0.508523 0.216007 0.100000
v 0.507837 0.214342 0.100000
v 0.506955 0.212872 0.100000
v 0.505878 0.211599 0.100000
v 0.504604 0.210521 0.100000
v 0.503135 0.209639 0.100000
v 0.501469 0.208954 0.100000
v 0.499608 0.208464 0.100000
v 0.497551 0.208170 0.100000
v 0.495298 0.208072 0.100000
v 0.387147 0.208072 0.100000
v 0.387147 0.177900 0.100000
v 0.463558 0.177900 0.100000
v 0.465811 0.177802 0.100000
v 0.467868 0.177508 0.100000
v 0.469730 0.177018 0.100000
v 0.471395 0.176332 0.100000
v 0.472864 0.175451 0.100000
v 0.474138 0.174373 0.100000
v 0.475215 0.173100 0.100000
v 0.476097 0.171630 0.100000
v 0.476783 0.169965 0.100000
v 0.477273 0.168103 0.100000
v 0.477567 0.166046 0.100000
v 0.477665 0.163793 0.100000
v 0.477665 0.121865 0.100000
v 0.477567 0.119612 0.100000
v 0.477273 0.117555 0.100000
v 0.476783 0.115694 0.100000
v 0.476097 0.114028 0.100000
v 0.475215 0.112559 0.100000
v 0.474138 0.111285 0.100000
v 0.472864 0.110208 0.100000
v 0.471395 0.109326 0.100000
v 0.469730 0.108640 0.100000
v 0.467868 0.108150 0.100000
v 0.465811 0.107857 0.100000
v 0.463558 0.107759 0.100000
v 0.387147 0.107759 0.100000
v 0.387147 0.074060 0.100000
v 0.495298 0.074060 0.100000
v 0.497551 0.073962 0.100000
v 0.499608 0.073668 0.100000
v 0.501469 0.073178 0.100000
v 0.503135 0.072492 0.100000
v 0.504604 0.071610 0.100000
v 0.505878 0.070533 0.100000
v 0.506955 0.069259 0.100000
v 0.507837 0.067790 0.100000
v 0.508523 0.066125 0.100000
v 0.509013 0.064263 0.100000
v 0.509306 0.062206 0.100000
v 0.509404 0.059953 0.100000
v 0.254702 0.014107 0.100000
v 0.254604 0.011853 0.100000
v 0.254310 0.009796 0.100000
v 0.253821 0.007935 0.100000
v 0.253135 0.006270 0.100000
v 0.252253 0.004800 0.100000
v 0.251176 0.003527 0.100000
v 0.249902 0.002449 0.100000
v 0.248433 0.001567 0.100000
v 0.246767 0.000882 0.100000
v 0.244906 0.000392 0.100000
v 0.242849 0.000098 0.100000
v 0.240596 -0.000000 0.100000
v 0.041144 -0.000000 0.100000
v 0.038891 0.000098 0.100000
v 0.036834 0.000392 0.100000
v 0.034973 0.000882 0.100000
v 0.033307 0.001567 0.100000
v 0.031838 0.002449 0.100000
v 0.030564 0.003527 0.100000
v 0.029487 0.004800 0.100000
v 0.028605 0.006270 0.100000
v 0.027919 0.007935 0.100000
v 0.027429 0.009796 0.100000
v 0.027136 0.011853 0.100000
v 0.027038 0.014107 0.100000
v 0.027038 0.268025 0.100000
v 0.027136 0.270278 0.100000
v 0.027429 0.272335 0.100000
v 0.027919 0.274197 0.100000
v 0.028605 0.275862 0.100000
v 0.029487 0.277331 0.100000
v 0.030564 0.278605 0.100000
v 0.031838 0.279683 0.100000
v 0.033307 0.280564 0.100000
v 0.034973 0.281250 0.100000
v 0.036834 0.281740 0.100000
v 0.038891 0.282034 0.100000
v 0.041144 0.282132 0.100000
v 0.101881 0.282132 0.100000
v 0.104134 0.282034 0.100000
v 0.106191 0.281740 0.100000
v 0.108052 0.281250 0.100000
v 0.109718 0.280564 0.100000
v 0.111187 0.279683 0.100000
v 0.112461 0.278605 0.100000
v 0.113538 0.277332 0.100000
v 0.114420 0.275862 0.100000
v 0.115106 0.274197 0.100000
v 0.115596 0.272335 0.100000
v 0.115889 0.270278 0.100000
v 0.115987 0.268025 0.100000
v 0.115987 0.074060 0.100000
v 0.169671 0.074060 0.100000
v 0.169671 0.137539 0.100000
v 0.169769 0.139792 0.100000
v 0.170063 0.141850 0.100000
v 0.170552 0.143711 0.100000
v 0.171238 0.145376 0.100000
v 0.172120 0.146846 0.100000
v 0.173197 0.148119 0.100000
v 0.174471 0.149197 0.100000
v 0.175940 0.150078 0.100000
v 0.177606 0.150764 0.100000
v 0.179467 0.151254 0.100000
v 0.181524 0.151548 0.100000
v 0.183777 0.151646 0.100000
v 0.240596 0.151646 0.100000
v 0.242849 0.151548 0.100000
v 0.244906 0.151254 0.100000
v 0.246767 0.150764 0.100000
v 0.248433 0.150078 0.100000
v 0.249902 0.149197 0.100000
v 0.251176 0.148119 0.100000
v 0.252253 0.146846 0.100000
v 0.253135 0.145376 0.100000
v 0.253821 0.143711 0.100000
v 0.254310 0.141850 0.100000
v 0.254604 0.139792 0.100000
v 0.254702 0.137539 0.100000
v 2.401645 -0.050000 -0.100000
v 2.657915 -0.050000 -0.100000
v 2.657915 -0.100000 -0.100000
v 2.401645 -0.100000 -0.100000
v 2.110501 -0.050000 -0.100000
v 2.401645 -0.050000 -0.100000
v 2.401645 -0.100000 -0.100000
v 2.110501 -0.100000 -0.100000
v 1.821708 -0.050000 -0.100000
v 2.110501 -0.050000 -0.100000
v 2.110501 -0.100000 -0.100000
v 1.821708 -0.100000 -0.100000
v 1.489028 -0.050000 -0.100000
v 1.821708 -0.050000 -0.100000
v 1.821708 -0.100000 -0.100000
v 1.489028 -0.100000 -0.100000
v 1.400862 -0.050000 -0.100000
v 1.489028 -0.050000 -0.100000
v 1.489028 -0.100000 -0.100000
v 1.400862 -0.100000 -0.100000
v 1.105799 -0.050000 -0.100000
v 1.400862 -0.050000 -0.100000
v 1.400862 -0.100000 -0.100000
v 1.105799 -0.100000 -0.100000
v 0.814655 -0.050000 -0.100000
v 1.105799 -0.050000 -0.100000
v 1.105799 -0.100000 -0.100000
v 0.814655 -0.100000 -0.100000
v 0.528605 -0.050000 -0.100000
v 0.814655 -0.050000 -0.100000
v 0.814655 -0.100000 -0.100000
v 0.528605 -0.100000 -0.100000
v 0.272335 -0.050000 -0.100000
v 0.528605 -0.050000 -0.100000
v 0.528605 -0.100000 -0.100000
v 0.272335 -0.100000 -0.100000
v 0.000000 -0.050000 -0.100000
v 0.272335 -0.050000 -0.100000
v 0.272335 -0.100000 -0.100000
v 0.000000 -0.100000 -0.100000
v 2.638714 0.014107 -0.100000
v 2.638616 0.011853 -0.100000
v 2.638322 0.009796 -0.100000
v 2.637833 0.007935 -0.100000
v 2.637147 0.006270 -0.100000
v 2.636265 0.004800 -0.100000
v 2.635188 0.003527 -0.100000
v 2.633914 0.002449 -0.100000
v 2.632445 0.001567 -0.100000
v 2.630780 0.000882 -0.100000
v 2.628918 0.000392 -0.100000
v 2.626861 0.000098 -0.100000
v 2.624608 0.000000 -0.100000
v 2.442790 0.000000 -0.100000
v 2.440536 0.000098 -0.100000
v 2.438479 0.000392 -0.100000
v 2.436618 0.000882 -0.100000
v 2.434952 0.001567 -0.100000
v 2.433483 0.002449 -0.100000
v 2.432210 0.003527 -0.100000
v 2.431132 0.004800 -0.100000
v 2.430250 0.006270 -0.100000
v 2.429565 0.007935 -0.100000
v 2.429075 0.009796 -0.100000
v 2.428781 0.011853 -0.100000
v 2.428683 0.014107 -0.100000
v 2.428683 0.268025 -0.100000
v 2.428781 0.270278 -0.100000
v 2.429075 0.272335 -0.100000
v 2.429565 0.274197 -0.100000
v 2.430250 0.275862 -0.100000
v 2.431132 0.277331 -0.100000
v 2.432210 0.278605 -0.100000
v 2.433483 0.279683 -0.100000
v 2.434952 0.280564 -0.100000
v 2.436618 0.281250 -0.100000
v 2.438479 0.281740 -0.100000
v 2.440536 0.282034 -0.100000
v 2.442790 0.282132 -0.100000
v 2.624608 0.282132 -0.100000
v 2.626861 0.282034 -0.100000
v 2.628918 0.281740 -0.100000
v 2.630780 0.281250 -0.100000
v 2.632445 0.280564 -0.100000
v 2.633914 0.279683 -0.100000
v 2.635188 0.278605 -0.100000
v 2.636265 0.277332 -0.100000
v 2.637147 0.275862 -0.100000
v 2.637833 0.274197 -0.100000
v 2.638322 0.272335 -0.100000
v 2.638616 0.270278 -0.100000
v 2.638714 0.268025 -0.100000
v 2.638714 0.222179 -0.100000
v 2.638616 0.219926 -0.100000
v 2.638322 0.217868 -0.100000
v 2.637833 0.216007 -0.100000
v 2.637147 0.214342 -0.100000
v 2.636265 0.212872 -0.100000
v 2.635188 0.211599 -0.100000
v 2.633914 0.210521 -0.100000
v 2.632445 0.209639 -0.100000
v 2.630780 0.208954 -0.100000
v 2.628918 0.208464 -0.100000
v 2.626861 0.208170 -0.100000
v 2.624608 0.208072 -0.100000
v 2.516457 0.208072 -0.100000
v 2.516457 0.177900 -0.100000
v 2.592868 0.177900 -0.100000
v 2.595121 0.177802 -0.100000
v 2.597178 0.177508 -0.100000
v 2.599040 0.177018 -0.100000
v 2.600705 0.176332 -0.100000
v 2.602174 0.175451 -0.100000
v 2.603448 0.174373 -0.100000
v 2.604525 0.173100 -0.100000
v 2.605407 0.171630 -0.100000
v 2.606093 0.169965 -0.100000
v 2.606582 0.168103 -0.100000
v 2.606876 0.166046 -0.100000
v 2.606975 0.163793 -0.100000
v 2.606975 0.121865 -0.100000
v 2.606877 0.119612 -0.100000
v 2.606583 0.117555 -0.100000
v 2.606093 0.115694 -0.100000
v 2.605407 0.114028 -0.100000
v 2.604526 0.112559 -0.100000
v 2.603448 0.111285 -0.100000
v 2.602175 0.110208 -0.100000
v 2.600705 0.109326 -0.100000
v 2.599040 0.108640 -0.100000
v 2.597178 0.108150 -0.100000
v 2.595121 0.107857 -0.100000
v 2.592868 0.107759 -0.100000
v 2.516457 0.107759 -0.100000
v 2.516457 0.074060 -0.100000
v 2.624608 0.074060 -0.100000
v 2.626861 0.073962 -0.100000
v 2.628918 0.073668 -0.100000
v 2.630780 0.073178 -0.100000
v 2.632445 0.072492 -0.100000
v 2.633914 0.071611 -0.100000
v 2.635188 0.070533 -0.100000
v 2.636265 0.069259 -0.100000
v 2.637147 0.067790 -0.100000
v 2.637833 0.066125 -0.100000
v 2.638322 0.064263 -0.100000
v 2.638616 0.062206 -0.100000
v 2.638714 0.059953 -0.100000
v 2.226097 0.014107 -0.100000
v 2.225999 0.011853 -0.100000
v 2.225705 0.009796 -0.100000
v 2.225215 0.007935 -0.100000
v 2.224530 0.006270 -0.100000
v 2.223648 0.004800 -0.100000
v 2.222570 0.003527 -0.100000
v 2.221297 0.002449 -0.100000
v 2.219827 0.001567 -0.100000
v 2.218162 0.000882 -0.100000
v 2.216301 0.000392 -0.100000
v 2.214243 0.000098 -0.100000
v 2.211990 0.000000 -0.100000
v 2.151645 0.000000 -0.100000
v 2.149392 0.000098 -0.100000
v 2.147335 0.000392 -0.100000
v 2.145474 0.000882 -0.100000
v 2.143808 0.001567 -0.100000
v 2.142339 0.002449 -0.100000
v 2.141066 0.003527 -0.100000
v 2.139988 0.004800 -0.100000
v 2.139106 0.006270 -0.100000
v 2.138421 0.007935 -0.100000
v 2.137931 0.009796 -0.100000
v 2.137637 0.011853 -0.100000
v 2.137539 0.014107 -0.100000
v 2.137539 0.268025 -0.100000
v 2.137637 0.270278 -0.100000
v 2.137931 0.272335 -0.100000
v 2.138421 0.274197 -0.100000
v 2.139106 0.275862 -0.100000
v 2.139988 0.277331 -0.100000
v 2.141066 0.278605 -0.100000
v 2.142339 0.279683 -0.100000
v 2.143808 0.280564 -0.100000
v 2.145474 0.281250 -0.100000
v 2.147335 0.281740 -0.100000
v 2.149392 0.282034 -0.100000
v 2.151645 0.282132 -0.100000
v 2.282131 0.282132 -0.100000
v 2.286942 0.282075 -0.100000
v 2.291579 0.281903 -0.100000
v 2.296042 0.281617 -0.100000
v 2.300331 0.281217 -0.100000
v 2.304445 0.280703 -0.100000
v 2.308386 0.280074 -0.100000
v 2.312152 0.279332 -0.100000
v 2.315744 0.278474 -0.100000
v 2.319161 0.277503 -0.100000
v 2.322405 0.276417 -0.100000
v 2.325475 0.275217 -0.100000
v 2.328370 0.273903 -0.100000
v 2.331110 0.272486 -0.100000
v 2.333714 0.270980 -0.100000
v 2.336182 0.269384 -0.100000
v 2.338514 0.267698 -0.100000
v 2.340710 0.265923 -0.100000
v 2.342770 0.264058 -0.100000
v 2.344694 0.262102 -0.100000
v 2.346482 0.260057 -0.100000
v 2.348134 0.257923 -0.100000
v 2.349649 0.255698 -0.100000
v 2.351029 0.253384 -0.100000
v 2.352273 0.250980 -0.100000
v 2.353399 0.248497 -0.100000
v 2.354428 0.245945 -0.100000
v 2.355358 0.243326 -0.100000
v 2.356191 0.240639 -0.100000
v 2.356925 0.237884 -0.100000
v 2.357562 0.235061 -0.100000
v 2.358101 0.232169 -0.100000
v 2.358542 0.229210 -0.100000
v 2.358885 0.226183 -0.100000
v 2.359130 0.223088 -0.100000
v 2.359277 0.219924 -0.100000
v 2.359326 0.216693 -0.100000
v 2.359326 0.198668 -0.100000
v 2.359293 0.195960 -0.100000
v 2.359195 0.193323 -0.100000
v 2.359032 0.190757 -0.100000
v 2.358803 0.188262 -0.100000
v 2.358509 0.185837 -0.100000
v 2.358150 0.183484 -0.100000
v 2.357725 0.181200 -0.100000
v 2.357236 0.178988 -0.100000
v 2.356681 0.176847 -0.100000
v 2.356060 0.174776 -0.100000
v 2.355375 0.172776 -0.100000
v 2.354624 0.170846 -0.100000
v 2.353786 0.168993 -0.100000
v 2.352839 0.167222 -0.100000
v 2.351783 0.165532 -0.100000
v 2.350618 0.163924 -0.100000
v 2.349344 0.162397 -0.100000
v 2.347962 0.160952 -0.100000
v 2.346471 0.159589 -0.100000
v 2.344871 0.158307 -0.100000
v 2.343162 0.157107 -0.100000
v 2.341344 0.155989 -0.100000
v 2.339417 0.154952 -0.100000
v 2.337382 0.153997 -0.100000
v 2.340914 0.153518 -0.100000
v 2.344326 0.152865 -0.100000
v 2.347619 0.152038 -0.100000
v 2.350792 0.151036 -0.100000
v 2.353845 0.149861 -0.100000
v 2.356779 0.148511 -0.100000
v 2.359592 0.146987 -0.100000
v 2.362286 0.145289 -0.100000
v 2.364861 0.143417 -0.100000
v 2.367315 0.141371 -0.100000
v 2.369650 0.139150 -0.100000
v 2.371865 0.136755 -0.100000
v 2.373930 0.134206 -0.100000
v 2.375816 0.131520 -0.100000
v 2.377522 0.128698 -0.100000
v 2.379049 0.125740 -0.100000
v 2.380396 0.122646 -0.100000
v 2.381563 0.119416 -0.100000
v 2.382551 0.116050 -0.100000
v 2.383359 0.112548 -0.100000
v 2.383988 0.108910 -0.100000
v 2.384437 0.105135 -0.100000
v 2.384706 0.101225 -0.100000
v 2.384796 0.097179 -0.100000
v 2.384796 0.014107 -0.100000
v 2.384698 0.011853 -0.100000
v 2.384404 0.009796 -0.100000
v 2.383914 0.007935 -0.100000
v 2.383229 0.006270 -0.100000
v 2.382347 0.004800 -0.100000
v 2.381269 0.003527 -0.100000
v 2.379996 0.002449 -0.100000
v 2.378526 0.001567 -0.100000
v 2.376861 0.000882 -0.100000
v 2.375000 0.000392 -0.100000
v 2.372942 0.000098 -0.100000
v 2.370689 0.000000 -0.100000
v 2.309953 0.000000 -0.100000
v 2.307700 0.000098 -0.100000
v 2.305642 0.000392 -0.100000
v 2.303781 0.000882 -0.100000
v 2.302116 0.001567 -0.100000
v 2.300646 0.002449 -0.100000
v 2.299373 0.003527 -0.100000
v 2.298295 0.004800 -0.100000
v 2.297413 0.006270 -0.100000
v 2.296728 0.007935 -0.100000
v 2.296238 0.009796 -0.100000
v 2.295944 0.011853 -0.100000
v 2.295846 0.014107 -0.100000
v 2.295846 0.074060 -0.100000
v 2.295823 0.075526 -0.100000
v 2.295754 0.076922 -0.100000
v 2.295638 0.078247 -0.100000
v 2.295476 0.079502 -0.100000
v 2.295268 0.080686 -0.100000
v 2.295014 0.081799 -0.100000
v 2.294713 0.082841 -0.100000
v 2.294366 0.083812 -0.100000
v 2.293973 0.084713 -0.100000
v 2.293534 0.085543 -0.100000
v 2.293048 0.086302 -0.100000
v 2.292515 0.086991 -0.100000
v 2.291926 0.087616 -0.100000
v 2.291269 0.088188 -0.100000
v 2.290544 0.088705 -0.100000
v 2.289751 0.089168 -0.100000
v 2.288889 0.089576 -0.100000
v 2.287960 0.089929 -0.100000
v 2.286963 0.090229 -0.100000
v 2.285897 0.090474 -0.100000
v 2.284764 0.090664 -0.100000
v 2.283563 0.090800 -0.100000
v 2.282293 0.090882 -0.100000
v 2.280956 0.090909 -0.100000
v 2.226097 0.090909 -0.100000
v 2.255486 0.211599 -0.100000
v 2.226097 0.211599 -0.100000
v 2.226097 0.161442 -0.100000
v 2.255486 0.161442 -0.100000
v 2.257137 0.161479 -0.100000
v 2.258697 0.161589 -0.100000
v 2.260163 0.161773 -0.100000
v 2.261538 0.162030 -0.100000
v 2.262819 0.162360 -0.100000
v 2.264009 0.162764 -0.100000
v 2.265105 0.163242 -0.100000
v 2.266109 0.163793 -0.100000
v 2.267021 0.164418 -0.100000
v 2.267840 0.165116 -0.100000
v 2.268567 0.165887 -0.100000
v 2.269200 0.166732 -0.100000
v 2.269764 0.167631 -0.100000
v 2.270278 0.168566 -0.100000
v 2.270743 0.169536 -0.100000
v 2.271160 0.170542 -0.100000
v 2.271527 0.171582 -0.100000
v 2.271845 0.172659 -0.100000
v 2.272115 0.173770 -0.100000
v 2.272335 0.174917 -0.100000
v 2.272507 0.176100 -0.100000
v 2.272629 0.177317 -0.100000
v 2.272703 0.178570 -0.100000
v 2.272727 0.179859 -0.100000
v 2.272727 0.193182 -0.100000
v 2.272702 0.194470 -0.100000
v 2.272629 0.195723 -0.100000
v 2.272506 0.196941 -0.100000
v 2.272335 0.198123 -0.100000
v 2.272115 0.199270 -0.100000
v 2.271845 0.200382 -0.100000
v 2.271527 0.201458 -0.100000
v 2.271159 0.202499 -0.100000
v 2.270743 0.203505 -0.100000
v 2.270278 0.204475 -0.100000
v 2.269763 0.205409 -0.100000
v 2.269200 0.206309 -0.100000
v 2.268566 0.207154 -0.100000
v 2.267840 0.207925 -0.100000
v 2.267021 0.208623 -0.100000
v 2.266109 0.209248 -0.100000
v 2.265105 0.209799 -0.100000
v 2.264008 0.210276 -0.100000
v 2.262819 0.210680 -0.100000
v 2.261537 0.211011 -0.100000
v 2.260163 0.211268 -0.100000
v 2.258696 0.211452 -0.100000
v 2.257137 0.211562 -0.100000
v 2.087774 0.207680 -0.100000
v 2.087774 0.074060 -0.100000
v 2.087738 0.071079 -0.100000
v 2.087627 0.068144 -0.100000
v 2.087444 0.065255 -0.100000
v 2.087187 0.062413 -0.100000
v 2.086856 0.059617 -0.100000
v 2.086452 0.056867 -0.100000
v 2.085974 0.054164 -0.100000
v 2.085423 0.051506 -0.100000
v 2.084799 0.048895 -0.100000
v 2.084101 0.046331 -0.100000
v 2.083329 0.043812 -0.100000
v 2.082484 0.041340 -0.100000
v 2.081547 0.038920 -0.100000
v 2.080498 0.036556 -0.100000
v 2.079337 0.034250 -0.100000
v 2.078065 0.032001 -0.100000
v 2.076681 0.029809 -0.100000
v 2.075186 0.027674 -0.100000
v 2.073579 0.025597 -0.100000
v 2.071860 0.023576 -0.100000
v 2.070030 0.021613 -0.100000
v 2.068089 0.019707 -0.100000
v 2.066036 0.017858 -0.100000
v 2.063871 0.016066 -0.100000
v 2.061579 0.014337 -0.100000
v 2.059142 0.012675 -0.100000
v 2.056561 0.011082 -0.100000
v 2.053835 0.009557 -0.100000
v 2.050966 0.008100 -0.100000
v 2.047952 0.006710 -0.100000
v 2.044795 0.005389 -0.100000
v 2.041492 0.004136 -0.100000
v 2.038046 0.002951 -0.100000
v 2.034456 0.001834 -0.100000
v 2.030721 0.000785 -0.100000
v 2.026842 -0.000196 -0.100000
v 2.022799 -0.001103 -0.100000
v 2.018574 -0.001932 -0.100000
v 2.014168 -0.002682 -0.100000
v 2.009578 -0.003352 -0.100000
v 2.004807 -0.003944 -0.100000
v 1.999853 -0.004457 -0.100000
v 1.994716 -0.004891 -0.100000
v 1.989398 -0.005246 -0.100000
v 1.983897 -0.005523 -0.100000
v 1.978214 -0.005720 -0.100000
v 1.972348 -0.005838 -0.100000
v 1.966301 -0.005878 -0.100000
v 1.960253 -0.005838 -0.100000
v 1.954388 -0.005720 -0.100000
v 1.948704 -0.005523 -0.100000
v 1.943203 -0.005246 -0.100000
v 1.937885 -0.004891 -0.100000
v 1.932749 -0.004457 -0.100000
v 1.927795 -0.003944 -0.100000
v 1.923023 -0.003352 -0.100000
v 1.918434 -0.002682 -0.100000
v 1.914027 -0.001932 -0.100000
v 1.909802 -0.001103 -0.100000
v 1.905760 -0.000196 -0.100000
v 1.901881 0.000785 -0.100000
v 1.898146 0.001834 -0.100000
v 1.894556 0.002951 -0.100000
v 1.891109 0.004136 -0.100000
v 1.887807 0.005389 -0.100000
v 1.884649 0.006710 -0.100000
v 1.881635 0.008100 -0.100000
v 1.878766 0.009557 -0.100000
v 1.876041 0.011082 -0.100000
v 1.873460 0.012675 -0.100000
v 1.871023 0.014337 -0.100000
v 1.868730 0.016066 -0.100000
v 1.866564 0.017858 -0.100000
v 1.864507 0.019707 -0.100000
v 1.862559 0.021613 -0.100000
v 1.860719 0.023576 -0.100000
v 1.858989 0.025597 -0.100000
v 1.857367 0.027674 -0.100000
v 1.855854 0.029809 -0.100000
v 1.854450 0.032001 -0.100000
v 1.853154 0.034250 -0.100000
v 1.851968 0.036556 -0.100000
v 1.850890 0.038920 -0.100000
v 1.849921 0.041340 -0.100000
v 1.849045 0.043812 -0.100000
v 1.848245 0.046331 -0.100000
v 1.847521 0.048895 -0.100000
v 1.846874 0.051506 -0.100000
v 1.846302 0.054164 -0.100000
v 1.845807 0.056867 -0.100000
v 1.845388 0.059617 -0.100000
v 1.845045 0.062413 -0.100000
v 1.844778 0.065255 -0.100000
v 1.844588 0.068144 -0.100000
v 1.844474 0.071079 -0.100000
v 1.844436 0.074060 -0.100000
v 1.844436 0.207680 -0.100000
v 1.844474 0.210661 -0.100000
v 1.844588 0.213596 -0.100000
v 1.844779 0.216485 -0.100000
v 1.845045 0.219327 -0.100000
v 1.845388 0.222123 -0.100000
v 1.845807 0.224873 -0.100000
v 1.846302 0.227576 -0.100000
v 1.846874 0.230233 -0.100000
v 1.847522 0.232844 -0.100000
v 1.848245 0.235409 -0.100000
v 1.849045 0.237927 -0.100000
v 1.849921 0.240400 -0.100000
v 1.850890 0.242820 -0.100000
v 1.851968 0.245183 -0.100000
v 1.853154 0.247490 -0.100000
v 1.854450 0.249739 -0.100000
v 1.855854 0.251931 -0.100000
v 1.857367 0.254065 -0.100000
v 1.858989 0.256143 -0.100000
v 1.860719 0.258164 -0.100000
v 1.862559 0.260127 -0.100000
v 1.864507 0.262033 -0.100000
v 1.866565 0.263882 -0.100000
v 1.868730 0.265674 -0.100000
v 1.871023 0.267405 -0.100000
v 1.873460 0.269070 -0.100000
v 1.876041 0.270670 -0.100000
v 1.878766 0.272205 -0.100000
v 1.881635 0.273674 -0.100000
v 1.884649 0.275078 -0.100000
v 1.887807 0.276417 -0.100000
v 1.891109 0.277691 -0.100000
v 1.894556 0.278899 -0.100000
v 1.898146 0.280042 -0.100000
v 1.901881 0.281119 -0.100000
v 1.905760 0.282132 -0.100000
v 1.909802 0.283070 -0.100000
v 1.914027 0.283928 -0.100000
v 1.918434 0.284703 -0.100000
v 1.923023 0.285397 -0.100000
v 1.927795 0.286009 -0.100000
v 1.932749 0.286540 -0.100000
v 1.937885 0.286989 -0.100000
v 1.943203 0.287356 -0.100000
v 1.948704 0.287642 -0.100000
v 1.954388 0.287846 -0.100000
v 1.960253 0.287969 -0.100000
v 1.966301 0.288009 -0.100000
v 1.972349 0.287969 -0.100000
v 1.978214 0.287846 -0.100000
v 1.983897 0.287642 -0.100000
v 1.989398 0.287356 -0.100000
v 1.994717 0.286989 -0.100000
v 1.999853 0.286540 -0.100000
v 2.004807 0.286009 -0.100000
v 2.009579 0.285397 -0.100000
v 2.014168 0.284703 -0.100000
v 2.018575 0.283928 -0.100000
v 2.022800 0.283070 -0.100000
v 2.026842 0.282132 -0.100000
v 2.030721 0.281119 -0.100000
v 2.034456 0.280042 -0.100000
v 2.038046 0.278899 -0.100000
v 2.041492 0.277691 -0.100000
v 2.044795 0.276417 -0.100000
v 2.047952 0.275078 -0.100000
v 2.050966 0.273674 -0.100000
v 2.053835 0.272205 -0.100000
v 2.056561 0.270670 -0.100000
v 2.059142 0.269070 -0.100000
v 2.061579 0.267405 -0.100000
v 2.063871 0.265674 -0.100000
v 2.066036 0.263882 -0.100000
v 2.068089 0.262033 -0.100000
v 2.070030 0.260127 -0.100000
v 2.071861 0.258164 -0.100000
v 2.073579 0.256143 -0.100000
v 2.075186 0.254065 -0.100000
v 2.076681 0.251931 -0.100000
v 2.078065 0.249739 -0.100000
v 2.079337 0.247490 -0.100000
v 2.080498 0.245183 -0.100000
v 2.081547 0.242820 -0.100000
v 2.082484 0.240400 -0.100000
v 2.083329 0.237927 -0.100000
v 2.084101 0.235409 -0.100000
v 2.084799 0.232844 -0.100000
v 2.085423 0.230233 -0.100000
v 2.085974 0.227576 -0.100000
v 2.086452 0.224873 -0.100000
v 2.086856 0.222123 -0.100000
v 2.087187 0.219327 -0.100000
v 2.087444 0.216485 -0.100000
v 2.087627 0.213596 -0.100000
v 2.087738 0.210661 -0.100000
v 1.933385 0.193574 -0.100000
v 1.933385 0.088166 -0.100000
v 1.933426 0.086878 -0.100000
v 1.933549 0.085625 -0.100000
v 1.933753 0.084407 -0.100000
v 1.934038 0.083224 -0.100000
v 1.934406 0.082078 -0.100000
v 1.934855 0.080966 -0.100000
v 1.935385 0.079890 -0.100000
v 1.935998 0.078849 -0.100000
v 1.936692 0.077843 -0.100000
v 1.937467 0.076873 -0.100000
v 1.938324 0.075939 -0.100000
v 1.939263 0.075039 -0.100000
v 1.940349 0.074194 -0.100000
v 1.941647 0.073423 -0.100000
v 1.943157 0.072725 -0.100000
v 1.944880 0.072100 -0.100000
v 1.946814 0.071549 -0.100000
v 1.948961 0.071072 -0.100000
v 1.951321 0.070668 -0.100000
v 1.953892 0.070337 -0.100000
v 1.956676 0.070080 -0.100000
v 1.959672 0.069896 -0.100000
v 1.962880 0.069786 -0.100000
v 1.966301 0.069749 -0.100000
v 1.969783 0.069786 -0.100000
v 1.973044 0.069896 -0.100000
v 1.976085 0.070080 -0.100000
v 1.978905 0.070337 -0.100000
v 1.981505 0.070668 -0.100000
v 1.983885 0.071072 -0.100000
v 1.986044 0.071549 -0.100000
v 1.987983 0.072100 -0.100000
v 1.989702 0.072725 -0.100000
v 1.991199 0.073423 -0.100000
v 1.992477 0.074194 -0.100000
v 1.993534 0.075039 -0.100000
v 1.994442 0.075939 -0.100000
v 1.995270 0.076873 -0.100000
v 1.996020 0.077843 -0.100000
v 1.996691 0.078849 -0.100000
v 1.997283 0.079890 -0.100000
v 1.997796 0.080966 -0.100000
v 1.998230 0.082077 -0.100000
v 1.998585 0.083224 -0.100000
v 1.998861 0.084407 -0.100000
v 1.999058 0.085625 -0.100000
v 1.999177 0.086878 -0.100000
v 1.999216 0.088166 -0.100000
v 1.999216 0.193574 -0.100000
v 1.999177 0.194861 -0.100000
v 1.999058 0.196110 -0.100000
v 1.998861 0.197321 -0.100000
v 1.998585 0.198494 -0.100000
v 1.998230 0.199628 -0.100000
v 1.997796 0.200725 -0.100000
v 1.997283 0.201783 -0.100000
v 1.996691 0.202804 -0.100000
v 1.996020 0.203786 -0.100000
v 1.995270 0.204730 -0.100000
v 1.994442 0.205637 -0.100000
v 1.993534 0.206505 -0.100000
v 1.992477 0.207318 -0.100000
v 1.991200 0.208061 -0.100000
v 1.989702 0.208733 -0.100000
v 1.987983 0.209335 -0.100000
v 1.986044 0.209865 -0.100000
v 1.983885 0.210325 -0.100000
v 1.981506 0.210714 -0.100000
v 1.978905 0.211033 -0.100000
v 1.976085 0.211280 -0.100000
v 1.973044 0.211457 -0.100000
v 1.969783 0.211563 -0.100000
v 1.966301 0.211599 -0.100000
v 1.962880 0.211563 -0.100000
v 1.959672 0.211457 -0.100000
v 1.956676 0.211280 -0.100000
v 1.953892 0.211033 -0.100000
v 1.951321 0.210714 -0.100000
v 1.948962 0.210325 -0.100000
v 1.946815 0.209865 -0.100000
v 1.944880 0.209335 -0.100000
v 1.943157 0.208733 -0.100000
v 1.941647 0.208061 -0.100000
v 1.940349 0.207318 -0.100000
v 1.939263 0.206505 -0.100000
v 1.938324 0.205637 -0.100000
v 1.937467 0.204730 -0.100000
v 1.936692 0.203786 -0.100000
v 1.935998 0.202804 -0.100000
v 1.935385 0.201783 -0.100000
v 1.934855 0.200725 -0.100000
v 1.934406 0.199628 -0.100000
v 1.934038 0.198494 -0.100000
v 1.933753 0.197321 -0.100000
v 1.933549 0.196110 -0.100000
v 1.933426 0.194861 -0.100000
v 1.602664 0.014107 -0.100000
v 1.602566 0.011853 -0.100000
v 1.602273 0.009796 -0.100000
v 1.601783 0.007935 -0.100000
v 1.601097 0.006270 -0.100000
v 1.600215 0.004800 -0.100000
v 1.599138 0.003527 -0.100000
v 1.597864 0.002449 -0.100000
v 1.596395 0.001567 -0.100000
v 1.594730 0.000882 -0.100000
v 1.592868 0.000392 -0.100000
v 1.590811 0.000098 -0.100000
v 1.588558 0.000000 -0.100000
v 1.530172 0.000000 -0.100000
v 1.527919 0.000098 -0.100000
v 1.525862 0.000392 -0.100000
v 1.524001 0.000882 -0.100000
v 1.522335 0.001567 -0.100000
v 1.520866 0.002449 -0.100000
v 1.519592 0.003527 -0.100000
v 1.518515 0.004800 -0.100000
v 1.517633 0.006270 -0.100000
v 1.516947 0.007935 -0.100000
v 1.516458 0.009796 -0.100000
v 1.516164 0.011853 -0.100000
v 1.516066 0.014107 -0.100000
v 1.516066 0.268025 -0.100000
v 1.516164 0.270278 -0.100000
v 1.516458 0.272335 -0.100000
v 1.516947 0.274197 -0.100000
v 1.517633 0.275862 -0.100000
v 1.518515 0.277331 -0.100000
v 1.519592 0.278605 -0.100000
v 1.520866 0.279683 -0.100000
v 1.522335 0.280564 -0.100000
v 1.524001 0.281250 -0.100000
v 1.525862 0.281740 -0.100000
v 1.527919 0.282034 -0.100000
v 1.530172 0.282132 -0.100000
v 1.593260 0.282132 -0.100000
v 1.595181 0.282050 -0.100000
v 1.597026 0.281805 -0.100000
v 1.598795 0.281397 -0.100000
v 1.600488 0.280825 -0.100000
v 1.602104 0.280091 -0.100000
v 1.603644 0.279193 -0.100000
v 1.605108 0.278132 -0.100000
v 1.606496 0.276907 -0.100000
v 1.607808 0.275519 -0.100000
v 1.609043 0.273968 -0.100000
v 1.610202 0.272254 -0.100000
v 1.611285 0.270376 -0.100000
v 1.646552 0.206505 -0.100000
v 1.646874 0.205931 -0.100000
v 1.647188 0.205384 -0.100000
v 1.647495 0.204864 -0.100000
v 1.647793 0.204371 -0.100000
v 1.648082 0.203906 -0.100000
v 1.648364 0.203468 -0.100000
v 1.648638 0.203057 -0.100000
v 1.648903 0.202673 -0.100000
v 1.649160 0.202317 -0.100000
v 1.649409 0.201988 -0.100000
v 1.649650 0.201685 -0.100000
v 1.649882 0.201411 -0.100000
v 1.650118 0.201160 -0.100000
v 1.650367 0.200932 -0.100000
v 1.650629 0.200725 -0.100000
v 1.650906 0.200540 -0.100000
v 1.651195 0.200377 -0.100000
v 1.651499 0.200235 -0.100000
v 1.651816 0.200115 -0.100000
v 1.652146 0.200017 -0.100000
v 1.652491 0.199941 -0.100000
v 1.652848 0.199887 -0.100000
v 1.653220 0.199854 -0.100000
v 1.653605 0.199843 -0.100000
v 1.657132 0.199843 -0.100000
v 1.657517 0.199854 -0.100000
v 1.657888 0.199887 -0.100000
v 1.658246 0.199941 -0.100000
v 1.658590 0.200017 -0.100000
v 1.658921 0.200115 -0.100000
v 1.659238 0.200235 -0.100000
v 1.659541 0.200377 -0.100000
v 1.659831 0.200540 -0.100000
v 1.660107 0.200725 -0.100000
v 1.660370 0.200932 -0.100000
v 1.660619 0.201160 -0.100000
v 1.660854 0.201411 -0.100000
v 1.661087 0.201685 -0.100000
v 1.661328 0.201988 -0.100000
v 1.661577 0.202317 -0.100000
v 1.661834 0.202673 -0.100000
v 1.662099 0.203057 -0.100000
v 1.662373 0.203468 -0.100000
v 1.662654 0.203906 -0.100000
v 1.662944 0.204371 -0.100000
v 1.663242 0.204864 -0.100000
v 1.663548 0.205384 -0.100000
v 1.663863 0.205931 -0.100000
v 1.664185 0.206505 -0.100000
v 1.699059 0.270376 -0.100000
v 1.700143 0.272254 -0.100000
v 1.701302 0.273968 -0.100000
v 1.702537 0.275519 -0.100000
v 1.703849 0.276907 -0.100000
v 1.705237 0.278132 -0.100000
v 1.706701 0.279193 -0.100000
v 1.708241 0.280091 -0.100000
v 1.709857 0.280825 -0.100000
v 1.711550 0.281397 -0.100000
v 1.713318 0.281805 -0.100000
v 1.715163 0.282050 -0.100000
v 1.717085 0.282132 -0.100000
v 1.780564 0.282132 -0.100000
v 1.782817 0.282034 -0.100000
v 1.784874 0.281740 -0.100000
v 1.786736 0.281250 -0.100000
v 1.788401 0.280564 -0.100000
v 1.789871 0.279683 -0.100000
v 1.791144 0.278605 -0.100000
v 1.792222 0.277332 -0.100000
v 1.793103 0.275862 -0.100000
v 1.793789 0.274197 -0.100000
v 1.794279 0.272335 -0.100000
v 1.794573 0.270278 -0.100000
v 1.794671 0.268025 -0.100000
v 1.794671 0.014107 -0.100000
v 1.794573 0.011853 -0.100000
v 1.794279 0.009796 -0.100000
v 1.793789 0.007935 -0.100000
v 1.793103 0.006270 -0.100000
v 1.792222 0.004800 -0.100000
v 1.791144 0.003527 -0.100000
v 1.789871 0.002449 -0.100000
v 1.788401 0.001567 -0.100000
v 1.786736 0.000882 -0.100000
v 1.784874 0.000392 -0.100000
v 1.782817 0.000098 -0.100000
v 1.780564 0.000000 -0.100000
v 1.720219 0.000000 -0.100000
v 1.717966 0.000098 -0.100000
v 1.715909 0.000392 -0.100000
v 1.714048 0.000882 -0.100000
v 1.712382 0.001567 -0.100000
v 1.710913 0.002449 -0.100000
v 1.709639 0.003527 -0.100000
v 1.708562 0.004800 -0.100000
v 1.707680 0.006270 -0.100000
v 1.706994 0.007935 -0.100000
v 1.706505 0.009796 -0.100000
v 1.706211 0.011853 -0.100000
v 1.706113 0.014107 -0.100000
v 1.706113 0.152038 -0.100000
v 1.682994 0.109326 -0.100000
v 1.681832 0.107323 -0.100000
v 1.680566 0.105495 -0.100000
v 1.679198 0.103840 -0.100000
v 1.677725 0.102360 -0.100000
v 1.676150 0.101054 -0.100000
v 1.674471 0.099922 -0.100000
v 1.672688 0.098964 -0.100000
v 1.670803 0.098180 -0.100000
v 1.668814 0.097571 -0.100000
v 1.666721 0.097135 -0.100000
v 1.664525 0.096874 -0.100000
v 1.662226 0.096787 -0.100000
v 1.646552 0.096787 -0.100000
v 1.644252 0.096874 -0.100000
v 1.642056 0.097135 -0.100000
v 1.639964 0.097571 -0.100000
v 1.637975 0.098180 -0.100000
v 1.636089 0.098964 -0.100000
v 1.634306 0.099922 -0.100000
v 1.632627 0.101054 -0.100000
v 1.631052 0.102360 -0.100000
v 1.629580 0.103840 -0.100000
v 1.628211 0.105495 -0.100000
v 1.626945 0.107323 -0.100000
v 1.625784 0.109326 -0.100000
v 1.602664 0.152038 -0.100000
v 1.219828 0.014107 -0.100000
v 1.219730 0.011853 -0.100000
v 1.219436 0.009796 -0.100000
v 1.218946 0.007935 -0.100000
v 1.218260 0.006270 -0.100000
v 1.217378 0.004800 -0.100000
v 1.216301 0.003527 -0.100000
v 1.215027 0.002449 -0.100000
v 1.213558 0.001567 -0.100000
v 1.211893 0.000882 -0.100000
v 1.210031 0.000392 -0.100000
v 1.207974 0.000098 -0.100000
v 1.205721 0.000000 -0.100000
v 1.146944 0.000000 -0.100000
v 1.144690 0.000098 -0.100000
v 1.142633 0.000392 -0.100000
v 1.140772 0.000882 -0.100000
v 1.139107 0.001567 -0.100000
v 1.137637 0.002449 -0.100000
v 1.136364 0.003527 -0.100000
v 1.135286 0.004800 -0.100000
v 1.134404 0.006270 -0.100000
v 1.133719 0.007935 -0.100000
v 1.133229 0.009796 -0.100000
v 1.132935 0.011853 -0.100000
v 1.132837 0.014107 -0.100000
v 1.132837 0.268025 -0.100000
v 1.132935 0.270278 -0.100000
v 1.133229 0.272335 -0.100000
v 1.133719 0.274197 -0.100000
v 1.134404 0.275862 -0.100000
v 1.135286 0.277331 -0.100000
v 1.136364 0.278605 -0.100000
v 1.137637 0.279683 -0.100000
v 1.139107 0.280564 -0.100000
v 1.140772 0.281250 -0.100000
v 1.142633 0.281740 -0.100000
v 1.144690 0.282034 -0.100000
v 1.146944 0.282132 -0.100000
v 1.187696 0.282132 -0.100000
v 1.190012 0.282058 -0.100000
v 1.192257 0.281838 -0.100000
v 1.194431 0.281470 -0.100000
v 1.196534 0.280956 -0.100000
v 1.198567 0.280295 -0.100000
v 1.200529 0.279487 -0.100000
v 1.202420 0.278532 -0.100000
v 1.204241 0.277429 -0.100000
v 1.205990 0.276180 -0.100000
v 1.207669 0.274785 -0.100000
v 1.209278 0.273242 -0.100000
v 1.210815 0.271552 -0.100000
v 1.286834 0.184561 -0.100000
v 1.286834 0.268025 -0.100000
v 1.286932 0.270278 -0.100000
v 1.287226 0.272335 -0.100000
v 1.287715 0.274197 -0.100000
v 1.288401 0.275862 -0.100000
v 1.289283 0.277331 -0.100000
v 1.290360 0.278605 -0.100000
v 1.291634 0.279683 -0.100000
v 1.293103 0.280564 -0.100000
v 1.294769 0.281250 -0.100000
v 1.296630 0.281740 -0.100000
v 1.298687 0.282034 -0.100000
v 1.300940 0.282132 -0.100000
v 1.359718 0.282132 -0.100000
v 1.361971 0.282034 -0.100000
v 1.364028 0.281740 -0.100000
v 1.365889 0.281250 -0.100000
v 1.367555 0.280564 -0.100000
v 1.369024 0.279683 -0.100000
v 1.370298 0.278605 -0.100000
v 1.371375 0.277332 -0.100000
v 1.372257 0.275862 -0.100000
v 1.372942 0.274197 -0.100000
v 1.373432 0.272335 -0.100000
v 1.373726 0.270278 -0.100000
v 1.373824 0.268025 -0.100000
v 1.373824 0.014107 -0.100000
v 1.373726 0.011853 -0.100000
v 1.373433 0.009796 -0.100000
v 1.372943 0.007935 -0.100000
v 1.372257 0.006270 -0.100000
v 1.371375 0.004800 -0.100000
v 1.370298 0.003527 -0.100000
v 1.369024 0.002449 -0.100000
v 1.367555 0.001567 -0.100000
v 1.365890 0.000882 -0.100000
v 1.364028 0.000392 -0.100000
v 1.361971 0.000098 -0.100000
v 1.359718 0.000000 -0.100000
v 1.300940 0.000000 -0.100000
v 1.298687 0.000098 -0.100000
v 1.296630 0.000392 -0.100000
v 1.294769 0.000882 -0.100000
v 1.293103 0.001567 -0.100000
v 1.291634 0.002449 -0.100000
v 1.290360 0.003527 -0.100000
v 1.289283 0.004800 -0.100000
v 1.288401 0.006270 -0.100000
v 1.287715 0.007935 -0.100000
v 1.287226 0.009796 -0.100000
v 1.286932 0.011853 -0.100000
v 1.286834 0.014107 -0.100000
v 1.286834 0.062304 -0.100000
v 1.219828 0.143417 -0.100000
v 0.930251 0.014107 -0.100000
v 0.930153 0.011853 -0.100000
v 0.929859 0.009796 -0.100000
v 0.929369 0.007935 -0.100000
v 0.928683 0.006270 -0.100000
v 0.927802 0.004800 -0.100000
v 0.926724 0.003527 -0.100000
v 0.925451 0.002449 -0.100000
v 0.923981 0.001567 -0.100000
v 0.922316 0.000882 -0.100000
v 0.920454 0.000392 -0.100000
v 0.918397 0.000098 -0.100000
v 0.916144 0.000000 -0.100000
v 0.855799 0.000000 -0.100000
v 0.853546 0.000098 -0.100000
v 0.851489 0.000392 -0.100000
v 0.849628 0.000882 -0.100000
v 0.847962 0.001567 -0.100000
v 0.846493 0.002449 -0.100000
v 0.845219 0.003527 -0.100000
v 0.844142 0.004800 -0.100000
v 0.843260 0.006270 -0.100000
v 0.842574 0.007935 -0.100000
v 0.842085 0.009796 -0.100000
v 0.841791 0.011853 -0.100000
v 0.841693 0.014107 -0.100000
v 0.841693 0.268025 -0.100000
v 0.841791 0.270278 -0.100000
v 0.842085 0.272335 -0.100000
v 0.842574 0.274197 -0.100000
v 0.843260 0.275862 -0.100000
v 0.844142 0.277331 -0.100000
v 0.845219 0.278605 -0.100000
v 0.846493 0.279683 -0.100000
v 0.847962 0.280564 -0.100000
v 0.849628 0.281250 -0.100000
v 0.851489 0.281740 -0.100000
v 0.853546 0.282034 -0.100000
v 0.855799 0.282132 -0.100000
v 0.986285 0.282132 -0.100000
v 0.991096 0.282075 -0.100000
v 0.995733 0.281903 -0.100000
v 1.000196 0.281617 -0.100000
v 1.004484 0.281217 -0.100000
v 1.008599 0.280703 -0.100000
v 1.012539 0.280074 -0.100000
v 1.016305 0.279332 -0.100000
v 1.019897 0.278474 -0.100000
v 1.023315 0.277503 -0.100000
v 1.026558 0.276417 -0.100000
v 1.029628 0.275217 -0.100000
v 1.032523 0.273903 -0.100000
v 1.035264 0.272486 -0.100000
v 1.037868 0.270980 -0.100000
v 1.040336 0.269384 -0.100000
v 1.042668 0.267698 -0.100000
v 1.044864 0.265923 -0.100000
v 1.046924 0.264058 -0.100000
v 1.048848 0.262102 -0.100000
v 1.050636 0.260057 -0.100000
v 1.052287 0.257923 -0.100000
v 1.053803 0.255698 -0.100000
v 1.055183 0.253384 -0.100000
v 1.056426 0.250980 -0.100000
v 1.057553 0.248497 -0.100000
v 1.058581 0.245945 -0.100000
v 1.059512 0.243326 -0.100000
v 1.060345 0.240639 -0.100000
v 1.061080 0.237884 -0.100000
v 1.061716 0.235061 -0.100000
v 1.062255 0.232169 -0.100000
v 1.062696 0.229210 -0.100000
v 1.063039 0.226183 -0.100000
v 1.063284 0.223088 -0.100000
v 1.063431 0.219924 -0.100000
v 1.063480 0.216693 -0.100000
v 1.063480 0.198668 -0.100000
v 1.063447 0.195960 -0.100000
v 1.063349 0.193323 -0.100000
v 1.063186 0.190757 -0.100000
v 1.062957 0.188262 -0.100000
v 1.062663 0.185837 -0.100000
v 1.062304 0.183484 -0.100000
v 1.061880 0.181200 -0.100000
v 1.061390 0.178988 -0.100000
v 1.060835 0.176847 -0.100000
v 1.060214 0.174776 -0.100000
v 1.059528 0.172776 -0.100000
v 1.058777 0.170846 -0.100000
v 1.057939 0.168993 -0.100000
v 1.056992 0.167222 -0.100000
v 1.055936 0.165532 -0.100000
v 1.054772 0.163924 -0.100000
v 1.053498 0.162397 -0.100000
v 1.052116 0.160952 -0.100000
v 1.050625 0.159589 -0.100000
v 1.049025 0.158307 -0.100000
v 1.047316 0.157107 -0.100000
v 1.045498 0.155989 -0.100000
v 1.043571 0.154952 -0.100000
v 1.041536 0.153997 -0.100000
v 1.045068 0.153518 -0.100000
v 1.048480 0.152865 -0.100000
v 1.051773 0.152038 -0.100000
v 1.054946 0.151036 -0.100000
v 1.057999 0.149861 -0.100000
v 1.060933 0.148511 -0.100000
v 1.063746 0.146987 -0.100000
v 1.066440 0.145289 -0.100000
v 1.069014 0.143417 -0.100000
v 1.071469 0.141371 -0.100000
v 1.073804 0.139150 -0.100000
v 1.076019 0.136755 -0.100000
v 1.078084 0.134206 -0.100000
v 1.079970 0.131520 -0.100000
v 1.081676 0.128698 -0.100000
v 1.083203 0.125740 -0.100000
v 1.084550 0.122646 -0.100000
v 1.085717 0.119416 -0.100000
v 1.086705 0.116050 -0.100000
v 1.087513 0.112548 -0.100000
v 1.088142 0.108910 -0.100000
v 1.088591 0.105135 -0.100000
v 1.088860 0.101225 -0.100000
v 1.088950 0.097179 -0.100000
v 1.088950 0.014107 -0.100000
v 1.088852 0.011853 -0.100000
v 1.088558 0.009796 -0.100000
v 1.088068 0.007935 -0.100000
v 1.087382 0.006270 -0.100000
v 1.086501 0.004800 -0.100000
v 1.085423 0.003527 -0.100000
v 1.084150 0.002449 -0.100000
v 1.082680 0.001567 -0.100000
v 1.081015 0.000882 -0.100000
v 1.079154 0.000392 -0.100000
v 1.077096 0.000098 -0.100000
v 1.074843 0.000000 -0.100000
v 1.014107 0.000000 -0.100000
v 1.011853 0.000098 -0.100000
v 1.009796 0.000392 -0.100000
v 1.007935 0.000882 -0.100000
v 1.006269 0.001567 -0.100000
v 1.004800 0.002449 -0.100000
v 1.003526 0.003527 -0.100000
v 1.002449 0.004800 -0.100000
v 1.001567 0.006270 -0.100000
v 1.000882 0.007935 -0.100000
v 1.000392 0.009796 -0.100000
v 1.000098 0.011853 -0.100000
v 1.000000 0.014107 -0.100000
v 1.000000 0.074060 -0.100000
v 0.999977 0.075526 -0.100000
v 0.999907 0.076922 -0.100000
v 0.999792 0.078247 -0.100000
v 0.999630 0.079502 -0.100000
v 0.999422 0.080686 -0.100000
v 0.999167 0.081799 -0.100000
v 0.998867 0.082841 -0.100000
v 0.998520 0.083812 -0.100000
v 0.998126 0.084713 -0.100000
v 0.997687 0.085543 -0.100000
v 0.997201 0.086302 -0.100000
v 0.996669 0.086991 -0.100000
v 0.996080 0.087616 -0.100000
v 0.995423 0.088188 -0.100000
v 0.994698 0.088705 -0.100000
v 0.993905 0.089168 -0.100000
v 0.993043 0.089576 -0.100000
v 0.992114 0.089929 -0.100000
v 0.991117 0.090229 -0.100000
v 0.990051 0.090474 -0.100000
v 0.988918 0.090664 -0.100000
v 0.987717 0.090800 -0.100000
v 0.986447 0.090882 -0.100000
v 0.985110 0.090909 -0.100000
v 0.930251 0.090909 -0.100000
v 0.959639 0.211599 -0.100000
v 0.930251 0.211599 -0.100000
v 0.930251 0.161442 -0.100000
v 0.959639 0.161442 -0.100000
v 0.961291 0.161479 -0.100000
v 0.962850 0.161589 -0.100000
v 0.964317 0.161773 -0.100000
v 0.965691 0.162030 -0.100000
v 0.966973 0.162360 -0.100000
v 0.968162 0.162764 -0.100000
v 0.969259 0.163242 -0.100000
v 0.970263 0.163793 -0.100000
v 0.971174 0.164418 -0.100000
v 0.971994 0.165116 -0.100000
v 0.972720 0.165887 -0.100000
v 0.973354 0.166732 -0.100000
v 0.973917 0.167631 -0.100000
v 0.974432 0.168566 -0.100000
v 0.974897 0.169536 -0.100000
v 0.975313 0.170542 -0.100000
v 0.975681 0.171582 -0.100000
v 0.975999 0.172659 -0.100000
v 0.976269 0.173770 -0.100000
v 0.976489 0.174917 -0.100000
v 0.976660 0.176100 -0.100000
v 0.976783 0.177317 -0.100000
v 0.976856 0.178570 -0.100000
v 0.976881 0.179859 -0.100000
v 0.976881 0.193182 -0.100000
v 0.976856 0.194470 -0.100000
v 0.976783 0.195723 -0.100000
v 0.976660 0.196941 -0.100000
v 0.976489 0.198123 -0.100000
v 0.976269 0.199270 -0.100000
v 0.975999 0.200382 -0.100000
v 0.975681 0.201458 -0.100000
v 0.975313 0.202499 -0.100000
v 0.974897 0.203505 -0.100000
v 0.974432 0.204475 -0.100000
v 0.973917 0.205409 -0.100000
v 0.973354 0.206309 -0.100000
v 0.972720 0.207154 -0.100000
v 0.971994 0.207925 -0.100000
v 0.971174 0.208623 -0.100000
v 0.970263 0.209248 -0.100000
v 0.969259 0.209799 -0.100000
v 0.968162 0.210276 -0.100000
v 0.966973 0.210680 -0.100000
v 0.965691 0.211011 -0.100000
v 0.964317 0.211268 -0.100000
v 0.962850 0.211452 -0.100000
v 0.961291 0.211562 -0.100000
v 0.635580 0.068966 -0.100000
v 0.635580 0.014107 -0.100000
v 0.635482 0.011853 -0.100000
v 0.635188 0.009796 -0.100000
v 0.634698 0.007935 -0.100000
v 0.634012 0.006270 -0.100000
v 0.633131 0.004800 -0.100000
v 0.632053 0.003527 -0.100000
v 0.630780 0.002449 -0.100000
v 0.629310 0.001567 -0.100000
v 0.627645 0.000882 -0.100000
v 0.625784 0.000392 -0.100000
v 0.623726 0.000098 -0.100000
v 0.621473 0.000000 -0.100000
v 0.563871 0.000000 -0.100000
v 0.561618 0.000098 -0.100000
v 0.559561 0.000392 -0.100000
v 0.557700 0.000882 -0.100000
v 0.556035 0.001567 -0.100000
v 0.554565 0.002449 -0.100000
v 0.553292 0.003527 -0.100000
v 0.552214 0.004800 -0.100000
v 0.551332 0.006270 -0.100000
v 0.550647 0.007935 -0.100000
v 0.550157 0.009796 -0.100000
v 0.549863 0.011853 -0.100000
v 0.549765 0.014107 -0.100000
v 0.549765 0.117555 -0.100000
v 0.549791 0.119539 -0.100000
v 0.549868 0.121571 -0.100000
v 0.549998 0.123653 -0.100000
v 0.550179 0.125784 -0.100000
v 0.550411 0.127963 -0.100000
v 0.550696 0.130192 -0.100000
v 0.551032 0.132470 -0.100000
v 0.551419 0.134796 -0.100000
v 0.551859 0.137172 -0.100000
v 0.552350 0.139596 -0.100000
v 0.552893 0.142070 -0.100000
v 0.553487 0.144592 -0.100000
v 0.554136 0.147175 -0.100000
v 0.554843 0.149828 -0.100000
v 0.555606 0.152552 -0.100000
v 0.556426 0.155347 -0.100000
v 0.557304 0.158212 -0.100000
v 0.558239 0.161148 -0.100000
v 0.559230 0.164155 -0.100000
v 0.560279 0.167233 -0.100000
v 0.561386 0.170381 -0.100000
v 0.562549 0.173600 -0.100000
v 0.563769 0.176890 -0.100000
v 0.565047 0.180251 -0.100000
v 0.599138 0.269201 -0.100000
v 0.599935 0.271266 -0.100000
v 0.600890 0.273152 -0.100000
v 0.602003 0.274858 -0.100000
v 0.603274 0.276385 -0.100000
v 0.604703 0.277731 -0.100000
v 0.606289 0.278899 -0.100000
v 0.608033 0.279887 -0.100000
v 0.609935 0.280695 -0.100000
v 0.611995 0.281323 -0.100000
v 0.614213 0.281772 -0.100000
v 0.616589 0.282042 -0.100000
v 0.619122 0.282132 -0.100000
v 0.724530 0.282132 -0.100000
v 0.727001 0.282042 -0.100000
v 0.729319 0.281772 -0.100000
v 0.731485 0.281323 -0.100000
v 0.733499 0.280695 -0.100000
v 0.735360 0.279887 -0.100000
v 0.737069 0.278899 -0.100000
v 0.738625 0.277732 -0.100000
v 0.740030 0.276385 -0.100000
v 0.741281 0.274858 -0.100000
v 0.742381 0.273152 -0.100000
v 0.743328 0.271266 -0.100000
v 0.744122 0.269201 -0.100000
v 0.778213 0.180251 -0.100000
v 0.779491 0.176890 -0.100000
v 0.780711 0.173600 -0.100000
v 0.781874 0.170381 -0.100000
v 0.782981 0.167233 -0.100000
v 0.784030 0.164155 -0.100000
v 0.785021 0.161148 -0.100000
v 0.785956 0.158212 -0.100000
v 0.786834 0.155347 -0.100000
v 0.787654 0.152552 -0.100000
v 0.788418 0.149828 -0.100000
v 0.789124 0.147175 -0.100000
v 0.789773 0.144592 -0.100000
v 0.790367 0.142070 -0.100000
v 0.790910 0.139596 -0.100000
v 0.791401 0.137172 -0.100000
v 0.791841 0.134796 -0.100000
v 0.792229 0.132470 -0.100000
v 0.792565 0.130192 -0.100000
v 0.792849 0.127963 -0.100000
v 0.793082 0.125784 -0.100000
v 0.793263 0.123653 -0.100000
v 0.793392 0.121571 -0.100000
v 0.793469 0.119539 -0.100000
v 0.793495 0.117555 -0.100000
v 0.793495 0.014107 -0.100000
v 0.793397 0.011853 -0.100000
v 0.793103 0.009796 -0.100000
v 0.792614 0.007935 -0.100000
v 0.791928 0.006270 -0.100000
v 0.791046 0.004800 -0.100000
v 0.789969 0.003527 -0.100000
v 0.788695 0.002449 -0.100000
v 0.787226 0.001567 -0.100000
v 0.785560 0.000882 -0.100000
v 0.783699 0.000392 -0.100000
v 0.781642 0.000098 -0.100000
v 0.779389 0.000000 -0.100000
v 0.720219 0.000000 -0.100000
v 0.717779 0.000098 -0.100000
v 0.715550 0.000392 -0.100000
v 0.713534 0.000882 -0.100000
v 0.711729 0.001567 -0.100000
v 0.710138 0.002449 -0.100000
v 0.708758 0.003527 -0.100000
v 0.707591 0.004800 -0.100000
v 0.706635 0.006270 -0.100000
v 0.705893 0.007935 -0.100000
v 0.705362 0.009796 -0.100000
v 0.705044 0.011853 -0.100000
v 0.704937 0.014107 -0.100000
v 0.704937 0.068966 -0.100000
v 0.665360 0.206505 -0.100000
v 0.664590 0.206458 -0.100000
v 0.663848 0.206320 -0.100000
v 0.663132 0.206088 -0.100000
v 0.662443 0.205765 -0.100000
v 0.661782 0.205348 -0.100000
v 0.661148 0.204839 -0.100000
v 0.660541 0.204238 -0.100000
v 0.659962 0.203544 -0.100000
v 0.659409 0.202758 -0.100000
v 0.658884 0.201879 -0.100000
v 0.658386 0.200907 -0.100000
v 0.657915 0.199843 -0.100000
v 0.639498 0.140282 -0.100000
v 0.701019 0.140282 -0.100000
v 0.682602 0.199843 -0.100000
v 0.682131 0.200907 -0.100000
v 0.681633 0.201879 -0.100000
v 0.681108 0.202758 -0.100000
v 0.680555 0.203544 -0.100000
v 0.679976 0.204238 -0.100000
v 0.679369 0.204839 -0.100000
v 0.678735 0.205348 -0.100000
v 0.678074 0.205765 -0.100000
v 0.677385 0.206088 -0.100000
v 0.676670 0.206320 -0.100000
v 0.675927 0.206458 -0.100000
v 0.675157 0.206505 -0.100000
v 0.509404 0.014107 -0.100000
v 0.509306 0.011853 -0.100000
v 0.509012 0.009796 -0.100000
v 0.508523 0.007935 -0.100000
v 0.507837 0.006270 -0.100000
v 0.506955 0.004800 -0.100000
v 0.505878 0.003527 -0.100000
v 0.504604 0.002449 -0.100000
v 0.503135 0.001567 -0.100000
v 0.501469 0.000882 -0.100000
v 0.499608 0.000392 -0.100000
v 0.497551 0.000098 -0.100000
v 0.495298 0.000000 -0.100000
v 0.313480 0.000000 -0.100000
v 0.311226 0.000098 -0.100000
v 0.309169 0.000392 -0.100000
v 0.307308 0.000882 -0.100000
v 0.305643 0.001567 -0.100000
v 0.304173 0.002449 -0.100000
v 0.302900 0.003527 -0.100000
v 0.301822 0.004800 -0.100000
v 0.300940 0.006270 -0.100000
v 0.300255 0.007935 -0.100000
v 0.299765 0.009796 -0.100000
v 0.299471 0.011853 -0.100000
v 0.299373 0.014107 -0.100000
v 0.299373 0.268025 -0.100000
v 0.299471 0.270278 -0.100000
v 0.299765 0.272335 -0.100000
v 0.300255 0.274197 -0.100000
v 0.300940 0.275862 -0.100000
v 0.301822 0.277331 -0.100000
v 0.302900 0.278605 -0.100000
v 0.304173 0.279683 -0.100000
v 0.305643 0.280564 -0.100000
v 0.307308 0.281250 -0.100000
v 0.309169 0.281740 -0.100000
v 0.311226 0.282034 -0.100000
v 0.313480 0.282132 -0.100000
v 0.495298 0.282132 -0.100000
v 0.497551 0.282034 -0.100000
v 0.499608 0.281740 -0.100000
v 0.501469 0.281250 -0.100000
v 0.503135 0.280564 -0.100000
v 0.504604 0.279683 -0.100000
v 0.505878 0.278605 -0.100000
v 0.506955 0.277332 -0.100000
v 0.507837 0.275862 -0.100000
v 0.508523 0.274197 -0.100000
v 0.509013 0.272335 -0.100000
v 0.509306 0.270278 -0.100000
v 0.509404 0.268025 -0.100000
v 0.509404 0.222179 -0.100000
v 0.509306 0.219926 -0.100000
v 0.509012 0.217868 -0.100000
v 0.508523 0.216007 -0.100000
v 0.507837 0.214342 -0.100000
v 0.506955 0.212872 -0.100000
v 0.505878 0.211599 -0.100000
v 0.504604 0.210521 -0.100000
v 0.503135 0.209639 -0.100000
v 0.501469 0.208954 -0.100000
v 0.499608 0.208464 -0.100000
v 0.497551 0.208170 -0.100000
v 0.495298 0.208072 -0.100000
v 0.387147 0.208072 -0.100000
v 0.387147 0.177900 -0.100000
v 0.463558 0.177900 -0.100000
v 0.465811 0.177802 -0.100000
v 0.467868 0.177508 -0.100000
v 0.469730 0.177018 -0.100000
v 0.471395 0.176332 -0.100000
v 0.472864 0.175451 -0.100000
v 0.474138 0.174373 -0.100000
v 0.475215 0.173100 -0.100000
v 0.476097 0.171630 -0.100000
v 0.476783 0.169965 -0.100000
v 0.477273 0.168103 -0.100000
v 0.477567 0.166046 -0.100000
v 0.477665 0.163793 -0.100000
v 0.477665 0.121865 -0.100000
v 0.477567 0.119612 -0.100000
v 0.477273 0.117555 -0.100000
v 0.476783 0.115694 -0.100000
v 0.476097 0.114028 -0.100000
v 0.475215 0.112559 -0.100000
v 0.474138 0.111285 -0.100000
v 0.472864 0.110208 -0.100000
v 0.471395 0.109326 -0.100000
v 0.469730 0.108640 -0.100000
v 0.467868 0.108150 -0.100000
v 0.465811 0.107857 -0.100000
v 0.463558 0.107759 -0.100000
v 0.387147 0.107759 -0.100000
v 0.387147 0.074060 -0.100000
v 0.495298 0.074060 -0.100000
v 0.497551 0.073962 -0.100000
v 0.499608 0.073668 -0.100000
v 0.501469 0.073178 -0.100000
v 0.503135 0.072492 -0.100000
v 0.504604 0.071611 -0.100000
v 0.505878 0.070533 -0.100000
v 0.506955 0.069259 -0.100000
v 0.507837 0.067790 -0.100000
v 0.508523 0.066125 -0.100000
v 0.509013 0.064263 -0.100000
v 0.509306 0.062206 -0.100000
v 0.509404 0.059953 -0.100000
v 0.254702 0.014107 -0.100000
v 0.254604 0.011853 -0.100000
v 0.254310 0.009796 -0.100000
v 0.253821 0.007935 -0.100000
v 0.253135 0.006270 -0.100000
v 0.252253 0.004800 -0.100000
v 0.251176 0.003527 -0.100000
v 0.249902 0.002449 -0.100000
v 0.248433 0.001567 -0.100000
v 0.246767 0.000882 -0.100000
v 0.244906 0.000392 -0.100000
v 0.242849 0.000098 -0.100000
v 0.240596 0.000000 -0.100000
v 0.041144 0.000000 -0.100000
v 0.038891 0.000098 -0.100000
v 0.036834 0.000392 -0.100000
v 0.034973 0.000882 -0.100000
v 0.033307 0.001567 -0.100000
v 0.031838 0.002449 -0.100000
v 0.030564 0.003527 -0.100000
v 0.029487 0.004800 -0.100000
v 0.028605 0.006270 -0.100000
v 0.027919 0.007935 -0.100000
v 0.027429 0.009796 -0.100000
v 0.027136 0.011853 -0.100000
v 0.027038 0.014107 -0.100000
v 0.027038 0.268025 -0.100000
v 0.027136 0.270278 -0.100000
v 0.027429 0.272335 -0.100000
v 0.027919 0.274197 -0.100000
v 0.028605 0.275862 -0.100000
v 0.029487 0.277331 -0.100000
v 0.030564 0.278605 -0.100000
v 0.031838 0.279683 -0.100000
v 0.033307 0.280564 -0.100000
v 0.034973 0.281250 -0.100000
v 0.036834 0.281740 -0.100000
v 0.038891 0.282034 -0.100000
v 0.041144 0.282132 -0.100000
v 0.101881 0.282132 -0.100000
v 0.104134 0.282034 -0.100000
v 0.106191 0.281740 -0.100000
v 0.108052 0.281250 -0.100000
v 0.109718 0.280564 -0.100000
v 0.111187 0.279683 -0.100000
v 0.112461 0.278605 -0.100000
v 0.113538 0.277332 -0.100000
v 0.114420 0.275862 -0.100000
v 0.115106 0.274197 -0.100000
v 0.115596 0.272335 -0.100000
v 0.115889 0.270278 -0.100000
v 0.115987 0.268025 -0.100000
v 0.115987 0.074060 -0.100000
v 0.169671 0.074060 -0.100000
v 0.169671 0.137539 -0.100000
v 0.169769 0.139792 -0.100000
v 0.170063 0.141850 -0.100000
v 0.170552 0.143711 -0.100000
v 0.171238 0.145376 -0.100000
v 0.172120 0.146846 -0.100000
v 0.173197 0.148119 -0.100000
v 0.174471 0.149197 -0.100000
v 0.175940 0.150078 -0.100000
v 0.177606 0.150764 -0.100000
v 0.179467 0.151254 -0.100000
v 0.181524 0.151548 -0.100000
v 0.183777 0.151646 -0.100000
v 0.240596 0.151646 -0.100000
v 0.242849 0.151548 -0.100000
v 0.244906 0.151254 -0.100000
v 0.246767 0.150764 -0.100000
v 0.248433 0.150078 -0.100000
v 0.249902 0.149197 -0.100000
v 0.251176 0.148119 -0.100000
v 0.252253 0.146846 -0.100000
v 0.253135 0.145376 -0.100000
v 0.253821 0.143711 -0.100000
v 0.254310 0.141850 -0.100000
v 0.254604 0.139792 -0.100000
v 0.254702 0.137539 -0.100000
v 0.254702 0.014107 -0.100000
v 0.254702 0.014107 0.100000
v 0.254604 0.011853 -0.100000
v 0.254604 0.011853 0.100000
v 0.254310 0.009796 -0.100000
v 0.254310 0.009796 0.100000
v 0.253821 0.007935 -0.100000
v 0.253821 0.007935 0.100000
v 0.253135 0.006270 -0.100000
v 0.253135 0.006270 0.100000
v 0.252253 0.004800 -0.100000
v 0.252253 0.004800 0.100000
v 0.251176 0.003527 -0.100000
v 0.251176 0.003527 0.100000
v 0.249902 0.002449 -0.100000
v 0.249902 0.002449 0.100000
v 0.248433 0.001567 -0.100000
v 0.248433 0.001567 0.100000
v 0.246767 0.000882 -0.100000
v 0.246767 0.000882 0.100000
v 0.244906 0.000392 -0.100000
v 0.244906 0.000392 0.100000
v 0.242849 0.000098 -0.100000
v 0.242849 0.000098 0.100000
v 0.240596 0.000000 -0.100000
v 0.240596 -0.000000 0.100000
v 0.041144 0.000000 -0.100000
v 0.041144 -0.000000 0.100000
v 0.038891 0.000098 -0.100000
v 0.038891 0.000098 0.100000
v 0.036834 0.000392 -0.100000
v 0.036834 0.000392 0.100000
v 0.034973 0.000882 -0.100000
v 0.034973 0.000882 0.100000
v 0.033307 0.001567 -0.100000
v 0.033307 0.001567 0.100000
v 0.031838 0.002449 -0.100000
v 0.031838 0.002449 0.100000
v 0.030564 0.003527 -0.100000
v 0.030564 0.003527 0.100000
v 0.029487 0.004800 -0.100000
v 0.029487 0.004800 0.100000
v 0.028605 0.006270 -0.100000
v 0.028605 0.006270 0.100000
v 0.027919 0.007935 -0.100000
v 0.027919 0.007935 0.100000
v 0.027429 0.009796 -0.100000
v 0.027429 0.009796 0.100000
v 0.027136 0.011853 -0.100000
v 0.027136 0.011853 0.100000
v 0.027038 0.014107 -0.100000
v 0.027038 0.014107 0.100000
v 0.027038 0.268025 -0.100000
v 0.027038 0.268025 0.100000
v 0.027136 0.270278 -0.100000
v 0.027136 0.270278 0.100000
v 0.027429 0.272335 -0.100000
v 0.027429 0.272335 0.100000
v 0.027919 0.274197 -0.100000
v 0.027919 0.274197 0.100000
v 0.028605 0.275862 -0.100000
v 0.028605 0.275862 0.100000
v 0.029487 0.277331 -0.100000
v 0.029487 0.277331 0.100000
v 0.030564 0.278605 -0.100000
v 0.030564 0.278605 0.100000
v 0.031838 0.279683 -0.100000
v 0.031838 0.279683 0.100000
v 0.033307 0.280564 -0.100000
v 0.033307 0.280564 0.100000
v 0.034973 0.281250 -0.100000
v 0.034973 0.281250 0.100000
v 0.036834 0.281740 -0.100000
v 0.036834 0.281740 0.100000
v 0.038891 0.282034 -0.100000
v 0.038891 0.282034 0.100000
v 0.041144 0.282132 -0.100000
v 0.041144 0.282132 0.100000
v 0.101881 0.282132 -0.100000
v 0.101881 0.282132 0.100000
v 0.104134 0.282034 -0.100000
v 0.104134 0.282034 0.100000
v 0.106191 0.281740 -0.100000
v 0.106191 0.281740 0.100000
v 0.108052 0.281250 -0.100000
v 0.108052 0.281250 0.100000
v 0.109718 0.280564 -0.100000
v 0.109718 0.280564 0.100000
v 0.111187 0.279683 -0.100000
v 0.111187 0.279683 0.100000
v 0.112461 0.278605 -0.100000
v 0.112461 0.278605 0.100000
v 0.113538 0.277332 -0.100000
v 0.113538 0.277332 0.100000
v 0.114420 0.275862 -0.100000
v 0.114420 0.275862 0.100000
v 0.115106 0.274197 -0.100000
v 0.115106 0.274197 0.100000
v 0.115596 0.272335 -0.100000
v 0.115596 0.272335 0.100000
v 0.115889 0.270278 -0.100000
v 0.115889 0.270278 0.100000
v 0.115987 0.268025 -0.100000
v 0.115987 0.268025 0.100000
v 0.115987 0.074060 -0.100000
v 0.115987 0.074060 0.100000
v 0.169671 0.074060 -0.100000
v 0.169671 0.074060 0.100000
v 0.169671 0.137539 -0.100000
v 0.169671 0.137539 0.100000
v 0.169769 0.139792 -0.100000
v 0.169769 0.139792 0.100000
v 0.170063 0.141850 -0.100000
v 0.170063 0.141850 0.100000
v 0.170552 0.143711 -0.100000
v 0.170552 0.143711 0.100000
v 0.171238 0.145376 -0.100000
v 0.171238 0.145376 0.100000
v 0.172120 0.146846 -0.100000
v 0.172120 0.146846 0.100000
v 0.173197 0.148119 -0.100000
v 0.173197 0.148119 0.100000
v 0.174471 0.149197 -0.100000
v 0.174471 0.149197 0.100000
v 0.175940 0.150078 -0.100000
v 0.175940 0.150078 0.100000
v 0.177606 0.150764 -0.100000
v 0.177606 0.150764 0.100000
v 0.179467 0.151254 -0.100000
v 0.179467 0.151254 0.100000
v 0.181524 0.151548 -0.100000
v 0.181524 0.151548 0.100000
v 0.183777 0.151646 -0.100000
v 0.183777 0.151646 0.100000
v 0.240596 0.151646 -0.100000
v 0.240596 0.151646 0.100000
v 0.242849 0.151548 -0.100000
v 0.242849 0.151548 0.100000
v 0.244906 0.151254 -0.100000
v 0.244906 0.151254 0.100000
v 0.246767 0.150764 -0.100000
v 0.246767 0.150764 0.100000
v 0.248433 0.150078 -0.100000
v 0.248433 0.150078 0.100000
v 0.249902 0.149197 -0.100000
v 0.249902 0.149197 0.100000
v 0.251176 0.148119 -0.100000
v 0.251176 0.148119 0.100000
v 0.252253 0.146846 -0.100000
v 0.252253 0.146846 0.100000
v 0.253135 0.145376 -0.100000
v 0.253135 0.145376 0.100000
v 0.253821 0.143711 -0.100000
v 0.253821 0.143711 0.100000
v 0.254310 0.141850 -0.100000
v 0.254310 0.141850 0.100000
v 0.254604 0.139792 -0.100000
v 0.254604 0.139792 0.100000
v 0.254702 0.137539 -0.100000
v 0.254702 0.137539 0.100000
v 0.000000 -0.050000 -0.100000
v 0.000000 -0.050000 0.100000
v 0.272335 -0.050000 -0.100000
v 0.272335 -0.050000 0.100000
v 0.272335 -0.100000 -0.100000
v 0.272335 -0.100000 0.100000
v 0.000000 -0.100000 -0.100000
v 0.000000 -0.100000 0.100000
v 0.509404 0.014107 -0.100000
v 0.509404 0.014107 0.100000
v 0.509306 0.011853 -0.100000
v 0.509306 0.011853 0.100000
v 0.509012 0.009796 -0.100000
v 0.509012 0.009796 0.100000
v 0.508523 0.007935 -0.100000
v 0.508523 0.007935 0.100000
v 0.507837 0.006270 -0.100000
v 0.507837 0.006270 0.100000
v 0.506955 0.004800 -0.100000
v 0.506955 0.004800 0.100000
v 0.505878 0.003527 -0.100000
v 0.505878 0.003527 0.100000
v 0.504604 0.002449 -0.100000
v 0.504604 0.002449 0.100000
v 0.503135 0.001567 -0.100000
v 0.503135 0.001567 0.100000
v 0.501469 0.000882 -0.100000
v 0.501469 0.000882 0.100000
v 0.499608 0.000392 -0.100000
v 0.499608 0.000392 0.100000
v 0.497551 0.000098 -0.100000
v 0.497551 0.000098 0.100000
v 0.495298 0.000000 -0.100000
v 0.495298 -0.000000 0.100000
v 0.313480 0.000000 -0.100000
v 0.313480 -0.000000 0.100000
v 0.311226 0.000098 -0.100000
v 0.311226 0.000098 0.100000
v 0.309169 0.000392 -0.100000
v 0.309169 0.000392 0.100000
v 0.307308 0.000882 -0.100000
v 0.307308 0.000882 0.100000
v 0.305643 0.001567 -0.100000
v 0.305643 0.001567 0.100000
v 0.304173 0.002449 -0.100000
v 0.304173 0.002449 0.100000
v 0.302900 0.003527 -0.100000
v 0.302900 0.003527 0.100000
v 0.301822 0.004800 -0.100000
v 0.301822 0.004800 0.100000
v 0.300940 0.006270 -0.100000
v 0.300940 0.006270 0.100000
v 0.300255 0.007935 -0.100000
v 0.300255 0.007935 0.100000
v 0.299765 0.009796 -0.100000
v 0.299765 0.009796 0.100000
v 0.299471 0.011853 -0.100000
v 0.299471 0.011853 0.100000
v 0.299373 0.014107 -0.100000
v 0.299373 0.014107 0.100000
v 0.299373 0.268025 -0.100000
v 0.299373 0.268025 0.100000
v 0.299471 0.270278 -0.100000
v 0.299471 0.270278 0.100000
v 0.299765 0.272335 -0.100000
v 0.299765 0.272335 0.100000
v 0.300255 0.274197 -0.100000
v 0.300255 0.274197 0.100000
v 0.300940 0.275862 -0.100000
v 0.300940 0.275862 0.100000
v 0.301822 0.277331 -0.100000
v 0.301822 0.277331 0.100000
v 0.302900 0.278605 -0.100000
v 0.302900 0.278605 0.100000
v 0.304173 0.279683 -0.100000
v 0.304173 0.279683 0.100000
v 0.305643 0.280564 -0.100000
v 0.305643 0.280564 0.100000
v 0.307308 0.281250 -0.100000
v 0.307308 0.281250 0.100000
v 0.309169 0.281740 -0.100000
v 0.309169 0.281740 0.100000
v 0.311226 0.282034 -0.100000
v 0.311226 0.282034 0.100000
v 0.313480 0.282132 -0.100000
v 0.313480 0.282132 0.100000
v 0.495298 0.282132 -0.100000
v 0.495298 0.282132 0.100000
v 0.497551 0.282034 -0.100000
v 0.497551 0.282034 0.100000
v 0.499608 0.281740 -0.100000
v 0.499608 0.281740 0.100000
v 0.501469 0.281250 -0.100000
v 0.501469 0.281250 0.100000
v 0.503135 0.280564 -0.100000
v 0.503135 0.280564 0.100000
v 0.504604 0.279683 -0.100000
v 0.504604 0.279683 0.100000
v 0.505878 0.278605 -0.100000
v 0.505878 0.278605 0.100000
v 0.506955 0.277332 -0.100000
v 0.506955 0.277332 0.100000
v 0.507837 0.275862 -0.100000
v 0.507837 0.275862 0.100000
v 0.508523 0.274197 -0.100000
v 0.508523 0.274197 0.100000
v 0.509013 0.272335 -0.100000
v 0.509013 0.272335 0.100000
v 0.509306 0.270278 -0.100000
v 0.509306 0.270278 0.100000
v 0.509404 0.268025 -0.100000
v 0.509404 0.268025 0.100000
v 0.509404 0.222179 -0.100000
v 0.509404 0.222179 0.100000
v 0.509306 0.219926 -0.100000
v 0.509306 0.219926 0.100000
v 0.509012 0.217868 -0.100000
v 0.509012 0.217868 0.100000
v 0.508523 0.216007 -0.100000
v 0.508523 0.216007 0.100000
v 0.507837 0.214342 -0.100000
v 0.507837 0.214342 0.100000
v 0.506955 0.212872 -0.100000
v 0.506955 0.212872 0.100000
v 0.505878 0.211599 -0.100000
v 0.505878 0.211599 0.100000
v 0.504604 0.210521 -0.100000
v 0.504604 0.210521 0.100000
v 0.503135 0.209639 -0.100000
v 0.503135 0.209639 0.100000
v 0.501469 0.208954 -0.100000
v 0.501469 0.208954 0.100000
v 0.499608 0.208464 -0.100000
v 0.499608 0.208464 0.100000
v 0.497551 0.208170 -0.100000
v 0.497551 0.208170 0.100000
v 0.495298 0.208072 -0.100000
v 0.495298 0.208072 0.100000
v 0.387147 0.208072 -0.100000
v 0.387147 0.208072 0.100000
v 0.387147 0.177900 -0.100000
v 0.387147 0.177900 0.100000
v 0.463558 0.177900 -0.100000
v 0.463558 0.177900 0.100000
v 0.465811 0.177802 -0.100000
v 0.465811 0.177802 0.100000
v 0.467868 0.177508 -0.100000
v 0.467868 0.177508 0.100000
v 0.469730 0.177018 -0.100000
v 0.469730 0.177018 0.100000
v 0.471395 0.176332 -0.100000
v 0.471395 0.176332 0.100000
v 0.472864 0.175451 -0.100000
v 0.472864 0.175451 0.100000
v 0.474138 0.174373 -0.100000
v 0.474138 0.174373 0.100000
v 0.475215 0.173100 -0.100000
v 0.475215 0.173100 0.100000
v 0.476097 0.171630 -0.100000
v 0.476097 0.171630 0.100000
v 0.476783 0.169965 -0.100000
v 0.476783 0.169965 0.100000
v 0.477273 0.168103 -0.100000
v 0.477273 0.168103 0.100000
v 0.477567 0.166046 -0.100000
v 0.477567 0.166046 0.100000
v 0.477665 0.163793 -0.100000
v 0.477665 0.163793 0.100000
v 0.477665 0.121865 -0.100000
v 0.477665 0.121865 0.100000
v 0.477567 0.119612 -0.100000
v 0.477567 0.119612 0.100000
v 0.477273 0.117555 -0.100000
v 0.477273 0.117555 0.100000
v 0.476783 0.115694 -0.100000
v 0.476783 0.115694 0.100000
v 0.476097 0.114028 -0.100000
v 0.476097 0.114028 0.100000
v 0.475215 0.112559 -0.100000
v 0.475215 0.112559 0.100000
v 0.474138 0.111285 -0.100000
v 0.474138 0.111285 0.100000
v 0.472864 0.110208 -0.100000
v 0.472864 0.110208 0.100000
v 0.471395 0.109326 -0.100000
v 0.471395 0.109326 0.100000
v 0.469730 0.108640 -0.100000
v 0.469730 0.108640 0.100000
v 0.467868 0.108150 -0.100000
v 0.467868 0.108150 0.100000
v 0.465811 0.107857 -0.100000
v 0.465811 0.107857 0.100000
v 0.463558 0.107759 -0.100000
v 0.463558 0.107759 0.100000
v 0.387147 0.107759 -0.100000
v 0.387147 0.107759 0.100000
v 0.387147 0.074060 -0.100000
v 0.387147 0.074060 0.100000
v 0.495298 0.074060 -0.100000
v 0.495298 0.074060 0.100000
v 0.497551 0.073962 -0.100000
v 0.497551 0.073962 0.100000
v 0.499608 0.073668 -0.100000
v 0.499608 0.073668 0.100000
v 0.501469 0.073178 -0.100000
v 0.501469 0.073178 0.100000
v 0.503135 0.072492 -0.100000
v 0.503135 0.072492 0.100000
v 0.504604 0.071611 -0.100000
v 0.504604 0.071610 0.100000
v 0.505878 0.070533 -0.100000
v 0.505878 0.070533 0.100000
v 0.506955 0.069259 -0.100000
v 0.506955 0.069259 0.100000
v 0.507837 0.067790 -0.100000
v 0.507837 0.067790 0.100000
v 0.508523 0.066125 -0.100000
v 0.508523 0.066125 0.100000
v 0.509013 0.064263 -0.100000
v 0.509013 0.064263 0.100000
v 0.509306 0.062206 -0.100000
v 0.509306 0.062206 0.100000
v 0.509404 0.059953 -0.100000
v 0.509404 0.059953 0.100000
v 0.272335 -0.050000 -0.100000
v 0.272335 -0.050000 0.100000
v 0.528605 -0.050000 -0.100000
v 0.528605 -0.050000 0.100000
v 0.528605 -0.100000 -0.100000
v 0.528605 -0.100000 0.100000
v 0.272335 -0.100000 -0.100000
v 0.272335 -0.100000 0.100000
v 0.635580 0.068966 -0.100000
v 0.635580 0.068966 0.100000
v 0.635580 0.014107 -0.100000
v 0.635580 0.014107 0.100000
v 0.635482 0.011853 -0.100000
v 0.635482 0.011853 0.100000
v 0.635188 0.009796 -0.100000
v 0.635188 0.009796 0.100000
v 0.634698 0.007935 -0.100000
v 0.634698 0.007935 0.100000
v 0.634012 0.006270 -0.100000
v 0.634012 0.006270 0.100000
v 0.633131 0.004800 -0.100000
v 0.633131 0.004800 0.100000
v 0.632053 0.003527 -0.100000
v 0.632053 0.003527 0.100000
v 0.630780 0.002449 -0.100000
v 0.630780 0.002449 0.100000
v 0.629310 0.001567 -0.100000
v 0.629310 0.001567 0.100000
v 0.627645 0.000882 -0.100000
v 0.627645 0.000882 0.100000
v 0.625784 0.000392 -0.100000
v 0.625784 0.000392 0.100000
v 0.623726 0.000098 -0.100000
v 0.623726 0.000098 0.100000
v 0.621473 0.000000 -0.100000
v 0.621473 -0.000000 0.100000
v 0.563871 0.000000 -0.100000
v 0.563871 -0.000000 0.100000
v 0.561618 0.000098 -0.100000
v 0.561618 0.000098 0.100000
v 0.559561 0.000392 -0.100000
v 0.559561 0.000392 0.100000
v 0.557700 0.000882 -0.100000
v 0.557700 0.000882 0.100000
v 0.556035 0.001567 -0.100000
v 0.556035 0.001567 0.100000
v 0.554565 0.002449 -0.100000
v 0.554565 0.002449 0.100000
v 0.553292 0.003527 -0.100000
v 0.553292 0.003527 0.100000
v 0.552214 0.004800 -0.100000
v 0.552214 0.004800 0.100000
v 0.551332 0.006270 -0.100000
v 0.551332 0.006270 0.100000
v 0.550647 0.007935 -0.100000
v 0.550647 0.007935 0.100000
v 0.550157 0.009796 -0.100000
v 0.550157 0.009796 0.100000
v 0.549863 0.011853 -0.100000
v 0.549863 0.011853 0.100000
v 0.549765 0.014107 -0.100000
v 0.549765 0.014107 0.100000
v 0.549765 0.117555 -0.100000
v 0.549765 0.117555 0.100000
v 0.549791 0.119539 -0.100000
v 0.549791 0.119539 0.100000
v 0.549868 0.121571 -0.100000
v 0.549868 0.121571 0.100000
v 0.549998 0.123653 -0.100000
v 0.549998 0.123653 0.100000
v 0.550179 0.125784 -0.100000
v 0.550179 0.125784 0.100000
v 0.550411 0.127963 -0.100000
v 0.550411 0.127963 0.100000
v 0.550696 0.130192 -0.100000
v 0.550696 0.130192 0.100000
v 0.551032 0.132470 -0.100000
v 0.551032 0.132470 0.100000
v 0.551419 0.134796 -0.100000
v 0.551419 0.134796 0.100000
v 0.551859 0.137172 -0.100000
v 0.551859 0.137172 0.100000
v 0.552350 0.139596 -0.100000
v 0.552350 0.139596 0.100000
v 0.552893 0.142070 -0.100000
v 0.552893 0.142070 0.100000
v 0.553487 0.144592 -0.100000
v 0.553487 0.144592 0.100000
v 0.554136 0.147175 -0.100000
v 0.554136 0.147175 0.100000
v 0.554843 0.149828 -0.100000
v 0.554843 0.149828 0.100000
v 0.555606 0.152552 -0.100000
v 0.555606 0.152552 0.100000
v 0.556426 0.155347 -0.100000
v 0.556426 0.155347 0.100000
v 0.557304 0.158212 -0.100000
v 0.557304 0.158212 0.100000
v 0.558239 0.161148 -0.100000
v 0.558239 0.161148 0.100000
v 0.559230 0.164155 -0.100000
v 0.559230 0.164155 0.100000
v 0.560279 0.167233 -0.100000
v 0.560279 0.167233 0.100000
v 0.561386 0.170381 -0.100000
v 0.561386 0.170381 0.100000
v 0.562549 0.173600 -0.100000
v 0.562549 0.173600 0.100000
v 0.563769 0.176890 -0.100000
v 0.563769 0.176890 0.100000
v 0.565047 0.180251 -0.100000
v 0.565047 0.180251 0.100000
v 0.599138 0.269201 -0.100000
v 0.599138 0.269201 0.100000
v 0.599935 0.271266 -0.100000
v 0.599935 0.271266 0.100000
v 0.600890 0.273152 -0.100000
v 0.600890 0.273152 0.100000
v 0.602003 0.274858 -0.100000
v 0.602003 0.274858 0.100000
v 0.603274 0.276385 -0.100000
v 0.603274 0.276385 0.100000
v 0.604703 0.277731 -0.100000
v 0.604703 0.277731 0.100000
v 0.606289 0.278899 -0.100000
v 0.606289 0.278899 0.100000
v 0.608033 0.279887 -0.100000
v 0.608033 0.279887 0.100000
v 0.609935 0.280695 -0.100000
v 0.609935 0.280695 0.100000
v 0.611995 0.281323 -0.100000
v 0.611995 0.281323 0.100000
v 0.614213 0.281772 -0.100000
v 0.614213 0.281772 0.100000
v 0.616589 0.282042 -0.100000
v 0.616589 0.282042 0.100000
v 0.619122 0.282132 -0.100000
v 0.619122 0.282132 0.100000
v 0.724530 0.282132 -0.100000
v 0.724530 0.282132 0.100000
v 0.727001 0.282042 -0.100000
v 0.727001 0.282042 0.100000
v 0.729319 0.281772 -0.100000
v 0.729319 0.281772 0.100000
v 0.731485 0.281323 -0.100000
v 0.731485 0.281323 0.100000
v 0.733499 0.280695 -0.100000
v 0.733499 0.280695 0.100000
v 0.735360 0.279887 -0.100000
v 0.735360 0.279887 0.100000
v 0.737069 0.278899 -0.100000
v 0.737069 0.278899 0.100000
v 0.738625 0.277732 -0.100000
v 0.738625 0.277732 0.100000
v 0.740030 0.276385 -0.100000
v 0.740030 0.276385 0.100000
v 0.741281 0.274858 -0.100000
v 0.741281 0.274858 0.100000
v 0.742381 0.273152 -0.100000
v 0.742381 0.273152 0.100000
v 0.743328 0.271266 -0.100000
v 0.743328 0.271266 0.100000
v 0.744122 0.269201 -0.100000
v 0.744122 0.269201 0.100000
v 0.778213 0.180251 -0.100000
v 0.778213 0.180251 0.100000
v 0.779491 0.176890 -0.100000
v 0.779491 0.176890 0.100000
v 0.780711 0.173600 -0.100000
v 0.780711 0.173600 0.100000
v 0.781874 0.170381 -0.100000
v 0.781874 0.170381 0.100000
v 0.782981 0.167233 -0.100000
v 0.782981 0.167233 0.100000
v 0.784030 0.164155 -0.100000
v 0.784030 0.164155 0.100000
v 0.785021 0.161148 -0.100000
v 0.785021 0.161148 0.100000
v 0.785956 0.158212 -0.100000
v 0.785956 0.158212 0.100000
v 0.786834 0.155347 -0.100000
v 0.786834 0.155347 0.100000
v 0.787654 0.152552 -0.100000
v 0.787654 0.152552 0.100000
v 0.788418 0.149828 -0.100000
v 0.788418 0.149828 0.100000
v 0.789124 0.147175 -0.100000
v 0.789124 0.147175 0.100000
v 0.789773 0.144592 -0.100000
v 0.789773 0.144592 0.100000
v 0.790367 0.142070 -0.100000
v 0.790367 0.142070 0.100000
v 0.790910 0.139596 -0.100000
v 0.790910 0.139596 0.100000
v 0.791401 0.137172 -0.100000
v 0.791401 0.137172 0.100000
v 0.791841 0.134796 -0.100000
v 0.791841 0.134796 0.100000
v 0.792229 0.132470 -0.100000
v 0.792229 0.132470 0.100000
v 0.792565 0.130192 -0.100000
v 0.792565 0.130192 0.100000
v 0.792849 0.127963 -0.100000
v 0.792849 0.127963 0.100000
v 0.793082 0.125784 -0.100000
v 0.793082 0.125784 0.100000
v 0.793263 0.123653 -0.100000
v 0.793263 0.123653 0.100000
v 0.793392 0.121571 -0.100000
v 0.793392 0.121571 0.100000
v 0.793469 0.119539 -0.100000
v 0.793469 0.119539 0.100000
v 0.793495 0.117555 -0.100000
v 0.793495 0.117555 0.100000
v 0.793495 0.014107 -0.100000
v 0.793495 0.014107 0.100000
v 0.793397 0.011853 -0.100000
v 0.793397 0.011853 0.100000
v 0.793103 0.009796 -0.100000
v 0.793103 0.009796 0.100000
v 0.792614 0.007935 -0.100000
v 0.792614 0.007935 0.100000
v 0.791928 0.006270 -0.100000
v 0.791928 0.006270 0.100000
v 0.791046 0.004800 -0.100000
v 0.791046 0.004800 0.100000
v 0.789969 0.003527 -0.100000
v 0.789969 0.003527 0.100000
v 0.788695 0.002449 -0.100000
v 0.788695 0.002449 0.100000
v 0.787226 0.001567 -0.100000
v 0.787226 0.001567 0.100000
v 0.785560 0.000882 -0.100000
v 0.785560 0.000882 0.100000
v 0.783699 0.000392 -0.100000
v 0.783699 0.000392 0.100000
v 0.781642 0.000098 -0.100000
v 0.781642 0.000098 0.100000
v 0.779389 0.000000 -0.100000
v 0.779389 -0.000000 0.100000
v 0.720219 0.000000 -0.100000
v 0.720219 -0.000000 0.100000
v 0.717779 0.000098 -0.100000
v 0.717779 0.000098 0.100000
v 0.715550 0.000392 -0.100000
v 0.715550 0.000392 0.100000
v 0.713534 0.000882 -0.100000
v 0.713534 0.000882 0.100000
v 0.711729 0.001567 -0.100000
v 0.711729 0.001567 0.100000
v 0.710138 0.002449 -0.100000
v 0.710138 0.002449 0.100000
v 0.708758 0.003527 -0.100000
v 0.708758 0.003527 0.100000
v 0.707591 0.004800 -0.100000
v 0.707591 0.004800 0.100000
v 0.706635 0.006270 -0.100000
v 0.706635 0.006270 0.100000
v 0.705893 0.007935 -0.100000
v 0.705893 0.007935 0.100000
v 0.705362 0.009796 -0.100000
v 0.705362 0.009796 0.100000
v 0.705044 0.011853 -0.100000
v 0.705044 0.011853 0.100000
v 0.704937 0.014107 -0.100000
v 0.704937 0.014107 0.100000
v 0.704937 0.068966 -0.100000
v 0.704937 0.068966 0.100000
v 0.665360 0.206505 -0.100000
v 0.665360 0.206505 0.100000
v 0.664590 0.206458 -0.100000
v 0.664590 0.206458 0.100000
v 0.663848 0.206320 -0.100000
v 0.663848 0.206320 0.100000
v 0.663132 0.206088 -0.100000
v 0.663132 0.206088 0.100000
v 0.662443 0.205765 -0.100000
v 0.662443 0.205765 0.100000
v 0.661782 0.205348 -0.100000
v 0.661782 0.205348 0.100000
v 0.661148 0.204839 -0.100000
v 0.661148 0.204839 0.100000
v 0.660541 0.204238 -0.100000
v 0.660541 0.204238 0.100000
v 0.659962 0.203544 -0.100000
v 0.659962 0.203544 0.100000
v 0.659409 0.202758 -0.100000
v 0.659409 0.202758 0.100000
v 0.658884 0.201879 -0.100000
v 0.658884 0.201879 0.100000
v 0.658386 0.200907 -0.100000
v 0.658386 0.200907 0.100000
v 0.657915 0.199843 -0.100000
v 0.657915 0.199843 0.100000
v 0.639498 0.140282 -0.100000
v 0.639498 0.140282 0.100000
v 0.701019 0.140282 -0.100000
v 0.701019 0.140282 0.100000
v 0.682602 0.199843 -0.100000
v 0.682602 0.199843 0.100000
v 0.682131 0.200907 -0.100000
v 0.682131 0.200907 0.100000
v 0.681633 0.201879 -0.100000
v 0.681633 0.201879 0.100000
v 0.681108 0.202758 -0.100000
v 0.681108 0.202758 0.100000
v 0.680555 0.203544 -0.100000
v 0.680555 0.203544 0.100000
v 0.679976 0.204238 -0.100000
v 0.679976 0.204238 0.100000
v 0.679369 0.204839 -0.100000
v 0.679369 0.204839 0.100000
v 0.678735 0.205348 -0.100000
v 0.678735 0.205348 0.100000
v 0.678074 0.205765 -0.100000
v 0.678074 0.205765 0.100000
v 0.677385 0.206088 -0.100000
v 0.677385 0.206088 0.100000
v 0.676670 0.206320 -0.100000
v 0.676670 0.206320 0.100000
v 0.675927 0.206458 -0.100000
v 0.675927 0.206458 0.100000
v 0.675157 0.206505 -0.100000
v 0.675157 0.206505 0.100000
v 0.528605 -0.050000 -0.100000
v 0.528605 -0.050000 0.100000
v 0.814655 -0.050000 -0.100000
v 0.814655 -0.050000 0.100000
v 0.814655 -0.100000 -0.100000
v 0.814655 -0.100000 0.100000
v 0.528605 -0.100000 -0.100000
v 0.528605 -0.100000 0.100000
v 0.930251 0.014107 -0.100000
v 0.930251 0.014107 0.100000
v 0.930153 0.011853 -0.100000
v 0.930153 0.011853 0.100000
v 0.929859 0.009796 -0.100000
v 0.929859 0.009796 0.100000
v 0.929369 0.007935 -0.100000
v 0.929369 0.007935 0.100000
v 0.928683 0.006270 -0.100000
v 0.928683 0.006270 0.100000
v 0.927802 0.004800 -0.100000
v 0.927802 0.004800 0.100000
v 0.926724 0.003527 -0.100000
v 0.926724 0.003527 0.100000
v 0.925451 0.002449 -0.100000
v 0.925451 0.002449 0.100000
v 0.923981 0.001567 -0.100000
v 0.923981 0.001567 0.100000
v 0.922316 0.000882 -0.100000
v 0.922316 0.000882 0.100000
v 0.920454 0.000392 -0.100000
v 0.920454 0.000392 0.100000
v 0.918397 0.000098 -0.100000
v 0.918397 0.000098 0.100000
v 0.916144 0.000000 -0.100000
v 0.916144 -0.000000 0.100000
v 0.855799 0.000000 -0.100000
v 0.855799 -0.000000 0.100000
v 0.853546 0.000098 -0.100000
v 0.853546 0.000098 0.100000
v 0.851489 0.000392 -0.100000
v 0.851489 0.000392 0.100000
v 0.849628 0.000882 -0.100000
v 0.849628 0.000882 0.100000
v 0.847962 0.001567 -0.100000
v 0.847962 0.001567 0.100000
v 0.846493 0.002449 -0.100000
v 0.846493 0.002449 0.100000
v 0.845219 0.003527 -0.100000
v 0.845219 0.003527 0.100000
v 0.844142 0.004800 -0.100000
v 0.844142 0.004800 0.100000
v 0.843260 0.006270 -0.100000
v 0.843260 0.006270 0.100000
v 0.842574 0.007935 -0.100000
v 0.842574 0.007935 0.100000
v 0.842085 0.009796 -0.100000
v 0.842085 0.009796 0.100000
v 0.841791 0.011853 -0.100000
v 0.841791 0.011853 0.100000
v 0.841693 0.014107 -0.100000
v 0.841693 0.014107 0.100000
v 0.841693 0.268025 -0.100000
v 0.841693 0.268025 0.100000
v 0.841791 0.270278 -0.100000
v 0.841791 0.270278 0.100000
v 0.842085 0.272335 -0.100000
v 0.842085 0.272335 0.100000
v 0.842574 0.274197 -0.100000
v 0.842574 0.274197 0.100000
v 0.843260 0.275862 -0.100000
v 0.843260 0.275862 0.100000
v 0.844142 0.277331 -0.100000
v 0.844142 0.277331 0.100000
v 0.845219 0.278605 -0.100000
v 0.845219 0.278605 0.100000
v 0.846493 0.279683 -0.100000
v 0.846493 0.279683 0.100000
v 0.847962 0.280564 -0.100000
v 0.847962 0.280564 0.100000
v 0.849628 0.281250 -0.100000
v 0.849628 0.281250 0.100000
v 0.851489 0.281740 -0.100000
v 0.851489 0.281740 0.100000
v 0.853546 0.282034 -0.100000
v 0.853546 0.282034 0.100000
v 0.855799 0.282132 -0.100000
v 0.855799 0.282132 0.100000
v 0.986285 0.282132 -0.100000
v 0.986285 0.282132 0.100000
v 0.991096 0.282075 -0.100000
v 0.991096 0.282075 0.100000
v 0.995733 0.281903 -0.100000
v 0.995733 0.281903 0.100000
v 1.000196 0.281617 -0.100000
v 1.000196 0.281617 0.100000
v 1.004484 0.281217 -0.100000
v 1.004484 0.281217 0.100000
v 1.008599 0.280703 -0.100000
v 1.008599 0.280703 0.100000
v 1.012539 0.280074 -0.100000
v 1.012539 0.280074 0.100000
v 1.016305 0.279332 -0.100000
v 1.016305 0.279332 0.100000
v 1.019897 0.278474 -0.100000
v 1.019897 0.278474 0.100000
v 1.023315 0.277503 -0.100000
v 1.023315 0.277503 0.100000
v 1.026558 0.276417 -0.100000
v 1.026558 0.276417 0.100000
v 1.029628 0.275217 -0.100000
v 1.029628 0.275217 0.100000
v 1.032523 0.273903 -0.100000
v 1.032523 0.273903 0.100000
v 1.035264 0.272486 -0.100000
v 1.035264 0.272486 0.100000
v 1.037868 0.270980 -0.100000
v 1.037868 0.270980 0.100000
v 1.040336 0.269384 -0.100000
v 1.040336 0.269384 0.100000
v 1.042668 0.267698 -0.100000
v 1.042668 0.267698 0.100000
v 1.044864 0.265923 -0.100000
v 1.044864 0.265923 0.100000
v 1.046924 0.264058 -0.100000
v 1.046924 0.264058 0.100000
v 1.048848 0.262102 -0.100000
v 1.048848 0.262102 0.100000
v 1.050636 0.260057 -0.100000
v 1.050636 0.260057 0.100000
v 1.052287 0.257923 -0.100000
v 1.052287 0.257923 0.100000
v 1.053803 0.255698 -0.100000
v 1.053803 0.255698 0.100000
v 1.055183 0.253384 -0.100000
v 1.055183 0.253384 0.100000
v 1.056426 0.250980 -0.100000
v 1.056426 0.250980 0.100000
v 1.057553 0.248497 -0.100000
v 1.057553 0.248497 0.100000
v 1.058581 0.245945 -0.100000
v 1.058581 0.245945 0.100000
v 1.059512 0.243326 -0.100000
v 1.059512 0.243326 0.100000
v 1.060345 0.240639 -0.100000
v 1.060345 0.240639 0.100000
v 1.061080 0.237884 -0.100000
v 1.061080 0.237884 0.100000
v 1.061716 0.235061 -0.100000
v 1.061716 0.235061 0.100000
v 1.062255 0.232169 -0.100000
v 1.062255 0.232169 0.100000
v 1.062696 0.229210 -0.100000
v 1.062696 0.229210 0.100000
v 1.063039 0.226183 -0.100000
v 1.063039 0.226183 0.100000
v 1.063284 0.223088 -0.100000
v 1.063284 0.223088 0.100000
v 1.063431 0.219924 -0.100000
v 1.063431 0.219924 0.100000
v 1.063480 0.216693 -0.100000
v 1.063480 0.216693 0.100000
v 1.063480 0.198668 -0.100000
v 1.063480 0.198668 0.100000
v 1.063447 0.195960 -0.100000
v 1.063447 0.195960 0.100000
v 1.063349 0.193323 -0.100000
v 1.063349 0.193323 0.100000
v 1.063186 0.190757 -0.100000
v 1.063186 0.190757 0.100000
v 1.062957 0.188262 -0.100000
v 1.062957 0.188262 0.100000
v 1.062663 0.185837 -0.100000
v 1.062663 0.185837 0.100000
v 1.062304 0.183484 -0.100000
v 1.062304 0.183484 0.100000
v 1.061880 0.181200 -0.100000
v 1.061880 0.181200 0.100000
v 1.061390 0.178988 -0.100000
v 1.061390 0.178988 0.100000
v 1.060835 0.176847 -0.100000
v 1.060835 0.176847 0.100000
v 1.060214 0.174776 -0.100000
v 1.060214 0.174776 0.100000
v 1.059528 0.172776 -0.100000
v 1.059528 0.172776 0.100000
v 1.058777 0.170846 -0.100000
v 1.058777 0.170846 0.100000
v 1.057939 0.168993 -0.100000
v 1.057939 0.168993 0.100000
v 1.056992 0.167222 -0.100000
v 1.056992 0.167222 0.100000
v 1.055936 0.165532 -0.100000
v 1.055936 0.165532 0.100000
v 1.054772 0.163924 -0.100000
v 1.054772 0.163924 0.100000
v 1.053498 0.162397 -0.100000
v 1.053498 0.162397 0.100000
v 1.052116 0.160952 -0.100000
v 1.052116 0.160952 0.100000
v 1.050625 0.159589 -0.100000
v 1.050625 0.159589 0.100000
v 1.049025 0.158307 -0.100000
v 1.049025 0.158307 0.100000
v 1.047316 0.157107 -0.100000
v 1.047316 0.157107 0.100000
v 1.045498 0.155989 -0.100000
v 1.045498 0.155989 0.100000
v 1.043571 0.154952 -0.100000
v 1.043571 0.154952 0.100000
v 1.041536 0.153997 -0.100000
v 1.041536 0.153997 0.100000
v 1.045068 0.153518 -0.100000
v 1.045068 0.153518 0.100000
v 1.048480 0.152865 -0.100000
v 1.048480 0.152865 0.100000
v 1.051773 0.152038 -0.100000
v 1.051773 0.152038 0.100000
v 1.054946 0.151036 -0.100000
v 1.054946 0.151036 0.100000
v 1.057999 0.149861 -0.100000
v 1.057999 0.149861 0.100000
v 1.060933 0.148511 -0.100000
v 1.060933 0.148511 0.100000
v 1.063746 0.146987 -0.100000
v 1.063746 0.146987 0.100000
v 1.066440 0.145289 -0.100000
v 1.066440 0.145289 0.100000
v 1.069014 0.143417 -0.100000
v 1.069014 0.143417 0.100000
v 1.071469 0.141371 -0.100000
v 1.071469 0.141371 0.100000
v 1.073804 0.139150 -0.100000
v 1.073804 0.139150 0.100000
v 1.076019 0.136755 -0.100000
v 1.076019 0.136755 0.100000
v 1.078084 0.134206 -0.100000
v 1.078084 0.134206 0.100000
v 1.079970 0.131520 -0.100000
v 1.079970 0.131520 0.100000
v 1.081676 0.128698 -0.100000
v 1.081676 0.128698 0.100000
v 1.083203 0.125740 -0.100000
v 1.083203 0.125740 0.100000
v 1.084550 0.122646 -0.100000
v 1.084550 0.122646 0.100000
v 1.085717 0.119416 -0.100000
v 1.085717 0.119416 0.100000
v 1.086705 0.116050 -0.100000
v 1.086705 0.116050 0.100000
v 1.087513 0.112548 -0.100000
v 1.087513 0.112548 0.100000
v 1.088142 0.108910 -0.100000
v 1.088142 0.108910 0.100000
v 1.088591 0.105135 -0.100000
v 1.088591 0.105135 0.100000
v 1.088860 0.101225 -0.100000
v 1.088860 0.101225 0.100000
v 1.088950 0.097179 -0.100000
v 1.088950 0.097179 0.100000
v 1.088950 0.014107 -0.100000
v 1.088950 0.014107 0.100000
v 1.088852 0.011853 -0.100000
v 1.088852 0.011853 0.100000
v 1.088558 0.009796 -0.100000
v 1.088558 0.009796 0.100000
v 1.088068 0.007935 -0.100000
v 1.088068 0.007935 0.100000
v 1.087382 0.006270 -0.100000
v 1.087382 0.006270 0.100000
v 1.086501 0.004800 -0.100000
v 1.086501 0.004800 0.100000
v 1.085423 0.003527 -0.100000
v 1.085423 0.003527 0.100000
v 1.084150 0.002449 -0.100000
v 1.084150 0.002449 0.100000
v 1.082680 0.001567 -0.100000
v 1.082680 0.001567 0.100000
v 1.081015 0.000882 -0.100000
v 1.081015 0.000882 0.100000
v 1.079154 0.000392 -0.100000
v 1.079154 0.000392 0.100000
v 1.077096 0.000098 -0.100000
v 1.077096 0.000098 0.100000
v 1.074843 0.000000 -0.100000
v 1.074843 -0.000000 0.100000
v 1.014107 0.000000 -0.100000
v 1.014107 -0.000000 0.100000
v 1.011853 0.000098 -0.100000
v 1.011853 0.000098 0.100000
v 1.009796 0.000392 -0.100000
v 1.009796 0.000392 0.100000
v 1.007935 0.000882 -0.100000
v 1.007935 0.000882 0.100000
v 1.006269 0.001567 -0.100000
v 1.006269 0.001567 0.100000
v 1.004800 0.002449 -0.100000
v 1.004800 0.002449 0.100000
v 1.003526 0.003527 -0.100000
v 1.003526 0.003527 0.100000
v 1.002449 0.004800 -0.100000
v 1.002449 0.004800 0.100000
v 1.001567 0.006270 -0.100000
v 1.001567 0.006270 0.100000
v 1.000882 0.007935 -0.100000
v 1.000882 0.007935 0.100000
v 1.000392 0.009796 -0.100000
v 1.000392 0.009796 0.100000
v 1.000098 0.011853 -0.100000
v 1.000098 0.011853 0.100000
v 1.000000 0.014107 -0.100000
v 1.000000 0.014107 0.100000
v 1.000000 0.074060 -0.100000
v 1.000000 0.074060 0.100000
v 0.999977 0.075526 -0.100000
v 0.999977 0.075526 0.100000
v 0.999907 0.076922 -0.100000
v 0.999907 0.076922 0.100000
v 0.999792 0.078247 -0.100000
v 0.999792 0.078247 0.100000
v 0.999630 0.079502 -0.100000
v 0.999630 0.079502 0.100000
v 0.999422 0.080686 -0.100000
v 0.999422 0.080686 0.100000
v 0.999167 0.081799 -0.100000
v 0.999167 0.081799 0.100000
v 0.998867 0.082841 -0.100000
v 0.998867 0.082841 0.100000
v 0.998520 0.083812 -0.100000
v 0.998520 0.083812 0.100000
v 0.998126 0.084713 -0.100000
v 0.998126 0.084713 0.100000
v 0.997687 0.085543 -0.100000
v 0.997687 0.085543 0.100000
v 0.997201 0.086302 -0.100000
v 0.997201 0.086302 0.100000
v 0.996669 0.086991 -0.100000
v 0.996669 0.086991 0.100000
v 0.996080 0.087616 -0.100000
v 0.996080 0.087616 0.100000
v 0.995423 0.088188 -0.100000
v 0.995423 0.088188 0.100000
v 0.994698 0.088705 -0.100000
v 0.994698 0.088705 0.100000
v 0.993905 0.089168 -0.100000
v 0.993905 0.089168 0.100000
v 0.993043 0.089576 -0.100000
v 0.993043 0.089576 0.100000
v 0.992114 0.089929 -0.100000
v 0.992114 0.089929 0.100000
v 0.991117 0.090229 -0.100000
v 0.991117 0.090229 0.100000
v 0.990051 0.090474 -0.100000
v 0.990051 0.090474 0.100000
v 0.988918 0.090664 -0.100000
v 0.988918 0.090664 0.100000
v 0.987717 0.090800 -0.100000
v 0.987717 0.090800 0.100000
v 0.986447 0.090882 -0.100000
v 0.986447 0.090882 0.100000
v 0.985110 0.090909 -0.100000
v 0.985110 0.090909 0.100000
v 0.930251 0.090909 -0.100000
v 0.930251 0.090909 0.100000
v 0.959639 0.211599 -0.100000
v 0.959639 0.211599 0.100000
v 0.930251 0.211599 -0.100000
v 0.930251 0.211599 0.100000
v 0.930251 0.161442 -0.100000
v 0.930251 0.161442 0.100000
v 0.959639 0.161442 -0.100000
v 0.959639 0.161442 0.100000
v 0.961291 0.161479 -0.100000
v 0.961291 0.161479 0.100000
v 0.962850 0.161589 -0.100000
v 0.962850 0.161589 0.100000
v 0.964317 0.161773 -0.100000
v 0.964317 0.161773 0.100000
v 0.965691 0.162030 -0.100000
v 0.965691 0.162030 0.100000
v 0.966973 0.162360 -0.100000
v 0.966973 0.162360 0.100000
v 0.968162 0.162764 -0.100000
v 0.968162 0.162764 0.100000
v 0.969259 0.163242 -0.100000
v 0.969259 0.163242 0.100000
v 0.970263 0.163793 -0.100000
v 0.970263 0.163793 0.100000
v 0.971174 0.164418 -0.100000
v 0.971174 0.164418 0.100000
v 0.971994 0.165116 -0.100000
v 0.971994 0.165116 0.100000
v 0.972720 0.165887 -0.100000
v 0.972720 0.165887 0.100000
v 0.973354 0.166732 -0.100000
v 0.973354 0.166732 0.100000
v 0.973917 0.167631 -0.100000
v 0.973917 0.167631 0.100000
v 0.974432 0.168566 -0.100000
v 0.974432 0.168566 0.100000
v 0.974897 0.169536 -0.100000
v 0.974897 0.169536 0.100000
v 0.975313 0.170542 -0.100000
v 0.975313 0.170542 0.100000
v 0.975681 0.171582 -0.100000
v 0.975681 0.171582 0.100000
v 0.975999 0.172659 -0.100000
v 0.975999 0.172659 0.100000
v 0.976269 0.173770 -0.100000
v 0.976269 0.173770 0.100000
v 0.976489 0.174917 -0.100000
v 0.976489 0.174917 0.100000
v 0.976660 0.176100 -0.100000
v 0.976660 0.176100 0.100000
v 0.976783 0.177317 -0.100000
v 0.976783 0.177317 0.100000
v 0.976856 0.178570 -0.100000
v 0.976856 0.178570 0.100000
v 0.976881 0.179859 -0.100000
v 0.976881 0.179859 0.100000
v 0.976881 0.193182 -0.100000
v 0.976881 0.193182 0.100000
v 0.976856 0.194470 -0.100000
v 0.976856 0.194470 0.100000
v 0.976783 0.195723 -0.100000
v 0.976783 0.195723 0.100000
v 0.976660 0.196941 -0.100000
v 0.976660 0.196941 0.100000
v 0.976489 0.198123 -0.100000
v 0.976489 0.198123 0.100000
v 0.976269 0.199270 -0.100000
v 0.976269 0.199270 0.100000
v 0.975999 0.200382 -0.100000
v 0.975999 0.200382 0.100000
v 0.975681 0.201458 -0.100000
v 0.975681 0.201458 0.100000
v 0.975313 0.202499 -0.100000
v 0.975313 0.202499 0.100000
v 0.974897 0.203505 -0.100000
v 0.974897 0.203505 0.100000
v 0.974432 0.204475 -0.100000
v 0.974432 0.204475 0.100000
v 0.973917 0.205409 -0.100000
v 0.973917 0.205409 0.100000
v 0.973354 0.206309 -0.100000
v 0.973354 0.206309 0.100000
v 0.972720 0.207154 -0.100000
v 0.972720 0.207154 0.100000
v 0.971994 0.207925 -0.100000
v 0.971994 0.207925 0.100000
v 0.971174 0.208623 -0.100000
v 0.971174 0.208623 0.100000
v 0.970263 0.209248 -0.100000
v 0.970263 0.209248 0.100000
v 0.969259 0.209799 -0.100000
v 0.969259 0.209799 0.100000
v 0.968162 0.210276 -0.100000
v 0.968162 0.210276 0.100000
v 0.966973 0.210680 -0.100000
v 0.966973 0.210680 0.100000
v 0.965691 0.211011 -0.100000
v 0.965691 0.211011 0.100000
v 0.964317 0.211268 -0.100000
v 0.964317 0.211268 0.100000
v 0.962850 0.211452 -0.100000
v 0.962850 0.211452 0.100000
v 0.961291 0.211562 -0.100000
v 0.961291 0.211562 0.100000
v 0.814655 -0.050000 -0.100000
v 0.814655 -0.050000 0.100000
v 1.105799 -0.050000 -0.100000
v 1.105799 -0.050000 0.100000
v 1.105799 -0.100000 -0.100000
v 1.105799 -0.100000 0.100000
v 0.814655 -0.100000 -0.100000
v 0.814655 -0.100000 0.100000
v 1.219828 0.014107 -0.100000
v 1.219828 0.014107 0.100000
v 1.219730 0.011853 -0.100000
v 1.219730 0.011853 0.100000
v 1.219436 0.009796 -0.100000
v 1.219436 0.009796 0.100000
v 1.218946 0.007935 -0.100000
v 1.218946 0.007935 0.100000
v 1.218260 0.006270 -0.100000
v 1.218260 0.006270 0.100000
v 1.217378 0.004800 -0.100000
v 1.217378 0.004800 0.100000
v 1.216301 0.003527 -0.100000
v 1.216301 0.003527 0.100000
v 1.215027 0.002449 -0.100000
v 1.215027 0.002449 0.100000
v 1.213558 0.001567 -0.100000
v 1.213558 0.001567 0.100000
v 1.211893 0.000882 -0.100000
v 1.211893 0.000882 0.100000
v 1.210031 0.000392 -0.100000
v 1.210031 0.000392 0.100000
v 1.207974 0.000098 -0.100000
v 1.207974 0.000098 0.100000
v 1.205721 0.000000 -0.100000
v 1.205721 -0.000000 0.100000
v 1.146944 0.000000 -0.100000
v 1.146944 -0.000000 0.100000
v 1.144690 0.000098 -0.100000
v 1.144690 0.000098 0.100000
v 1.142633 0.000392 -0.100000
v 1.142633 0.000392 0.100000
v 1.140772 0.000882 -0.100000
v 1.140772 0.000882 0.100000
v 1.139107 0.001567 -0.100000
v 1.139107 0.001567 0.100000
v 1.137637 0.002449 -0.100000
v 1.137637 0.002449 0.100000
v 1.136364 0.003527 -0.100000
v 1.136364 0.003527 0.100000
v 1.135286 0.004800 -0.100000
v 1.135286 0.004800 0.100000
v 1.134404 0.006270 -0.100000
v 1.134404 0.006270 0.100000
v 1.133719 0.007935 -0.100000
v 1.133719 0.007935 0.100000
v 1.133229 0.009796 -0.100000
v 1.133229 0.009796 0.100000
v 1.132935 0.011853 -0.100000
v 1.132935 0.011853 0.100000
v 1.132837 0.014107 -0.100000
v 1.132837 0.014107 0.100000
v 1.132837 0.268025 -0.100000
v 1.132837 0.268025 0.100000
v 1.132935 0.270278 -0.100000
v 1.132935 0.270278 0.100000
v 1.133229 0.272335 -0.100000
v 1.133229 0.272335 0.100000
v 1.133719 0.274197 -0.100000
v 1.133719 0.274197 0.100000
v 1.134404 0.275862 -0.100000
v 1.134404 0.275862 0.100000
v 1.135286 0.277331 -0.100000
v 1.135286 0.277331 0.100000
v 1.136364 0.278605 -0.100000
v 1.136364 0.278605 0.100000
v 1.137637 0.279683 -0.100000
v 1.137637 0.279683 0.100000
v 1.139107 0.280564 -0.100000
v 1.139107 0.280564 0.100000
v 1.140772 0.281250 -0.100000
v 1.140772 0.281250 0.100000
v 1.142633 0.281740 -0.100000
v 1.142633 0.281740 0.100000
v 1.144690 0.282034 -0.100000
v 1.144690 0.282034 0.100000
v 1.146944 0.282132 -0.100000
v 1.146944 0.282132 0.100000
v 1.187696 0.282132 -0.100000
v 1.187696 0.282132 0.100000
v 1.190012 0.282058 -0.100000
v 1.190012 0.282058 0.100000
v 1.192257 0.281838 -0.100000
v 1.192257 0.281838 0.100000
v 1.194431 0.281470 -0.100000
v 1.194431 0.281470 0.100000
v 1.196534 0.280956 -0.100000
v 1.196534 0.280956 0.100000
v 1.198567 0.280295 -0.100000
v 1.198567 0.280295 0.100000
v 1.200529 0.279487 -0.100000
v 1.200529 0.279487 0.100000
v 1.202420 0.278532 -0.100000
v 1.202420 0.278532 0.100000
v 1.204241 0.277429 -0.100000
v 1.204241 0.277429 0.100000
v 1.205990 0.276180 -0.100000
v 1.205990 0.276180 0.100000
v 1.207669 0.274785 -0.100000
v 1.207669 0.274785 0.100000
v 1.209278 0.273242 -0.100000
v 1.209278 0.273242 0.100000
v 1.210815 0.271552 -0.100000
v 1.210815 0.271552 0.100000
v 1.286834 0.184561 -0.100000
v 1.286834 0.184561 0.100000
v 1.286834 0.268025 -0.100000
v 1.286834 0.268025 0.100000
v 1.286932 0.270278 -0.100000
v 1.286932 0.270278 0.100000
v 1.287226 0.272335 -0.100000
v 1.287226 0.272335 0.100000
v 1.287715 0.274197 -0.100000
v 1.287715 0.274197 0.100000
v 1.288401 0.275862 -0.100000
v 1.288401 0.275862 0.100000
v 1.289283 0.277331 -0.100000
v 1.289283 0.277331 0.100000
v 1.290360 0.278605 -0.100000
v 1.290360 0.278605 0.100000
v 1.291634 0.279683 -0.100000
v 1.291634 0.279683 0.100000
v 1.293103 0.280564 -0.100000
v 1.293103 0.280564 0.100000
v 1.294769 0.281250 -0.100000
v 1.294769 0.281250 0.100000
v 1.296630 0.281740 -0.100000
v 1.296630 0.281740 0.100000
v 1.298687 0.282034 -0.100000
v 1.298687 0.282034 0.100000
v 1.300940 0.282132 -0.100000
v 1.300940 0.282132 0.100000
v 1.359718 0.282132 -0.100000
v 1.359718 0.282132 0.100000
v 1.361971 0.282034 -0.100000
v 1.361971 0.282034 0.100000
v 1.364028 0.281740 -0.100000
v 1.364028 0.281740 0.100000
v 1.365889 0.281250 -0.100000
v 1.365889 0.281250 0.100000
v 1.367555 0.280564 -0.100000
v 1.367555 0.280564 0.100000
v 1.369024 0.279683 -0.100000
v 1.369024 0.279683 0.100000
v 1.370298 0.278605 -0.100000
v 1.370298 0.278605 0.100000
v 1.371375 0.277332 -0.100000
v 1.371375 0.277332 0.100000
v 1.372257 0.275862 -0.100000
v 1.372257 0.275862 0.100000
v 1.372942 0.274197 -0.100000
v 1.372942 0.274197 0.100000
v 1.373432 0.272335 -0.100000
v 1.373432 0.272335 0.100000
v 1.373726 0.270278 -0.100000
v 1.373726 0.270278 0.100000
v 1.373824 0.268025 -0.100000
v 1.373824 0.268025 0.100000
v 1.373824 0.014107 -0.100000
v 1.373824 0.014107 0.100000
v 1.373726 0.011853 -0.100000
v 1.373726 0.011853 0.100000
v 1.373433 0.009796 -0.100000
v 1.373433 0.009796 0.100000
v 1.372943 0.007935 -0.100000
v 1.372943 0.007935 0.100000
v 1.372257 0.006270 -0.100000
v 1.372257 0.006270 0.100000
v 1.371375 0.004800 -0.100000
v 1.371375 0.004800 0.100000
v 1.370298 0.003527 -0.100000
v 1.370298 0.003527 0.100000
v 1.369024 0.002449 -0.100000
v 1.369024 0.002449 0.100000
v 1.367555 0.001567 -0.100000
v 1.367555 0.001567 0.100000
v 1.365890 0.000882 -0.100000
v 1.365890 0.000882 0.100000
v 1.364028 0.000392 -0.100000
v 1.364028 0.000392 0.100000
v 1.361971 0.000098 -0.100000
v 1.361971 0.000098 0.100000
v 1.359718 0.000000 -0.100000
v 1.359718 -0.000000 0.100000
v 1.300940 0.000000 -0.100000
v 1.300940 -0.000000 0.100000
v 1.298687 0.000098 -0.100000
v 1.298687 0.000098 0.100000
v 1.296630 0.000392 -0.100000
v 1.296630 0.000392 0.100000
v 1.294769 0.000882 -0.100000
v 1.294769 0.000882 0.100000
v 1.293103 0.001567 -0.100000
v 1.293103 0.001567 0.100000
v 1.291634 0.002449 -0.100000
v 1.291634 0.002449 0.100000
v 1.290360 0.003527 -0.100000
v 1.290360 0.003527 0.100000
v 1.289283 0.004800 -0.100000
v 1.289283 0.004800 0.100000
v 1.288401 0.006270 -0.100000
v 1.288401 0.006270 0.100000
v 1.287715 0.007935 -0.100000
v 1.287715 0.007935 0.100000
v 1.287226 0.009796 -0.100000
v 1.287226 0.009796 0.100000
v 1.286932 0.011853 -0.100000
v 1.286932 0.011853 0.100000
v 1.286834 0.014107 -0.100000
v 1.286834 0.014107 0.100000
v 1.286834 0.062304 -0.100000
v 1.286834 0.062304 0.100000
v 1.219828 0.143417 -0.100000
v 1.219828 0.143417 0.100000
v 1.105799 -0.050000 -0.100000
v 1.105799 -0.050000 0.100000
v 1.400862 -0.050000 -0.100000
v 1.400862 -0.050000 0.100000
v 1.400862 -0.100000 -0.100000
v 1.400862 -0.100000 0.100000
v 1.105799 -0.100000 -0.100000
v 1.105799 -0.100000 0.100000
v 1.400862 -0.050000 -0.100000
v 1.400862 -0.050000 0.100000
v 1.489028 -0.050000 -0.100000
v 1.489028 -0.050000 0.100000
v 1.489028 -0.100000 -0.100000
v 1.489028 -0.100000 0.100000
v 1.400862 -0.100000 -0.100000
v 1.400862 -0.100000 0.100000
v 1.602664 0.014107 -0.100000
v 1.602664 0.014107 0.100000
v 1.602566 0.011853 -0.100000
v 1.602566 0.011853 0.100000
v 1.602273 0.009796 -0.100000
v 1.602273 0.009796 0.100000
v 1.601783 0.007935 -0.100000
v 1.601783 0.007935 0.100000
v 1.601097 0.006270 -0.100000
v 1.601097 0.006270 0.100000
v 1.600215 0.004800 -0.100000
v 1.600215 0.004800 0.100000
v 1.599138 0.003527 -0.100000
v 1.599138 0.003527 0.100000
v 1.597864 0.002449 -0.100000
v 1.597864 0.002449 0.100000
v 1.596395 0.001567 -0.100000
v 1.596395 0.001567 0.100000
v 1.594730 0.000882 -0.100000
v 1.594730 0.000882 0.100000
v 1.592868 0.000392 -0.100000
v 1.592868 0.000392 0.100000
v 1.590811 0.000098 -0.100000
v 1.590811 0.000098 0.100000
v 1.588558 0.000000 -0.100000
v 1.588558 -0.000000 0.100000
v 1.530172 0.000000 -0.100000
v 1.530172 -0.000000 0.100000
v 1.527919 0.000098 -0.100000
v 1.527919 0.000098 0.100000
v 1.525862 0.000392 -0.100000
v 1.525862 0.000392 0.100000
v 1.524001 0.000882 -0.100000
v 1.524001 0.000882 0.100000
v 1.522335 0.001567 -0.100000
v 1.522335 0.001567 0.100000
v 1.520866 0.002449 -0.100000
v 1.520866 0.002449 0.100000
v 1.519592 0.003527 -0.100000
v 1.519592 0.003527 0.100000
v 1.518515 0.004800 -0.100000
v 1.518515 0.004800 0.100000
v 1.517633 0.006270 -0.100000
v 1.517633 0.006270 0.100000
v 1.516947 0.007935 -0.100000
v 1.516947 0.007935 0.100000
v 1.516458 0.009796 -0.100000
v 1.516458 0.009796 0.100000
v 1.516164 0.011853 -0.100000
v 1.516164 0.011853 0.100000
v 1.516066 0.014107 -0.100000
v 1.516066 0.014107 0.100000
v 1.516066 0.268025 -0.100000
v 1.516066 0.268025 0.100000
v 1.516164 0.270278 -0.100000
v 1.516164 0.270278 0.100000
v 1.516458 0.272335 -0.100000
v 1.516458 0.272335 0.100000
v 1.516947 0.274197 -0.100000
v 1.516947 0.274197 0.100000
v 1.517633 0.275862 -0.100000
v 1.517633 0.275862 0.100000
v 1.518515 0.277331 -0.100000
v 1.518515 0.277331 0.100000
v 1.519592 0.278605 -0.100000
v 1.519592 0.278605 0.100000
v 1.520866 0.279683 -0.100000
v 1.520866 0.279683 0.100000
v 1.522335 0.280564 -0.100000
v 1.522335 0.280564 0.100000
v 1.524001 0.281250 -0.100000
v 1.524001 0.281250 0.100000
v 1.525862 0.281740 -0.100000
v 1.525862 0.281740 0.100000
v 1.527919 0.282034 -0.100000
v 1.527919 0.282034 0.100000
v 1.530172 0.282132 -0.100000
v 1.530172 0.282132 0.100000
v 1.593260 0.282132 -0.100000
v 1.593260 0.282132 0.100000
v 1.595181 0.282050 -0.100000
v 1.595181 0.282050 0.100000
v 1.597026 0.281805 -0.100000
v 1.597026 0.281805 0.100000
v 1.598795 0.281397 -0.100000
v 1.598795 0.281397 0.100000
v 1.600488 0.280825 -0.100000
v 1.600488 0.280825 0.100000
v 1.602104 0.280091 -0.100000
v 1.602104 0.280091 0.100000
v 1.603644 0.279193 -0.100000
v 1.603644 0.279193 0.100000
v 1.605108 0.278132 -0.100000
v 1.605108 0.278132 0.100000
v 1.606496 0.276907 -0.100000
v 1.606496 0.276907 0.100000
v 1.607808 0.275519 -0.100000
v 1.607808 0.275519 0.100000
v 1.609043 0.273968 -0.100000
v 1.609043 0.273968 0.100000
v 1.610202 0.272254 -0.100000
v 1.610202 0.272254 0.100000
v 1.611285 0.270376 -0.100000
v 1.611285 0.270376 0.100000
v 1.646552 0.206505 -0.100000
v 1.646552 0.206505 0.100000
v 1.646874 0.205931 -0.100000
v 1.646874 0.205931 0.100000
v 1.647188 0.205384 -0.100000
v 1.647188 0.205384 0.100000
v 1.647495 0.204864 -0.100000
v 1.647495 0.204864 0.100000
v 1.647793 0.204371 -0.100000
v 1.647793 0.204371 0.100000
v 1.648082 0.203906 -0.100000
v 1.648082 0.203906 0.100000
v 1.648364 0.203468 -0.100000
v 1.648364 0.203468 0.100000
v 1.648638 0.203057 -0.100000
v 1.648638 0.203057 0.100000
v 1.648903 0.202673 -0.100000
v 1.648903 0.202673 0.100000
v 1.649160 0.202317 -0.100000
v 1.649160 0.202317 0.100000
v 1.649409 0.201988 -0.100000
v 1.649409 0.201988 0.100000
v 1.649650 0.201685 -0.100000
v 1.649650 0.201685 0.100000
v 1.649882 0.201411 -0.100000
v 1.649882 0.201411 0.100000
v 1.650118 0.201160 -0.100000
v 1.650118 0.201160 0.100000
v 1.650367 0.200932 -0.100000
v 1.650367 0.200932 0.100000
v 1.650629 0.200725 -0.100000
v 1.650629 0.200725 0.100000
v 1.650906 0.200540 -0.100000
v 1.650906 0.200540 0.100000
v 1.651195 0.200377 -0.100000
v 1.651195 0.200377 0.100000
v 1.651499 0.200235 -0.100000
v 1.651499 0.200235 0.100000
v 1.651816 0.200115 -0.100000
v 1.651816 0.200115 0.100000
v 1.652146 0.200017 -0.100000
v 1.652146 0.200017 0.100000
v 1.652491 0.199941 -0.100000
v 1.652491 0.199941 0.100000
v 1.652848 0.199887 -0.100000
v 1.652848 0.199887 0.100000
v 1.653220 0.199854 -0.100000
v 1.653220 0.199854 0.100000
v 1.653605 0.199843 -0.100000
v 1.653605 0.199843 0.100000
v 1.657132 0.199843 -0.100000
v 1.657132 0.199843 0.100000
v 1.657517 0.199854 -0.100000
v 1.657517 0.199854 0.100000
v 1.657888 0.199887 -0.100000
v 1.657888 0.199887 0.100000
v 1.658246 0.199941 -0.100000
v 1.658246 0.199941 0.100000
v 1.658590 0.200017 -0.100000
v 1.658590 0.200017 0.100000
v 1.658921 0.200115 -0.100000
v 1.658921 0.200115 0.100000
v 1.659238 0.200235 -0.100000
v 1.659238 0.200235 0.100000
v 1.659541 0.200377 -0.100000
v 1.659541 0.200377 0.100000
v 1.659831 0.200540 -0.100000
v 1.659831 0.200540 0.100000
v 1.660107 0.200725 -0.100000
v 1.660107 0.200725 0.100000
v 1.660370 0.200932 -0.100000
v 1.660370 0.200932 0.100000
v 1.660619 0.201160 -0.100000
v 1.660619 0.201160 0.100000
v 1.660854 0.201411 -0.100000
v 1.660854 0.201411 0.100000
v 1.661087 0.201685 -0.100000
v 1.661087 0.201685 0.100000
v 1.661328 0.201988 -0.100000
v 1.661328 0.201988 0.100000
v 1.661577 0.202317 -0.100000
v 1.661577 0.202317 0.100000
v 1.661834 0.202673 -0.100000
v 1.661834 0.202673 0.100000
v 1.662099 0.203057 -0.100000
v 1.662099 0.203057 0.100000
v 1.662373 0.203468 -0.100000
v 1.662373 0.203468 0.100000
v 1.662654 0.203906 -0.100000
v 1.662654 0.203906 0.100000
v 1.662944 0.204371 -0.100000
v 1.662944 0.204371 0.100000
v 1.663242 0.204864 -0.100000
v 1.663242 0.204864 0.100000
v 1.663548 0.205384 -0.100000
v 1.663548 0.205384 0.100000
v 1.663863 0.205931 -0.100000
v 1.663863 0.205931 0.100000
v 1.664185 0.206505 -0.100000
v 1.664185 0.206505 0.100000
v 1.699059 0.270376 -0.100000
v 1.699059 0.270376 0.100000
v 1.700143 0.272254 -0.100000
v 1.700143 0.272254 0.100000
v 1.701302 0.273968 -0.100000
v 1.701302 0.273968 0.100000
v 1.702537 0.275519 -0.100000
v 1.702537 0.275519 0.100000
v 1.703849 0.276907 -0.100000
v 1.703849 0.276907 0.100000
v 1.705237 0.278132 -0.100000
v 1.705237 0.278132 0.100000
v 1.706701 0.279193 -0.100000
v 1.706701 0.279193 0.100000
v 1.708241 0.280091 -0.100000
v 1.708241 0.280091 0.100000
v 1.709857 0.280825 -0.100000
v 1.709857 0.280825 0.100000
v 1.711550 0.281397 -0.100000
v 1.711550 0.281397 0.100000
v 1.713318 0.281805 -0.100000
v 1.713318 0.281805 0.100000
v 1.715163 0.282050 -0.100000
v 1.715163 0.282050 0.100000
v 1.717085 0.282132 -0.100000
v 1.717085 0.282132 0.100000
v 1.780564 0.282132 -0.100000
v 1.780564 0.282132 0.100000
v 1.782817 0.282034 -0.100000
v 1.782817 0.282034 0.100000
v 1.784874 0.281740 -0.100000
v 1.784874 0.281740 0.100000
v 1.786736 0.281250 -0.100000
v 1.786736 0.281250 0.100000
v 1.788401 0.280564 -0.100000
v 1.788401 0.280564 0.100000
v 1.789871 0.279683 -0.100000
v 1.789871 0.279683 0.100000
v 1.791144 0.278605 -0.100000
v 1.791144 0.278605 0.100000
v 1.792222 0.277332 -0.100000
v 1.792222 0.277332 0.100000
v 1.793103 0.275862 -0.100000
v 1.793103 0.275862 0.100000
v 1.793789 0.274197 -0.100000
v 1.793789 0.274197 0.100000
v 1.794279 0.272335 -0.100000
v 1.794279 0.272335 0.100000
v 1.794573 0.270278 -0.100000
v 1.794573 0.270278 0.100000
v 1.794671 0.268025 -0.100000
v 1.794671 0.268025 0.100000
v 1.794671 0.014107 -0.100000
v 1.794671 0.014107 0.100000
v 1.794573 0.011853 -0.100000
v 1.794573 0.011853 0.100000
v 1.794279 0.009796 -0.100000
v 1.794279 0.009796 0.100000
v 1.793789 0.007935 -0.100000
v 1.793789 0.007935 0.100000
v 1.793103 0.006270 -0.100000
v 1.793103 0.006270 0.100000
v 1.792222 0.004800 -0.100000
v 1.792222 0.004800 0.100000
v 1.791144 0.003527 -0.100000
v 1.791144 0.003527 0.100000
v 1.789871 0.002449 -0.100000
v 1.789871 0.002449 0.100000
v 1.788401 0.001567 -0.100000
v 1.788401 0.001567 0.100000
v 1.786736 0.000882 -0.100000
v 1.786736 0.000882 0.100000
v 1.784874 0.000392 -0.100000
v 1.784874 0.000392 0.100000
v 1.782817 0.000098 -0.100000
v 1.782817 0.000098 0.100000
v 1.780564 0.000000 -0.100000
v 1.780564 -0.000000 0.100000
v 1.720219 0.000000 -0.100000
v 1.720219 -0.000000 0.100000
v 1.717966 0.000098 -0.100000
v 1.717966 0.000098 0.100000
v 1.715909 0.000392 -0.100000
v 1.715909 0.000392 0.100000
v 1.714048 0.000882 -0.100000
v 1.714048 0.000882 0.100000
v 1.712382 0.001567 -0.100000
v 1.712382 0.001567 0.100000
v 1.710913 0.002449 -0.100000
v 1.710913 0.002449 0.100000
v 1.709639 0.003527 -0.100000
v 1.709639 0.003527 0.100000
v 1.708562 0.004800 -0.100000
v 1.708562 0.004800 0.100000
v 1.707680 0.006270 -0.100000
v 1.707680 0.006270 0.100000
v 1.706994 0.007935 -0.100000
v 1.706994 0.007935 0.100000
v 1.706505 0.009796 -0.100000
v 1.706505 0.009796 0.100000
v 1.706211 0.011853 -0.100000
v 1.706211 0.011853 0.100000
v 1.706113 0.014107 -0.100000
v 1.706113 0.014107 0.100000
v 1.706113 0.152038 -0.100000
v 1.706113 0.152038 0.100000
v 1.682994 0.109326 -0.100000
v 1.682994 0.109326 0.100000
v 1.681832 0.107323 -0.100000
v 1.681832 0.107323 0.100000
v 1.680566 0.105495 -0.100000
v 1.680566 0.105495 0.100000
v 1.679198 0.103840 -0.100000
v 1.679198 0.103840 0.100000
v 1.677725 0.102360 -0.100000
v 1.677725 0.102360 0.100000
v 1.676150 0.101054 -0.100000
v 1.676150 0.101054 0.100000
v 1.674471 0.099922 -0.100000
v 1.674471 0.099922 0.100000
v 1.672688 0.098964 -0.100000
v 1.672688 0.098964 0.100000
v 1.670803 0.098180 -0.100000
v 1.670803 0.098180 0.100000
v 1.668814 0.097571 -0.100000
v 1.668814 0.097571 0.100000
v 1.666721 0.097135 -0.100000
v 1.666721 0.097135 0.100000
v 1.664525 0.096874 -0.100000
v 1.664525 0.096874 0.100000
v 1.662226 0.096787 -0.100000
v 1.662226 0.096787 0.100000
v 1.646552 0.096787 -0.100000
v 1.646552 0.096787 0.100000
v 1.644252 0.096874 -0.100000
v 1.644252 0.096874 0.100000
v 1.642056 0.097135 -0.100000
v 1.642056 0.097135 0.100000
v 1.639964 0.097571 -0.100000
v 1.639964 0.097571 0.100000
v 1.637975 0.098180 -0.100000
v 1.637975 0.098180 0.100000
v 1.636089 0.098964 -0.100000
v 1.636089 0.098964 0.100000
v 1.634306 0.099922 -0.100000
v 1.634306 0.099922 0.100000
v 1.632627 0.101054 -0.100000
v 1.632627 0.101054 0.100000
v 1.631052 0.102360 -0.100000
v 1.631052 0.102360 0.100000
v 1.629580 0.103840 -0.100000
v 1.629580 0.103840 0.100000
v 1.628211 0.105495 -0.100000
v 1.628211 0.105495 0.100000
v 1.626945 0.107323 -0.100000
v 1.626945 0.107323 0.100000
v 1.625784 0.109326 -0.100000
v 1.625784 0.109326 0.100000
v 1.602664 0.152038 -0.100000
v 1.602664 0.152038 0.100000
v 1.489028 -0.050000 -0.100000
v 1.489028 -0.050000 0.100000
v 1.821708 -0.050000 -0.100000
v 1.821708 -0.050000 0.100000
v 1.821708 -0.100000 -0.100000
v 1.821708 -0.100000 0.100000
v 1.489028 -0.100000 -0.100000
v 1.489028 -0.100000 0.100000
v 2.087774 0.207680 -0.100000
v 2.087774 0.207680 0.100000
v 2.087774 0.074060 -0.100000
v 2.087774 0.074060 0.100000
v 2.087738 0.071079 -0.100000
v 2.087738 0.071079 0.100000
v 2.087627 0.068144 -0.100000
v 2.087627 0.068144 0.100000
v 2.087444 0.065255 -0.100000
v 2.087444 0.065255 0.100000
v 2.087187 0.062413 -0.100000
v 2.087187 0.062413 0.100000
v 2.086856 0.059617 -0.100000
v 2.086856 0.059617 0.100000
v 2.086452 0.056867 -0.100000
v 2.086452 0.056867 0.100000
v 2.085974 0.054164 -0.100000
v 2.085974 0.054164 0.100000
v 2.085423 0.051506 -0.100000
v 2.085423 0.051506 0.100000
v 2.084799 0.048895 -0.100000
v 2.084799 0.048895 0.100000
v 2.084101 0.046331 -0.100000
v 2.084101 0.046331 0.100000
v 2.083329 0.043812 -0.100000
v 2.083329 0.043812 0.100000
v 2.082484 0.041340 -0.100000
v 2.082484 0.041340 0.100000
v 2.081547 0.038920 -0.100000
v 2.081547 0.038920 0.100000
v 2.080498 0.036556 -0.100000
v 2.080498 0.036556 0.100000
v 2.079337 0.034250 -0.100000
v 2.079337 0.034250 0.100000
v 2.078065 0.032001 -0.100000
v 2.078065 0.032001 0.100000
v 2.076681 0.029809 -0.100000
v 2.076681 0.029809 0.100000
v 2.075186 0.027674 -0.100000
v 2.075186 0.027674 0.100000
v 2.073579 0.025597 -0.100000
v 2.073579 0.025597 0.100000
v 2.071860 0.023576 -0.100000
v 2.071860 0.023576 0.100000
v 2.070030 0.021613 -0.100000
v 2.070030 0.021613 0.100000
v 2.068089 0.019707 -0.100000
v 2.068089 0.019707 0.100000
v 2.066036 0.017858 -0.100000
v 2.066036 0.017858 0.100000
v 2.063871 0.016066 -0.100000
v 2.063871 0.016066 0.100000
v 2.061579 0.014337 -0.100000
v 2.061579 0.014337 0.100000
v 2.059142 0.012675 -0.100000
v 2.059142 0.012675 0.100000
v 2.056561 0.011082 -0.100000
v 2.056561 0.011082 0.100000
v 2.053835 0.009557 -0.100000
v 2.053835 0.009557 0.100000
v 2.050966 0.008100 -0.100000
v 2.050966 0.008100 0.100000
v 2.047952 0.006710 -0.100000
v 2.047952 0.006710 0.100000
v 2.044795 0.005389 -0.100000
v 2.044795 0.005389 0.100000
v 2.041492 0.004136 -0.100000
v 2.041492 0.004136 0.100000
v 2.038046 0.002951 -0.100000
v 2.038046 0.002951 0.100000
v 2.034456 0.001834 -0.100000
v 2.034456 0.001834 0.100000
v 2.030721 0.000785 -0.100000
v 2.030721 0.000785 0.100000
v 2.026842 -0.000196 -0.100000
v 2.026842 -0.000196 0.100000
v 2.022799 -0.001103 -0.100000
v 2.022799 -0.001103 0.100000
v 2.018574 -0.001932 -0.100000
v 2.018574 -0.001932 0.100000
v 2.014168 -0.002682 -0.100000
v 2.014168 -0.002682 0.100000
v 2.009578 -0.003352 -0.100000
v 2.009578 -0.003352 0.100000
v 2.004807 -0.003944 -0.100000
v 2.004807 -0.003944 0.100000
v 1.999853 -0.004457 -0.100000
v 1.999853 -0.004457 0.100000
v 1.994716 -0.004891 -0.100000
v 1.994716 -0.004891 0.100000
v 1.989398 -0.005246 -0.100000
v 1.989398 -0.005246 0.100000
v 1.983897 -0.005523 -0.100000
v 1.983897 -0.005523 0.100000
v 1.978214 -0.005720 -0.100000
v 1.978214 -0.005720 0.100000
v 1.972348 -0.005838 -0.100000
v 1.972348 -0.005838 0.100000
v 1.966301 -0.005878 -0.100000
v 1.966301 -0.005878 0.100000
v 1.960253 -0.005838 -0.100000
v 1.960253 -0.005838 0.100000
v 1.954388 -0.005720 -0.100000
v 1.954388 -0.005720 0.100000
v 1.948704 -0.005523 -0.100000
v 1.948704 -0.005523 0.100000
v 1.943203 -0.005246 -0.100000
v 1.943203 -0.005246 0.100000
v 1.937885 -0.004891 -0.100000
v 1.937885 -0.004891 0.100000
v 1.932749 -0.004457 -0.100000
v 1.932749 -0.004457 0.100000
v 1.927795 -0.003944 -0.100000
v 1.927795 -0.003944 0.100000
v 1.923023 -0.003352 -0.100000
v 1.923023 -0.003352 0.100000
v 1.918434 -0.002682 -0.100000
v 1.918434 -0.002682 0.100000
v 1.914027 -0.001932 -0.100000
v 1.914027 -0.001932 0.100000
v 1.909802 -0.001103 -0.100000
v 1.909802 -0.001103 0.100000
v 1.905760 -0.000196 -0.100000
v 1.905760 -0.000196 0.100000
v 1.901881 0.000785 -0.100000
v 1.901881 0.000785 0.100000
v 1.898146 0.001834 -0.100000
v 1.898146 0.001834 0.100000
v 1.894556 0.002951 -0.100000
v 1.894556 0.002951 0.100000
v 1.891109 0.004136 -0.100000
v 1.891109 0.004136 0.100000
v 1.887807 0.005389 -0.100000
v 1.887807 0.005389 0.100000
v 1.884649 0.006710 -0.100000
v 1.884649 0.006710 0.100000
v 1.881635 0.008100 -0.100000
v 1.881635 0.008100 0.100000
v 1.878766 0.009557 -0.100000
v 1.878766 0.009557 0.100000
v 1.876041 0.011082 -0.100000
v 1.876041 0.011082 0.100000
v 1.873460 0.012675 -0.100000
v 1.873460 0.012675 0.100000
v 1.871023 0.014337 -0.100000
v 1.871023 0.014337 0.100000
v 1.868730 0.016066 -0.100000
v 1.868730 0.016066 0.100000
v 1.866564 0.017858 -0.100000
v 1.866564 0.017858 0.100000
v 1.864507 0.019707 -0.100000
v 1.864507 0.019707 0.100000
v 1.862559 0.021613 -0.100000
v 1.862559 0.021613 0.100000
v 1.860719 0.023576 -0.100000
v 1.860719 0.023576 0.100000
v 1.858989 0.025597 -0.100000
v 1.858989 0.025597 0.100000
v 1.857367 0.027674 -0.100000
v 1.857367 0.027674 0.100000
v 1.855854 0.029809 -0.100000
v 1.855854 0.029809 0.100000
v 1.854450 0.032001 -0.100000
v 1.854450 0.032001 0.100000
v 1.853154 0.034250 -0.100000
v 1.853154 0.034250 0.100000
v 1.851968 0.036556 -0.100000
v 1.851968 0.036556 0.100000
v 1.850890 0.038920 -0.100000
v 1.850890 0.038920 0.100000
v 1.849921 0.041340 -0.100000
v 1.849921 0.041340 0.100000
v 1.849045 0.043812 -0.100000
v 1.849045 0.043812 0.100000
v 1.848245 0.046331 -0.100000
v 1.848245 0.046331 0.100000
v 1.847521 0.048895 -0.100000
v 1.847521 0.048895 0.100000
v 1.846874 0.051506 -0.100000
v 1.846874 0.051506 0.100000
v 1.846302 0.054164 -0.100000
v 1.846302 0.054164 0.100000
v 1.845807 0.056867 -0.100000
v 1.845807 0.056867 0.100000
v 1.845388 0.059617 -0.100000
v 1.845388 0.059617 0.100000
v 1.845045 0.062413 -0.100000
v 1.845045 0.062413 0.100000
v 1.844778 0.065255 -0.100000
v 1.844778 0.065255 0.100000
v 1.844588 0.068144 -0.100000
v 1.844588 0.068144 0.100000
v 1.844474 0.071079 -0.100000
v 1.844474 0.071079 0.100000
v 1.844436 0.074060 -0.100000
v 1.844436 0.074060 0.100000
v 1.844436 0.207680 -0.100000
v 1.844436 0.207680 0.100000
v 1.844474 0.210661 -0.100000
v 1.844474 0.210661 0.100000
v 1.844588 0.213596 -0.100000
v 1.844588 0.213596 0.100000
v 1.844779 0.216485 -0.100000
v 1.844779 0.216485 0.100000
v 1.845045 0.219327 -0.100000
v 1.845045 0.219327 0.100000
v 1.845388 0.222123 -0.100000
v 1.845388 0.222123 0.100000
v 1.845807 0.224873 -0.100000
v 1.845807 0.224873 0.100000
v 1.846302 0.227576 -0.100000
v 1.846302 0.227576 0.100000
v 1.846874 0.230233 -0.100000
v 1.846874 0.230233 0.100000
v 1.847522 0.232844 -0.100000
v 1.847522 0.232844 0.100000
v 1.848245 0.235409 -0.100000
v 1.848245 0.235409 0.100000
v 1.849045 0.237927 -0.100000
v 1.849045 0.237927 0.100000
v 1.849921 0.240400 -0.100000
v 1.849921 0.240400 0.100000
v 1.850890 0.242820 -0.100000
v 1.850890 0.242820 0.100000
v 1.851968 0.245183 -0.100000
v 1.851968 0.245183 0.100000
v 1.853154 0.247490 -0.100000
v 1.853154 0.247490 0.100000
v 1.854450 0.249739 -0.100000
v 1.854450 0.249739 0.100000
v 1.855854 0.251931 -0.100000
v 1.855854 0.251931 0.100000
v 1.857367 0.254065 -0.100000
v 1.857367 0.254065 0.100000
v 1.858989 0.256143 -0.100000
v 1.858989 0.256143 0.100000
v 1.860719 0.258164 -0.100000
v 1.860719 0.258164 0.100000
v 1.862559 0.260127 -0.100000
v 1.862559 0.260127 0.100000
v 1.864507 0.262033 -0.100000
v 1.864507 0.262033 0.100000
v 1.866565 0.263882 -0.100000
v 1.866565 0.263882 0.100000
v 1.868730 0.265674 -0.100000
v 1.868730 0.265674 0.100000
v 1.871023 0.267405 -0.100000
v 1.871023 0.267405 0.100000
v 1.873460 0.269070 -0.100000
v 1.873460 0.269070 0.100000
v 1.876041 0.270670 -0.100000
v 1.876041 0.270670 0.100000
v 1.878766 0.272205 -0.100000
v 1.878766 0.272205 0.100000
v 1.881635 0.273674 -0.100000
v 1.881635 0.273674 0.100000
v 1.884649 0.275078 -0.100000
v 1.884649 0.275078 0.100000
v 1.887807 0.276417 -0.100000
v 1.887807 0.276417 0.100000
v 1.891109 0.277691 -0.100000
v 1.891109 0.277691 0.100000
v 1.894556 0.278899 -0.100000
v 1.894556 0.278899 0.100000
v 1.898146 0.280042 -0.100000
v 1.898146 0.280042 0.100000
v 1.901881 0.281119 -0.100000
v 1.901881 0.281119 0.100000
v 1.905760 0.282132 -0.100000
v 1.905760 0.282132 0.100000
v 1.909802 0.283070 -0.100000
v 1.909802 0.283070 0.100000
v 1.914027 0.283928 -0.100000
v 1.914027 0.283928 0.100000
v 1.918434 0.284703 -0.100000
v 1.918434 0.284703 0.100000
v 1.923023 0.285397 -0.100000
v 1.923023 0.285397 0.100000
v 1.927795 0.286009 -0.100000
v 1.927795 0.286009 0.100000
v 1.932749 0.286540 -0.100000
v 1.932749 0.286540 0.100000
v 1.937885 0.286989 -0.100000
v 1.937885 0.286989 0.100000
v 1.943203 0.287356 -0.100000
v 1.943203 0.287356 0.100000
v 1.948704 0.287642 -0.100000
v 1.948704 0.287642 0.100000
v 1.954388 0.287846 -0.100000
v 1.954388 0.287846 0.100000
v 1.960253 0.287969 -0.100000
v 1.960253 0.287969 0.100000
v 1.966301 0.288009 -0.100000
v 1.966301 0.288009 0.100000
v 1.972349 0.287969 -0.100000
v 1.972349 0.287969 0.100000
v 1.978214 0.287846 -0.100000
v 1.978214 0.287846 0.100000
v 1.983897 0.287642 -0.100000
v 1.983897 0.287642 0.100000
v 1.989398 0.287356 -0.100000
v 1.989398 0.287356 0.100000
v 1.994717 0.286989 -0.100000
v 1.994717 0.286989 0.100000
v 1.999853 0.286540 -0.100000
v 1.999853 0.286540 0.100000
v 2.004807 0.286009 -0.100000
v 2.004807 0.286009 0.100000
v 2.009579 0.285397 -0.100000
v 2.009579 0.285397 0.100000
v 2.014168 0.284703 -0.100000
v 2.014168 0.284703 0.100000
v 2.018575 0.283928 -0.100000
v 2.018575 0.283928 0.100000
v 2.022800 0.283070 -0.100000
v 2.022800 0.283070 0.100000
v 2.026842 0.282132 -0.100000
v 2.026842 0.282132 0.100000
v 2.030721 0.281119 -0.100000
v 2.030721 0.281119 0.100000
v 2.034456 0.280042 -0.100000
v 2.034456 0.280042 0.100000
v 2.038046 0.278899 -0.100000
v 2.038046 0.278899 0.100000
v 2.041492 0.277691 -0.100000
v 2.041492 0.277691 0.100000
v 2.044795 0.276417 -0.100000
v 2.044795 0.276417 0.100000
v 2.047952 0.275078 -0.100000
v 2.047952 0.275078 0.100000
v 2.050966 0.273674 -0.100000
v 2.050966 0.273674 0.100000
v 2.053835 0.272205 -0.100000
v 2.053835 0.272205 0.100000
v 2.056561 0.270670 -0.100000
v 2.056561 0.270670 0.100000
v 2.059142 0.269070 -0.100000
v 2.059142 0.269070 0.100000
v 2.061579 0.267405 -0.100000
v 2.061579 0.267405 0.100000
v 2.063871 0.265674 -0.100000
v 2.063871 0.265674 0.100000
v 2.066036 0.263882 -0.100000
v 2.066036 0.263882 0.100000
v 2.068089 0.262033 -0.100000
v 2.068089 0.262033 0.100000
v 2.070030 0.260127 -0.100000
v 2.070030 0.260127 0.100000
v 2.071861 0.258164 -0.100000
v 2.071861 0.258164 0.100000
v 2.073579 0.256143 -0.100000
v 2.073579 0.256143 0.100000
v 2.075186 0.254065 -0.100000
v 2.075186 0.254065 0.100000
v 2.076681 0.251931 -0.100000
v 2.076681 0.251931 0.100000
v 2.078065 0.249739 -0.100000
v 2.078065 0.249739 0.100000
v 2.079337 0.247490 -0.100000
v 2.079337 0.247490 0.100000
v 2.080498 0.245183 -0.100000
v 2.080498 0.245183 0.100000
v 2.081547 0.242820 -0.100000
v 2.081547 0.242820 0.100000
v 2.082484 0.240400 -0.100000
v 2.082484 0.240400 0.100000
v 2.083329 0.237927 -0.100000
v 2.083329 0.237927 0.100000
v 2.084101 0.235409 -0.100000
v 2.084101 0.235409 0.100000
v 2.084799 0.232844 -0.100000
v 2.084799 0.232844 0.100000
v 2.085423 0.230233 -0.100000
v 2.085423 0.230233 0.100000
v 2.085974 0.227576 -0.100000
v 2.085974 0.227576 0.100000
v 2.086452 0.224873 -0.100000
v 2.086452 0.224873 0.100000
v 2.086856 0.222123 -0.100000
v 2.086856 0.222123 0.100000
v 2.087187 0.219327 -0.100000
v 2.087187 0.219327 0.100000
v 2.087444 0.216485 -0.100000
v 2.087444 0.216485 0.100000
v 2.087627 0.213596 -0.100000
v 2.087627 0.213596 0.100000
v 2.087738 0.210661 -0.100000
v 2.087738 0.210661 0.100000
v 1.933385 0.193574 -0.100000
v 1.933385 0.193574 0.100000
v 1.933385 0.088166 -0.100000
v 1.933385 0.088166 0.100000
v 1.933426 0.086878 -0.100000
v 1.933426 0.086878 0.100000
v 1.933549 0.085625 -0.100000
v 1.933549 0.085625 0.100000
v 1.933753 0.084407 -0.100000
v 1.933753 0.084407 0.100000
v 1.934038 0.083224 -0.100000
v 1.934038 0.083224 0.100000
v 1.934406 0.082078 -0.100000
v 1.934406 0.082078 0.100000
v 1.934855 0.080966 -0.100000
v 1.934855 0.080966 0.100000
v 1.935385 0.079890 -0.100000
v 1.935385 0.079890 0.100000
v 1.935998 0.078849 -0.100000
v 1.935998 0.078849 0.100000
v 1.936692 0.077843 -0.100000
v 1.936692 0.077843 0.100000
v 1.937467 0.076873 -0.100000
v 1.937467 0.076873 0.100000
v 1.938324 0.075939 -0.100000
v 1.938324 0.075939 0.100000
v 1.939263 0.075039 -0.100000
v 1.939263 0.075039 0.100000
v 1.940349 0.074194 -0.100000
v 1.940349 0.074194 0.100000
v 1.941647 0.073423 -0.100000
v 1.941647 0.073423 0.100000
v 1.943157 0.072725 -0.100000
v 1.943157 0.072725 0.100000
v 1.944880 0.072100 -0.100000
v 1.944880 0.072100 0.100000
v 1.946814 0.071549 -0.100000
v 1.946814 0.071549 0.100000
v 1.948961 0.071072 -0.100000
v 1.948961 0.071072 0.100000
v 1.951321 0.070668 -0.100000
v 1.951321 0.070668 0.100000
v 1.953892 0.070337 -0.100000
v 1.953892 0.070337 0.100000
v 1.956676 0.070080 -0.100000
v 1.956676 0.070080 0.100000
v 1.959672 0.069896 -0.100000
v 1.959672 0.069896 0.100000
v 1.962880 0.069786 -0.100000
v 1.962880 0.069786 0.100000
v 1.966301 0.069749 -0.100000
v 1.966301 0.069749 0.100000
v 1.969783 0.069786 -0.100000
v 1.969783 0.069786 0.100000
v 1.973044 0.069896 -0.100000
v 1.973044 0.069896 0.100000
v 1.976085 0.070080 -0.100000
v 1.976085 0.070080 0.100000
v 1.978905 0.070337 -0.100000
v 1.978905 0.070337 0.100000
v 1.981505 0.070668 -0.100000
v 1.981505 0.070668 0.100000
v 1.983885 0.071072 -0.100000
v 1.983885 0.071072 0.100000
v 1.986044 0.071549 -0.100000
v 1.986044 0.071549 0.100000
v 1.987983 0.072100 -0.100000
v 1.987983 0.072100 0.100000
v 1.989702 0.072725 -0.100000
v 1.989702 0.072725 0.100000
v 1.991199 0.073423 -0.100000
v 1.991199 0.073423 0.100000
v 1.992477 0.074194 -0.100000
v 1.992477 0.074194 0.100000
v 1.993534 0.075039 -0.100000
v 1.993534 0.075039 0.100000
v 1.994442 0.075939 -0.100000
v 1.994442 0.075939 0.100000
v 1.995270 0.076873 -0.100000
v 1.995270 0.076873 0.100000
v 1.996020 0.077843 -0.100000
v 1.996020 0.077843 0.100000
v 1.996691 0.078849 -0.100000
v 1.996691 0.078849 0.100000
v 1.997283 0.079890 -0.100000
v 1.997283 0.079890 0.100000
v 1.997796 0.080966 -0.100000
v 1.997796 0.080966 0.100000
v 1.998230 0.082077 -0.100000
v 1.998230 0.082077 0.100000
v 1.998585 0.083224 -0.100000
v 1.998585 0.083224 0.100000
v 1.998861 0.084407 -0.100000
v 1.998861 0.084407 0.100000
v 1.999058 0.085625 -0.100000
v 1.999058 0.085625 0.100000
v 1.999177 0.086878 -0.100000
v 1.999177 0.086878 0.100000
v 1.999216 0.088166 -0.100000
v 1.999216 0.088166 0.100000
v 1.999216 0.193574 -0.100000
v 1.999216 0.193574 0.100000
v 1.999177 0.194861 -0.100000
v 1.999177 0.194861 0.100000
v 1.999058 0.196110 -0.100000
v 1.999058 0.196110 0.100000
v 1.998861 0.197321 -0.100000
v 1.998861 0.197321 0.100000
v 1.998585 0.198494 -0.100000
v 1.998585 0.198494 0.100000
v 1.998230 0.199628 -0.100000
v 1.998230 0.199628 0.100000
v 1.997796 0.200725 -0.100000
v 1.997796 0.200725 0.100000
v 1.997283 0.201783 -0.100000
v 1.997283 0.201783 0.100000
v 1.996691 0.202804 -0.100000
v 1.996691 0.202804 0.100000
v 1.996020 0.203786 -0.100000
v 1.996020 0.203786 0.100000
v 1.995270 0.204730 -0.100000
v 1.995270 0.204730 0.100000
v 1.994442 0.205637 -0.100000
v 1.994442 0.205637 0.100000
v 1.993534 0.206505 -0.100000
v 1.993534 0.206505 0.100000
v 1.992477 0.207318 -0.100000
v 1.992477 0.207318 0.100000
v 1.991200 0.208061 -0.100000
v 1.991200 0.208061 0.100000
v 1.989702 0.208733 -0.100000
v 1.989702 0.208733 0.100000
v 1.987983 0.209335 -0.100000
v 1.987983 0.209335 0.100000
v 1.986044 0.209865 -0.100000
v 1.986044 0.209865 0.100000
v 1.983885 0.210325 -0.100000
v 1.983885 0.210325 0.100000
v 1.981506 0.210714 -0.100000
v 1.981506 0.210714 0.100000
v 1.978905 0.211033 -0.100000
v 1.978905 0.211033 0.100000
v 1.976085 0.211280 -0.100000
v 1.976085 0.211280 0.100000
v 1.973044 0.211457 -0.100000
v 1.973044 0.211457 0.100000
v 1.969783 0.211563 -0.100000
v 1.969783 0.211563 0.100000
v 1.966301 0.211599 -0.100000
v 1.966301 0.211599 0.100000
v 1.962880 0.211563 -0.100000
v 1.962880 0.211563 0.100000
v 1.959672 0.211457 -0.100000
v 1.959672 0.211457 0.100000
v 1.956676 0.211280 -0.100000
v 1.956676 0.211280 0.100000
v 1.953892 0.211033 -0.100000
v 1.953892 0.211033 0.100000
v 1.951321 0.210714 -0.100000
v 1.951321 0.210714 0.100000
v 1.948962 0.210325 -0.100000
v 1.948962 0.210325 0.100000
v 1.946815 0.209865 -0.100000
v 1.946815 0.209865 0.100000
v 1.944880 0.209335 -0.100000
v 1.944880 0.209335 0.100000
v 1.943157 0.208733 -0.100000
v 1.943157 0.208733 0.100000
v 1.941647 0.208061 -0.100000
v 1.941647 0.208061 0.100000
v 1.940349 0.207318 -0.100000
v 1.940349 0.207318 0.100000
v 1.939263 0.206505 -0.100000
v 1.939263 0.206505 0.100000
v 1.938324 0.205637 -0.100000
v 1.938324 0.205637 0.100000
v 1.937467 0.204730 -0.100000
v 1.937467 0.204730 0.100000
v 1.936692 0.203786 -0.100000
v 1.936692 0.203786 0.100000
v 1.935998 0.202804 -0.100000
v 1.935998 0.202804 0.100000
v 1.935385 0.201783 -0.100000
v 1.935385 0.201783 0.100000
v 1.934855 0.200725 -0.100000
v 1.934855 0.200725 0.100000
v 1.934406 0.199628 -0.100000
v 1.934406 0.199628 0.100000
v 1.934038 0.198494 -0.100000
v 1.934038 0.198494 0.100000
v 1.933753 0.197321 -0.100000
v 1.933753 0.197321 0.100000
v 1.933549 0.196110 -0.100000
v 1.933549 0.196110 0.100000
v 1.933426 0.194861 -0.100000
v 1.933426 0.194861 0.100000
v 1.821708 -0.050000 -0.100000
v 1.821708 -0.050000 0.100000
v 2.110501 -0.050000 -0.100000
v 2.110501 -0.050000 0.100000
v 2.110501 -0.100000 -0.100000
v 2.110501 -0.100000 0.100000
v 1.821708 -0.100000 -0.100000
v 1.821708 -0.100000 0.100000
v 2.226097 0.014107 -0.100000
v 2.226097 0.014107 0.100000
v 2.225999 0.011853 -0.100000
v 2.225999 0.011853 0.100000
v 2.225705 0.009796 -0.100000
v 2.225705 0.009796 0.100000
v 2.225215 0.007935 -0.100000
v 2.225215 0.007935 0.100000
v 2.224530 0.006270 -0.100000
v 2.224530 0.006270 0.100000
v 2.223648 0.004800 -0.100000
v 2.223648 0.004800 0.100000
v 2.222570 0.003527 -0.100000
v 2.222570 0.003527 0.100000
v 2.221297 0.002449 -0.100000
v 2.221297 0.002449 0.100000
v 2.219827 0.001567 -0.100000
v 2.219827 0.001567 0.100000
v 2.218162 0.000882 -0.100000
v 2.218162 0.000882 0.100000
v 2.216301 0.000392 -0.100000
v 2.216301 0.000392 0.100000
v 2.214243 0.000098 -0.100000
v 2.214243 0.000098 0.100000
v 2.211990 0.000000 -0.100000
v 2.211990 -0.000000 0.100000
v 2.151645 0.000000 -0.100000
v 2.151645 -0.000000 0.100000
v 2.149392 0.000098 -0.100000
v 2.149392 0.000098 0.100000
v 2.147335 0.000392 -0.100000
v 2.147335 0.000392 0.100000
v 2.145474 0.000882 -0.100000
v 2.145474 0.000882 0.100000
v 2.143808 0.001567 -0.100000
v 2.143808 0.001567 0.100000
v 2.142339 0.002449 -0.100000
v 2.142339 0.002449 0.100000
v 2.141066 0.003527 -0.100000
v 2.141066 0.003527 0.100000
v 2.139988 0.004800 -0.100000
v 2.139988 0.004800 0.100000
v 2.139106 0.006270 -0.100000
v 2.139106 0.006270 0.100000
v 2.138421 0.007935 -0.100000
v 2.138421 0.007935 0.100000
v 2.137931 0.009796 -0.100000
v 2.137931 0.009796 0.100000
v 2.137637 0.011853 -0.100000
v 2.137637 0.011853 0.100000
v 2.137539 0.014107 -0.100000
v 2.137539 0.014107 0.100000
v 2.137539 0.268025 -0.100000
v 2.137539 0.268025 0.100000
v 2.137637 0.270278 -0.100000
v 2.137637 0.270278 0.100000
v 2.137931 0.272335 -0.100000
v 2.137931 0.272335 0.100000
v 2.138421 0.274197 -0.100000
v 2.138421 0.274197 0.100000
v 2.139106 0.275862 -0.100000
v 2.139106 0.275862 0.100000
v 2.139988 0.277331 -0.100000
v 2.139988 0.277331 0.100000
v 2.141066 0.278605 -0.100000
v 2.141066 0.278605 0.100000
v 2.142339 0.279683 -0.100000
v 2.142339 0.279683 0.100000
v 2.143808 0.280564 -0.100000
v 2.143808 0.280564 0.100000
v 2.145474 0.281250 -0.100000
v 2.145474 0.281250 0.100000
v 2.147335 0.281740 -0.100000
v 2.147335 0.281740 0.100000
v 2.149392 0.282034 -0.100000
v 2.149392 0.282034 0.100000
v 2.151645 0.282132 -0.100000
v 2.151645 0.282132 0.100000
v 2.282131 0.282132 -0.100000
v 2.282131 0.282132 0.100000
v 2.286942 0.282075 -0.100000
v 2.286942 0.282075 0.100000
v 2.291579 0.281903 -0.100000
v 2.291579 0.281903 0.100000
v 2.296042 0.281617 -0.100000
v 2.296042 0.281617 0.100000
v 2.300331 0.281217 -0.100000
v 2.300331 0.281217 0.100000
v 2.304445 0.280703 -0.100000
v 2.304445 0.280703 0.100000
v 2.308386 0.280074 -0.100000
v 2.308386 0.280074 0.100000
v 2.312152 0.279332 -0.100000
v 2.312152 0.279332 0.100000
v 2.315744 0.278474 -0.100000
v 2.315744 0.278474 0.100000
v 2.319161 0.277503 -0.100000
v 2.319161 0.277503 0.100000
v 2.322405 0.276417 -0.100000
v 2.322405 0.276417 0.100000
v 2.325475 0.275217 -0.100000
v 2.325475 0.275217 0.100000
v 2.328370 0.273903 -0.100000
v 2.328370 0.273903 0.100000
v 2.331110 0.272486 -0.100000
v 2.331110 0.272486 0.100000
v 2.333714 0.270980 -0.100000
v 2.333714 0.270980 0.100000
v 2.336182 0.269384 -0.100000
v 2.336182 0.269384 0.100000
v 2.338514 0.267698 -0.100000
v 2.338514 0.267698 0.100000
v 2.340710 0.265923 -0.100000
v 2.340710 0.265923 0.100000
v 2.342770 0.264058 -0.100000
v 2.342770 0.264058 0.100000
v 2.344694 0.262102 -0.100000
v 2.344694 0.262102 0.100000
v 2.346482 0.260057 -0.100000
v 2.346482 0.260057 0.100000
v 2.348134 0.257923 -0.100000
v 2.348134 0.257923 0.100000
v 2.349649 0.255698 -0.100000
v 2.349649 0.255698 0.100000
v 2.351029 0.253384 -0.100000
v 2.351029 0.253384 0.100000
v 2.352273 0.250980 -0.100000
v 2.352273 0.250980 0.100000
v 2.353399 0.248497 -0.100000
v 2.353399 0.248497 0.100000
v 2.354428 0.245945 -0.100000
v 2.354428 0.245945 0.100000
v 2.355358 0.243326 -0.100000
v 2.355358 0.243326 0.100000
v 2.356191 0.240639 -0.100000
v 2.356191 0.240639 0.100000
v 2.356925 0.237884 -0.100000
v 2.356925 0.237884 0.100000
v 2.357562 0.235061 -0.100000
v 2.357562 0.235061 0.100000
v 2.358101 0.232169 -0.100000
v 2.358101 0.232169 0.100000
v 2.358542 0.229210 -0.100000
v 2.358542 0.229210 0.100000
v 2.358885 0.226183 -0.100000
v 2.358885 0.226183 0.100000
v 2.359130 0.223088 -0.100000
v 2.359130 0.223088 0.100000
v 2.359277 0.219924 -0.100000
v 2.359277 0.219924 0.100000
v 2.359326 0.216693 -0.100000
v 2.359326 0.216693 0.100000
v 2.359326 0.198668 -0.100000
v 2.359326 0.198668 0.100000
v 2.359293 0.195960 -0.100000
v 2.359293 0.195960 0.100000
v 2.359195 0.193323 -0.100000
v 2.359195 0.193323 0.100000
v 2.359032 0.190757 -0.100000
v 2.359032 0.190757 0.100000
v 2.358803 0.188262 -0.100000
v 2.358803 0.188262 0.100000
v 2.358509 0.185837 -0.100000
v 2.358509 0.185837 0.100000
v 2.358150 0.183484 -0.100000
v 2.358150 0.183484 0.100000
v 2.357725 0.181200 -0.100000
v 2.357725 0.181200 0.100000
v 2.357236 0.178988 -0.100000
v 2.357236 0.178988 0.100000
v 2.356681 0.176847 -0.100000
v 2.356681 0.176847 0.100000
v 2.356060 0.174776 -0.100000
v 2.356060 0.174776 0.100000
v 2.355375 0.172776 -0.100000
v 2.355375 0.172776 0.100000
v 2.354624 0.170846 -0.100000
v 2.354624 0.170846 0.100000
v 2.353786 0.168993 -0.100000
v 2.353786 0.168993 0.100000
v 2.352839 0.167222 -0.100000
v 2.352839 0.167222 0.100000
v 2.351783 0.165532 -0.100000
v 2.351783 0.165532 0.100000
v 2.350618 0.163924 -0.100000
v 2.350618 0.163924 0.100000
v 2.349344 0.162397 -0.100000
v 2.349344 0.162397 0.100000
v 2.347962 0.160952 -0.100000
v 2.347962 0.160952 0.100000
v 2.346471 0.159589 -0.100000
v 2.346471 0.159589 0.100000
v 2.344871 0.158307 -0.100000
v 2.344871 0.158307 0.100000
v 2.343162 0.157107 -0.100000
v 2.343162 0.157107 0.100000
v 2.341344 0.155989 -0.100000
v 2.341344 0.155989 0.100000
v 2.339417 0.154952 -0.100000
v 2.339417 0.154952 0.100000
v 2.337382 0.153997 -0.100000
v 2.337382 0.153997 0.100000
v 2.340914 0.153518 -0.100000
v 2.340914 0.153518 0.100000
v 2.344326 0.152865 -0.100000
v 2.344326 0.152865 0.100000
v 2.347619 0.152038 -0.100000
v 2.347619 0.152038 0.100000
v 2.350792 0.151036 -0.100000
v 2.350792 0.151036 0.100000
v 2.353845 0.149861 -0.100000
v 2.353845 0.149861 0.100000
v 2.356779 0.148511 -0.100000
v 2.356779 0.148511 0.100000
v 2.359592 0.146987 -0.100000
v 2.359592 0.146987 0.100000
v 2.362286 0.145289 -0.100000
v 2.362286 0.145289 0.100000
v 2.364861 0.143417 -0.100000
v 2.364861 0.143417 0.100000
v 2.367315 0.141371 -0.100000
v 2.367315 0.141371 0.100000
v 2.369650 0.139150 -0.100000
v 2.369650 0.139150 0.100000
v 2.371865 0.136755 -0.100000
v 2.371865 0.136755 0.100000
v 2.373930 0.134206 -0.100000
v 2.373930 0.134206 0.100000
v 2.375816 0.131520 -0.100000
v 2.375816 0.131520 0.100000
v 2.377522 0.128698 -0.100000
v 2.377522 0.128698 0.100000
v 2.379049 0.125740 -0.100000
v 2.379049 0.125740 0.100000
v 2.380396 0.122646 -0.100000
v 2.380396 0.122646 0.100000
v 2.381563 0.119416 -0.100000
v 2.381563 0.119416 0.100000
v 2.382551 0.116050 -0.100000
v 2.382551 0.116050 0.100000
v 2.383359 0.112548 -0.100000
v 2.383359 0.112548 0.100000
v 2.383988 0.108910 -0.100000
v 2.383988 0.108910 0.100000
v 2.384437 0.105135 -0.100000
v 2.384437 0.105135 0.100000
v 2.384706 0.101225 -0.100000
v 2.384706 0.101225 0.100000
v 2.384796 0.097179 -0.100000
v 2.384796 0.097179 0.100000
v 2.384796 0.014107 -0.100000
v 2.384796 0.014107 0.100000
v 2.384698 0.011853 -0.100000
v 2.384698 0.011853 0.100000
v 2.384404 0.009796 -0.100000
v 2.384404 0.009796 0.100000
v 2.383914 0.007935 -0.100000
v 2.383914 0.007935 0.100000
v 2.383229 0.006270 -0.100000
v 2.383229 0.006270 0.100000
v 2.382347 0.004800 -0.100000
v 2.382347 0.004800 0.100000
v 2.381269 0.003527 -0.100000
v 2.381269 0.003527 0.100000
v 2.379996 0.002449 -0.100000
v 2.379996 0.002449 0.100000
v 2.378526 0.001567 -0.100000
v 2.378526 0.001567 0.100000
v 2.376861 0.000882 -0.100000
v 2.376861 0.000882 0.100000
v 2.375000 0.000392 -0.100000
v 2.375000 0.000392 0.100000
v 2.372942 0.000098 -0.100000
v 2.372942 0.000098 0.100000
v 2.370689 0.000000 -0.100000
v 2.370689 -0.000000 0.100000
v 2.309953 0.000000 -0.100000
v 2.309953 -0.000000 0.100000
v 2.307700 0.000098 -0.100000
v 2.307700 0.000098 0.100000
v 2.305642 0.000392 -0.100000
v 2.305642 0.000392 0.100000
v 2.303781 0.000882 -0.100000
v 2.303781 0.000882 0.100000
v 2.302116 0.001567 -0.100000
v 2.302116 0.001567 0.100000
v 2.300646 0.002449 -0.100000
v 2.300646 0.002449 0.100000
v 2.299373 0.003527 -0.100000
v 2.299373 0.003527 0.100000
v 2.298295 0.004800 -0.100000
v 2.298295 0.004800 0.100000
v 2.297413 0.006270 -0.100000
v 2.297413 0.006270 0.100000
v 2.296728 0.007935 -0.100000
v 2.296728 0.007935 0.100000
v 2.296238 0.009796 -0.100000
v 2.296238 0.009796 0.100000
v 2.295944 0.011853 -0.100000
v 2.295944 0.011853 0.100000
v 2.295846 0.014107 -0.100000
v 2.295846 0.014107 0.100000
v 2.295846 0.074060 -0.100000
v 2.295846 0.074060 0.100000
v 2.295823 0.075526 -0.100000
v 2.295823 0.075526 0.100000
v 2.295754 0.076922 -0.100000
v 2.295754 0.076922 0.100000
v 2.295638 0.078247 -0.100000
v 2.295638 0.078247 0.100000
v 2.295476 0.079502 -0.100000
v 2.295476 0.079502 0.100000
v 2.295268 0.080686 -0.100000
v 2.295268 0.080686 0.100000
v 2.295014 0.081799 -0.100000
v 2.295014 0.081799 0.100000
v 2.294713 0.082841 -0.100000
v 2.294713 0.082841 0.100000
v 2.294366 0.083812 -0.100000
v 2.294366 0.083812 0.100000
v 2.293973 0.084713 -0.100000
v 2.293973 0.084713 0.100000
v 2.293534 0.085543 -0.100000
v 2.293534 0.085543 0.100000
v 2.293048 0.086302 -0.100000
v 2.293048 0.086302 0.100000
v 2.292515 0.086991 -0.100000
v 2.292515 0.086991 0.100000
v 2.291926 0.087616 -0.100000
v 2.291926 0.087616 0.100000
v 2.291269 0.088188 -0.100000
v 2.291269 0.088188 0.100000
v 2.290544 0.088705 -0.100000
v 2.290544 0.088705 0.100000
v 2.289751 0.089168 -0.100000
v 2.289751 0.089168 0.100000
v 2.288889 0.089576 -0.100000
v 2.288889 0.089576 0.100000
v 2.287960 0.089929 -0.100000
v 2.287960 0.089929 0.100000
v 2.286963 0.090229 -0.100000
v 2.286963 0.090229 0.100000
v 2.285897 0.090474 -0.100000
v 2.285897 0.090474 0.100000
v 2.284764 0.090664 -0.100000
v 2.284764 0.090664 0.100000
v 2.283563 0.090800 -0.100000
v 2.283563 0.090800 0.100000
v 2.282293 0.090882 -0.100000
v 2.282293 0.090882 0.100000
v 2.280956 0.090909 -0.100000
v 2.280956 0.090909 0.100000
v 2.226097 0.090909 -0.100000
v 2.226097 0.090909 0.100000
v 2.255486 0.211599 -0.100000
v 2.255486 0.211599 0.100000
v 2.226097 0.211599 -0.100000
v 2.226097 0.211599 0.100000
v 2.226097 0.161442 -0.100000
v 2.226097 0.161442 0.100000
v 2.255486 0.161442 -0.100000
v 2.255486 0.161442 0.100000
v 2.257137 0.161479 -0.100000
v 2.257137 0.161479 0.100000
v 2.258697 0.161589 -0.100000
v 2.258697 0.161589 0.100000
v 2.260163 0.161773 -0.100000
v 2.260163 0.161773 0.100000
v 2.261538 0.162030 -0.100000
v 2.261538 0.162030 0.100000
v 2.262819 0.162360 -0.100000
v 2.262819 0.162360 0.100000
v 2.264009 0.162764 -0.100000
v 2.264009 0.162764 0.100000
v 2.265105 0.163242 -0.100000
v 2.265105 0.163242 0.100000
v 2.266109 0.163793 -0.100000
v 2.266109 0.163793 0.100000
v 2.267021 0.164418 -0.100000
v 2.267021 0.164418 0.100000
v 2.267840 0.165116 -0.100000
v 2.267840 0.165116 0.100000
v 2.268567 0.165887 -0.100000
v 2.268567 0.165887 0.100000
v 2.269200 0.166732 -0.100000
v 2.269200 0.166732 0.100000
v 2.269764 0.167631 -0.100000
v 2.269764 0.167631 0.100000
v 2.270278 0.168566 -0.100000
v 2.270278 0.168566 0.100000
v 2.270743 0.169536 -0.100000
v 2.270743 0.169536 0.100000
v 2.271160 0.170542 -0.100000
v 2.271160 0.170542 0.100000
v 2.271527 0.171582 -0.100000
v 2.271527 0.171582 0.100000
v 2.271845 0.172659 -0.100000
v 2.271845 0.172659 0.100000
v 2.272115 0.173770 -0.100000
v 2.272115 0.173770 0.100000
v 2.272335 0.174917 -0.100000
v 2.272335 0.174917 0.100000
v 2.272507 0.176100 -0.100000
v 2.272507 0.176100 0.100000
v 2.272629 0.177317 -0.100000
v 2.272629 0.177317 0.100000
v 2.272703 0.178570 -0.100000
v 2.272703 0.178570 0.100000
v 2.272727 0.179859 -0.100000
v 2.272727 0.179859 0.100000
v 2.272727 0.193182 -0.100000
v 2.272727 0.193182 0.100000
v 2.272702 0.194470 -0.100000
v 2.272702 0.194470 0.100000
v 2.272629 0.195723 -0.100000
v 2.272629 0.195723 0.100000
v 2.272506 0.196941 -0.100000
v 2.272506 0.196941 0.100000
v 2.272335 0.198123 -0.100000
v 2.272335 0.198123 0.100000
v 2.272115 0.199270 -0.100000
v 2.272115 0.199270 0.100000
v 2.271845 0.200382 -0.100000
v 2.271845 0.200382 0.100000
v 2.271527 0.201458 -0.100000
v 2.271527 0.201458 0.100000
v 2.271159 0.202499 -0.100000
v 2.271159 0.202499 0.100000
v 2.270743 0.203505 -0.100000
v 2.270743 0.203505 0.100000
v 2.270278 0.204475 -0.100000
v 2.270278 0.204475 0.100000
v 2.269763 0.205409 -0.100000
v 2.269763 0.205409 0.100000
v 2.269200 0.206309 -0.100000
v 2.269200 0.206309 0.100000
v 2.268566 0.207154 -0.100000
v 2.268566 0.207154 0.100000
v 2.267840 0.207925 -0.100000
v 2.267840 0.207925 0.100000
v 2.267021 0.208623 -0.100000
v 2.267021 0.208623 0.100000
v 2.266109 0.209248 -0.100000
v 2.266109 0.209248 0.100000
v 2.265105 0.209799 -0.100000
v 2.265105 0.209799 0.100000
v 2.264008 0.210276 -0.100000
v 2.264008 0.210276 0.100000
v 2.262819 0.210680 -0.100000
v 2.262819 0.210680 0.100000
v 2.261537 0.211011 -0.100000
v 2.261537 0.211011 0.100000
v 2.260163 0.211268 -0.100000
v 2.260163 0.211268 0.100000
v 2.258696 0.211452 -0.100000
v 2.258696 0.211452 0.100000
v 2.257137 0.211562 -0.100000
v 2.257137 0.211562 0.100000
v 2.110501 -0.050000 -0.100000
v 2.110501 -0.050000 0.100000
v 2.401645 -0.050000 -0.100000
v 2.401645 -0.050000 0.100000
v 2.401645 -0.100000 -0.100000
v 2.401645 -0.100000 0.100000
v 2.110501 -0.100000 -0.100000
v 2.110501 -0.100000 0.100000
v 2.638714 0.014107 -0.100000
v 2.638714 0.014107 0.100000
v 2.638616 0.011853 -0.100000
v 2.638616 0.011853 0.100000
v 2.638322 0.009796 -0.100000
v 2.638322 0.009796 0.100000
v 2.637833 0.007935 -0.100000
v 2.637833 0.007935 0.100000
v 2.637147 0.006270 -0.100000
v 2.637147 0.006270 0.100000
v 2.636265 0.004800 -0.100000
v 2.636265 0.004800 0.100000
v 2.635188 0.003527 -0.100000
v 2.635188 0.003527 0.100000
v 2.633914 0.002449 -0.100000
v 2.633914 0.002449 0.100000
v 2.632445 0.001567 -0.100000
v 2.632445 0.001567 0.100000
v 2.630780 0.000882 -0.100000
v 2.630780 0.000882 0.100000
v 2.628918 0.000392 -0.100000
v 2.628918 0.000392 0.100000
v 2.626861 0.000098 -0.100000
v 2.626861 0.000098 0.100000
v 2.624608 0.000000 -0.100000
v 2.624608 -0.000000 0.100000
v 2.442790 0.000000 -0.100000
v 2.442790 -0.000000 0.100000
v 2.440536 0.000098 -0.100000
v 2.440536 0.000098 0.100000
v 2.438479 0.000392 -0.100000
v 2.438479 0.000392 0.100000
v 2.436618 0.000882 -0.100000
v 2.436618 0.000882 0.100000
v 2.434952 0.001567 -0.100000
v 2.434952 0.001567 0.100000
v 2.433483 0.002449 -0.100000
v 2.433483 0.002449 0.100000
v 2.432210 0.003527 -0.100000
v 2.432210 0.003527 0.100000
v 2.431132 0.004800 -0.100000
v 2.431132 0.004800 0.100000
v 2.430250 0.006270 -0.100000
v 2.430250 0.006270 0.100000
v 2.429565 0.007935 -0.100000
v 2.429565 0.007935 0.100000
v 2.429075 0.009796 -0.100000
v 2.429075 0.009796 0.100000
v 2.428781 0.011853 -0.100000
v 2.428781 0.011853 0.100000
v 2.428683 0.014107 -0.100000
v 2.428683 0.014107 0.100000
v 2.428683 0.268025 -0.100000
v 2.428683 0.268025 0.100000
v 2.428781 0.270278 -0.100000
v 2.428781 0.270278 0.100000
v 2.429075 0.272335 -0.100000
v 2.429075 0.272335 0.100000
v 2.429565 0.274197 -0.100000
v 2.429565 0.274197 0.100000
v 2.430250 0.275862 -0.100000
v 2.430250 0.275862 0.100000
v 2.431132 0.277331 -0.100000
v 2.431132 0.277331 0.100000
v 2.432210 0.278605 -0.100000
v 2.432210 0.278605 0.100000
v 2.433483 0.279683 -0.100000
v 2.433483 0.279683 0.100000
v 2.434952 0.280564 -0.100000
v 2.434952 0.280564 0.100000
v 2.436618 0.281250 -0.100000
v 2.436618 0.281250 0.100000
v 2.438479 0.281740 -0.100000
v 2.438479 0.281740 0.100000
v 2.440536 0.282034 -0.100000
v 2.440536 0.282034 0.100000
v 2.442790 0.282132 -0.100000
v 2.442790 0.282132 0.100000
v 2.624608 0.282132 -0.100000
v 2.624608 0.282132 0.100000
v 2.626861 0.282034 -0.100000
v 2.626861 0.282034 0.100000
v 2.628918 0.281740 -0.100000
v 2.628918 0.281740 0.100000
v 2.630780 0.281250 -0.100000
v 2.630780 0.281250 0.100000
v 2.632445 0.280564 -0.100000
v 2.632445 0.280564 0.100000
v 2.633914 0.279683 -0.100000
v 2.633914 0.279683 0.100000
v 2.635188 0.278605 -0.100000
v 2.635188 0.278605 0.100000
v 2.636265 0.277332 -0.100000
v 2.636265 0.277332 0.100000
v 2.637147 0.275862 -0.100000
v 2.637147 0.275862 0.100000
v 2.637833 0.274197 -0.100000
v 2.637833 0.274197 0.100000
v 2.638322 0.272335 -0.100000
v 2.638322 0.272335 0.100000
v 2.638616 0.270278 -0.100000
v 2.638616 0.270278 0.100000
v 2.638714 0.268025 -0.100000
v 2.638714 0.268025 0.100000
v 2.638714 0.222179 -0.100000
v 2.638714 0.222179 0.100000
v 2.638616 0.219926 -0.100000
v 2.638616 0.219926 0.100000
v 2.638322 0.217868 -0.100000
v 2.638322 0.217868 0.100000
v 2.637833 0.216007 -0.100000
v 2.637833 0.216007 0.100000
v 2.637147 0.214342 -0.100000
v 2.637147 0.214342 0.100000
v 2.636265 0.212872 -0.100000
v 2.636265 0.212872 0.100000
v 2.635188 0.211599 -0.100000
v 2.635188 0.211599 0.100000
v 2.633914 0.210521 -0.100000
v 2.633914 0.210521 0.100000
v 2.632445 0.209639 -0.100000
v 2.632445 0.209639 0.100000
v 2.630780 0.208954 -0.100000
v 2.630780 0.208954 0.100000
v 2.628918 0.208464 -0.100000
v 2.628918 0.208464 0.100000
v 2.626861 0.208170 -0.100000
v 2.626861 0.208170 0.100000
v 2.624608 0.208072 -0.100000
v 2.624608 0.208072 0.100000
v 2.516457 0.208072 -0.100000
v 2.516457 0.208072 0.100000
v 2.516457 0.177900 -0.100000
v 2.516457 0.177900 0.100000
v 2.592868 0.177900 -0.100000
v 2.592868 0.177900 0.100000
v 2.595121 0.177802 -0.100000
v 2.595121 0.177802 0.100000
v 2.597178 0.177508 -0.100000
v 2.597178 0.177508 0.100000
v 2.599040 0.177018 -0.100000
v 2.599040 0.177018 0.100000
v 2.600705 0.176332 -0.100000
v 2.600705 0.176332 0.100000
v 2.602174 0.175451 -0.100000
v 2.602174 0.175451 0.100000
v 2.603448 0.174373 -0.100000
v 2.603448 0.174373 0.100000
v 2.604525 0.173100 -0.100000
v 2.604525 0.173100 0.100000
v 2.605407 0.171630 -0.100000
v 2.605407 0.171630 0.100000
v 2.606093 0.169965 -0.100000
v 2.606093 0.169965 0.100000
v 2.606582 0.168103 -0.100000
v 2.606582 0.168103 0.100000
v 2.606876 0.166046 -0.100000
v 2.606876 0.166046 0.100000
v 2.606975 0.163793 -0.100000
v 2.606975 0.163793 0.100000
v 2.606975 0.121865 -0.100000
v 2.606975 0.121865 0.100000
v 2.606877 0.119612 -0.100000
v 2.606877 0.119612 0.100000
v 2.606583 0.117555 -0.100000
v 2.606583 0.117555 0.100000
v 2.606093 0.115694 -0.100000
v 2.606093 0.115694 0.100000
v 2.605407 0.114028 -0.100000
v 2.605407 0.114028 0.100000
v 2.604526 0.112559 -0.100000
v 2.604526 0.112559 0.100000
v 2.603448 0.111285 -0.100000
v 2.603448 0.111285 0.100000
v 2.602175 0.110208 -0.100000
v 2.602175 0.110208 0.100000
v 2.600705 0.109326 -0.100000
v 2.600705 0.109326 0.100000
v 2.599040 0.108640 -0.100000
v 2.599040 0.108640 0.100000
v 2.597178 0.108150 -0.100000
v 2.597178 0.108150 0.100000
v 2.595121 0.107857 -0.100000
v 2.595121 0.107857 0.100000
v 2.592868 0.107759 -0.100000
v 2.592868 0.107759 0.100000
v 2.516457 0.107759 -0.100000
v 2.516457 0.107759 0.100000
v 2.516457 0.074060 -0.100000
v 2.516457 0.074060 0.100000
v 2.624608 0.074060 -0.100000
v 2.624608 0.074060 0.100000
v 2.626861 0.073962 -0.100000
v 2.626861 0.073962 0.100000
v 2.628918 0.073668 -0.100000
v 2.628918 0.073668 0.100000
v 2.630780 0.073178 -0.100000
v 2.630780 0.073178 0.100000
v 2.632445 0.072492 -0.100000
v 2.632445 0.072492 0.100000
v 2.633914 0.071611 -0.100000
v 2.633914 0.071610 0.100000
v 2.635188 0.070533 -0.100000
v 2.635188 0.070533 0.100000
v 2.636265 0.069259 -0.100000
v 2.636265 0.069259 0.100000
v 2.637147 0.067790 -0.100000
v 2.637147 0.067790 0.100000
v 2.637833 0.066125 -0.100000
v 2.637833 0.066125 0.100000
v 2.638322 0.064263 -0.100000
v 2.638322 0.064263 0.100000
v 2.638616 0.062206 -0.100000
v 2.638616 0.062206 0.100000
v 2.638714 0.059953 -0.100000
v 2.638714 0.059953 0.100000
v 2.401645 -0.050000 -0.100000
v 2.401645 -0.050000 0.100000
v 2.657915 -0.050000 -0.100000
v 2.657915 -0.050000 0.100000
v 2.657915 -0.100000 -0.100000
v 2.657915 -0.100000 0.100000
v 2.401645 -0.100000 -0.100000
v 2.401645 -0.100000 0.100000
vn -0.0000 -0.0000 1.0000
vn 0.0001 -0.0000 1.0000
vn -0.0001 -0.0000 1.0000
vn -0.0012 -0.0000 1.0000
vn -0.0000 -0.0000 -1.0000
vn 0.0001 -0.0000 -1.0000
vn -0.0001 -0.0000 -1.0000
vn -0.0012 -0.0000 -1.0000
vn 0.9998 -0.0217 -0.0000
vn 0.9957 -0.0925 -0.0000
vn 0.9801 -0.1983 -0.0000
vn 0.9480 -0.3183 -0.0000
vn 0.8936 -0.4489 -0.0000
vn 0.8131 -0.5821 -0.0000
vn 0.7071 -0.7071 -0.0000
vn 0.5821 -0.8131 -0.0000
vn 0.4489 -0.8936 -0.0000
vn 0.3183 -0.9480 -0.0000
vn 0.1983 -0.9801 -0.0000
vn 0.0925 -0.9957 -0.0000
vn 0.0217 -0.9998 -0.0000
vn -0.0217 -0.9998 -0.0000
vn -0.0925 -0.9957 -0.0000
vn -0.1983 -0.9801 -0.0000
vn -0.3183 -0.9480 -0.0000
vn -0.4489 -0.8936 -0.0000
vn -0.5821 -0.8131 -0.0000
vn -0.7071 -0.7071 -0.0000
vn -0.8131 -0.5821 -0.0000
vn -0.8936 -0.4489 -0.0000
vn -0.9480 -0.3183 -0.0000
vn -0.9801 -0.1983 -0.0000
vn -0.9957 -0.0925 -0.0000
vn -0.9998 -0.0217 -0.0000
vn -0.9998 0.0217 -0.0000
vn -0.9957 0.0925 -0.0000
vn -0.9801 0.1983 -0.0000
vn -0.9480 0.3183 -0.0000
vn -0.8936 0.4489 -0.0000
vn -0.8131 0.5821 -0.0000
vn -0.7071 0.7071 -0.0000
vn -0.5821 0.8131 -0.0000
vn -0.4489 0.8936 -0.0000
vn -0.3183 0.9480 -0.0000
vn -0.1983 0.9801 -0.0000
vn -0.0925 0.9957 -0.0000
vn -0.0217 0.9998 -0.0000
vn 0.0217 0.9998 -0.0000
vn 0.0925 0.9957 -0.0000
vn 0.1983 0.9801 -0.0000
vn 0.3183 0.9480 -0.0000
vn 0.4489 0.8936 -0.0000
vn 0.5821 0.8131 -0.0000
vn 0.7071 0.7071 -0.0000
vn 0.8131 0.5821 -0.0000
vn 0.8936 0.4489 -0.0000
vn 0.9480 0.3183 -0.0000
vn 0.9801 0.1983 -0.0000
vn 0.9957 0.0925 -0.0000
vn 0.9998 0.0217 -0.0000
vn -0.0000 1.0000 -0.0000
vn 1.0000 -0.0000 -0.0000
vn -0.0000 -1.0000 -0.0000
vn -1.0000 -0.0000 -0.0000
vn 0.9957 -0.0926 -0.0000
vn -1.0000 0.0065 -0.0000
vn -0.9997 0.0256 -0.0000
vn -0.9987 0.0501 -0.0000
vn -0.9973 0.0733 -0.0000
vn -0.9954 0.0954 -0.0000
vn -0.9932 0.1164 -0.0000
vn -0.9907 0.1363 -0.0000
vn -0.9879 0.1552 -0.0000
vn -0.9849 0.1732 -0.0000
vn -0.9817 0.1902 -0.0000
vn -0.9785 0.2065 -0.0000
vn -0.9751 0.2219 -0.0000
vn -0.9716 0.2366 -0.0000
vn -0.9681 0.2505 -0.0000
vn -0.9647 0.2635 -0.0000
vn -0.9612 0.2758 -0.0000
vn -0.9579 0.2873 -0.0000
vn -0.9545 0.2981 -0.0000
vn -0.9513 0.3083 -0.0000
vn -0.9481 0.3179 -0.0000
vn -0.9450 0.3271 -0.0000
vn -0.9420 0.3357 -0.0000
vn -0.9390 0.3438 -0.0000
vn -0.9362 0.3516 -0.0000
vn -0.9343 0.3566 -0.0000
vn -0.9333 0.3590 -0.0000
vn -0.9137 0.4065 -0.0000
vn -0.8661 0.4998 -0.0000
vn -0.8044 0.5941 -0.0000
vn -0.7286 0.6849 -0.0000
vn -0.6405 0.7679 -0.0000
vn -0.5437 0.8393 -0.0000
vn -0.4426 0.8967 -0.0000
vn -0.3419 0.9397 -0.0000
vn -0.2454 0.9694 -0.0000
vn -0.1557 0.9878 -0.0000
vn -0.0741 0.9973 -0.0000
vn -0.0177 0.9998 -0.0000
vn 0.0182 0.9998 -0.0000
vn 0.0759 0.9971 -0.0000
vn 0.1594 0.9872 -0.0000
vn 0.2508 0.9680 -0.0000
vn 0.3486 0.9373 -0.0000
vn 0.4501 0.8930 -0.0000
vn 0.5512 0.8344 -0.0000
vn 0.6473 0.7622 -0.0000
vn 0.7341 0.6791 -0.0000
vn 0.8083 0.5888 -0.0000
vn 0.8684 0.4959 -0.0000
vn 0.9146 0.4044 -0.0000
vn 0.9335 0.3585 -0.0000
vn 0.9343 0.3566 -0.0000
vn 0.9362 0.3516 -0.0000
vn 0.9390 0.3438 -0.0000
vn 0.9420 0.3357 -0.0000
vn 0.9450 0.3270 -0.0000
vn 0.9481 0.3179 -0.0000
vn 0.9513 0.3083 -0.0000
vn 0.9545 0.2981 -0.0000
vn 0.9579 0.2873 -0.0000
vn 0.9612 0.2758 -0.0000
vn 0.9647 0.2635 -0.0000
vn 0.9681 0.2505 -0.0000
vn 0.9716 0.2366 -0.0000
vn 0.9751 0.2219 -0.0000
vn 0.9785 0.2065 -0.0000
vn 0.9817 0.1902 -0.0000
vn 0.9849 0.1732 -0.0000
vn 0.9879 0.1552 -0.0000
vn 0.9907 0.1363 -0.0000
vn 0.9932 0.1164 -0.0000
vn 0.9954 0.0954 -0.0000
vn 0.9973 0.0733 -0.0000
vn 0.9987 0.0501 -0.0000
vn 0.9997 0.0256 -0.0000
vn 1.0000 0.0065 -0.0000
vn -0.0201 -0.9998 -0.0000
vn -0.0855 -0.9963 -0.0000
vn -0.1837 -0.9830 -0.0000
vn -0.2963 -0.9551 -0.0000
vn -0.4210 -0.9071 -0.0000
vn -0.5517 -0.8340 -0.0000
vn -0.6787 -0.7344 -0.0000
vn -0.7905 -0.6124 -0.0000
vn -0.8786 -0.4776 -0.0000
vn -0.9398 -0.3416 -0.0000
vn -0.9768 -0.2140 -0.0000
vn -0.9950 -0.1002 -0.0000
vn -0.9997 -0.0236 -0.0000
vn 0.0300 -0.9996 -0.0000
vn 0.1220 -0.9925 -0.0000
vn 0.2461 -0.9692 -0.0000
vn 0.3673 -0.9301 -0.0000
vn 0.4801 -0.8772 -0.0000
vn 0.5803 -0.8144 -0.0000
vn 0.6658 -0.7461 -0.0000
vn 0.7365 -0.6764 -0.0000
vn 0.7936 -0.6084 -0.0000
vn 0.8389 -0.5442 -0.0000
vn 0.8746 -0.4848 -0.0000
vn 0.9026 -0.4306 -0.0000
vn 0.9365 -0.3506 -0.0000
vn 0.8048 0.5935 -0.0000
vn -0.8048 0.5935 -0.0000
vn -0.9365 -0.3506 -0.0000
vn -0.9025 -0.4306 -0.0000
vn -0.8746 -0.4848 -0.0000
vn -0.8389 -0.5442 -0.0000
vn -0.7936 -0.6084 -0.0000
vn -0.7365 -0.6764 -0.0000
vn -0.6658 -0.7461 -0.0000
vn -0.5803 -0.8144 -0.0000
vn -0.4801 -0.8772 -0.0000
vn -0.3673 -0.9301 -0.0000
vn -0.2461 -0.9692 -0.0000
vn -0.1220 -0.9925 -0.0000
vn -0.0300 -0.9995 -0.0000
vn -0.9957 0.0926 -0.0000
vn 0.0059 1.0000 -0.0000
vn 0.0244 0.9997 -0.0000
vn 0.0504 0.9987 -0.0000
vn 0.0784 0.9969 -0.0000
vn 0.1085 0.9941 -0.0000
vn 0.1408 0.9900 -0.0000
vn 0.1756 0.9845 -0.0000
vn 0.2129 0.9771 -0.0000
vn 0.2528 0.9675 -0.0000
vn 0.2955 0.9553 -0.0000
vn 0.3409 0.9401 -0.0000
vn 0.3889 0.9213 -0.0000
vn 0.4364 0.8998 -0.0000
vn 0.4801 0.8772 -0.0000
vn 0.5220 0.8529 -0.0000
vn 0.5646 0.8254 -0.0000
vn 0.6075 0.7943 -0.0000
vn 0.6502 0.7597 -0.0000
vn 0.6923 0.7216 -0.0000
vn 0.7331 0.6801 -0.0000
vn 0.7722 0.6354 -0.0000
vn 0.8090 0.5878 -0.0000
vn 0.8431 0.5378 -0.0000
vn 0.8740 0.4860 -0.0000
vn 0.8997 0.4364 -0.0000
vn 0.9193 0.3936 -0.0000
vn 0.9351 0.3545 -0.0000
vn 0.9489 0.3155 -0.0000
vn 0.9609 0.2769 -0.0000
vn 0.9710 0.2389 -0.0000
vn 0.9795 0.2016 -0.0000
vn 0.9862 0.1653 -0.0000
vn 0.9915 0.1300 -0.0000
vn 0.9954 0.0957 -0.0000
vn 0.9980 0.0626 -0.0000
vn 0.9995 0.0308 -0.0000
vn 1.0000 0.0076 -0.0000
vn 1.0000 -0.0060 -0.0000
vn 0.9997 -0.0246 -0.0000
vn 0.9987 -0.0503 -0.0000
vn 0.9970 -0.0774 -0.0000
vn 0.9944 -0.1058 -0.0000
vn 0.9908 -0.1356 -0.0000
vn 0.9860 -0.1668 -0.0000
vn 0.9799 -0.1995 -0.0000
vn 0.9723 -0.2336 -0.0000
vn 0.9631 -0.2690 -0.0000
vn 0.9521 -0.3057 -0.0000
vn 0.9391 -0.3436 -0.0000
vn 0.9218 -0.3876 -0.0000
vn 0.8970 -0.4420 -0.0000
vn 0.8655 -0.5009 -0.0000
vn 0.8295 -0.5585 -0.0000
vn 0.7894 -0.6139 -0.0000
vn 0.7457 -0.6663 -0.0000
vn 0.6991 -0.7151 -0.0000
vn 0.6503 -0.7597 -0.0000
vn 0.6002 -0.7998 -0.0000
vn 0.5496 -0.8354 -0.0000
vn 0.4992 -0.8665 -0.0000
vn 0.4495 -0.8933 -0.0000
vn 0.9885 0.1514 -0.0000
vn 0.1612 0.9869 -0.0000
vn 0.2159 0.9764 -0.0000
vn 0.2724 0.9622 -0.0000
vn 0.3303 0.9439 -0.0000
vn 0.4473 0.8944 -0.0000
vn 0.5050 0.8631 -0.0000
vn 0.5610 0.8278 -0.0000
vn 0.6146 0.7888 -0.0000
vn 0.6651 0.7468 -0.0000
vn 0.7120 0.7022 -0.0000
vn 0.7560 0.6546 -0.0000
vn 0.7982 0.6024 -0.0000
vn 0.8376 0.5463 -0.0000
vn 0.8727 0.4883 -0.0000
vn 0.9032 0.4291 -0.0000
vn 0.9291 0.3697 -0.0000
vn 0.9504 0.3109 -0.0000
vn 0.9674 0.2533 -0.0000
vn 0.9803 0.1976 -0.0000
vn 0.9895 0.1442 -0.0000
vn 0.9956 0.0935 -0.0000
vn 0.9990 0.0455 -0.0000
vn 0.9999 0.0111 -0.0000
vn -1.0000 -0.0079 -0.0000
vn -0.9995 -0.0327 -0.0000
vn -0.9977 -0.0683 -0.0000
vn -0.9942 -0.1075 -0.0000
vn -0.9886 -0.1507 -0.0000
vn -0.9802 -0.1981 -0.0000
vn -0.9682 -0.2501 -0.0000
vn -0.9517 -0.3069 -0.0000
vn -0.9297 -0.3684 -0.0000
vn -0.9008 -0.4343 -0.0000
vn -0.8638 -0.5039 -0.0000
vn -0.8176 -0.5757 -0.0000
vn -0.7606 -0.6492 -0.0000
vn -0.6930 -0.7209 -0.0000
vn -0.6191 -0.7853 -0.0000
vn -0.5427 -0.8399 -0.0000
vn -0.4665 -0.8845 -0.0000
vn -0.3923 -0.9198 -0.0000
vn -0.3218 -0.9468 -0.0000
vn -0.2559 -0.9667 -0.0000
vn -0.1950 -0.9808 -0.0000
vn -0.1392 -0.9903 -0.0000
vn -0.0884 -0.9961 -0.0000
vn -0.0423 -0.9991 -0.0000
vn -0.0102 -0.9999 -0.0000
vn -0.0111 -0.9999 -0.0000
vn -0.0111 0.9999 -0.0000
vn -0.0464 0.9989 -0.0000
vn -0.0974 0.9952 -0.0000
vn -0.1542 0.9880 -0.0000
vn -0.2170 0.9762 -0.0000
vn -0.2860 0.9582 -0.0000
vn -0.3608 0.9326 -0.0000
vn -0.4407 0.8977 -0.0000
vn -0.5238 0.8519 -0.0000
vn -0.6077 0.7942 -0.0000
vn -0.6893 0.7245 -0.0000
vn -0.7651 0.6439 -0.0000
vn -0.8244 0.5660 -0.0000
vn -0.8622 0.5066 -0.0000
vn -0.8892 0.4574 -0.0000
vn -0.9131 0.4077 -0.0000
vn -0.9338 0.3578 -0.0000
vn -0.9513 0.3084 -0.0000
vn -0.9657 0.2597 -0.0000
vn -0.9772 0.2122 -0.0000
vn -0.9861 0.1662 -0.0000
vn -0.9926 0.1218 -0.0000
vn -0.9969 0.0793 -0.0000
vn -0.9992 0.0388 -0.0000
vn -1.0000 0.0095 -0.0000
vn -1.0000 -0.0095 -0.0000
vn -0.9992 -0.0388 -0.0000
vn -0.9969 -0.0793 -0.0000
vn -0.9926 -0.1218 -0.0000
vn -0.9861 -0.1662 -0.0000
vn -0.9772 -0.2122 -0.0000
vn -0.9657 -0.2597 -0.0000
vn -0.9513 -0.3084 -0.0000
vn -0.9338 -0.3578 -0.0000
vn -0.9131 -0.4077 -0.0000
vn -0.8892 -0.4574 -0.0000
vn -0.8622 -0.5066 -0.0000
vn -0.8244 -0.5660 -0.0000
vn -0.7651 -0.6439 -0.0000
vn -0.6893 -0.7245 -0.0000
vn -0.6077 -0.7942 -0.0000
vn -0.5238 -0.8519 -0.0000
vn -0.4407 -0.8977 -0.0000
vn -0.3608 -0.9326 -0.0000
vn -0.2860 -0.9582 -0.0000
vn -0.2170 -0.9762 -0.0000
vn -0.1542 -0.9880 -0.0000
vn -0.0974 -0.9952 -0.0000
vn -0.0464 -0.9989 -0.0000
vn 0.0159 0.9999 -0.0000
vn 0.0647 0.9979 -0.0000
vn 0.1322 0.9912 -0.0000
vn 0.2022 0.9793 -0.0000
vn 0.2736 0.9618 -0.0000
vn 0.3454 0.9385 -0.0000
vn 0.4162 0.9093 -0.0000
vn 0.4847 0.8747 -0.0000
vn 0.5498 0.8353 -0.0000
vn 0.6106 0.7920 -0.0000
vn 0.6662 0.7457 -0.0000
vn 0.7164 0.6977 -0.0000
vn 0.7464 0.6655 -0.0000
vn -0.3514 0.9362 -0.0000
vn 0.9957 0.0926 -0.0000
vn 0.9998 0.0218 -0.0000
vn -0.9957 -0.0926 -0.0000
vn -0.9410 -0.3384 -0.0000
vn 0.3384 -0.9410 -0.0000
vn 0.0212 0.9998 -0.0000
vn 0.0871 0.9962 -0.0000
vn 0.1784 0.9840 -0.0000
vn 0.2727 0.9621 -0.0000
vn 0.3673 0.9301 -0.0000
vn 0.4593 0.8883 -0.0000
vn 0.5460 0.8378 -0.0000
vn 0.6250 0.7806 -0.0000
vn 0.6949 0.7191 -0.0000
vn 0.7552 0.6555 -0.0000
vn 0.8059 0.5920 -0.0000
vn 0.8479 0.5302 -0.0000
vn 0.8709 0.4915 -0.0000
vn 0.8737 0.4865 -0.0000
vn 0.8694 0.4940 -0.0000
vn 0.8643 0.5029 -0.0000
vn 0.8586 0.5126 -0.0000
vn 0.8522 0.5232 -0.0000
vn 0.8450 0.5347 -0.0000
vn 0.8369 0.5474 -0.0000
vn 0.8275 0.5615 -0.0000
vn 0.8167 0.5770 -0.0000
vn 0.8043 0.5942 -0.0000
vn 0.7898 0.6133 -0.0000
vn 0.7728 0.6346 -0.0000
vn 0.7463 0.6657 -0.0000
vn 0.7028 0.7113 -0.0000
vn 0.6479 0.7617 -0.0000
vn 0.5881 0.8088 -0.0000
vn 0.5242 0.8516 -0.0000
vn 0.4571 0.8894 -0.0000
vn 0.3883 0.9215 -0.0000
vn 0.3189 0.9478 -0.0000
vn 0.2502 0.9682 -0.0000
vn 0.1833 0.9831 -0.0000
vn 0.1190 0.9929 -0.0000
vn 0.0579 0.9983 -0.0000
vn 0.0141 0.9999 -0.0000
vn -0.0141 0.9999 -0.0000
vn -0.0579 0.9983 -0.0000
vn -0.1190 0.9929 -0.0000
vn -0.1833 0.9831 -0.0000
vn -0.2503 0.9682 -0.0000
vn -0.3190 0.9478 -0.0000
vn -0.3883 0.9215 -0.0000
vn -0.4571 0.8894 -0.0000
vn -0.5240 0.8517 -0.0000
vn -0.5881 0.8088 -0.0000
vn -0.6480 0.7617 -0.0000
vn -0.7030 0.7112 -0.0000
vn -0.7461 0.6658 -0.0000
vn -0.7726 0.6349 -0.0000
vn -0.7898 0.6133 -0.0000
vn -0.8043 0.5942 -0.0000
vn -0.8167 0.5770 -0.0000
vn -0.8275 0.5615 -0.0000
vn -0.8369 0.5474 -0.0000
vn -0.8450 0.5347 -0.0000
vn -0.8522 0.5232 -0.0000
vn -0.8586 0.5126 -0.0000
vn -0.8643 0.5029 -0.0000
vn -0.8695 0.4939 -0.0000
vn -0.8749 0.4843 -0.0000
vn -0.8720 0.4895 -0.0000
vn -0.8478 0.5303 -0.0000
vn -0.8059 0.5920 -0.0000
vn -0.7552 0.6555 -0.0000
vn -0.6949 0.7191 -0.0000
vn -0.6250 0.7807 -0.0000
vn -0.5460 0.8378 -0.0000
vn -0.4593 0.8883 -0.0000
vn -0.3673 0.9301 -0.0000
vn -0.2727 0.9621 -0.0000
vn -0.1784 0.9840 -0.0000
vn -0.0871 0.9962 -0.0000
vn -0.0212 0.9998 -0.0000
vn -0.2455 -0.9694 -0.0000
vn 0.8723 -0.4890 -0.0000
vn 0.8443 -0.5358 -0.0000
vn 0.7971 -0.6038 -0.0000
vn 0.7406 -0.6720 -0.0000
vn 0.6744 -0.7384 -0.0000
vn 0.5994 -0.8005 -0.0000
vn 0.5169 -0.8561 -0.0000
vn 0.4291 -0.9033 -0.0000
vn 0.3388 -0.9409 -0.0000
vn 0.2486 -0.9686 -0.0000
vn 0.1611 -0.9869 -0.0000
vn 0.0780 -0.9969 -0.0000
vn 0.0189 -0.9998 -0.0000
vn -0.0189 -0.9998 -0.0000
vn -0.0780 -0.9969 -0.0000
vn -0.1611 -0.9869 -0.0000
vn -0.2486 -0.9686 -0.0000
vn -0.3388 -0.9409 -0.0000
vn -0.4291 -0.9033 -0.0000
vn -0.5168 -0.8561 -0.0000
vn -0.5994 -0.8005 -0.0000
vn -0.6744 -0.7384 -0.0000
vn -0.7406 -0.6720 -0.0000
vn -0.7971 -0.6038 -0.0000
vn -0.8443 -0.5359 -0.0000
vn -0.8723 -0.4890 -0.0000
vn 0.2455 -0.9694 -0.0000
vn 1.0000 0.0061 -0.0000
vn 1.0000 -0.0061 -0.0000
vn 0.9997 -0.0249 -0.0000
vn 0.9987 -0.0505 -0.0000
vn 0.9970 -0.0768 -0.0000
vn 0.9946 -0.1038 -0.0000
vn 0.9913 -0.1314 -0.0000
vn 0.9872 -0.1597 -0.0000
vn 0.9821 -0.1885 -0.0000
vn 0.9760 -0.2178 -0.0000
vn 0.9688 -0.2477 -0.0000
vn 0.9606 -0.2778 -0.0000
vn 0.9513 -0.3082 -0.0000
vn 0.9396 -0.3424 -0.0000
vn 0.9235 -0.3835 -0.0000
vn 0.9039 -0.4278 -0.0000
vn 0.8821 -0.4711 -0.0000
vn 0.8582 -0.5132 -0.0000
vn 0.8326 -0.5539 -0.0000
vn 0.8053 -0.5929 -0.0000
vn 0.7766 -0.6300 -0.0000
vn 0.7468 -0.6650 -0.0000
vn 0.7162 -0.6979 -0.0000
vn 0.6851 -0.7285 -0.0000
vn 0.6536 -0.7568 -0.0000
vn 0.6201 -0.7845 -0.0000
vn 0.5829 -0.8125 -0.0000
vn 0.5444 -0.8388 -0.0000
vn 0.5069 -0.8620 -0.0000
vn 0.4707 -0.8823 -0.0000
vn 0.4358 -0.9000 -0.0000
vn 0.4024 -0.9155 -0.0000
vn 0.3704 -0.9289 -0.0000
vn 0.3400 -0.9404 -0.0000
vn 0.3112 -0.9504 -0.0000
vn 0.2838 -0.9589 -0.0000
vn 0.2578 -0.9662 -0.0000
vn 0.2321 -0.9727 -0.0000
vn 0.2058 -0.9786 -0.0000
vn 0.1801 -0.9836 -0.0000
vn 0.1562 -0.9877 -0.0000
vn 0.1339 -0.9910 -0.0000
vn 0.1130 -0.9936 -0.0000
vn 0.0936 -0.9956 -0.0000
vn 0.0754 -0.9972 -0.0000
vn 0.0584 -0.9983 -0.0000
vn 0.0424 -0.9991 -0.0000
vn 0.0274 -0.9996 -0.0000
vn 0.0134 -0.9999 -0.0000
vn -0.0134 -0.9999 -0.0000
vn -0.0274 -0.9996 -0.0000
vn -0.0424 -0.9991 -0.0000
vn -0.0584 -0.9983 -0.0000
vn -0.0754 -0.9972 -0.0000
vn -0.0936 -0.9956 -0.0000
vn -0.1131 -0.9936 -0.0000
vn -0.1339 -0.9910 -0.0000
vn -0.1562 -0.9877 -0.0000
vn -0.1801 -0.9836 -0.0000
vn -0.2058 -0.9786 -0.0000
vn -0.2321 -0.9727 -0.0000
vn -0.2578 -0.9662 -0.0000
vn -0.2838 -0.9589 -0.0000
vn -0.3112 -0.9504 -0.0000
vn -0.3400 -0.9404 -0.0000
vn -0.3704 -0.9289 -0.0000
vn -0.4023 -0.9155 -0.0000
vn -0.4358 -0.9001 -0.0000
vn -0.4707 -0.8823 -0.0000
vn -0.5069 -0.8620 -0.0000
vn -0.5444 -0.8388 -0.0000
vn -0.5829 -0.8125 -0.0000
vn -0.6200 -0.7846 -0.0000
vn -0.6531 -0.7573 -0.0000
vn -0.6841 -0.7294 -0.0000
vn -0.7147 -0.6994 -0.0000
vn -0.7448 -0.6673 -0.0000
vn -0.7741 -0.6331 -0.0000
vn -0.8023 -0.5970 -0.0000
vn -0.8292 -0.5590 -0.0000
vn -0.8545 -0.5194 -0.0000
vn -0.8781 -0.4784 -0.0000
vn -0.8998 -0.4363 -0.0000
vn -0.9194 -0.3933 -0.0000
vn -0.9357 -0.3529 -0.0000
vn -0.9479 -0.3185 -0.0000
vn -0.9579 -0.2872 -0.0000
vn -0.9666 -0.2562 -0.0000
vn -0.9742 -0.2255 -0.0000
vn -0.9808 -0.1953 -0.0000
vn -0.9862 -0.1654 -0.0000
vn -0.9907 -0.1362 -0.0000
vn -0.9942 -0.1076 -0.0000
vn -0.9968 -0.0796 -0.0000
vn -0.9986 -0.0524 -0.0000
vn -0.9997 -0.0258 -0.0000
vn -1.0000 -0.0064 -0.0000
vn -1.0000 0.0064 -0.0000
vn -0.9997 0.0259 -0.0000
vn -0.9986 0.0524 -0.0000
vn -0.9968 0.0796 -0.0000
vn -0.9942 0.1076 -0.0000
vn -0.9907 0.1362 -0.0000
vn -0.9862 0.1654 -0.0000
vn -0.9808 0.1953 -0.0000
vn -0.9742 0.2255 -0.0000
vn -0.9666 0.2562 -0.0000
vn -0.9579 0.2872 -0.0000
vn -0.9479 0.3184 -0.0000
vn -0.9357 0.3529 -0.0000
vn -0.9194 0.3934 -0.0000
vn -0.8998 0.4363 -0.0000
vn -0.8781 0.4784 -0.0000
vn -0.8545 0.5194 -0.0000
vn -0.8292 0.5590 -0.0000
vn -0.8023 0.5970 -0.0000
vn -0.7741 0.6331 -0.0000
vn -0.7448 0.6673 -0.0000
vn -0.7147 0.6994 -0.0000
vn -0.6841 0.7294 -0.0000
vn -0.6531 0.7573 -0.0000
vn -0.6201 0.7845 -0.0000
vn -0.5835 0.8121 -0.0000
vn -0.5457 0.8380 -0.0000
vn -0.5089 0.8608 -0.0000
vn -0.4733 0.8809 -0.0000
vn -0.4391 0.8984 -0.0000
vn -0.4064 0.9137 -0.0000
vn -0.3751 0.9270 -0.0000
vn -0.3454 0.9385 -0.0000
vn -0.3171 0.9484 -0.0000
vn -0.2903 0.9569 -0.0000
vn -0.2649 0.9643 -0.0000
vn -0.2394 0.9709 -0.0000
vn -0.2126 0.9771 -0.0000
vn -0.1861 0.9825 -0.0000
vn -0.1614 0.9869 -0.0000
vn -0.1384 0.9904 -0.0000
vn -0.1169 0.9931 -0.0000
vn -0.0968 0.9953 -0.0000
vn -0.0780 0.9970 -0.0000
vn -0.0604 0.9982 -0.0000
vn -0.0439 0.9990 -0.0000
vn -0.0284 0.9996 -0.0000
vn -0.0138 0.9999 -0.0000
vn 0.0138 0.9999 -0.0000
vn 0.0284 0.9996 -0.0000
vn 0.0439 0.9990 -0.0000
vn 0.0604 0.9982 -0.0000
vn 0.0780 0.9970 -0.0000
vn 0.0968 0.9953 -0.0000
vn 0.1169 0.9931 -0.0000
vn 0.1384 0.9904 -0.0000
vn 0.1614 0.9869 -0.0000
vn 0.1861 0.9825 -0.0000
vn 0.2126 0.9771 -0.0000
vn 0.2394 0.9709 -0.0000
vn 0.2649 0.9643 -0.0000
vn 0.2903 0.9569 -0.0000
vn 0.3171 0.9484 -0.0000
vn 0.3751 0.9270 -0.0000
vn 0.4064 0.9137 -0.0000
vn 0.4392 0.8984 -0.0000
vn 0.4733 0.8809 -0.0000
vn 0.5089 0.8608 -0.0000
vn 0.5457 0.8380 -0.0000
vn 0.5835 0.8121 -0.0000
vn 0.6202 0.7844 -0.0000
vn 0.6536 0.7568 -0.0000
vn 0.6851 0.7285 -0.0000
vn 0.7162 0.6979 -0.0000
vn 0.7468 0.6651 -0.0000
vn 0.7766 0.6300 -0.0000
vn 0.8053 0.5929 -0.0000
vn 0.8326 0.5539 -0.0000
vn 0.8582 0.5132 -0.0000
vn 0.8821 0.4711 -0.0000
vn 0.9039 0.4278 -0.0000
vn 0.9235 0.3835 -0.0000
vn 0.9396 0.3423 -0.0000
vn 0.9513 0.3082 -0.0000
vn 0.9606 0.2778 -0.0000
vn 0.9688 0.2477 -0.0000
vn 0.9760 0.2178 -0.0000
vn 0.9821 0.1885 -0.0000
vn 0.9872 0.1597 -0.0000
vn 0.9913 0.1314 -0.0000
vn 0.9946 0.1038 -0.0000
vn 0.9970 0.0768 -0.0000
vn 0.9987 0.0505 -0.0000
vn 0.9997 0.0249 -0.0000
vn 0.9999 -0.0158 -0.0000
vn 0.9999 0.0158 -0.0000
vn 0.9979 0.0645 -0.0000
vn 0.9798 0.2002 -0.0000
vn 0.9628 0.2702 -0.0000
vn 0.9404 0.3400 -0.0000
vn 0.9127 0.4086 -0.0000
vn 0.8800 0.4750 -0.0000
vn 0.8430 0.5379 -0.0000
vn 0.8025 0.5966 -0.0000
vn 0.7595 0.6505 -0.0000
vn 0.7148 0.6993 -0.0000
vn 0.6538 0.7567 -0.0000
vn 0.5636 0.8260 -0.0000
vn 0.4659 0.8849 -0.0000
vn 0.3805 0.9248 -0.0000
vn 0.3076 0.9515 -0.0000
vn 0.2456 0.9694 -0.0000
vn 0.1930 0.9812 -0.0000
vn 0.1482 0.9890 -0.0000
vn 0.1098 0.9940 -0.0000
vn 0.0766 0.9971 -0.0000
vn 0.0478 0.9989 -0.0000
vn 0.0225 0.9997 -0.0000
vn 0.0001 1.0000 -0.0000
vn -0.0222 0.9998 -0.0000
vn -0.0470 0.9989 -0.0000
vn -0.0756 0.9971 -0.0000
vn -0.1085 0.9941 -0.0000
vn -0.1468 0.9892 -0.0000
vn -0.1917 0.9814 -0.0000
vn -0.2448 0.9696 -0.0000
vn -0.3077 0.9515 -0.0000
vn -0.3823 0.9240 -0.0000
vn -0.4703 0.8825 -0.0000
vn -0.5718 0.8204 -0.0000
vn -0.6650 0.7468 -0.0000
vn -0.7265 0.6872 -0.0000
vn -0.7702 0.6378 -0.0000
vn -0.8120 0.5836 -0.0000
vn -0.8511 0.5250 -0.0000
vn -0.8866 0.4626 -0.0000
vn -0.9177 0.3972 -0.0000
vn -0.9440 0.3300 -0.0000
vn -0.9651 0.2618 -0.0000
vn -0.9810 0.1938 -0.0000
vn -0.9919 0.1270 -0.0000
vn -0.9981 0.0623 -0.0000
vn -0.9999 0.0153 -0.0000
vn -0.9999 -0.0153 -0.0000
vn -0.9980 -0.0625 -0.0000
vn -0.9918 -0.1276 -0.0000
vn -0.9808 -0.1952 -0.0000
vn -0.9645 -0.2641 -0.0000
vn -0.9427 -0.3336 -0.0000
vn -0.9155 -0.4023 -0.0000
vn -0.8831 -0.4692 -0.0000
vn -0.8460 -0.5332 -0.0000
vn -0.8050 -0.5933 -0.0000
vn -0.7610 -0.6487 -0.0000
vn -0.7150 -0.6991 -0.0000
vn -0.6515 -0.7586 -0.0000
vn -0.5575 -0.8302 -0.0000
vn -0.4567 -0.8896 -0.0000
vn -0.3702 -0.9290 -0.0000
vn -0.2973 -0.9548 -0.0000
vn -0.2362 -0.9717 -0.0000
vn -0.1849 -0.9828 -0.0000
vn -0.1415 -0.9899 -0.0000
vn -0.1045 -0.9945 -0.0000
vn -0.0728 -0.9973 -0.0000
vn -0.0453 -0.9990 -0.0000
vn -0.0213 -0.9998 -0.0000
vn 0.0001 -1.0000 -0.0000
vn 0.0460 -0.9989 -0.0000
vn 0.0738 -0.9973 -0.0000
vn 0.1058 -0.9944 -0.0000
vn 0.1428 -0.9897 -0.0000
vn 0.1861 -0.9825 -0.0000
vn 0.2371 -0.9715 -0.0000
vn 0.2972 -0.9548 -0.0000
vn 0.3684 -0.9297 -0.0000
vn 0.4522 -0.8919 -0.0000
vn 0.5492 -0.8357 -0.0000
vn 0.6401 -0.7683 -0.0000
vn 0.7031 -0.7111 -0.0000
vn 0.7501 -0.6614 -0.0000
vn 0.7953 -0.6062 -0.0000
vn 0.8377 -0.5461 -0.0000
vn 0.8764 -0.4817 -0.0000
vn 0.9104 -0.4138 -0.0000
vn 0.9391 -0.3437 -0.0000
vn 0.9621 -0.2726 -0.0000
vn 0.9795 -0.2016 -0.0000
vn 0.9912 -0.1320 -0.0000
vn 0.9979 -0.0646 -0.0000
vn 0.5822 -0.8131 -0.0000
vn 0.4364 0.8997 -0.0000
vn 0.4800 0.8772 -0.0000
vn 0.5220 0.8530 -0.0000
vn 0.8997 0.4365 -0.0000
vn 0.9351 0.3544 -0.0000
vn 0.9489 0.3154 -0.0000
vn 0.9795 0.2017 -0.0000
vn 0.9860 -0.1669 -0.0000
vn 0.9723 -0.2335 -0.0000
vn 0.9219 -0.3875 -0.0000
vn 0.6990 -0.7151 -0.0000
vn 0.3888 0.9213 -0.0000
vn 0.6651 0.7467 -0.0000
vn 0.9505 0.3109 -0.0000
vn 0.9803 0.1977 -0.0000
vn -0.9802 -0.1982 -0.0000
vn -0.9682 -0.2500 -0.0000
vn -0.9518 -0.3068 -0.0000
vn -0.8638 -0.5038 -0.0000
vn -0.8175 -0.5759 -0.0000
vn -0.7604 -0.6494 -0.0000
vn -0.6931 -0.7209 -0.0000
vn -0.4406 0.8977 -0.0000
vn -0.5237 0.8519 -0.0000
vn -0.6894 0.7244 -0.0000
vn -0.7652 0.6438 -0.0000
vn -0.8621 0.5067 -0.0000
vn -0.9925 0.1218 -0.0000
vn -0.9968 0.0793 -0.0000
vn -0.9993 0.0387 -0.0000
vn -1.0000 0.0094 -0.0000
vn -0.9968 -0.0793 -0.0000
vn -0.9338 -0.3579 -0.0000
vn -0.8622 -0.5065 -0.0000
vn -0.8244 -0.5659 -0.0000
vn -0.6894 -0.7244 -0.0000
vn -0.6077 -0.7941 -0.0000
vn -0.5237 -0.8519 -0.0000
vn -0.4406 -0.8977 -0.0000
vn -0.2859 -0.9582 -0.0000
vn 0.9802 -0.1982 -0.0000
vn 0.9802 0.1982 -0.0000
vn 0.0926 0.9957 -0.0000
vn 0.5822 0.8131 -0.0000
vt 1.000000 0.000000
vt 0.333333 0.000000
vt 0.000000 0.000000
vt 0.666667 0.000000
vt 0.345794 0.000000
vt 0.364486 0.000000
vt 0.355140 0.000000
vt 0.373832 0.000000
vt 0.383178 0.000000
vt 0.336449 0.000000
vt 0.392523 0.000000
vt 0.327103 0.000000
vt 0.401869 0.000000
vt 0.317757 0.000000
vt 0.411215 0.000000
vt 0.308411 0.000000
vt 0.420561 0.000000
vt 0.299065 0.000000
vt 0.429907 0.000000
vt 0.289720 0.000000
vt 0.439252 0.000000
vt 0.280374 0.000000
vt 0.448598 0.000000
vt 0.271028 0.000000
vt 0.457944 0.000000
vt 0.261682 0.000000
vt 0.467290 0.000000
vt 0.252336 0.000000
vt 0.242991 0.000000
vt 0.476636 0.000000
vt 0.233645 0.000000
vt 0.607477 0.000000
vt 0.485981 0.000000
vt 0.495327 0.000000
vt 0.504673 0.000000
vt 0.514019 0.000000
vt 0.523364 0.000000
vt 0.532710 0.000000
vt 0.542056 0.000000
vt 0.551402 0.000000
vt 0.560748 0.000000
vt 0.570093 0.000000
vt 0.579439 0.000000
vt 0.588785 0.000000
vt 0.598131 0.000000
vt 0.616822 0.000000
vt 0.869159 0.000000
vt 0.626168 0.000000
vt 0.635514 0.000000
vt 0.644860 0.000000
vt 0.654206 0.000000
vt 0.663551 0.000000
vt 0.672897 0.000000
vt 0.682243 0.000000
vt 0.691589 0.000000
vt 0.700935 0.000000
vt 0.710280 0.000000
vt 0.719626 0.000000
vt 0.728972 0.000000
vt 0.738318 0.000000
vt 0.747664 0.000000
vt 0.757009 0.000000
vt 0.766355 0.000000
vt 0.775701 0.000000
vt 0.785047 0.000000
vt 0.794393 0.000000
vt 0.803738 0.000000
vt 0.813084 0.000000
vt 0.822430 0.000000
vt 0.831776 0.000000
vt 0.841121 0.000000
vt 0.850467 0.000000
vt 0.859813 0.000000
vt 0.878505 0.000000
vt 0.887850 0.000000
vt 0.897196 0.000000
vt 0.906542 0.000000
vt 0.915888 0.000000
vt 0.925234 0.000000
vt 0.934579 0.000000
vt 0.943925 0.000000
vt 0.953271 0.000000
vt 0.962617 0.000000
vt 0.971963 0.000000
vt 0.981308 0.000000
vt 0.990654 0.000000
vt 0.224299 0.000000
vt 0.009346 0.000000
vt 0.214953 0.000000
vt 0.018692 0.000000
vt 0.205607 0.000000
vt 0.028037 0.000000
vt 0.196262 0.000000
vt 0.037383 0.000000
vt 0.186916 0.000000
vt 0.046729 0.000000
vt 0.177570 0.000000
vt 0.056075 0.000000
vt 0.168224 0.000000
vt 0.065421 0.000000
vt 0.158879 0.000000
vt 0.074766 0.000000
vt 0.149533 0.000000
vt 0.084112 0.000000
vt 0.140187 0.000000
vt 0.093458 0.000000
vt 0.130841 0.000000
vt 0.102804 0.000000
vt 0.121495 0.000000
vt 0.112150 0.000000
vt 0.162281 0.000000
vt 0.171053 0.000000
vt 0.166667 0.000000
vt 0.175439 0.000000
vt 0.179825 0.000000
vt 0.157895 0.000000
vt 0.184211 0.000000
vt 0.153509 0.000000
vt 0.188596 0.000000
vt 0.149123 0.000000
vt 0.192982 0.000000
vt 0.197368 0.000000
vt 0.144737 0.000000
vt 0.201754 0.000000
vt 0.140351 0.000000
vt 0.206140 0.000000
vt 0.135965 0.000000
vt 0.210526 0.000000
vt 0.214912 0.000000
vt 0.131579 0.000000
vt 0.219298 0.000000
vt 0.127193 0.000000
vt 0.223684 0.000000
vt 0.122807 0.000000
vt 0.228070 0.000000
vt 0.232456 0.000000
vt 0.118421 0.000000
vt 0.236842 0.000000
vt 0.114035 0.000000
vt 0.241228 0.000000
vt 0.109649 0.000000
vt 0.780702 0.000000
vt 0.245614 0.000000
vt 0.250000 0.000000
vt 0.254386 0.000000
vt 0.258772 0.000000
vt 0.263158 0.000000
vt 0.267544 0.000000
vt 0.271930 0.000000
vt 0.276316 0.000000
vt 0.280702 0.000000
vt 0.285088 0.000000
vt 0.289474 0.000000
vt 0.293860 0.000000
vt 0.298246 0.000000
vt 0.302632 0.000000
vt 0.307018 0.000000
vt 0.311404 0.000000
vt 0.315789 0.000000
vt 0.320175 0.000000
vt 0.324561 0.000000
vt 0.328947 0.000000
vt 0.776316 0.000000
vt 0.995614 0.000000
vt 0.991228 0.000000
vt 0.785088 0.000000
vt 0.986842 0.000000
vt 0.982456 0.000000
vt 0.978070 0.000000
vt 0.973684 0.000000
vt 0.969298 0.000000
vt 0.964912 0.000000
vt 0.960526 0.000000
vt 0.956140 0.000000
vt 0.951754 0.000000
vt 0.947368 0.000000
vt 0.942982 0.000000
vt 0.938596 0.000000
vt 0.934211 0.000000
vt 0.929825 0.000000
vt 0.925439 0.000000
vt 0.921053 0.000000
vt 0.916667 0.000000
vt 0.337719 0.000000
vt 0.912281 0.000000
vt 0.907895 0.000000
vt 0.342105 0.000000
vt 0.903509 0.000000
vt 0.899123 0.000000
vt 0.346491 0.000000
vt 0.894737 0.000000
vt 0.350877 0.000000
vt 0.355263 0.000000
vt 0.359649 0.000000
vt 0.364035 0.000000
vt 0.368421 0.000000
vt 0.890351 0.000000
vt 0.372807 0.000000
vt 0.885965 0.000000
vt 0.881579 0.000000
vt 0.377193 0.000000
vt 0.877193 0.000000
vt 0.872807 0.000000
vt 0.381579 0.000000
vt 0.868421 0.000000
vt 0.385965 0.000000
vt 0.864035 0.000000
vt 0.859649 0.000000
vt 0.390351 0.000000
vt 0.855263 0.000000
vt 0.850877 0.000000
vt 0.394737 0.000000
vt 0.846491 0.000000
vt 0.842105 0.000000
vt 0.399123 0.000000
vt 0.837719 0.000000
vt 0.833333 0.000000
vt 0.403509 0.000000
vt 0.828947 0.000000
vt 0.824561 0.000000
vt 0.407895 0.000000
vt 0.820175 0.000000
vt 0.815789 0.000000
vt 0.811404 0.000000
vt 0.412281 0.000000
vt 0.807018 0.000000
vt 0.802632 0.000000
vt 0.798246 0.000000
vt 0.793860 0.000000
vt 0.789474 0.000000
vt 0.771930 0.000000
vt 0.416667 0.000000
vt 0.421053 0.000000
vt 0.438596 0.000000
vt 0.425439 0.000000
vt 0.429825 0.000000
vt 0.434211 0.000000
vt 0.442982 0.000000
vt 0.447368 0.000000
vt 0.451754 0.000000
vt 0.456140 0.000000
vt 0.460526 0.000000
vt 0.464912 0.000000
vt 0.469298 0.000000
vt 0.473684 0.000000
vt 0.478070 0.000000
vt 0.482456 0.000000
vt 0.486842 0.000000
vt 0.491228 0.000000
vt 0.495614 0.000000
vt 0.500000 0.000000
vt 0.504386 0.000000
vt 0.508772 0.000000
vt 0.513158 0.000000
vt 0.517544 0.000000
vt 0.521930 0.000000
vt 0.526316 0.000000
vt 0.530702 0.000000
vt 0.535088 0.000000
vt 0.539474 0.000000
vt 0.543860 0.000000
vt 0.767544 0.000000
vt 0.763158 0.000000
vt 0.758772 0.000000
vt 0.754386 0.000000
vt 0.750000 0.000000
vt 0.745614 0.000000
vt 0.741228 0.000000
vt 0.736842 0.000000
vt 0.732456 0.000000
vt 0.728070 0.000000
vt 0.723684 0.000000
vt 0.548246 0.000000
vt 0.719298 0.000000
vt 0.714912 0.000000
vt 0.710526 0.000000
vt 0.706140 0.000000
vt 0.701754 0.000000
vt 0.697368 0.000000
vt 0.692982 0.000000
vt 0.688596 0.000000
vt 0.684211 0.000000
vt 0.679825 0.000000
vt 0.675439 0.000000
vt 0.671053 0.000000
vt 0.662281 0.000000
vt 0.657895 0.000000
vt 0.105263 0.000000
vt 0.004386 0.000000
vt 0.653509 0.000000
vt 0.552632 0.000000
vt 0.100877 0.000000
vt 0.649123 0.000000
vt 0.008772 0.000000
vt 0.557018 0.000000
vt 0.096491 0.000000
vt 0.644737 0.000000
vt 0.013158 0.000000
vt 0.561404 0.000000
vt 0.092105 0.000000
vt 0.640351 0.000000
vt 0.017544 0.000000
vt 0.565789 0.000000
vt 0.087719 0.000000
vt 0.635965 0.000000
vt 0.021930 0.000000
vt 0.570175 0.000000
vt 0.083333 0.000000
vt 0.631579 0.000000
vt 0.026316 0.000000
vt 0.574561 0.000000
vt 0.078947 0.000000
vt 0.627193 0.000000
vt 0.030702 0.000000
vt 0.578947 0.000000
vt 0.074561 0.000000
vt 0.622807 0.000000
vt 0.035088 0.000000
vt 0.583333 0.000000
vt 0.070175 0.000000
vt 0.618421 0.000000
vt 0.039474 0.000000
vt 0.587719 0.000000
vt 0.065789 0.000000
vt 0.614035 0.000000
vt 0.043860 0.000000
vt 0.592105 0.000000
vt 0.061404 0.000000
vt 0.609649 0.000000
vt 0.048246 0.000000
vt 0.596491 0.000000
vt 0.057018 0.000000
vt 0.605263 0.000000
vt 0.052632 0.000000
vt 0.600877 0.000000
vt 0.498282 0.000000
vt 0.505155 0.000000
vt 0.501718 0.000000
vt 0.494845 0.000000
vt 0.508591 0.000000
vt 0.491409 0.000000
vt 0.512028 0.000000
vt 0.487972 0.000000
vt 0.515464 0.000000
vt 0.484536 0.000000
vt 0.518900 0.000000
vt 0.481100 0.000000
vt 0.522337 0.000000
vt 0.477663 0.000000
vt 0.525773 0.000000
vt 0.474227 0.000000
vt 0.529210 0.000000
vt 0.470790 0.000000
vt 0.532646 0.000000
vt 0.467354 0.000000
vt 0.536082 0.000000
vt 0.463918 0.000000
vt 0.539519 0.000000
vt 0.460481 0.000000
vt 0.542955 0.000000
vt 0.457045 0.000000
vt 0.546392 0.000000
vt 0.453608 0.000000
vt 0.549828 0.000000
vt 0.450172 0.000000
vt 0.553265 0.000000
vt 0.446735 0.000000
vt 0.556701 0.000000
vt 0.443299 0.000000
vt 0.560137 0.000000
vt 0.439863 0.000000
vt 0.563574 0.000000
vt 0.436426 0.000000
vt 0.567010 0.000000
vt 0.432990 0.000000
vt 0.570447 0.000000
vt 0.429553 0.000000
vt 0.573883 0.000000
vt 0.426117 0.000000
vt 0.577320 0.000000
vt 0.422680 0.000000
vt 0.580756 0.000000
vt 0.419244 0.000000
vt 0.584192 0.000000
vt 0.415808 0.000000
vt 0.587629 0.000000
vt 0.591065 0.000000
vt 0.412371 0.000000
vt 0.594502 0.000000
vt 0.408935 0.000000
vt 0.597938 0.000000
vt 0.405498 0.000000
vt 0.601375 0.000000
vt 0.402062 0.000000
vt 0.604811 0.000000
vt 0.398625 0.000000
vt 0.608247 0.000000
vt 0.395189 0.000000
vt 0.611684 0.000000
vt 0.391753 0.000000
vt 0.615120 0.000000
vt 0.388316 0.000000
vt 0.618557 0.000000
vt 0.384880 0.000000
vt 0.381443 0.000000
vt 0.621993 0.000000
vt 0.378007 0.000000
vt 0.625430 0.000000
vt 0.374570 0.000000
vt 0.628866 0.000000
vt 0.371134 0.000000
vt 0.632302 0.000000
vt 0.367698 0.000000
vt 0.635739 0.000000
vt 0.364261 0.000000
vt 0.639175 0.000000
vt 0.360825 0.000000
vt 0.642612 0.000000
vt 0.357388 0.000000
vt 0.646048 0.000000
vt 0.353952 0.000000
vt 0.649485 0.000000
vt 0.350515 0.000000
vt 0.652921 0.000000
vt 0.347079 0.000000
vt 0.656357 0.000000
vt 0.343643 0.000000
vt 0.659794 0.000000
vt 0.340206 0.000000
vt 0.920962 0.000000
vt 0.663230 0.000000
vt 0.924399 0.000000
vt 0.917526 0.000000
vt 0.914089 0.000000
vt 0.927835 0.000000
vt 0.910653 0.000000
vt 0.931271 0.000000
vt 0.907216 0.000000
vt 0.934708 0.000000
vt 0.903780 0.000000
vt 0.938144 0.000000
vt 0.900344 0.000000
vt 0.941581 0.000000
vt 0.336770 0.000000
vt 0.896907 0.000000
vt 0.945017 0.000000
vt 0.893471 0.000000
vt 0.948454 0.000000
vt 0.890034 0.000000
vt 0.951890 0.000000
vt 0.886598 0.000000
vt 0.955326 0.000000
vt 0.883161 0.000000
vt 0.958763 0.000000
vt 0.972509 0.000000
vt 0.969072 0.000000
vt 0.965636 0.000000
vt 0.962199 0.000000
vt 0.879725 0.000000
vt 0.876289 0.000000
vt 0.872852 0.000000
vt 0.869416 0.000000
vt 0.003436 0.000000
vt 0.975945 0.000000
vt 0.865979 0.000000
vt 0.979381 0.000000
vt 0.862543 0.000000
vt 0.982818 0.000000
vt 0.859107 0.000000
vt 0.986254 0.000000
vt 0.855670 0.000000
vt 0.989691 0.000000
vt 0.852234 0.000000
vt 0.993127 0.000000
vt 0.848797 0.000000
vt 0.996564 0.000000
vt 0.845361 0.000000
vt 0.841924 0.000000
vt 0.838488 0.000000
vt 0.670103 0.000000
vt 0.835052 0.000000
vt 0.673540 0.000000
vt 0.831615 0.000000
vt 0.676976 0.000000
vt 0.828179 0.000000
vt 0.680412 0.000000
vt 0.824742 0.000000
vt 0.683849 0.000000
vt 0.821306 0.000000
vt 0.687285 0.000000
vt 0.817869 0.000000
vt 0.690722 0.000000
vt 0.814433 0.000000
vt 0.694158 0.000000
vt 0.810997 0.000000
vt 0.697595 0.000000
vt 0.807560 0.000000
vt 0.701031 0.000000
vt 0.804124 0.000000
vt 0.704467 0.000000
vt 0.800687 0.000000
vt 0.707904 0.000000
vt 0.797251 0.000000
vt 0.711340 0.000000
vt 0.793814 0.000000
vt 0.714777 0.000000
vt 0.790378 0.000000
vt 0.786942 0.000000
vt 0.718213 0.000000
vt 0.329897 0.000000
vt 0.006873 0.000000
vt 0.783505 0.000000
vt 0.721649 0.000000
vt 0.780069 0.000000
vt 0.725086 0.000000
vt 0.776632 0.000000
vt 0.728522 0.000000
vt 0.773196 0.000000
vt 0.731959 0.000000
vt 0.326460 0.000000
vt 0.010309 0.000000
vt 0.769759 0.000000
vt 0.735395 0.000000
vt 0.766323 0.000000
vt 0.738832 0.000000
vt 0.762887 0.000000
vt 0.742268 0.000000
vt 0.759450 0.000000
vt 0.745704 0.000000
vt 0.756014 0.000000
vt 0.749141 0.000000
vt 0.752577 0.000000
vt 0.323024 0.000000
vt 0.013746 0.000000
vt 0.319588 0.000000
vt 0.017182 0.000000
vt 0.316151 0.000000
vt 0.020619 0.000000
vt 0.312715 0.000000
vt 0.024055 0.000000
vt 0.309278 0.000000
vt 0.027491 0.000000
vt 0.305842 0.000000
vt 0.030928 0.000000
vt 0.302406 0.000000
vt 0.034364 0.000000
vt 0.298969 0.000000
vt 0.037801 0.000000
vt 0.295533 0.000000
vt 0.041237 0.000000
vt 0.292096 0.000000
vt 0.044674 0.000000
vt 0.288660 0.000000
vt 0.048110 0.000000
vt 0.285223 0.000000
vt 0.051546 0.000000
vt 0.281787 0.000000
vt 0.054983 0.000000
vt 0.278351 0.000000
vt 0.058419 0.000000
vt 0.274914 0.000000
vt 0.061856 0.000000
vt 0.271478 0.000000
vt 0.065292 0.000000
vt 0.268041 0.000000
vt 0.068729 0.000000
vt 0.264605 0.000000
vt 0.072165 0.000000
vt 0.261168 0.000000
vt 0.075601 0.000000
vt 0.257732 0.000000
vt 0.079038 0.000000
vt 0.254296 0.000000
vt 0.082474 0.000000
vt 0.250859 0.000000
vt 0.085911 0.000000
vt 0.247423 0.000000
vt 0.089347 0.000000
vt 0.092784 0.000000
vt 0.243986 0.000000
vt 0.096220 0.000000
vt 0.240550 0.000000
vt 0.099656 0.000000
vt 0.237113 0.000000
vt 0.103093 0.000000
vt 0.233677 0.000000
vt 0.106529 0.000000
vt 0.230241 0.000000
vt 0.109966 0.000000
vt 0.226804 0.000000
vt 0.113402 0.000000
vt 0.223368 0.000000
vt 0.116838 0.000000
vt 0.219931 0.000000
vt 0.120275 0.000000
vt 0.216495 0.000000
vt 0.123711 0.000000
vt 0.213058 0.000000
vt 0.127148 0.000000
vt 0.209622 0.000000
vt 0.206186 0.000000
vt 0.130584 0.000000
vt 0.202749 0.000000
vt 0.134021 0.000000
vt 0.199313 0.000000
vt 0.137457 0.000000
vt 0.195876 0.000000
vt 0.140893 0.000000
vt 0.192440 0.000000
vt 0.144330 0.000000
vt 0.189003 0.000000
vt 0.147766 0.000000
vt 0.185567 0.000000
vt 0.151203 0.000000
vt 0.154639 0.000000
vt 0.182131 0.000000
vt 0.158076 0.000000
vt 0.178694 0.000000
vt 0.161512 0.000000
vt 0.175258 0.000000
vt 0.164948 0.000000
vt 0.171821 0.000000
vt 0.168385 0.000000
vt 0.204420 0.000000
vt 0.215470 0.000000
vt 0.209945 0.000000
vt 0.220994 0.000000
vt 0.624309 0.000000
vt 0.635359 0.000000
vt 0.629834 0.000000
vt 0.640884 0.000000
vt 0.226519 0.000000
vt 0.618785 0.000000
vt 0.646409 0.000000
vt 0.198895 0.000000
vt 0.232044 0.000000
vt 0.613260 0.000000
vt 0.651934 0.000000
vt 0.193370 0.000000
vt 0.237569 0.000000
vt 0.607735 0.000000
vt 0.657459 0.000000
vt 0.187845 0.000000
vt 0.243094 0.000000
vt 0.602210 0.000000
vt 0.662983 0.000000
vt 0.182320 0.000000
vt 0.248619 0.000000
vt 0.596685 0.000000
vt 0.668508 0.000000
vt 0.176796 0.000000
vt 0.254144 0.000000
vt 0.591160 0.000000
vt 0.674033 0.000000
vt 0.171271 0.000000
vt 0.259668 0.000000
vt 0.585635 0.000000
vt 0.679558 0.000000
vt 0.165746 0.000000
vt 0.265193 0.000000
vt 0.580110 0.000000
vt 0.685083 0.000000
vt 0.160221 0.000000
vt 0.270718 0.000000
vt 0.574586 0.000000
vt 0.690608 0.000000
vt 0.154696 0.000000
vt 0.276243 0.000000
vt 0.569061 0.000000
vt 0.696133 0.000000
vt 0.149171 0.000000
vt 0.281768 0.000000
vt 0.563536 0.000000
vt 0.287293 0.000000
vt 0.558011 0.000000
vt 0.143646 0.000000
vt 0.701657 0.000000
vt 0.138122 0.000000
vt 0.850829 0.000000
vt 0.707182 0.000000
vt 0.292818 0.000000
vt 0.552486 0.000000
vt 0.298343 0.000000
vt 0.546961 0.000000
vt 0.303867 0.000000
vt 0.541436 0.000000
vt 0.309392 0.000000
vt 0.535912 0.000000
vt 0.314917 0.000000
vt 0.530387 0.000000
vt 0.320442 0.000000
vt 0.524862 0.000000
vt 0.325967 0.000000
vt 0.519337 0.000000
vt 0.331492 0.000000
vt 0.513812 0.000000
vt 0.337017 0.000000
vt 0.508287 0.000000
vt 0.342541 0.000000
vt 0.502762 0.000000
vt 0.348066 0.000000
vt 0.497238 0.000000
vt 0.353591 0.000000
vt 0.491713 0.000000
vt 0.359116 0.000000
vt 0.486188 0.000000
vt 0.364641 0.000000
vt 0.480663 0.000000
vt 0.370166 0.000000
vt 0.475138 0.000000
vt 0.375691 0.000000
vt 0.469613 0.000000
vt 0.381215 0.000000
vt 0.464088 0.000000
vt 0.386740 0.000000
vt 0.458564 0.000000
vt 0.392265 0.000000
vt 0.453039 0.000000
vt 0.397790 0.000000
vt 0.447514 0.000000
vt 0.403315 0.000000
vt 0.441989 0.000000
vt 0.408840 0.000000
vt 0.436464 0.000000
vt 0.414365 0.000000
vt 0.430939 0.000000
vt 0.419890 0.000000
vt 0.425414 0.000000
vt 0.994475 0.000000
vt 0.856354 0.000000
vt 0.845304 0.000000
vt 0.988950 0.000000
vt 0.861878 0.000000
vt 0.983425 0.000000
vt 0.867403 0.000000
vt 0.977901 0.000000
vt 0.872928 0.000000
vt 0.972376 0.000000
vt 0.878453 0.000000
vt 0.966851 0.000000
vt 0.883978 0.000000
vt 0.961326 0.000000
vt 0.889503 0.000000
vt 0.955801 0.000000
vt 0.895028 0.000000
vt 0.950276 0.000000
vt 0.900553 0.000000
vt 0.944751 0.000000
vt 0.906077 0.000000
vt 0.939227 0.000000
vt 0.911602 0.000000
vt 0.933702 0.000000
vt 0.917127 0.000000
vt 0.928177 0.000000
vt 0.922652 0.000000
vt 0.132597 0.000000
vt 0.005525 0.000000
vt 0.839779 0.000000
vt 0.712707 0.000000
vt 0.127072 0.000000
vt 0.834254 0.000000
vt 0.011050 0.000000
vt 0.718232 0.000000
vt 0.121547 0.000000
vt 0.828729 0.000000
vt 0.016575 0.000000
vt 0.723757 0.000000
vt 0.116022 0.000000
vt 0.823204 0.000000
vt 0.022099 0.000000
vt 0.729282 0.000000
vt 0.110497 0.000000
vt 0.817680 0.000000
vt 0.027624 0.000000
vt 0.734807 0.000000
vt 0.104972 0.000000
vt 0.812155 0.000000
vt 0.033149 0.000000
vt 0.740331 0.000000
vt 0.099448 0.000000
vt 0.806630 0.000000
vt 0.038674 0.000000
vt 0.745856 0.000000
vt 0.093923 0.000000
vt 0.801105 0.000000
vt 0.044199 0.000000
vt 0.751381 0.000000
vt 0.088398 0.000000
vt 0.795580 0.000000
vt 0.049724 0.000000
vt 0.756906 0.000000
vt 0.082873 0.000000
vt 0.790055 0.000000
vt 0.055249 0.000000
vt 0.762431 0.000000
vt 0.077348 0.000000
vt 0.784530 0.000000
vt 0.060773 0.000000
vt 0.767956 0.000000
vt 0.071823 0.000000
vt 0.779006 0.000000
vt 0.066298 0.000000
vt 0.773481 0.000000
vt 0.349057 0.000000
vt 0.367925 0.000000
vt 0.358491 0.000000
vt 0.377358 0.000000
vt 0.603774 0.000000
vt 0.622642 0.000000
vt 0.613208 0.000000
vt 0.632075 0.000000
vt 0.386792 0.000000
vt 0.641509 0.000000
vt 0.339623 0.000000
vt 0.594340 0.000000
vt 0.396226 0.000000
vt 0.650943 0.000000
vt 0.330189 0.000000
vt 0.584906 0.000000
vt 0.405660 0.000000
vt 0.660377 0.000000
vt 0.320755 0.000000
vt 0.575472 0.000000
vt 0.415094 0.000000
vt 0.669811 0.000000
vt 0.311321 0.000000
vt 0.566038 0.000000
vt 0.424528 0.000000
vt 0.679245 0.000000
vt 0.301887 0.000000
vt 0.556604 0.000000
vt 0.433962 0.000000
vt 0.688679 0.000000
vt 0.292453 0.000000
vt 0.547170 0.000000
vt 0.443396 0.000000
vt 0.452830 0.000000
vt 0.698113 0.000000
vt 0.283019 0.000000
vt 0.537736 0.000000
vt 0.462264 0.000000
vt 0.707547 0.000000
vt 0.273585 0.000000
vt 0.528302 0.000000
vt 0.471698 0.000000
vt 0.716981 0.000000
vt 0.264151 0.000000
vt 0.518868 0.000000
vt 0.481132 0.000000
vt 0.726415 0.000000
vt 0.254717 0.000000
vt 0.509434 0.000000
vt 0.490566 0.000000
vt 0.245283 0.000000
vt 0.735849 0.000000
vt 0.235849 0.000000
vt 0.745283 0.000000
vt 0.990566 0.000000
vt 0.981132 0.000000
vt 0.226415 0.000000
vt 0.009434 0.000000
vt 0.971698 0.000000
vt 0.754717 0.000000
vt 0.216981 0.000000
vt 0.962264 0.000000
vt 0.018868 0.000000
vt 0.764151 0.000000
vt 0.207547 0.000000
vt 0.952830 0.000000
vt 0.028302 0.000000
vt 0.773585 0.000000
vt 0.198113 0.000000
vt 0.943396 0.000000
vt 0.037736 0.000000
vt 0.783019 0.000000
vt 0.188679 0.000000
vt 0.933962 0.000000
vt 0.047170 0.000000
vt 0.792453 0.000000
vt 0.179245 0.000000
vt 0.924528 0.000000
vt 0.056604 0.000000
vt 0.801887 0.000000
vt 0.169811 0.000000
vt 0.915094 0.000000
vt 0.066038 0.000000
vt 0.811321 0.000000
vt 0.160377 0.000000
vt 0.905660 0.000000
vt 0.075472 0.000000
vt 0.820755 0.000000
vt 0.150943 0.000000
vt 0.896226 0.000000
vt 0.084906 0.000000
vt 0.830189 0.000000
vt 0.141509 0.000000
vt 0.886792 0.000000
vt 0.094340 0.000000
vt 0.839623 0.000000
vt 0.132075 0.000000
vt 0.877358 0.000000
vt 0.103774 0.000000
vt 0.849057 0.000000
vt 0.122642 0.000000
vt 0.867925 0.000000
vt 0.113208 0.000000
vt 0.858491 0.000000
vt 0.401274 0.000000
vt 0.414013 0.000000
vt 0.407643 0.000000
vt 0.420382 0.000000
vt 0.426752 0.000000
vt 0.394904 0.000000
vt 0.433121 0.000000
vt 0.388535 0.000000
vt 0.439490 0.000000
vt 0.382166 0.000000
vt 0.445860 0.000000
vt 0.375796 0.000000
vt 0.452229 0.000000
vt 0.369427 0.000000
vt 0.458599 0.000000
vt 0.363057 0.000000
vt 0.464968 0.000000
vt 0.356688 0.000000
vt 0.471338 0.000000
vt 0.350318 0.000000
vt 0.477707 0.000000
vt 0.343949 0.000000
vt 0.484076 0.000000
vt 0.337580 0.000000
vt 0.490446 0.000000
vt 0.331210 0.000000
vt 0.324841 0.000000
vt 0.840764 0.000000
vt 0.834395 0.000000
vt 0.828025 0.000000
vt 0.993631 0.000000
vt 0.987261 0.000000
vt 0.496815 0.000000
vt 0.847134 0.000000
vt 0.980892 0.000000
vt 0.853503 0.000000
vt 0.974522 0.000000
vt 0.859873 0.000000
vt 0.968153 0.000000
vt 0.866242 0.000000
vt 0.961783 0.000000
vt 0.872611 0.000000
vt 0.955414 0.000000
vt 0.878981 0.000000
vt 0.949045 0.000000
vt 0.885350 0.000000
vt 0.942675 0.000000
vt 0.891720 0.000000
vt 0.936306 0.000000
vt 0.898089 0.000000
vt 0.929936 0.000000
vt 0.904459 0.000000
vt 0.923567 0.000000
vt 0.910828 0.000000
vt 0.917197 0.000000
vt 0.318471 0.000000
vt 0.503185 0.000000
vt 0.312102 0.000000
vt 0.509554 0.000000
vt 0.305732 0.000000
vt 0.515924 0.000000
vt 0.299363 0.000000
vt 0.522293 0.000000
vt 0.292994 0.000000
vt 0.528662 0.000000
vt 0.286624 0.000000
vt 0.535032 0.000000
vt 0.280255 0.000000
vt 0.541401 0.000000
vt 0.273885 0.000000
vt 0.547771 0.000000
vt 0.267516 0.000000
vt 0.554140 0.000000
vt 0.261146 0.000000
vt 0.560510 0.000000
vt 0.254777 0.000000
vt 0.566879 0.000000
vt 0.248408 0.000000
vt 0.573248 0.000000
vt 0.242038 0.000000
vt 0.579618 0.000000
vt 0.235669 0.000000
vt 0.585987 0.000000
vt 0.229299 0.000000
vt 0.592357 0.000000
vt 0.222930 0.000000
vt 0.598726 0.000000
vt 0.216561 0.000000
vt 0.605096 0.000000
vt 0.210191 0.000000
vt 0.611465 0.000000
vt 0.203822 0.000000
vt 0.617834 0.000000
vt 0.197452 0.000000
vt 0.624204 0.000000
vt 0.191083 0.000000
vt 0.630573 0.000000
vt 0.184713 0.000000
vt 0.636943 0.000000
vt 0.178344 0.000000
vt 0.643312 0.000000
vt 0.171975 0.000000
vt 0.649682 0.000000
vt 0.165605 0.000000
vt 0.821656 0.000000
vt 0.656051 0.000000
vt 0.006369 0.000000
vt 0.815287 0.000000
vt 0.159236 0.000000
vt 0.012739 0.000000
vt 0.808917 0.000000
vt 0.662420 0.000000
vt 0.152866 0.000000
vt 0.802548 0.000000
vt 0.019108 0.000000
vt 0.668790 0.000000
vt 0.146497 0.000000
vt 0.796178 0.000000
vt 0.025478 0.000000
vt 0.675159 0.000000
vt 0.140127 0.000000
vt 0.789809 0.000000
vt 0.031847 0.000000
vt 0.681529 0.000000
vt 0.133758 0.000000
vt 0.783440 0.000000
vt 0.038217 0.000000
vt 0.687898 0.000000
vt 0.127389 0.000000
vt 0.777070 0.000000
vt 0.044586 0.000000
vt 0.694268 0.000000
vt 0.121019 0.000000
vt 0.770701 0.000000
vt 0.050955 0.000000
vt 0.700637 0.000000
vt 0.114650 0.000000
vt 0.764331 0.000000
vt 0.057325 0.000000
vt 0.707006 0.000000
vt 0.108280 0.000000
vt 0.757962 0.000000
vt 0.063694 0.000000
vt 0.713376 0.000000
vt 0.101911 0.000000
vt 0.751592 0.000000
vt 0.070064 0.000000
vt 0.719745 0.000000
vt 0.095541 0.000000
vt 0.745223 0.000000
vt 0.076433 0.000000
vt 0.726115 0.000000
vt 0.089172 0.000000
vt 0.738854 0.000000
vt 0.082803 0.000000
vt 0.732484 0.000000
vt 0.468354 0.000000
vt 0.493671 0.000000
vt 0.481013 0.000000
vt 0.506329 0.000000
vt 0.518987 0.000000
vt 0.455696 0.000000
vt 0.531646 0.000000
vt 0.443038 0.000000
vt 0.544304 0.000000
vt 0.430380 0.000000
vt 0.556962 0.000000
vt 0.417722 0.000000
vt 0.569620 0.000000
vt 0.405063 0.000000
vt 0.582278 0.000000
vt 0.392405 0.000000
vt 0.594937 0.000000
vt 0.379747 0.000000
vt 0.607595 0.000000
vt 0.367089 0.000000
vt 0.620253 0.000000
vt 0.354430 0.000000
vt 0.632911 0.000000
vt 0.341772 0.000000
vt 0.329114 0.000000
vt 0.645570 0.000000
vt 0.316456 0.000000
vt 0.658228 0.000000
vt 0.822785 0.000000
vt 0.848101 0.000000
vt 0.835443 0.000000
vt 0.860759 0.000000
vt 0.873418 0.000000
vt 0.810127 0.000000
vt 0.886076 0.000000
vt 0.797468 0.000000
vt 0.898734 0.000000
vt 0.784810 0.000000
vt 0.911392 0.000000
vt 0.772152 0.000000
vt 0.924051 0.000000
vt 0.759494 0.000000
vt 0.936709 0.000000
vt 0.746835 0.000000
vt 0.949367 0.000000
vt 0.734177 0.000000
vt 0.962025 0.000000
vt 0.721519 0.000000
vt 0.974684 0.000000
vt 0.708861 0.000000
vt 0.987342 0.000000
vt 0.696203 0.000000
vt 0.683544 0.000000
vt 0.670886 0.000000
vt 0.303797 0.000000
vt 0.012658 0.000000
vt 0.291139 0.000000
vt 0.025316 0.000000
vt 0.278481 0.000000
vt 0.037975 0.000000
vt 0.265823 0.000000
vt 0.050633 0.000000
vt 0.253165 0.000000
vt 0.063291 0.000000
vt 0.240506 0.000000
vt 0.075949 0.000000
vt 0.227848 0.000000
vt 0.088608 0.000000
vt 0.215190 0.000000
vt 0.101266 0.000000
vt 0.202532 0.000000
vt 0.113924 0.000000
vt 0.189873 0.000000
vt 0.126582 0.000000
vt 0.177215 0.000000
vt 0.139241 0.000000
vt 0.164557 0.000000
vt 0.151899 0.000000
vt 0.000000 1.000000
vt 0.012500 1.000000
vt 0.012500 0.000000
vt 0.025000 1.000000
vt 0.025000 0.000000
vt 0.037500 1.000000
vt 0.037500 0.000000
vt 0.050000 1.000000
vt 0.050000 0.000000
vt 0.062500 1.000000
vt 0.062500 0.000000
vt 0.075000 1.000000
vt 0.075000 0.000000
vt 0.087500 1.000000
vt 0.087500 0.000000
vt 0.100000 1.000000
vt 0.100000 0.000000
vt 0.112500 1.000000
vt 0.112500 0.000000
vt 0.125000 1.000000
vt 0.125000 0.000000
vt 0.137500 1.000000
vt 0.137500 0.000000
vt 0.150000 1.000000
vt 0.150000 0.000000
vt 0.162500 1.000000
vt 0.162500 0.000000
vt 0.175000 1.000000
vt 0.175000 0.000000
vt 0.187500 1.000000
vt 0.187500 0.000000
vt 0.200000 1.000000
vt 0.200000 0.000000
vt 0.212500 1.000000
vt 0.212500 0.000000
vt 0.225000 1.000000
vt 0.225000 0.000000
vt 0.237500 1.000000
vt 0.237500 0.000000
vt 0.250000 1.000000
vt 0.262500 1.000000
vt 0.262500 0.000000
vt 0.275000 1.000000
vt 0.275000 0.000000
vt 0.287500 1.000000
vt 0.287500 0.000000
vt 0.300000 1.000000
vt 0.300000 0.000000
vt 0.312500 1.000000
vt 0.312500 0.000000
vt 0.325000 1.000000
vt 0.325000 0.000000
vt 0.337500 1.000000
vt 0.337500 0.000000
vt 0.350000 1.000000
vt 0.350000 0.000000
vt 0.362500 1.000000
vt 0.362500 0.000000
vt 0.375000 1.000000
vt 0.375000 0.000000
vt 0.387500 1.000000
vt 0.387500 0.000000
vt 0.400000 1.000000
vt 0.400000 0.000000
vt 0.412500 1.000000
vt 0.412500 0.000000
vt 0.425000 1.000000
vt 0.425000 0.000000
vt 0.437500 1.000000
vt 0.437500 0.000000
vt 0.450000 1.000000
vt 0.450000 0.000000
vt 0.462500 1.000000
vt 0.462500 0.000000
vt 0.475000 1.000000
vt 0.475000 0.000000
vt 0.487500 1.000000
vt 0.487500 0.000000
vt 0.500000 1.000000
vt 0.512500 1.000000
vt 0.512500 0.000000
vt 0.525000 1.000000
vt 0.525000 0.000000
vt 0.537500 1.000000
vt 0.537500 0.000000
vt 0.550000 1.000000
vt 0.550000 0.000000
vt 0.562500 1.000000
vt 0.562500 0.000000
vt 0.575000 1.000000
vt 0.575000 0.000000
vt 0.587500 1.000000
vt 0.587500 0.000000
vt 0.600000 1.000000
vt 0.600000 0.000000
vt 0.612500 1.000000
vt 0.612500 0.000000
vt 0.625000 1.000000
vt 0.625000 0.000000
vt 0.637500 1.000000
vt 0.637500 0.000000
vt 0.650000 1.000000
vt 0.650000 0.000000
vt 0.662500 1.000000
vt 0.662500 0.000000
vt 0.675000 1.000000
vt 0.675000 0.000000
vt 0.687500 1.000000
vt 0.687500 0.000000
vt 0.700000 1.000000
vt 0.700000 0.000000
vt 0.712500 1.000000
vt 0.712500 0.000000
vt 0.725000 1.000000
vt 0.725000 0.000000
vt 0.737500 1.000000
vt 0.737500 0.000000
vt 0.750000 1.000000
vt 0.762500 1.000000
vt 0.762500 0.000000
vt 0.775000 1.000000
vt 0.775000 0.000000
vt 0.787500 1.000000
vt 0.787500 0.000000
vt 0.800000 1.000000
vt 0.800000 0.000000
vt 0.812500 1.000000
vt 0.812500 0.000000
vt 0.825000 1.000000
vt 0.825000 0.000000
vt 0.837500 1.000000
vt 0.837500 0.000000
vt 0.850000 1.000000
vt 0.850000 0.000000
vt 0.862500 1.000000
vt 0.862500 0.000000
vt 0.875000 1.000000
vt 0.875000 0.000000
vt 0.887500 1.000000
vt 0.887500 0.000000
vt 0.900000 1.000000
vt 0.900000 0.000000
vt 0.912500 1.000000
vt 0.912500 0.000000
vt 0.925000 1.000000
vt 0.925000 0.000000
vt 0.937500 1.000000
vt 0.937500 0.000000
vt 0.950000 1.000000
vt 0.950000 0.000000
vt 0.962500 1.000000
vt 0.962500 0.000000
vt 0.975000 1.000000
vt 0.975000 0.000000
vt 0.987500 1.000000
vt 0.987500 0.000000
vt 1.000000 1.000000
vt 0.009259 1.000000
vt 0.009259 0.000000
vt 0.018519 1.000000
vt 0.018519 0.000000
vt 0.027778 1.000000
vt 0.027778 0.000000
vt 0.037037 1.000000
vt 0.037037 0.000000
vt 0.046296 1.000000
vt 0.046296 0.000000
vt 0.055556 1.000000
vt 0.055556 0.000000
vt 0.064815 1.000000
vt 0.064815 0.000000
vt 0.074074 1.000000
vt 0.074074 0.000000
vt 0.083333 1.000000
vt 0.092593 1.000000
vt 0.092593 0.000000
vt 0.101852 1.000000
vt 0.101852 0.000000
vt 0.111111 1.000000
vt 0.111111 0.000000
vt 0.120370 1.000000
vt 0.120370 0.000000
vt 0.129630 1.000000
vt 0.129630 0.000000
vt 0.138889 1.000000
vt 0.138889 0.000000
vt 0.148148 1.000000
vt 0.148148 0.000000
vt 0.157407 1.000000
vt 0.157407 0.000000
vt 0.166667 1.000000
vt 0.175926 1.000000
vt 0.175926 0.000000
vt 0.185185 1.000000
vt 0.185185 0.000000
vt 0.194444 1.000000
vt 0.194444 0.000000
vt 0.203704 1.000000
vt 0.203704 0.000000
vt 0.212963 1.000000
vt 0.212963 0.000000
vt 0.222222 1.000000
vt 0.222222 0.000000
vt 0.231481 1.000000
vt 0.231481 0.000000
vt 0.240741 1.000000
vt 0.240741 0.000000
vt 0.259259 1.000000
vt 0.259259 0.000000
vt 0.268519 1.000000
vt 0.268519 0.000000
vt 0.277778 1.000000
vt 0.277778 0.000000
vt 0.287037 1.000000
vt 0.287037 0.000000
vt 0.296296 1.000000
vt 0.296296 0.000000
vt 0.305556 1.000000
vt 0.305556 0.000000
vt 0.314815 1.000000
vt 0.314815 0.000000
vt 0.324074 1.000000
vt 0.324074 0.000000
vt 0.333333 1.000000
vt 0.342593 1.000000
vt 0.342593 0.000000
vt 0.351852 1.000000
vt 0.351852 0.000000
vt 0.361111 1.000000
vt 0.361111 0.000000
vt 0.370370 1.000000
vt 0.370370 0.000000
vt 0.379630 1.000000
vt 0.379630 0.000000
vt 0.388889 1.000000
vt 0.388889 0.000000
vt 0.398148 1.000000
vt 0.398148 0.000000
vt 0.407407 1.000000
vt 0.407407 0.000000
vt 0.416667 1.000000
vt 0.425926 1.000000
vt 0.425926 0.000000
vt 0.435185 1.000000
vt 0.435185 0.000000
vt 0.444444 1.000000
vt 0.444444 0.000000
vt 0.453704 1.000000
vt 0.453704 0.000000
vt 0.462963 1.000000
vt 0.462963 0.000000
vt 0.472222 1.000000
vt 0.472222 0.000000
vt 0.481481 1.000000
vt 0.481481 0.000000
vt 0.490741 1.000000
vt 0.490741 0.000000
vt 0.509259 1.000000
vt 0.509259 0.000000
vt 0.518519 1.000000
vt 0.518519 0.000000
vt 0.527778 1.000000
vt 0.527778 0.000000
vt 0.537037 1.000000
vt 0.537037 0.000000
vt 0.546296 1.000000
vt 0.546296 0.000000
vt 0.555556 1.000000
vt 0.555556 0.000000
vt 0.564815 1.000000
vt 0.564815 0.000000
vt 0.574074 1.000000
vt 0.574074 0.000000
vt 0.583333 1.000000
vt 0.592593 1.000000
vt 0.592593 0.000000
vt 0.601852 1.000000
vt 0.601852 0.000000
vt 0.611111 1.000000
vt 0.611111 0.000000
vt 0.620370 1.000000
vt 0.620370 0.000000
vt 0.629630 1.000000
vt 0.629630 0.000000
vt 0.638889 1.000000
vt 0.638889 0.000000
vt 0.648148 1.000000
vt 0.648148 0.000000
vt 0.657407 1.000000
vt 0.657407 0.000000
vt 0.666667 1.000000
vt 0.675926 1.000000
vt 0.675926 0.000000
vt 0.685185 1.000000
vt 0.685185 0.000000
vt 0.694444 1.000000
vt 0.694444 0.000000
vt 0.703704 1.000000
vt 0.703704 0.000000
vt 0.712963 1.000000
vt 0.712963 0.000000
vt 0.722222 1.000000
vt 0.722222 0.000000
vt 0.731481 1.000000
vt 0.731481 0.000000
vt 0.740741 1.000000
vt 0.740741 0.000000
vt 0.759259 1.000000
vt 0.759259 0.000000
vt 0.768519 1.000000
vt 0.768519 0.000000
vt 0.777778 1.000000
vt 0.777778 0.000000
vt 0.787037 1.000000
vt 0.787037 0.000000
vt 0.796296 1.000000
vt 0.796296 0.000000
vt 0.805556 1.000000
vt 0.805556 0.000000
vt 0.814815 1.000000
vt 0.814815 0.000000
vt 0.824074 1.000000
vt 0.824074 0.000000
vt 0.833333 1.000000
vt 0.842593 1.000000
vt 0.842593 0.000000
vt 0.851852 1.000000
vt 0.851852 0.000000
vt 0.861111 1.000000
vt 0.861111 0.000000
vt 0.870370 1.000000
vt 0.870370 0.000000
vt 0.879630 1.000000
vt 0.879630 0.000000
vt 0.888889 1.000000
vt 0.888889 0.000000
vt 0.898148 1.000000
vt 0.898148 0.000000
vt 0.907407 1.000000
vt 0.907407 0.000000
vt 0.916667 1.000000
vt 0.925926 1.000000
vt 0.925926 0.000000
vt 0.935185 1.000000
vt 0.935185 0.000000
vt 0.944444 1.000000
vt 0.944444 0.000000
vt 0.953704 1.000000
vt 0.953704 0.000000
vt 0.962963 1.000000
vt 0.962963 0.000000
vt 0.972222 1.000000
vt 0.972222 0.000000
vt 0.981481 1.000000
vt 0.981481 0.000000
vt 0.990741 1.000000
vt 0.990741 0.000000
vt 0.007692 1.000000
vt 0.007692 0.000000
vt 0.015385 1.000000
vt 0.015385 0.000000
vt 0.023077 1.000000
vt 0.023077 0.000000
vt 0.030769 1.000000
vt 0.030769 0.000000
vt 0.038462 1.000000
vt 0.038462 0.000000
vt 0.046154 1.000000
vt 0.046154 0.000000
vt 0.053846 1.000000
vt 0.053846 0.000000
vt 0.061538 1.000000
vt 0.061538 0.000000
vt 0.069231 1.000000
vt 0.069231 0.000000
vt 0.076923 1.000000
vt 0.076923 0.000000
vt 0.084615 1.000000
vt 0.084615 0.000000
vt 0.092308 1.000000
vt 0.092308 0.000000
vt 0.107692 1.000000
vt 0.107692 0.000000
vt 0.115385 1.000000
vt 0.115385 0.000000
vt 0.123077 1.000000
vt 0.123077 0.000000
vt 0.130769 1.000000
vt 0.130769 0.000000
vt 0.138462 1.000000
vt 0.138462 0.000000
vt 0.146154 1.000000
vt 0.146154 0.000000
vt 0.153846 1.000000
vt 0.153846 0.000000
vt 0.161538 1.000000
vt 0.161538 0.000000
vt 0.169231 1.000000
vt 0.169231 0.000000
vt 0.176923 1.000000
vt 0.176923 0.000000
vt 0.184615 1.000000
vt 0.184615 0.000000
vt 0.192308 1.000000
vt 0.192308 0.000000
vt 0.207692 1.000000
vt 0.207692 0.000000
vt 0.215385 1.000000
vt 0.215385 0.000000
vt 0.223077 1.000000
vt 0.223077 0.000000
vt 0.230769 1.000000
vt 0.230769 0.000000
vt 0.238462 1.000000
vt 0.238462 0.000000
vt 0.246154 1.000000
vt 0.246154 0.000000
vt 0.253846 1.000000
vt 0.253846 0.000000
vt 0.261538 1.000000
vt 0.261538 0.000000
vt 0.269231 1.000000
vt 0.269231 0.000000
vt 0.276923 1.000000
vt 0.276923 0.000000
vt 0.284615 1.000000
vt 0.284615 0.000000
vt 0.292308 1.000000
vt 0.292308 0.000000
vt 0.307692 1.000000
vt 0.307692 0.000000
vt 0.315385 1.000000
vt 0.315385 0.000000
vt 0.323077 1.000000
vt 0.323077 0.000000
vt 0.330769 1.000000
vt 0.330769 0.000000
vt 0.338462 1.000000
vt 0.338462 0.000000
vt 0.346154 1.000000
vt 0.346154 0.000000
vt 0.353846 1.000000
vt 0.353846 0.000000
vt 0.361538 1.000000
vt 0.361538 0.000000
vt 0.369231 1.000000
vt 0.369231 0.000000
vt 0.376923 1.000000
vt 0.376923 0.000000
vt 0.384615 1.000000
vt 0.384615 0.000000
vt 0.392308 1.000000
vt 0.392308 0.000000
vt 0.407692 1.000000
vt 0.407692 0.000000
vt 0.415385 1.000000
vt 0.415385 0.000000
vt 0.423077 1.000000
vt 0.423077 0.000000
vt 0.430769 1.000000
vt 0.430769 0.000000
vt 0.438462 1.000000
vt 0.438462 0.000000
vt 0.446154 1.000000
vt 0.446154 0.000000
vt 0.453846 1.000000
vt 0.453846 0.000000
vt 0.461538 1.000000
vt 0.461538 0.000000
vt 0.469231 1.000000
vt 0.469231 0.000000
vt 0.476923 1.000000
vt 0.476923 0.000000
vt 0.484615 1.000000
vt 0.484615 0.000000
vt 0.492308 1.000000
vt 0.492308 0.000000
vt 0.507692 1.000000
vt 0.507692 0.000000
vt 0.515385 1.000000
vt 0.515385 0.000000
vt 0.523077 1.000000
vt 0.523077 0.000000
vt 0.530769 1.000000
vt 0.530769 0.000000
vt 0.538462 1.000000
vt 0.538462 0.000000
vt 0.546154 1.000000
vt 0.546154 0.000000
vt 0.553846 1.000000
vt 0.553846 0.000000
vt 0.561538 1.000000
vt 0.561538 0.000000
vt 0.569231 1.000000
vt 0.569231 0.000000
vt 0.576923 1.000000
vt 0.576923 0.000000
vt 0.584615 1.000000
vt 0.584615 0.000000
vt 0.592308 1.000000
vt 0.592308 0.000000
vt 0.607692 1.000000
vt 0.607692 0.000000
vt 0.615385 1.000000
vt 0.615385 0.000000
vt 0.623077 1.000000
vt 0.623077 0.000000
vt 0.630769 1.000000
vt 0.630769 0.000000
vt 0.638462 1.000000
vt 0.638462 0.000000
vt 0.646154 1.000000
vt 0.646154 0.000000
vt 0.653846 1.000000
vt 0.653846 0.000000
vt 0.661538 1.000000
vt 0.661538 0.000000
vt 0.669231 1.000000
vt 0.669231 0.000000
vt 0.676923 1.000000
vt 0.676923 0.000000
vt 0.684615 1.000000
vt 0.684615 0.000000
vt 0.692308 1.000000
vt 0.692308 0.000000
vt 0.707692 1.000000
vt 0.707692 0.000000
vt 0.715385 1.000000
vt 0.715385 0.000000
vt 0.723077 1.000000
vt 0.723077 0.000000
vt 0.730769 1.000000
vt 0.730769 0.000000
vt 0.738462 1.000000
vt 0.738462 0.000000
vt 0.746154 1.000000
vt 0.746154 0.000000
vt 0.753846 1.000000
vt 0.753846 0.000000
vt 0.761538 1.000000
vt 0.761538 0.000000
vt 0.769231 1.000000
vt 0.769231 0.000000
vt 0.776923 1.000000
vt 0.776923 0.000000
vt 0.784615 1.000000
vt 0.784615 0.000000
vt 0.792308 1.000000
vt 0.792308 0.000000
vt 0.807692 1.000000
vt 0.807692 0.000000
vt 0.815385 1.000000
vt 0.815385 0.000000
vt 0.823077 1.000000
vt 0.823077 0.000000
vt 0.830769 1.000000
vt 0.830769 0.000000
vt 0.838462 1.000000
vt 0.838462 0.000000
vt 0.846154 1.000000
vt 0.846154 0.000000
vt 0.853846 1.000000
vt 0.853846 0.000000
vt 0.861538 1.000000
vt 0.861538 0.000000
vt 0.869231 1.000000
vt 0.869231 0.000000
vt 0.876923 1.000000
vt 0.876923 0.000000
vt 0.884615 1.000000
vt 0.884615 0.000000
vt 0.892308 1.000000
vt 0.892308 0.000000
vt 0.907692 1.000000
vt 0.907692 0.000000
vt 0.915385 1.000000
vt 0.915385 0.000000
vt 0.923077 1.000000
vt 0.923077 0.000000
vt 0.930769 1.000000
vt 0.930769 0.000000
vt 0.938462 1.000000
vt 0.938462 0.000000
vt 0.946154 1.000000
vt 0.946154 0.000000
vt 0.953846 1.000000
vt 0.953846 0.000000
vt 0.961538 1.000000
vt 0.961538 0.000000
vt 0.969231 1.000000
vt 0.969231 0.000000
vt 0.976923 1.000000
vt 0.976923 0.000000
vt 0.984615 1.000000
vt 0.984615 0.000000
vt 0.992308 1.000000
vt 0.992308 0.000000
vt 0.035714 1.000000
vt 0.035714 0.000000
vt 0.071429 1.000000
vt 0.071429 0.000000
vt 0.107143 1.000000
vt 0.107143 0.000000
vt 0.142857 1.000000
vt 0.142857 0.000000
vt 0.178571 1.000000
vt 0.178571 0.000000
vt 0.214286 1.000000
vt 0.214286 0.000000
vt 0.285714 1.000000
vt 0.285714 0.000000
vt 0.321429 1.000000
vt 0.321429 0.000000
vt 0.357143 1.000000
vt 0.357143 0.000000
vt 0.392857 1.000000
vt 0.392857 0.000000
vt 0.428571 1.000000
vt 0.428571 0.000000
vt 0.464286 1.000000
vt 0.464286 0.000000
vt 0.535714 1.000000
vt 0.535714 0.000000
vt 0.571429 1.000000
vt 0.571429 0.000000
vt 0.607143 1.000000
vt 0.607143 0.000000
vt 0.642857 1.000000
vt 0.642857 0.000000
vt 0.678571 1.000000
vt 0.678571 0.000000
vt 0.714286 1.000000
vt 0.714286 0.000000
vt 0.785714 1.000000
vt 0.785714 0.000000
vt 0.821429 1.000000
vt 0.821429 0.000000
vt 0.857143 1.000000
vt 0.857143 0.000000
vt 0.892857 1.000000
vt 0.892857 0.000000
vt 0.928571 1.000000
vt 0.928571 0.000000
vt 0.964286 1.000000
vt 0.964286 0.000000
vt 0.005650 1.000000
vt 0.005650 0.000000
vt 0.011299 1.000000
vt 0.011299 0.000000
vt 0.016949 1.000000
vt 0.016949 0.000000
vt 0.022599 1.000000
vt 0.022599 0.000000
vt 0.028249 1.000000
vt 0.028249 0.000000
vt 0.033898 1.000000
vt 0.033898 0.000000
vt 0.039548 1.000000
vt 0.039548 0.000000
vt 0.045198 1.000000
vt 0.045198 0.000000
vt 0.050847 1.000000
vt 0.050847 0.000000
vt 0.056497 1.000000
vt 0.056497 0.000000
vt 0.062147 1.000000
vt 0.062147 0.000000
vt 0.067797 1.000000
vt 0.067797 0.000000
vt 0.073446 1.000000
vt 0.073446 0.000000
vt 0.079096 1.000000
vt 0.079096 0.000000
vt 0.084746 1.000000
vt 0.084746 0.000000
vt 0.090395 1.000000
vt 0.090395 0.000000
vt 0.096045 1.000000
vt 0.096045 0.000000
vt 0.101695 1.000000
vt 0.101695 0.000000
vt 0.107345 1.000000
vt 0.107345 0.000000
vt 0.112994 1.000000
vt 0.112994 0.000000
vt 0.118644 1.000000
vt 0.118644 0.000000
vt 0.124294 1.000000
vt 0.124294 0.000000
vt 0.129944 1.000000
vt 0.129944 0.000000
vt 0.135593 1.000000
vt 0.135593 0.000000
vt 0.141243 1.000000
vt 0.141243 0.000000
vt 0.146893 1.000000
vt 0.146893 0.000000
vt 0.152542 1.000000
vt 0.152542 0.000000
vt 0.158192 1.000000
vt 0.158192 0.000000
vt 0.163842 1.000000
vt 0.163842 0.000000
vt 0.169492 1.000000
vt 0.169492 0.000000
vt 0.175141 1.000000
vt 0.175141 0.000000
vt 0.180791 1.000000
vt 0.180791 0.000000
vt 0.186441 1.000000
vt 0.186441 0.000000
vt 0.192090 1.000000
vt 0.192090 0.000000
vt 0.197740 1.000000
vt 0.197740 0.000000
vt 0.203390 1.000000
vt 0.203390 0.000000
vt 0.209040 1.000000
vt 0.209040 0.000000
vt 0.214689 1.000000
vt 0.214689 0.000000
vt 0.220339 1.000000
vt 0.220339 0.000000
vt 0.225989 1.000000
vt 0.225989 0.000000
vt 0.231638 1.000000
vt 0.231638 0.000000
vt 0.237288 1.000000
vt 0.237288 0.000000
vt 0.242938 1.000000
vt 0.242938 0.000000
vt 0.248588 1.000000
vt 0.248588 0.000000
vt 0.254237 1.000000
vt 0.254237 0.000000
vt 0.259887 1.000000
vt 0.259887 0.000000
vt 0.265537 1.000000
vt 0.265537 0.000000
vt 0.271186 1.000000
vt 0.271186 0.000000
vt 0.276836 1.000000
vt 0.276836 0.000000
vt 0.282486 1.000000
vt 0.282486 0.000000
vt 0.288136 1.000000
vt 0.288136 0.000000
vt 0.293785 1.000000
vt 0.293785 0.000000
vt 0.299435 1.000000
vt 0.299435 0.000000
vt 0.305085 1.000000
vt 0.305085 0.000000
vt 0.310734 1.000000
vt 0.310734 0.000000
vt 0.316384 1.000000
vt 0.316384 0.000000
vt 0.322034 1.000000
vt 0.322034 0.000000
vt 0.327684 1.000000
vt 0.327684 0.000000
vt 0.338983 1.000000
vt 0.338983 0.000000
vt 0.344633 1.000000
vt 0.344633 0.000000
vt 0.350282 1.000000
vt 0.350282 0.000000
vt 0.355932 1.000000
vt 0.355932 0.000000
vt 0.361582 1.000000
vt 0.361582 0.000000
vt 0.367232 1.000000
vt 0.367232 0.000000
vt 0.372881 1.000000
vt 0.372881 0.000000
vt 0.378531 1.000000
vt 0.378531 0.000000
vt 0.384181 1.000000
vt 0.384181 0.000000
vt 0.389830 1.000000
vt 0.389830 0.000000
vt 0.395480 1.000000
vt 0.395480 0.000000
vt 0.401130 1.000000
vt 0.401130 0.000000
vt 0.406780 1.000000
vt 0.406780 0.000000
vt 0.412429 1.000000
vt 0.412429 0.000000
vt 0.418079 1.000000
vt 0.418079 0.000000
vt 0.423729 1.000000
vt 0.423729 0.000000
vt 0.429379 1.000000
vt 0.429379 0.000000
vt 0.435028 1.000000
vt 0.435028 0.000000
vt 0.440678 1.000000
vt 0.440678 0.000000
vt 0.446328 1.000000
vt 0.446328 0.000000
vt 0.451977 1.000000
vt 0.451977 0.000000
vt 0.457627 1.000000
vt 0.457627 0.000000
vt 0.463277 1.000000
vt 0.463277 0.000000
vt 0.468927 1.000000
vt 0.468927 0.000000
vt 0.474576 1.000000
vt 0.474576 0.000000
vt 0.480226 1.000000
vt 0.480226 0.000000
vt 0.485876 1.000000
vt 0.485876 0.000000
vt 0.491525 1.000000
vt 0.491525 0.000000
vt 0.497175 1.000000
vt 0.497175 0.000000
vt 0.502825 1.000000
vt 0.502825 0.000000
vt 0.508475 1.000000
vt 0.508475 0.000000
vt 0.514124 1.000000
vt 0.514124 0.000000
vt 0.519774 1.000000
vt 0.519774 0.000000
vt 0.525424 1.000000
vt 0.525424 0.000000
vt 0.531073 1.000000
vt 0.531073 0.000000
vt 0.536723 1.000000
vt 0.536723 0.000000
vt 0.542373 1.000000
vt 0.542373 0.000000
vt 0.548023 1.000000
vt 0.548023 0.000000
vt 0.553672 1.000000
vt 0.553672 0.000000
vt 0.559322 1.000000
vt 0.559322 0.000000
vt 0.564972 1.000000
vt 0.564972 0.000000
vt 0.570621 1.000000
vt 0.570621 0.000000
vt 0.576271 1.000000
vt 0.576271 0.000000
vt 0.581921 1.000000
vt 0.581921 0.000000
vt 0.587571 1.000000
vt 0.587571 0.000000
vt 0.593220 1.000000
vt 0.593220 0.000000
vt 0.598870 1.000000
vt 0.598870 0.000000
vt 0.604520 1.000000
vt 0.604520 0.000000
vt 0.610169 1.000000
vt 0.610169 0.000000
vt 0.615819 1.000000
vt 0.615819 0.000000
vt 0.621469 1.000000
vt 0.621469 0.000000
vt 0.627119 1.000000
vt 0.627119 0.000000
vt 0.632768 1.000000
vt 0.632768 0.000000
vt 0.638418 1.000000
vt 0.638418 0.000000
vt 0.644068 1.000000
vt 0.644068 0.000000
vt 0.649718 1.000000
vt 0.649718 0.000000
vt 0.655367 1.000000
vt 0.655367 0.000000
vt 0.661017 1.000000
vt 0.661017 0.000000
vt 0.672316 1.000000
vt 0.672316 0.000000
vt 0.677966 1.000000
vt 0.677966 0.000000
vt 0.683616 1.000000
vt 0.683616 0.000000
vt 0.689266 1.000000
vt 0.689266 0.000000
vt 0.694915 1.000000
vt 0.694915 0.000000
vt 0.700565 1.000000
vt 0.700565 0.000000
vt 0.706215 1.000000
vt 0.706215 0.000000
vt 0.711864 1.000000
vt 0.711864 0.000000
vt 0.717514 1.000000
vt 0.717514 0.000000
vt 0.723164 1.000000
vt 0.723164 0.000000
vt 0.728814 1.000000
vt 0.728814 0.000000
vt 0.734463 1.000000
vt 0.734463 0.000000
vt 0.740113 1.000000
vt 0.740113 0.000000
vt 0.745763 1.000000
vt 0.745763 0.000000
vt 0.751412 1.000000
vt 0.751412 0.000000
vt 0.757062 1.000000
vt 0.757062 0.000000
vt 0.762712 1.000000
vt 0.762712 0.000000
vt 0.768362 1.000000
vt 0.768362 0.000000
vt 0.774011 1.000000
vt 0.774011 0.000000
vt 0.779661 1.000000
vt 0.779661 0.000000
vt 0.785311 1.000000
vt 0.785311 0.000000
vt 0.790960 1.000000
vt 0.790960 0.000000
vt 0.796610 1.000000
vt 0.796610 0.000000
vt 0.802260 1.000000
vt 0.802260 0.000000
vt 0.807910 1.000000
vt 0.807910 0.000000
vt 0.813559 1.000000
vt 0.813559 0.000000
vt 0.819209 1.000000
vt 0.819209 0.000000
vt 0.824859 1.000000
vt 0.824859 0.000000
vt 0.830508 1.000000
vt 0.830508 0.000000
vt 0.836158 1.000000
vt 0.836158 0.000000
vt 0.841808 1.000000
vt 0.841808 0.000000
vt 0.847458 1.000000
vt 0.847458 0.000000
vt 0.853107 1.000000
vt 0.853107 0.000000
vt 0.858757 1.000000
vt 0.858757 0.000000
vt 0.864407 1.000000
vt 0.864407 0.000000
vt 0.870057 1.000000
vt 0.870057 0.000000
vt 0.875706 1.000000
vt 0.875706 0.000000
vt 0.881356 1.000000
vt 0.881356 0.000000
vt 0.887006 1.000000
vt 0.887006 0.000000
vt 0.892655 1.000000
vt 0.892655 0.000000
vt 0.898305 1.000000
vt 0.898305 0.000000
vt 0.903955 1.000000
vt 0.903955 0.000000
vt 0.909605 1.000000
vt 0.909605 0.000000
vt 0.915254 1.000000
vt 0.915254 0.000000
vt 0.920904 1.000000
vt 0.920904 0.000000
vt 0.926554 1.000000
vt 0.926554 0.000000
vt 0.932203 1.000000
vt 0.932203 0.000000
vt 0.937853 1.000000
vt 0.937853 0.000000
vt 0.943503 1.000000
vt 0.943503 0.000000
vt 0.949153 1.000000
vt 0.949153 0.000000
vt 0.954802 1.000000
vt 0.954802 0.000000
vt 0.960452 1.000000
vt 0.960452 0.000000
vt 0.966102 1.000000
vt 0.966102 0.000000
vt 0.971751 1.000000
vt 0.971751 0.000000
vt 0.977401 1.000000
vt 0.977401 0.000000
vt 0.983051 1.000000
vt 0.983051 0.000000
vt 0.988701 1.000000
vt 0.988701 0.000000
vt 0.994350 1.000000
vt 0.994350 0.000000
vt 0.019231 1.000000
vt 0.019231 0.000000
vt 0.057692 1.000000
vt 0.057692 0.000000
vt 0.096154 1.000000
vt 0.096154 0.000000
vt 0.134615 1.000000
vt 0.134615 0.000000
vt 0.173077 1.000000
vt 0.173077 0.000000
vt 0.211538 1.000000
vt 0.211538 0.000000
vt 0.288462 1.000000
vt 0.288462 0.000000
vt 0.326923 1.000000
vt 0.326923 0.000000
vt 0.365385 1.000000
vt 0.365385 0.000000
vt 0.403846 1.000000
vt 0.403846 0.000000
vt 0.442308 1.000000
vt 0.442308 0.000000
vt 0.480769 1.000000
vt 0.480769 0.000000
vt 0.519231 1.000000
vt 0.519231 0.000000
vt 0.557692 1.000000
vt 0.557692 0.000000
vt 0.596154 1.000000
vt 0.596154 0.000000
vt 0.634615 1.000000
vt 0.634615 0.000000
vt 0.673077 1.000000
vt 0.673077 0.000000
vt 0.711538 1.000000
vt 0.711538 0.000000
vt 0.788462 1.000000
vt 0.788462 0.000000
vt 0.826923 1.000000
vt 0.826923 0.000000
vt 0.865385 1.000000
vt 0.865385 0.000000
vt 0.903846 1.000000
vt 0.903846 0.000000
vt 0.942308 1.000000
vt 0.942308 0.000000
vt 0.980769 1.000000
vt 0.980769 0.000000
vt 0.009346 1.000000
vt 0.018692 1.000000
vt 0.028037 1.000000
vt 0.037383 1.000000
vt 0.046729 1.000000
vt 0.056075 1.000000
vt 0.065421 1.000000
vt 0.074766 1.000000
vt 0.084112 1.000000
vt 0.093458 1.000000
vt 0.102804 1.000000
vt 0.112150 1.000000
vt 0.121495 1.000000
vt 0.130841 1.000000
vt 0.140187 1.000000
vt 0.149533 1.000000
vt 0.158879 1.000000
vt 0.168224 1.000000
vt 0.177570 1.000000
vt 0.186916 1.000000
vt 0.196262 1.000000
vt 0.205607 1.000000
vt 0.214953 1.000000
vt 0.224299 1.000000
vt 0.233645 1.000000
vt 0.242991 1.000000
vt 0.252336 1.000000
vt 0.261682 1.000000
vt 0.271028 1.000000
vt 0.280374 1.000000
vt 0.289720 1.000000
vt 0.299065 1.000000
vt 0.308411 1.000000
vt 0.317757 1.000000
vt 0.327103 1.000000
vt 0.336449 1.000000
vt 0.345794 1.000000
vt 0.355140 1.000000
vt 0.364486 1.000000
vt 0.373832 1.000000
vt 0.383178 1.000000
vt 0.392523 1.000000
vt 0.401869 1.000000
vt 0.411215 1.000000
vt 0.420561 1.000000
vt 0.429907 1.000000
vt 0.439252 1.000000
vt 0.448598 1.000000
vt 0.457944 1.000000
vt 0.467290 1.000000
vt 0.476636 1.000000
vt 0.485981 1.000000
vt 0.495327 1.000000
vt 0.504673 1.000000
vt 0.514019 1.000000
vt 0.523364 1.000000
vt 0.532710 1.000000
vt 0.542056 1.000000
vt 0.551402 1.000000
vt 0.560748 1.000000
vt 0.570093 1.000000
vt 0.579439 1.000000
vt 0.588785 1.000000
vt 0.598131 1.000000
vt 0.607477 1.000000
vt 0.616822 1.000000
vt 0.626168 1.000000
vt 0.635514 1.000000
vt 0.644860 1.000000
vt 0.654206 1.000000
vt 0.663551 1.000000
vt 0.672897 1.000000
vt 0.682243 1.000000
vt 0.691589 1.000000
vt 0.700935 1.000000
vt 0.710280 1.000000
vt 0.719626 1.000000
vt 0.728972 1.000000
vt 0.738318 1.000000
vt 0.747664 1.000000
vt 0.757009 1.000000
vt 0.766355 1.000000
vt 0.775701 1.000000
vt 0.785047 1.000000
vt 0.794393 1.000000
vt 0.803738 1.000000
vt 0.813084 1.000000
vt 0.822430 1.000000
vt 0.831776 1.000000
vt 0.841121 1.000000
vt 0.850467 1.000000
vt 0.859813 1.000000
vt 0.869159 1.000000
vt 0.878505 1.000000
vt 0.887850 1.000000
vt 0.897196 1.000000
vt 0.906542 1.000000
vt 0.915888 1.000000
vt 0.925234 1.000000
vt 0.934579 1.000000
vt 0.943925 1.000000
vt 0.953271 1.000000
vt 0.962617 1.000000
vt 0.971963 1.000000
vt 0.981308 1.000000
vt 0.990654 1.000000
vt 0.005495 1.000000
vt 0.005495 0.000000
vt 0.010989 1.000000
vt 0.010989 0.000000
vt 0.016484 1.000000
vt 0.016484 0.000000
vt 0.021978 1.000000
vt 0.021978 0.000000
vt 0.027473 1.000000
vt 0.027473 0.000000
vt 0.032967 1.000000
vt 0.032967 0.000000
vt 0.043956 1.000000
vt 0.043956 0.000000
vt 0.049451 1.000000
vt 0.049451 0.000000
vt 0.054945 1.000000
vt 0.054945 0.000000
vt 0.060440 1.000000
vt 0.060440 0.000000
vt 0.065934 1.000000
vt 0.065934 0.000000
vt 0.082418 1.000000
vt 0.082418 0.000000
vt 0.087912 1.000000
vt 0.087912 0.000000
vt 0.093407 1.000000
vt 0.093407 0.000000
vt 0.098901 1.000000
vt 0.098901 0.000000
vt 0.104396 1.000000
vt 0.104396 0.000000
vt 0.109890 1.000000
vt 0.109890 0.000000
vt 0.120879 1.000000
vt 0.120879 0.000000
vt 0.126374 1.000000
vt 0.126374 0.000000
vt 0.131868 1.000000
vt 0.131868 0.000000
vt 0.137363 1.000000
vt 0.137363 0.000000
vt 0.148352 1.000000
vt 0.148352 0.000000
vt 0.159341 1.000000
vt 0.159341 0.000000
vt 0.164835 1.000000
vt 0.164835 0.000000
vt 0.170330 1.000000
vt 0.170330 0.000000
vt 0.175824 1.000000
vt 0.175824 0.000000
vt 0.181319 1.000000
vt 0.181319 0.000000
vt 0.186813 1.000000
vt 0.186813 0.000000
vt 0.197802 1.000000
vt 0.197802 0.000000
vt 0.203297 1.000000
vt 0.203297 0.000000
vt 0.208791 1.000000
vt 0.208791 0.000000
vt 0.219780 1.000000
vt 0.219780 0.000000
vt 0.225275 1.000000
vt 0.225275 0.000000
vt 0.236264 1.000000
vt 0.236264 0.000000
vt 0.241758 1.000000
vt 0.241758 0.000000
vt 0.247253 1.000000
vt 0.247253 0.000000
vt 0.252747 1.000000
vt 0.252747 0.000000
vt 0.258242 1.000000
vt 0.258242 0.000000
vt 0.263736 1.000000
vt 0.263736 0.000000
vt 0.274725 1.000000
vt 0.274725 0.000000
vt 0.280220 1.000000
vt 0.280220 0.000000
vt 0.291209 1.000000
vt 0.291209 0.000000
vt 0.296703 1.000000
vt 0.296703 0.000000
vt 0.302198 1.000000
vt 0.302198 0.000000
vt 0.313187 1.000000
vt 0.313187 0.000000
vt 0.318681 1.000000
vt 0.318681 0.000000
vt 0.324176 1.000000
vt 0.324176 0.000000
vt 0.329670 1.000000
vt 0.329670 0.000000
vt 0.335165 1.000000
vt 0.335165 0.000000
vt 0.340659 1.000000
vt 0.340659 0.000000
vt 0.351648 1.000000
vt 0.351648 0.000000
vt 0.362637 1.000000
vt 0.362637 0.000000
vt 0.368132 1.000000
vt 0.368132 0.000000
vt 0.373626 1.000000
vt 0.373626 0.000000
vt 0.379121 1.000000
vt 0.379121 0.000000
vt 0.390110 1.000000
vt 0.390110 0.000000
vt 0.395604 1.000000
vt 0.395604 0.000000
vt 0.401099 1.000000
vt 0.401099 0.000000
vt 0.406593 1.000000
vt 0.406593 0.000000
vt 0.412088 1.000000
vt 0.412088 0.000000
vt 0.417582 1.000000
vt 0.417582 0.000000
vt 0.434066 1.000000
vt 0.434066 0.000000
vt 0.439560 1.000000
vt 0.439560 0.000000
vt 0.445055 1.000000
vt 0.445055 0.000000
vt 0.450549 1.000000
vt 0.450549 0.000000
vt 0.456044 1.000000
vt 0.456044 0.000000
vt 0.467033 1.000000
vt 0.467033 0.000000
vt 0.472527 1.000000
vt 0.472527 0.000000
vt 0.478022 1.000000
vt 0.478022 0.000000
vt 0.483516 1.000000
vt 0.483516 0.000000
vt 0.489011 1.000000
vt 0.489011 0.000000
vt 0.494505 1.000000
vt 0.494505 0.000000
vt 0.505495 1.000000
vt 0.505495 0.000000
vt 0.510989 1.000000
vt 0.510989 0.000000
vt 0.516484 1.000000
vt 0.516484 0.000000
vt 0.521978 1.000000
vt 0.521978 0.000000
vt 0.527473 1.000000
vt 0.527473 0.000000
vt 0.532967 1.000000
vt 0.532967 0.000000
vt 0.543956 1.000000
vt 0.543956 0.000000
vt 0.549451 1.000000
vt 0.549451 0.000000
vt 0.554945 1.000000
vt 0.554945 0.000000
vt 0.560440 1.000000
vt 0.560440 0.000000
vt 0.565934 1.000000
vt 0.565934 0.000000
vt 0.582418 1.000000
vt 0.582418 0.000000
vt 0.587912 1.000000
vt 0.587912 0.000000
vt 0.593407 1.000000
vt 0.593407 0.000000
vt 0.598901 1.000000
vt 0.598901 0.000000
vt 0.604396 1.000000
vt 0.604396 0.000000
vt 0.609890 1.000000
vt 0.609890 0.000000
vt 0.620879 1.000000
vt 0.620879 0.000000
vt 0.626374 1.000000
vt 0.626374 0.000000
vt 0.631868 1.000000
vt 0.631868 0.000000
vt 0.637363 1.000000
vt 0.637363 0.000000
vt 0.648352 1.000000
vt 0.648352 0.000000
vt 0.659341 1.000000
vt 0.659341 0.000000
vt 0.664835 1.000000
vt 0.664835 0.000000
vt 0.670330 1.000000
vt 0.670330 0.000000
vt 0.675824 1.000000
vt 0.675824 0.000000
vt 0.681319 1.000000
vt 0.681319 0.000000
vt 0.686813 1.000000
vt 0.686813 0.000000
vt 0.697802 1.000000
vt 0.697802 0.000000
vt 0.703297 1.000000
vt 0.703297 0.000000
vt 0.708791 1.000000
vt 0.708791 0.000000
vt 0.719780 1.000000
vt 0.719780 0.000000
vt 0.725275 1.000000
vt 0.725275 0.000000
vt 0.736264 1.000000
vt 0.736264 0.000000
vt 0.741758 1.000000
vt 0.741758 0.000000
vt 0.747253 1.000000
vt 0.747253 0.000000
vt 0.752747 1.000000
vt 0.752747 0.000000
vt 0.758242 1.000000
vt 0.758242 0.000000
vt 0.763736 1.000000
vt 0.763736 0.000000
vt 0.774725 1.000000
vt 0.774725 0.000000
vt 0.780220 1.000000
vt 0.780220 0.000000
vt 0.791209 1.000000
vt 0.791209 0.000000
vt 0.796703 1.000000
vt 0.796703 0.000000
vt 0.802198 1.000000
vt 0.802198 0.000000
vt 0.813187 1.000000
vt 0.813187 0.000000
vt 0.818681 1.000000
vt 0.818681 0.000000
vt 0.824176 1.000000
vt 0.824176 0.000000
vt 0.829670 1.000000
vt 0.829670 0.000000
vt 0.835165 1.000000
vt 0.835165 0.000000
vt 0.840659 1.000000
vt 0.840659 0.000000
vt 0.851648 1.000000
vt 0.851648 0.000000
vt 0.862637 1.000000
vt 0.862637 0.000000
vt 0.868132 1.000000
vt 0.868132 0.000000
vt 0.873626 1.000000
vt 0.873626 0.000000
vt 0.879121 1.000000
vt 0.879121 0.000000
vt 0.890110 1.000000
vt 0.890110 0.000000
vt 0.895604 1.000000
vt 0.895604 0.000000
vt 0.901099 1.000000
vt 0.901099 0.000000
vt 0.906593 1.000000
vt 0.906593 0.000000
vt 0.912088 1.000000
vt 0.912088 0.000000
vt 0.917582 1.000000
vt 0.917582 0.000000
vt 0.934066 1.000000
vt 0.934066 0.000000
vt 0.939560 1.000000
vt 0.939560 0.000000
vt 0.945055 1.000000
vt 0.945055 0.000000
vt 0.950549 1.000000
vt 0.950549 0.000000
vt 0.956044 1.000000
vt 0.956044 0.000000
vt 0.967033 1.000000
vt 0.967033 0.000000
vt 0.972527 1.000000
vt 0.972527 0.000000
vt 0.978022 1.000000
vt 0.978022 0.000000
vt 0.983516 1.000000
vt 0.983516 0.000000
vt 0.989011 1.000000
vt 0.989011 0.000000
vt 0.994505 1.000000
vt 0.994505 0.000000
vt 0.005155 1.000000
vt 0.005155 0.000000
vt 0.010309 1.000000
vt 0.015464 1.000000
vt 0.015464 0.000000
vt 0.020619 1.000000
vt 0.025773 1.000000
vt 0.025773 0.000000
vt 0.030928 1.000000
vt 0.036082 1.000000
vt 0.036082 0.000000
vt 0.041237 1.000000
vt 0.046392 1.000000
vt 0.046392 0.000000
vt 0.051546 1.000000
vt 0.056701 1.000000
vt 0.056701 0.000000
vt 0.061856 1.000000
vt 0.067010 1.000000
vt 0.067010 0.000000
vt 0.072165 1.000000
vt 0.077320 1.000000
vt 0.077320 0.000000
vt 0.082474 1.000000
vt 0.087629 1.000000
vt 0.087629 0.000000
vt 0.092784 1.000000
vt 0.097938 1.000000
vt 0.097938 0.000000
vt 0.103093 1.000000
vt 0.108247 1.000000
vt 0.108247 0.000000
vt 0.113402 1.000000
vt 0.118557 1.000000
vt 0.118557 0.000000
vt 0.123711 1.000000
vt 0.128866 1.000000
vt 0.128866 0.000000
vt 0.134021 1.000000
vt 0.139175 1.000000
vt 0.139175 0.000000
vt 0.144330 1.000000
vt 0.149485 1.000000
vt 0.149485 0.000000
vt 0.154639 1.000000
vt 0.159794 1.000000
vt 0.159794 0.000000
vt 0.164948 1.000000
vt 0.170103 1.000000
vt 0.170103 0.000000
vt 0.175258 1.000000
vt 0.180412 1.000000
vt 0.180412 0.000000
vt 0.185567 1.000000
vt 0.190722 1.000000
vt 0.190722 0.000000
vt 0.195876 1.000000
vt 0.201031 1.000000
vt 0.201031 0.000000
vt 0.206186 1.000000
vt 0.211340 1.000000
vt 0.211340 0.000000
vt 0.216495 1.000000
vt 0.221649 1.000000
vt 0.221649 0.000000
vt 0.226804 1.000000
vt 0.231959 1.000000
vt 0.231959 0.000000
vt 0.237113 1.000000
vt 0.242268 1.000000
vt 0.242268 0.000000
vt 0.247423 1.000000
vt 0.252577 1.000000
vt 0.252577 0.000000
vt 0.257732 1.000000
vt 0.262887 1.000000
vt 0.262887 0.000000
vt 0.268041 1.000000
vt 0.273196 1.000000
vt 0.273196 0.000000
vt 0.278351 1.000000
vt 0.283505 1.000000
vt 0.283505 0.000000
vt 0.288660 1.000000
vt 0.293814 1.000000
vt 0.293814 0.000000
vt 0.298969 1.000000
vt 0.304124 1.000000
vt 0.304124 0.000000
vt 0.309278 1.000000
vt 0.314433 1.000000
vt 0.314433 0.000000
vt 0.319588 1.000000
vt 0.324742 1.000000
vt 0.324742 0.000000
vt 0.329897 1.000000
vt 0.335052 1.000000
vt 0.335052 0.000000
vt 0.340206 1.000000
vt 0.345361 1.000000
vt 0.345361 0.000000
vt 0.350515 1.000000
vt 0.355670 1.000000
vt 0.355670 0.000000
vt 0.360825 1.000000
vt 0.365979 1.000000
vt 0.365979 0.000000
vt 0.371134 1.000000
vt 0.376289 1.000000
vt 0.376289 0.000000
vt 0.381443 1.000000
vt 0.386598 1.000000
vt 0.386598 0.000000
vt 0.391753 1.000000
vt 0.396907 1.000000
vt 0.396907 0.000000
vt 0.402062 1.000000
vt 0.407216 1.000000
vt 0.407216 0.000000
vt 0.412371 1.000000
vt 0.417526 1.000000
vt 0.417526 0.000000
vt 0.422680 1.000000
vt 0.427835 1.000000
vt 0.427835 0.000000
vt 0.432990 1.000000
vt 0.438144 1.000000
vt 0.438144 0.000000
vt 0.443299 1.000000
vt 0.448454 1.000000
vt 0.448454 0.000000
vt 0.453608 1.000000
vt 0.458763 1.000000
vt 0.458763 0.000000
vt 0.463918 1.000000
vt 0.469072 1.000000
vt 0.469072 0.000000
vt 0.474227 1.000000
vt 0.479381 1.000000
vt 0.479381 0.000000
vt 0.484536 1.000000
vt 0.489691 1.000000
vt 0.489691 0.000000
vt 0.494845 1.000000
vt 0.505155 1.000000
vt 0.510309 1.000000
vt 0.510309 0.000000
vt 0.515464 1.000000
vt 0.520619 1.000000
vt 0.520619 0.000000
vt 0.525773 1.000000
vt 0.530928 1.000000
vt 0.530928 0.000000
vt 0.536082 1.000000
vt 0.541237 1.000000
vt 0.541237 0.000000
vt 0.546392 1.000000
vt 0.551546 1.000000
vt 0.551546 0.000000
vt 0.556701 1.000000
vt 0.561856 1.000000
vt 0.561856 0.000000
vt 0.567010 1.000000
vt 0.572165 1.000000
vt 0.572165 0.000000
vt 0.577320 1.000000
vt 0.582474 1.000000
vt 0.582474 0.000000
vt 0.587629 1.000000
vt 0.592784 1.000000
vt 0.592784 0.000000
vt 0.597938 1.000000
vt 0.603093 1.000000
vt 0.603093 0.000000
vt 0.608247 1.000000
vt 0.613402 1.000000
vt 0.613402 0.000000
vt 0.618557 1.000000
vt 0.623711 1.000000
vt 0.623711 0.000000
vt 0.628866 1.000000
vt 0.634021 1.000000
vt 0.634021 0.000000
vt 0.639175 1.000000
vt 0.644330 1.000000
vt 0.644330 0.000000
vt 0.649485 1.000000
vt 0.654639 1.000000
vt 0.654639 0.000000
vt 0.659794 1.000000
vt 0.664948 1.000000
vt 0.664948 0.000000
vt 0.670103 1.000000
vt 0.675258 1.000000
vt 0.675258 0.000000
vt 0.680412 1.000000
vt 0.685567 1.000000
vt 0.685567 0.000000
vt 0.690722 1.000000
vt 0.695876 1.000000
vt 0.695876 0.000000
vt 0.701031 1.000000
vt 0.706186 1.000000
vt 0.706186 0.000000
vt 0.711340 1.000000
vt 0.716495 1.000000
vt 0.716495 0.000000
vt 0.721649 1.000000
vt 0.726804 1.000000
vt 0.726804 0.000000
vt 0.731959 1.000000
vt 0.737113 1.000000
vt 0.737113 0.000000
vt 0.742268 1.000000
vt 0.747423 1.000000
vt 0.747423 0.000000
vt 0.752577 1.000000
vt 0.757732 1.000000
vt 0.757732 0.000000
vt 0.762887 1.000000
vt 0.768041 1.000000
vt 0.768041 0.000000
vt 0.773196 1.000000
vt 0.778351 1.000000
vt 0.778351 0.000000
vt 0.783505 1.000000
vt 0.788660 1.000000
vt 0.788660 0.000000
vt 0.793814 1.000000
vt 0.798969 1.000000
vt 0.798969 0.000000
vt 0.804124 1.000000
vt 0.809278 1.000000
vt 0.809278 0.000000
vt 0.814433 1.000000
vt 0.819588 1.000000
vt 0.819588 0.000000
vt 0.824742 1.000000
vt 0.829897 1.000000
vt 0.829897 0.000000
vt 0.835052 1.000000
vt 0.840206 1.000000
vt 0.840206 0.000000
vt 0.845361 1.000000
vt 0.850515 1.000000
vt 0.850515 0.000000
vt 0.855670 1.000000
vt 0.860825 1.000000
vt 0.860825 0.000000
vt 0.865979 1.000000
vt 0.871134 1.000000
vt 0.871134 0.000000
vt 0.876289 1.000000
vt 0.881443 1.000000
vt 0.881443 0.000000
vt 0.886598 1.000000
vt 0.891753 1.000000
vt 0.891753 0.000000
vt 0.896907 1.000000
vt 0.902062 1.000000
vt 0.902062 0.000000
vt 0.907216 1.000000
vt 0.912371 1.000000
vt 0.912371 0.000000
vt 0.917526 1.000000
vt 0.922680 1.000000
vt 0.922680 0.000000
vt 0.927835 1.000000
vt 0.932990 1.000000
vt 0.932990 0.000000
vt 0.938144 1.000000
vt 0.943299 1.000000
vt 0.943299 0.000000
vt 0.948454 1.000000
vt 0.953608 1.000000
vt 0.953608 0.000000
vt 0.958763 1.000000
vt 0.963918 1.000000
vt 0.963918 0.000000
vt 0.969072 1.000000
vt 0.974227 1.000000
vt 0.974227 0.000000
vt 0.979381 1.000000
vt 0.984536 1.000000
vt 0.984536 0.000000
vt 0.989691 1.000000
vt 0.994845 1.000000
vt 0.994845 0.000000
vt 0.010204 1.000000
vt 0.010204 0.000000
vt 0.020408 1.000000
vt 0.020408 0.000000
vt 0.030612 1.000000
vt 0.030612 0.000000
vt 0.040816 1.000000
vt 0.040816 0.000000
vt 0.051020 1.000000
vt 0.051020 0.000000
vt 0.061224 1.000000
vt 0.061224 0.000000
vt 0.081633 1.000000
vt 0.081633 0.000000
vt 0.091837 1.000000
vt 0.091837 0.000000
vt 0.102041 1.000000
vt 0.102041 0.000000
vt 0.112245 1.000000
vt 0.112245 0.000000
vt 0.122449 1.000000
vt 0.122449 0.000000
vt 0.132653 1.000000
vt 0.132653 0.000000
vt 0.153061 1.000000
vt 0.153061 0.000000
vt 0.163265 1.000000
vt 0.163265 0.000000
vt 0.173469 1.000000
vt 0.173469 0.000000
vt 0.183673 1.000000
vt 0.183673 0.000000
vt 0.193878 1.000000
vt 0.193878 0.000000
vt 0.204082 1.000000
vt 0.204082 0.000000
vt 0.224490 1.000000
vt 0.224490 0.000000
vt 0.234694 1.000000
vt 0.234694 0.000000
vt 0.244898 1.000000
vt 0.244898 0.000000
vt 0.255102 1.000000
vt 0.255102 0.000000
vt 0.265306 1.000000
vt 0.265306 0.000000
vt 0.275510 1.000000
vt 0.275510 0.000000
vt 0.295918 1.000000
vt 0.295918 0.000000
vt 0.306122 1.000000
vt 0.306122 0.000000
vt 0.316327 1.000000
vt 0.316327 0.000000
vt 0.326531 1.000000
vt 0.326531 0.000000
vt 0.336735 1.000000
vt 0.336735 0.000000
vt 0.346939 1.000000
vt 0.346939 0.000000
vt 0.367347 1.000000
vt 0.367347 0.000000
vt 0.377551 1.000000
vt 0.377551 0.000000
vt 0.387755 1.000000
vt 0.387755 0.000000
vt 0.397959 1.000000
vt 0.397959 0.000000
vt 0.408163 1.000000
vt 0.408163 0.000000
vt 0.418367 1.000000
vt 0.418367 0.000000
vt 0.438776 1.000000
vt 0.438776 0.000000
vt 0.448980 1.000000
vt 0.448980 0.000000
vt 0.459184 1.000000
vt 0.459184 0.000000
vt 0.469388 1.000000
vt 0.469388 0.000000
vt 0.479592 1.000000
vt 0.479592 0.000000
vt 0.489796 1.000000
vt 0.489796 0.000000
vt 0.510204 1.000000
vt 0.510204 0.000000
vt 0.520408 1.000000
vt 0.520408 0.000000
vt 0.530612 1.000000
vt 0.530612 0.000000
vt 0.540816 1.000000
vt 0.540816 0.000000
vt 0.551020 1.000000
vt 0.551020 0.000000
vt 0.561224 1.000000
vt 0.561224 0.000000
vt 0.581633 1.000000
vt 0.581633 0.000000
vt 0.591837 1.000000
vt 0.591837 0.000000
vt 0.602041 1.000000
vt 0.602041 0.000000
vt 0.612245 1.000000
vt 0.612245 0.000000
vt 0.622449 1.000000
vt 0.622449 0.000000
vt 0.632653 1.000000
vt 0.632653 0.000000
vt 0.653061 1.000000
vt 0.653061 0.000000
vt 0.663265 1.000000
vt 0.663265 0.000000
vt 0.673469 1.000000
vt 0.673469 0.000000
vt 0.683673 1.000000
vt 0.683673 0.000000
vt 0.693878 1.000000
vt 0.693878 0.000000
vt 0.704082 1.000000
vt 0.704082 0.000000
vt 0.724490 1.000000
vt 0.724490 0.000000
vt 0.734694 1.000000
vt 0.734694 0.000000
vt 0.744898 1.000000
vt 0.744898 0.000000
vt 0.755102 1.000000
vt 0.755102 0.000000
vt 0.765306 1.000000
vt 0.765306 0.000000
vt 0.775510 1.000000
vt 0.775510 0.000000
vt 0.795918 1.000000
vt 0.795918 0.000000
vt 0.806122 1.000000
vt 0.806122 0.000000
vt 0.816327 1.000000
vt 0.816327 0.000000
vt 0.826531 1.000000
vt 0.826531 0.000000
vt 0.836735 1.000000
vt 0.836735 0.000000
vt 0.846939 1.000000
vt 0.846939 0.000000
vt 0.867347 1.000000
vt 0.867347 0.000000
vt 0.877551 1.000000
vt 0.877551 0.000000
vt 0.887755 1.000000
vt 0.887755 0.000000
vt 0.897959 1.000000
vt 0.897959 0.000000
vt 0.908163 1.000000
vt 0.908163 0.000000
vt 0.918367 1.000000
vt 0.918367 0.000000
vt 0.938776 1.000000
vt 0.938776 0.000000
vt 0.948980 1.000000
vt 0.948980 0.000000
vt 0.959184 1.000000
vt 0.959184 0.000000
vt 0.969388 1.000000
vt 0.969388 0.000000
vt 0.979592 1.000000
vt 0.979592 0.000000
vt 0.989796 1.000000
vt 0.989796 0.000000
s 0
f 4/1/1 2/2/1 1/3/1
f 4/1/1 3/4/1 2/2/1
f 8/1/1 6/2/1 5/3/1
f 8/1/1 7/4/1 6/2/1
f 12/1/1 10/2/1 9/3/1
f 12/1/1 11/4/1 10/2/1
f 16/1/1 14/2/1 13/3/1
f 16/1/1 15/4/1 14/2/1
f 20/1/1 18/2/1 17/3/1
f 20/1/1 19/4/1 18/2/1
f 24/1/1 22/2/1 21/3/1
f 24/1/1 23/4/1 22/2/1
f 28/1/1 26/2/1 25/3/1
f 28/1/1 27/4/1 26/2/1
f 32/1/1 30/2/1 29/3/1
f 32/1/1 31/4/1 30/2/1
f 36/1/1 34/2/1 33/3/1
f 36/1/1 35/4/1 34/2/1
f 40/1/1 38/2/1 37/3/1
f 40/1/1 39/4/1 38/2/1
f 78/5/1 80/6/1 79/7/1
f 78/5/1 81/8/1 80/6/1
f 78/5/1 82/9/1 81/8/1
f 77/10/1 82/9/1 78/5/1
f 77/10/1 83/11/1 82/9/1
f 76/12/1 83/11/1 77/10/1
f 76/12/1 84/13/1 83/11/1
f 75/14/1 84/13/1 76/12/1
f 75/14/1 85/15/1 84/13/1
f 74/16/1 85/15/1 75/14/1
f 74/16/1 86/17/1 85/15/1
f 73/18/1 86/17/1 74/16/1
f 73/18/1 87/19/1 86/17/1
f 72/20/1 87/19/1 73/18/1
f 72/20/1 88/21/1 87/19/1
f 71/22/1 88/21/1 72/20/1
f 71/22/1 89/23/1 88/21/1
f 70/24/1 89/23/1 71/22/1
f 70/24/1 90/25/1 89/23/1
f 69/26/1 90/25/1 70/24/1
f 69/26/1 91/27/1 90/25/1
f 68/28/1 91/27/1 69/26/1
f 67/29/1 91/27/1 68/28/1
f 67/29/1 92/30/1 91/27/1
f 66/31/1 106/32/1 67/29/1
f 106/32/1 92/30/1 67/29/1
f 106/32/1 93/33/1 92/30/1
f 106/32/1 94/34/1 93/33/1
f 106/32/1 95/35/1 94/34/1
f 106/32/1 96/36/1 95/35/1
f 106/32/1 97/37/1 96/36/1
f 106/32/1 98/38/1 97/37/1
f 106/32/1 99/39/1 98/38/1
f 106/32/1 100/40/1 99/39/1
f 106/32/1 101/41/1 100/40/1
f 106/32/1 102/42/1 101/41/1
f 106/32/1 103/43/1 102/42/1
f 106/32/1 104/44/1 103/43/1
f 106/32/1 105/45/1 104/44/1
f 66/31/1 107/46/1 106/32/1
f 66/31/1 134/47/1 107/46/1
f 134/47/1 108/48/1 107/46/1
f 134/47/1 109/49/1 108/48/1
f 134/47/1 110/50/1 109/49/1
f 134/47/1 111/51/1 110/50/1
f 134/47/1 112/52/1 111/51/1
f 134/47/1 113/53/1 112/52/1
f 134/47/1 114/54/1 113/53/1
f 134/47/1 115/55/1 114/54/1
f 134/47/1 116/56/1 115/55/1
f 134/47/1 117/57/1 116/56/1
f 134/47/1 118/58/1 117/57/1
f 134/47/1 119/59/1 118/58/1
f 134/47/1 120/60/1 119/59/1
f 134/47/1 121/61/1 120/60/1
f 134/47/1 122/62/1 121/61/1
f 134/47/1 123/63/1 122/62/1
f 134/47/1 124/64/1 123/63/1
f 134/47/1 125/65/1 124/64/1
f 134/47/1 126/66/1 125/65/1
f 134/47/1 127/67/1 126/66/1
f 134/47/1 128/68/1 127/67/1
f 134/47/1 129/69/1 128/68/1
f 134/47/1 130/70/1 129/69/1
f 134/47/1 131/71/1 130/70/1
f 134/47/1 132/72/1 131/71/1
f 134/47/1 133/73/1 132/72/1
f 66/31/1 135/74/1 134/47/1
f 66/31/1 136/75/1 135/74/1
f 66/31/1 137/76/1 136/75/1
f 66/31/1 138/77/1 137/76/1
f 66/31/1 139/78/1 138/77/1
f 66/31/1 140/79/1 139/78/1
f 66/31/1 141/80/1 140/79/1
f 66/31/1 142/81/1 141/80/1
f 66/31/1 143/82/1 142/81/1
f 66/31/1 144/83/1 143/82/1
f 66/31/1 145/84/1 144/83/1
f 66/31/1 146/85/1 145/84/1
f 66/31/1 147/86/1 146/85/1
f 66/31/1 148/1/1 147/86/1
f 66/31/1 41/3/1 148/1/1
f 65/87/1 41/3/1 66/31/1
f 65/87/1 42/88/1 41/3/1
f 64/89/1 42/88/1 65/87/1
f 64/89/1 43/90/1 42/88/1
f 63/91/1 43/90/1 64/89/1
f 63/91/1 44/92/1 43/90/1
f 62/93/1 44/92/1 63/91/1
f 62/93/1 45/94/1 44/92/1
f 61/95/1 45/94/1 62/93/1
f 61/95/1 46/96/1 45/94/1
f 60/97/1 46/96/1 61/95/1
f 60/97/1 47/98/1 46/96/1
f 59/99/1 47/98/1 60/97/1
f 59/99/1 48/100/1 47/98/1
f 58/101/1 48/100/1 59/99/1
f 58/101/1 49/102/1 48/100/1
f 57/103/1 49/102/1 58/101/1
f 57/103/1 50/104/1 49/102/1
f 56/105/1 50/104/1 57/103/1
f 56/105/1 51/106/1 50/104/1
f 55/107/1 51/106/1 56/105/1
f 55/107/1 52/108/1 51/106/1
f 54/109/1 52/108/1 55/107/1
f 54/109/1 53/110/1 52/108/1
f 186/111/1 188/112/1 187/113/1
f 186/111/1 189/114/1 188/112/1
f 186/111/1 190/115/1 189/114/1
f 185/116/1 190/115/1 186/111/1
f 185/116/1 191/117/1 190/115/1
f 184/118/1 191/117/1 185/116/1
f 184/118/1 192/119/1 191/117/1
f 183/120/1 192/119/1 184/118/1
f 183/120/1 193/121/1 192/119/1
f 183/120/1 194/122/1 193/121/1
f 182/123/1 194/122/1 183/120/1
f 182/123/1 195/124/1 194/122/1
f 181/125/1 195/124/1 182/123/1
f 181/125/1 196/126/1 195/124/1
f 180/127/1 196/126/1 181/125/1
f 180/127/1 197/128/1 196/126/1
f 180/127/1 198/129/1 197/128/1
f 179/130/1 198/129/1 180/127/1
f 179/130/1 199/131/1 198/129/1
f 178/132/1 199/131/1 179/130/1
f 178/132/1 200/133/1 199/131/1
f 177/134/1 200/133/1 178/132/1
f 177/134/1 201/135/1 200/133/1
f 177/134/1 202/136/1 201/135/1
f 176/137/1 202/136/1 177/134/1
f 176/137/1 203/138/1 202/136/1
f 175/139/1 203/138/1 176/137/1
f 175/139/1 204/140/1 203/138/1
f 174/141/1 327/142/1 175/139/1
f 327/142/1 204/140/1 175/139/1
f 327/142/1 205/143/1 204/140/1
f 327/142/1 206/144/1 205/143/1
f 327/142/1 207/145/1 206/144/1
f 327/142/1 208/146/1 207/145/1
f 327/142/1 209/147/1 208/146/1
f 327/142/1 210/148/1 209/147/1
f 327/142/1 211/149/1 210/148/1
f 327/142/1 212/150/1 211/149/1
f 327/142/1 213/151/1 212/150/1
f 327/142/1 214/152/1 213/151/1
f 327/142/1 215/153/1 214/152/1
f 327/142/1 216/154/1 215/153/1
f 327/142/1 217/155/1 216/154/1
f 327/142/1 218/156/1 217/155/1
f 327/142/1 219/157/1 218/156/1
f 327/142/1 220/158/1 219/157/1
f 327/142/1 221/159/1 220/158/1
f 327/142/1 222/160/1 221/159/1
f 327/142/1 223/161/1 222/160/1
f 327/142/1 224/162/1 223/161/1
f 327/142/1 326/163/1 224/162/1
f 326/163/1 377/1/1 224/162/1
f 377/1/1 376/164/1 224/162/1
f 376/164/1 375/165/1 224/162/1
f 375/165/1 225/2/1 224/162/1
f 174/141/1 328/166/1 327/142/1
f 374/167/1 225/2/1 375/165/1
f 373/168/1 225/2/1 374/167/1
f 372/169/1 225/2/1 373/168/1
f 371/170/1 225/2/1 372/169/1
f 370/171/1 225/2/1 371/170/1
f 369/172/1 225/2/1 370/171/1
f 368/173/1 225/2/1 369/172/1
f 367/174/1 225/2/1 368/173/1
f 366/175/1 225/2/1 367/174/1
f 365/176/1 225/2/1 366/175/1
f 364/177/1 225/2/1 365/176/1
f 363/178/1 225/2/1 364/177/1
f 362/179/1 225/2/1 363/178/1
f 361/180/1 225/2/1 362/179/1
f 360/181/1 225/2/1 361/180/1
f 359/182/1 225/2/1 360/181/1
f 358/183/1 225/2/1 359/182/1
f 358/183/1 226/184/1 225/2/1
f 357/185/1 226/184/1 358/183/1
f 356/186/1 226/184/1 357/185/1
f 356/186/1 227/187/1 226/184/1
f 355/188/1 227/187/1 356/186/1
f 354/189/1 227/187/1 355/188/1
f 354/189/1 228/190/1 227/187/1
f 353/191/1 228/190/1 354/189/1
f 353/191/1 229/192/1 228/190/1
f 353/191/1 230/193/1 229/192/1
f 353/191/1 231/194/1 230/193/1
f 353/191/1 232/195/1 231/194/1
f 353/191/1 233/196/1 232/195/1
f 352/197/1 233/196/1 353/191/1
f 352/197/1 234/198/1 233/196/1
f 351/199/1 234/198/1 352/197/1
f 350/200/1 234/198/1 351/199/1
f 350/200/1 235/201/1 234/198/1
f 349/202/1 235/201/1 350/200/1
f 348/203/1 235/201/1 349/202/1
f 348/203/1 236/204/1 235/201/1
f 347/205/1 236/204/1 348/203/1
f 347/205/1 237/206/1 236/204/1
f 346/207/1 237/206/1 347/205/1
f 345/208/1 237/206/1 346/207/1
f 345/208/1 238/209/1 237/206/1
f 344/210/1 238/209/1 345/208/1
f 343/211/1 238/209/1 344/210/1
f 343/211/1 239/212/1 238/209/1
f 342/213/1 239/212/1 343/211/1
f 341/214/1 239/212/1 342/213/1
f 341/214/1 240/215/1 239/212/1
f 340/216/1 240/215/1 341/214/1
f 339/217/1 240/215/1 340/216/1
f 339/217/1 241/218/1 240/215/1
f 338/219/1 241/218/1 339/217/1
f 337/220/1 241/218/1 338/219/1
f 337/220/1 242/221/1 241/218/1
f 336/222/1 242/221/1 337/220/1
f 335/223/1 242/221/1 336/222/1
f 334/224/1 242/221/1 335/223/1
f 334/224/1 243/225/1 242/221/1
f 333/226/1 243/225/1 334/224/1
f 332/227/1 243/225/1 333/226/1
f 331/228/1 243/225/1 332/227/1
f 330/229/1 243/225/1 331/228/1
f 329/230/1 243/225/1 330/229/1
f 174/141/1 329/230/1 328/166/1
f 174/141/1 325/231/1 329/230/1
f 325/231/1 243/225/1 329/230/1
f 325/231/1 244/232/1 243/225/1
f 325/231/1 245/233/1 244/232/1
f 325/231/2 249/234/2 245/233/2
f 249/234/1 246/235/1 245/233/1
f 249/234/1 247/236/1 246/235/1
f 249/234/1 248/237/1 247/236/1
f 325/231/1 250/238/1 249/234/1
f 325/231/1 251/239/1 250/238/1
f 325/231/1 252/240/1 251/239/1
f 325/231/1 253/241/1 252/240/1
f 325/231/1 254/242/1 253/241/1
f 325/231/1 255/243/1 254/242/1
f 325/231/1 256/244/1 255/243/1
f 325/231/1 257/245/1 256/244/1
f 325/231/1 258/246/1 257/245/1
f 325/231/1 259/247/1 258/246/1
f 325/231/1 260/248/1 259/247/1
f 325/231/1 261/249/1 260/248/1
f 325/231/1 262/250/1 261/249/1
f 325/231/1 263/251/1 262/250/1
f 325/231/1 264/252/1 263/251/1
f 325/231/1 265/253/1 264/252/1
f 325/231/1 266/254/1 265/253/1
f 325/231/1 267/255/1 266/254/1
f 325/231/1 268/256/1 267/255/1
f 325/231/1 269/257/1 268/256/1
f 325/231/1 270/258/1 269/257/1
f 325/231/1 271/259/1 270/258/1
f 325/231/1 272/260/1 271/259/1
f 325/231/1 273/261/1 272/260/1
f 325/231/1 324/262/1 273/261/1
f 324/262/1 323/263/1 273/261/1
f 323/263/1 322/264/1 273/261/1
f 322/264/1 321/265/1 273/261/1
f 321/265/1 320/266/1 273/261/1
f 320/266/1 319/267/1 273/261/1
f 319/267/1 318/268/1 273/261/1
f 318/268/1 317/269/1 273/261/1
f 317/269/1 316/270/1 273/261/1
f 316/270/1 315/271/1 273/261/1
f 315/271/1 314/272/1 273/261/1
f 314/272/1 274/273/1 273/261/1
f 174/141/1 149/3/1 325/231/1
f 313/274/1 274/273/1 314/272/1
f 312/275/3 274/273/3 313/274/3
f 311/276/1 274/273/1 312/275/1
f 310/277/3 274/273/3 311/276/3
f 309/278/1 274/273/1 310/277/1
f 308/279/1 274/273/1 309/278/1
f 307/280/1 274/273/1 308/279/1
f 306/281/1 274/273/1 307/280/1
f 305/282/1 274/273/1 306/281/1
f 304/283/1 274/273/1 305/282/1
f 303/284/1 274/273/1 304/283/1
f 302/285/1 274/273/1 303/284/1
f 301/4/1 274/273/1 302/285/1
f 300/286/1 274/273/1 301/4/1
f 299/287/1 274/273/1 300/286/1
f 173/288/1 149/3/1 174/141/1
f 173/288/1 150/289/1 149/3/1
f 298/290/1 274/273/1 299/287/1
f 298/290/1 275/291/1 274/273/1
f 172/292/1 150/289/1 173/288/1
f 297/293/1 275/291/1 298/290/1
f 172/292/1 151/294/1 150/289/1
f 297/293/1 276/295/1 275/291/1
f 171/296/1 151/294/1 172/292/1
f 296/297/1 276/295/1 297/293/1
f 171/296/1 152/298/1 151/294/1
f 296/297/1 277/299/1 276/295/1
f 170/300/1 152/298/1 171/296/1
f 295/301/1 277/299/1 296/297/1
f 170/300/1 153/302/1 152/298/1
f 295/301/1 278/303/1 277/299/1
f 169/304/1 153/302/1 170/300/1
f 294/305/1 278/303/1 295/301/1
f 169/304/1 154/306/1 153/302/1
f 294/305/1 279/307/1 278/303/1
f 168/308/1 154/306/1 169/304/1
f 293/309/1 279/307/1 294/305/1
f 168/308/1 155/310/1 154/306/1
f 293/309/1 280/311/1 279/307/1
f 167/312/1 155/310/1 168/308/1
f 292/313/1 280/311/1 293/309/1
f 167/312/1 156/314/1 155/310/1
f 292/313/1 281/315/1 280/311/1
f 166/316/1 156/314/1 167/312/1
f 291/317/1 281/315/1 292/313/1
f 166/316/1 157/318/1 156/314/1
f 291/317/1 282/319/1 281/315/1
f 165/320/1 157/318/1 166/316/1
f 290/321/1 282/319/1 291/317/1
f 165/320/1 158/322/1 157/318/1
f 290/321/1 283/323/1 282/319/1
f 164/324/1 158/322/1 165/320/1
f 289/325/1 283/323/1 290/321/1
f 164/324/1 159/326/1 158/322/1
f 289/325/1 284/327/1 283/323/1
f 163/328/1 159/326/1 164/324/1
f 288/329/1 284/327/1 289/325/1
f 163/328/1 160/330/1 159/326/1
f 288/329/1 285/331/1 284/327/1
f 162/332/1 160/330/1 163/328/1
f 287/333/1 285/331/1 288/329/1
f 162/332/1 161/334/1 160/330/1
f 287/333/1 286/335/1 285/331/1
f 523/336/1 525/337/1 524/338/1
f 522/339/1 525/337/1 523/336/1
f 522/339/1 526/340/1 525/337/1
f 521/341/1 526/340/1 522/339/1
f 521/341/1 527/342/1 526/340/1
f 520/343/1 527/342/1 521/341/1
f 520/343/1 528/344/1 527/342/1
f 519/345/1 528/344/1 520/343/1
f 519/345/1 529/346/1 528/344/1
f 518/347/1 529/346/1 519/345/1
f 518/347/1 530/348/1 529/346/1
f 517/349/1 530/348/1 518/347/1
f 517/349/1 531/350/1 530/348/1
f 516/351/1 531/350/1 517/349/1
f 516/351/1 532/352/1 531/350/1
f 515/353/1 532/352/1 516/351/1
f 515/353/1 533/354/1 532/352/1
f 514/355/1 533/354/1 515/353/1
f 514/355/1 534/356/1 533/354/1
f 513/357/1 534/356/1 514/355/1
f 513/357/1 535/358/1 534/356/1
f 512/359/1 535/358/1 513/357/1
f 512/359/1 536/360/1 535/358/1
f 511/361/1 536/360/1 512/359/1
f 511/361/1 537/362/1 536/360/1
f 510/363/1 537/362/1 511/361/1
f 510/363/1 538/364/1 537/362/1
f 509/365/1 538/364/1 510/363/1
f 509/365/1 539/366/1 538/364/1
f 508/367/1 539/366/1 509/365/1
f 508/367/1 540/368/1 539/366/1
f 507/369/1 540/368/1 508/367/1
f 507/369/1 541/370/1 540/368/1
f 506/371/1 541/370/1 507/369/1
f 506/371/1 542/372/1 541/370/1
f 505/373/1 542/372/1 506/371/1
f 505/373/1 543/374/1 542/372/1
f 504/375/1 543/374/1 505/373/1
f 504/375/1 544/376/1 543/374/1
f 503/377/1 544/376/1 504/375/1
f 503/377/1 545/378/1 544/376/1
f 502/379/1 545/378/1 503/377/1
f 502/379/1 546/380/1 545/378/1
f 501/381/1 546/380/1 502/379/1
f 501/381/1 547/382/1 546/380/1
f 500/383/1 547/382/1 501/381/1
f 500/383/1 548/384/1 547/382/1
f 499/385/1 548/384/1 500/383/1
f 499/385/1 549/386/1 548/384/1
f 499/385/1 550/387/1 549/386/1
f 498/388/1 550/387/1 499/385/1
f 498/388/1 551/389/1 550/387/1
f 497/390/1 551/389/1 498/388/1
f 497/390/1 552/391/1 551/389/1
f 496/392/1 552/391/1 497/390/1
f 496/392/1 553/393/1 552/391/1
f 495/394/1 553/393/1 496/392/1
f 495/394/1 554/395/1 553/393/1
f 494/396/1 554/395/1 495/394/1
f 494/396/1 555/397/1 554/395/1
f 493/398/1 555/397/1 494/396/1
f 493/398/1 556/399/1 555/397/1
f 492/400/1 556/399/1 493/398/1
f 492/400/1 557/401/1 556/399/1
f 491/402/1 557/401/1 492/400/1
f 491/402/1 558/403/1 557/401/1
f 490/404/1 558/403/1 491/402/1
f 489/405/1 558/403/1 490/404/1
f 489/405/1 559/406/1 558/403/1
f 488/407/1 559/406/1 489/405/1
f 488/407/1 560/408/1 559/406/1
f 487/409/1 560/408/1 488/407/1
f 487/409/1 561/410/1 560/408/1
f 486/411/1 561/410/1 487/409/1
f 486/411/1 562/412/1 561/410/1
f 485/413/1 562/412/1 486/411/1
f 485/413/1 563/414/1 562/412/1
f 484/415/1 563/414/1 485/413/1
f 484/415/1 564/416/1 563/414/1
f 483/417/1 564/416/1 484/415/1
f 483/417/1 565/418/1 564/416/1
f 482/419/1 565/418/1 483/417/1
f 482/419/1 566/420/1 565/418/1
f 481/421/1 566/420/1 482/419/1
f 481/421/1 567/422/1 566/420/1
f 480/423/1 567/422/1 481/421/1
f 480/423/1 568/424/1 567/422/1
f 479/425/1 568/424/1 480/423/1
f 479/425/1 569/426/1 568/424/1
f 478/427/1 569/426/1 479/425/1
f 478/427/1 570/428/1 569/426/1
f 477/429/1 570/428/1 478/427/1
f 477/429/1 646/430/1 570/428/1
f 646/430/1 571/431/1 570/428/1
f 477/429/1 647/432/1 646/430/1
f 645/433/1 571/431/1 646/430/1
f 644/434/1 571/431/1 645/433/1
f 477/429/1 648/435/1 647/432/1
f 643/436/1 571/431/1 644/434/1
f 477/429/1 649/437/1 648/435/1
f 642/438/1 571/431/1 643/436/1
f 477/429/1 650/439/1 649/437/1
f 641/440/1 571/431/1 642/438/1
f 477/429/1 651/441/1 650/439/1
f 640/442/1 571/431/1 641/440/1
f 477/429/1 652/443/1 651/441/1
f 476/444/1 652/443/1 477/429/1
f 640/442/1 378/3/1 571/431/1
f 639/445/1 378/3/1 640/442/1
f 476/444/1 653/446/1 652/443/1
f 638/447/1 378/3/1 639/445/1
f 476/444/1 654/448/1 653/446/1
f 637/449/1 378/3/1 638/447/1
f 476/444/1 655/450/1 654/448/1
f 636/451/1 378/3/1 637/449/1
f 476/444/1 656/452/1 655/450/1
f 635/453/1 378/3/1 636/451/1
f 476/444/1 657/454/1 656/452/1
f 475/2/1 661/455/1 476/444/1
f 661/455/1 660/456/1 476/444/1
f 660/456/1 659/457/1 476/444/1
f 659/457/1 658/458/1 476/444/1
f 658/458/1 657/454/1 476/444/1
f 635/453/1 634/459/1 378/3/1
f 634/459/1 633/460/1 378/3/1
f 633/460/1 632/461/1 378/3/1
f 632/461/1 631/462/1 378/3/1
f 631/462/1 379/463/1 378/3/1
f 475/2/4 662/464/4 661/455/4
f 630/465/1 379/463/1 631/462/1
f 475/2/2 663/466/2 662/464/2
f 629/467/1 379/463/1 630/465/1
f 475/2/1 664/468/1 663/466/1
f 628/469/1 379/463/1 629/467/1
f 475/2/1 665/470/1 664/468/1
f 627/471/1 379/463/1 628/469/1
f 475/2/1 666/472/1 665/470/1
f 626/473/1 379/463/1 627/471/1
f 475/2/1 667/474/1 666/472/1
f 625/475/1 379/463/1 626/473/1
f 475/2/1 668/476/1 667/474/1
f 624/477/1 379/463/1 625/475/1
f 475/2/1 669/1/1 668/476/1
f 623/478/1 379/463/1 624/477/1
f 475/2/1 572/4/1 669/1/1
f 622/479/1 379/463/1 623/478/1
f 475/2/1 573/480/1 572/4/1
f 621/481/1 379/463/1 622/479/1
f 475/2/1 574/482/1 573/480/1
f 620/483/1 379/463/1 621/481/1
f 475/2/1 575/484/1 574/482/1
f 619/485/1 379/463/1 620/483/1
f 475/2/1 576/486/1 575/484/1
f 618/487/1 379/463/1 619/485/1
f 475/2/1 577/488/1 576/486/1
f 617/489/1 379/463/1 618/487/1
f 475/2/1 578/490/1 577/488/1
f 616/491/1 379/463/1 617/489/1
f 475/2/1 579/492/1 578/490/1
f 615/493/1 379/463/1 616/491/1
f 475/2/1 580/494/1 579/492/1
f 614/495/1 379/463/1 615/493/1
f 475/2/1 581/496/1 580/494/1
f 613/497/1 379/463/1 614/495/1
f 475/2/1 582/498/1 581/496/1
f 612/499/1 379/463/1 613/497/1
f 475/2/1 583/500/1 582/498/1
f 611/501/1 379/463/1 612/499/1
f 475/2/1 584/502/1 583/500/1
f 610/503/1 379/463/1 611/501/1
f 475/2/1 585/504/1 584/502/1
f 609/505/1 379/463/1 610/503/1
f 475/2/1 586/506/1 585/504/1
f 608/507/1 379/463/1 609/505/1
f 607/508/1 379/463/1 608/507/1
f 475/2/1 587/509/1 586/506/1
f 474/510/1 587/509/1 475/2/1
f 607/508/1 380/511/1 379/463/1
f 606/512/1 380/511/1 607/508/1
f 474/510/1 588/513/1 587/509/1
f 605/514/1 380/511/1 606/512/1
f 474/510/1 589/515/1 588/513/1
f 604/516/1 380/511/1 605/514/1
f 474/510/1 590/517/1 589/515/1
f 603/518/1 380/511/1 604/516/1
f 474/510/1 591/519/1 590/517/1
f 473/520/1 591/519/1 474/510/1
f 603/518/1 381/521/1 380/511/1
f 602/522/1 381/521/1 603/518/1
f 473/520/1 592/523/1 591/519/1
f 601/524/1 381/521/1 602/522/1
f 473/520/1 593/525/1 592/523/1
f 600/526/1 381/521/1 601/524/1
f 473/520/1 594/527/1 593/525/1
f 599/528/1 381/521/1 600/526/1
f 473/520/1 595/529/1 594/527/1
f 598/530/1 381/521/1 599/528/1
f 473/520/1 596/531/1 595/529/1
f 597/532/1 381/521/1 598/530/1
f 473/520/1 597/532/1 596/531/1
f 473/520/1 381/521/1 597/532/1
f 472/533/1 381/521/1 473/520/1
f 472/533/1 382/534/1 381/521/1
f 471/535/1 382/534/1 472/533/1
f 471/535/1 383/536/1 382/534/1
f 470/537/1 383/536/1 471/535/1
f 470/537/1 384/538/1 383/536/1
f 469/539/1 384/538/1 470/537/1
f 469/539/1 385/540/1 384/538/1
f 468/541/1 385/540/1 469/539/1
f 468/541/1 386/542/1 385/540/1
f 467/543/1 386/542/1 468/541/1
f 467/543/1 387/544/1 386/542/1
f 466/545/1 387/544/1 467/543/1
f 466/545/1 388/546/1 387/544/1
f 465/547/1 388/546/1 466/545/1
f 465/547/1 389/548/1 388/546/1
f 464/549/1 389/548/1 465/547/1
f 464/549/1 390/550/1 389/548/1
f 463/551/1 390/550/1 464/549/1
f 463/551/1 391/552/1 390/550/1
f 462/553/1 391/552/1 463/551/1
f 462/553/1 392/554/1 391/552/1
f 461/555/1 392/554/1 462/553/1
f 461/555/1 393/556/1 392/554/1
f 460/557/1 393/556/1 461/555/1
f 460/557/1 394/558/1 393/556/1
f 459/559/1 394/558/1 460/557/1
f 459/559/1 395/560/1 394/558/1
f 458/561/1 395/560/1 459/559/1
f 458/561/1 396/562/1 395/560/1
f 457/563/1 396/562/1 458/561/1
f 457/563/1 397/564/1 396/562/1
f 456/565/1 397/564/1 457/563/1
f 456/565/1 398/566/1 397/564/1
f 455/567/1 398/566/1 456/565/1
f 455/567/1 399/568/1 398/566/1
f 454/569/1 399/568/1 455/567/1
f 454/569/1 400/570/1 399/568/1
f 453/571/1 400/570/1 454/569/1
f 453/571/1 401/572/1 400/570/1
f 452/573/1 401/572/1 453/571/1
f 452/573/1 402/574/1 401/572/1
f 451/575/1 402/574/1 452/573/1
f 451/575/1 403/576/1 402/574/1
f 450/577/1 403/576/1 451/575/1
f 450/577/1 404/578/1 403/576/1
f 450/577/1 405/579/1 404/578/1
f 449/580/1 405/579/1 450/577/1
f 449/580/1 406/581/1 405/579/1
f 448/582/1 406/581/1 449/580/1
f 448/582/1 407/583/1 406/581/1
f 447/584/1 407/583/1 448/582/1
f 447/584/1 408/585/1 407/583/1
f 446/586/1 408/585/1 447/584/1
f 446/586/1 409/587/1 408/585/1
f 445/588/1 409/587/1 446/586/1
f 445/588/1 410/589/1 409/587/1
f 444/590/1 410/589/1 445/588/1
f 444/590/1 411/591/1 410/589/1
f 443/592/1 411/591/1 444/590/1
f 443/592/1 412/593/1 411/591/1
f 442/594/1 412/593/1 443/592/1
f 442/594/1 413/595/1 412/593/1
f 441/596/1 413/595/1 442/594/1
f 441/596/1 414/597/1 413/595/1
f 440/598/1 414/597/1 441/596/1
f 440/598/1 415/599/1 414/597/1
f 439/600/1 415/599/1 440/598/1
f 438/601/1 415/599/1 439/600/1
f 438/601/1 416/602/1 415/599/1
f 437/603/1 416/602/1 438/601/1
f 437/603/1 417/604/1 416/602/1
f 436/605/1 417/604/1 437/603/1
f 436/605/1 418/606/1 417/604/1
f 435/607/1 418/606/1 436/605/1
f 435/607/1 419/608/1 418/606/1
f 434/609/1 419/608/1 435/607/1
f 434/609/1 420/610/1 419/608/1
f 433/611/1 420/610/1 434/609/1
f 433/611/1 421/612/1 420/610/1
f 432/613/1 421/612/1 433/611/1
f 432/613/1 422/614/1 421/612/1
f 432/613/1 423/615/1 422/614/1
f 431/616/1 423/615/1 432/613/1
f 431/616/1 424/617/1 423/615/1
f 430/618/1 424/617/1 431/616/1
f 430/618/1 425/619/1 424/617/1
f 429/620/1 425/619/1 430/618/1
f 429/620/1 426/621/1 425/619/1
f 428/622/1 426/621/1 429/620/1
f 427/623/1 426/621/1 428/622/1
f 707/624/1 709/625/1 708/626/1
f 707/624/1 710/627/1 709/625/1
f 783/628/1 785/629/1 784/630/1
f 783/628/1 786/631/1 785/629/1
f 707/624/1 711/632/1 710/627/1
f 782/633/1 786/631/1 783/628/1
f 782/633/1 787/634/1 786/631/1
f 706/635/1 711/632/1 707/624/1
f 706/635/1 712/636/1 711/632/1
f 781/637/1 787/634/1 782/633/1
f 781/637/1 788/638/1 787/634/1
f 705/639/1 712/636/1 706/635/1
f 705/639/1 713/640/1 712/636/1
f 780/641/1 788/638/1 781/637/1
f 780/641/1 789/642/1 788/638/1
f 704/643/1 713/640/1 705/639/1
f 704/643/1 714/644/1 713/640/1
f 779/645/1 789/642/1 780/641/1
f 779/645/1 790/646/1 789/642/1
f 703/647/1 714/644/1 704/643/1
f 703/647/1 715/648/1 714/644/1
f 778/649/1 790/646/1 779/645/1
f 778/649/1 791/650/1 790/646/1
f 702/651/1 715/648/1 703/647/1
f 702/651/1 716/652/1 715/648/1
f 777/653/1 791/650/1 778/649/1
f 777/653/1 792/654/1 791/650/1
f 701/655/1 716/652/1 702/651/1
f 701/655/1 717/656/1 716/652/1
f 776/657/1 792/654/1 777/653/1
f 776/657/1 793/658/1 792/654/1
f 700/659/1 717/656/1 701/655/1
f 700/659/1 718/660/1 717/656/1
f 775/661/1 793/658/1 776/657/1
f 775/661/1 794/662/1 793/658/1
f 699/663/1 718/660/1 700/659/1
f 699/663/1 719/664/1 718/660/1
f 774/665/1 794/662/1 775/661/1
f 774/665/1 795/666/1 794/662/1
f 698/667/1 719/664/1 699/663/1
f 698/667/1 720/668/1 719/664/1
f 773/669/1 795/666/1 774/665/1
f 773/669/1 796/670/1 795/666/1
f 697/671/1 720/668/1 698/667/1
f 697/671/1 721/672/1 720/668/1
f 772/673/1 796/670/1 773/669/1
f 697/671/1 722/674/1 721/672/1
f 771/675/1 796/670/1 772/673/1
f 696/676/1 722/674/1 697/671/1
f 771/675/1 797/677/1 796/670/1
f 695/678/1 851/1/1 696/676/1
f 851/1/1 722/674/1 696/676/1
f 771/675/1 824/679/1 797/677/1
f 824/679/1 798/680/1 797/677/1
f 851/1/1 723/681/1 722/674/1
f 770/682/1 824/679/1 771/675/1
f 851/1/1 724/683/1 723/681/1
f 769/684/1 824/679/1 770/682/1
f 851/1/1 725/685/1 724/683/1
f 768/686/1 824/679/1 769/684/1
f 851/1/1 726/687/1 725/685/1
f 767/688/1 824/679/1 768/686/1
f 851/1/1 727/689/1 726/687/1
f 766/690/1 824/679/1 767/688/1
f 851/1/1 728/691/1 727/689/1
f 765/692/1 824/679/1 766/690/1
f 851/1/1 729/693/1 728/691/1
f 764/694/1 824/679/1 765/692/1
f 851/1/1 730/695/1 729/693/1
f 763/696/1 824/679/1 764/694/1
f 851/1/1 731/697/1 730/695/1
f 762/698/1 824/679/1 763/696/1
f 851/1/1 732/699/1 731/697/1
f 761/700/1 824/679/1 762/698/1
f 851/1/1 733/701/1 732/699/1
f 760/702/1 824/679/1 761/700/1
f 851/1/1 734/703/1 733/701/1
f 759/704/1 824/679/1 760/702/1
f 851/1/1 735/705/1 734/703/1
f 758/706/1 824/679/1 759/704/1
f 851/1/1 736/707/1 735/705/1
f 757/708/1 824/679/1 758/706/1
f 851/1/1 737/709/1 736/707/1
f 756/710/1 824/679/1 757/708/1
f 851/1/1 738/711/1 737/709/1
f 755/712/1 824/679/1 756/710/1
f 851/1/1 739/713/1 738/711/1
f 754/714/1 824/679/1 755/712/1
f 851/1/1 740/715/1 739/713/1
f 753/716/1 824/679/1 754/714/1
f 851/1/1 741/717/1 740/715/1
f 752/718/1 824/679/1 753/716/1
f 851/1/1 742/719/1 741/717/1
f 751/720/1 824/679/1 752/718/1
f 851/1/1 743/721/1 742/719/1
f 750/722/1 824/679/1 751/720/1
f 851/1/1 744/723/1 743/721/1
f 749/724/1 824/679/1 750/722/1
f 851/1/1 745/725/1 744/723/1
f 748/726/1 824/679/1 749/724/1
f 851/1/1 746/727/1 745/725/1
f 747/728/1 824/679/1 748/726/1
f 851/1/1 747/728/1 746/727/1
f 851/1/1 824/679/1 747/728/1
f 695/678/1 670/3/1 851/1/1
f 850/729/1 824/679/1 851/1/1
f 850/729/1 825/730/1 824/679/1
f 823/731/1 798/680/1 824/679/1
f 849/732/1 825/730/1 850/729/1
f 849/732/1 826/733/1 825/730/1
f 848/734/1 826/733/1 849/732/1
f 848/734/1 827/735/1 826/733/1
f 847/736/1 827/735/1 848/734/1
f 847/736/1 828/737/1 827/735/1
f 846/738/1 828/737/1 847/736/1
f 846/738/1 829/739/1 828/737/1
f 845/740/1 829/739/1 846/738/1
f 845/740/1 830/741/1 829/739/1
f 844/742/1 830/741/1 845/740/1
f 844/742/1 831/743/1 830/741/1
f 843/744/1 831/743/1 844/742/1
f 843/744/1 832/745/1 831/743/1
f 842/746/1 832/745/1 843/744/1
f 842/746/1 833/747/1 832/745/1
f 841/748/1 833/747/1 842/746/1
f 841/748/1 834/749/1 833/747/1
f 840/750/1 834/749/1 841/748/1
f 840/750/1 835/751/1 834/749/1
f 839/752/1 835/751/1 840/750/1
f 839/752/1 836/753/1 835/751/1
f 838/754/1 836/753/1 839/752/1
f 838/754/1 837/755/1 836/753/1
f 694/756/1 670/3/1 695/678/1
f 694/756/1 671/757/1 670/3/1
f 822/758/1 798/680/1 823/731/1
f 822/758/1 799/759/1 798/680/1
f 693/760/1 671/757/1 694/756/1
f 821/761/1 799/759/1 822/758/1
f 693/760/1 672/762/1 671/757/1
f 821/761/1 800/763/1 799/759/1
f 692/764/1 672/762/1 693/760/1
f 820/765/1 800/763/1 821/761/1
f 692/764/1 673/766/1 672/762/1
f 820/765/1 801/767/1 800/763/1
f 691/768/1 673/766/1 692/764/1
f 819/769/1 801/767/1 820/765/1
f 691/768/1 674/770/1 673/766/1
f 819/769/1 802/771/1 801/767/1
f 690/772/1 674/770/1 691/768/1
f 818/773/1 802/771/1 819/769/1
f 690/772/1 675/774/1 674/770/1
f 818/773/1 803/775/1 802/771/1
f 689/776/1 675/774/1 690/772/1
f 817/777/1 803/775/1 818/773/1
f 689/776/1 676/778/1 675/774/1
f 817/777/1 804/779/1 803/775/1
f 688/780/1 676/778/1 689/776/1
f 816/781/1 804/779/1 817/777/1
f 688/780/1 677/782/1 676/778/1
f 816/781/1 805/783/1 804/779/1
f 687/784/1 677/782/1 688/780/1
f 815/785/1 805/783/1 816/781/1
f 687/784/1 678/786/1 677/782/1
f 815/785/1 806/787/1 805/783/1
f 686/788/1 678/786/1 687/784/1
f 814/789/1 806/787/1 815/785/1
f 686/788/1 679/790/1 678/786/1
f 814/789/1 807/791/1 806/787/1
f 685/792/1 679/790/1 686/788/1
f 813/793/1 807/791/1 814/789/1
f 685/792/1 680/794/1 679/790/1
f 813/793/1 808/795/1 807/791/1
f 684/796/1 680/794/1 685/792/1
f 812/797/1 808/795/1 813/793/1
f 684/796/1 681/798/1 680/794/1
f 812/797/1 809/799/1 808/795/1
f 683/800/1 681/798/1 684/796/1
f 811/801/1 809/799/1 812/797/1
f 683/800/1 682/802/1 681/798/1
f 811/801/1 810/803/1 809/799/1
f 889/804/1 891/805/1 890/806/1
f 889/804/1 892/807/1 891/805/1
f 916/808/1 918/809/1 917/810/1
f 916/808/1 919/811/1 918/809/1
f 889/804/1 893/812/1 892/807/1
f 916/808/1 920/813/1 919/811/1
f 888/814/1 893/812/1 889/804/1
f 915/815/1 920/813/1 916/808/1
f 888/814/1 894/816/1 893/812/1
f 915/815/1 921/817/1 920/813/1
f 887/818/1 894/816/1 888/814/1
f 914/819/1 921/817/1 915/815/1
f 887/818/1 895/820/1 894/816/1
f 914/819/1 922/821/1 921/817/1
f 886/822/1 895/820/1 887/818/1
f 913/823/1 922/821/1 914/819/1
f 886/822/1 896/824/1 895/820/1
f 913/823/1 923/825/1 922/821/1
f 885/826/1 896/824/1 886/822/1
f 912/827/1 923/825/1 913/823/1
f 885/826/1 897/828/1 896/824/1
f 912/827/1 924/829/1 923/825/1
f 884/830/1 897/828/1 885/826/1
f 911/831/1 924/829/1 912/827/1
f 884/830/1 898/832/1 897/828/1
f 911/831/1 925/833/1 924/829/1
f 883/834/1 898/832/1 884/830/1
f 910/835/1 925/833/1 911/831/1
f 883/834/1 899/836/1 898/832/1
f 883/834/1 900/837/1 899/836/1
f 910/835/1 926/838/1 925/833/1
f 882/839/1 900/837/1 883/834/1
f 909/840/1 926/838/1 910/835/1
f 882/839/1 901/841/1 900/837/1
f 909/840/1 927/842/1 926/838/1
f 881/843/1 901/841/1 882/839/1
f 908/844/1 927/842/1 909/840/1
f 881/843/1 902/845/1 901/841/1
f 908/844/1 928/846/1 927/842/1
f 880/847/1 902/845/1 881/843/1
f 907/848/1 928/846/1 908/844/1
f 880/847/1 903/849/1 902/845/1
f 907/848/1 929/850/1 928/846/1
f 879/851/1 903/849/1 880/847/1
f 906/852/1 929/850/1 907/848/1
f 879/851/1 904/853/1 903/849/1
f 878/854/1 904/853/1 879/851/1
f 905/251/1 929/850/1 906/852/1
f 905/251/1 930/855/1 929/850/1
f 877/856/1 958/1/1 878/854/1
f 958/1/1 904/853/1 878/854/1
f 904/853/1 930/855/1 905/251/1
f 904/853/1 931/857/1 930/855/1
f 958/1/1 931/857/1 904/853/1
f 877/856/1 852/3/1 958/1/1
f 957/858/1 931/857/1 958/1/1
f 956/859/1 931/857/1 957/858/1
f 876/860/1 852/3/1 877/856/1
f 876/860/1 853/861/1 852/3/1
f 955/862/1 931/857/1 956/859/1
f 955/862/1 932/863/1 931/857/1
f 875/864/1 853/861/1 876/860/1
f 954/865/1 932/863/1 955/862/1
f 875/864/1 854/866/1 853/861/1
f 954/865/1 933/867/1 932/863/1
f 874/868/1 854/866/1 875/864/1
f 953/869/1 933/867/1 954/865/1
f 874/868/1 855/870/1 854/866/1
f 953/869/1 934/871/1 933/867/1
f 873/872/1 855/870/1 874/868/1
f 952/873/1 934/871/1 953/869/1
f 873/872/1 856/874/1 855/870/1
f 952/873/1 935/875/1 934/871/1
f 872/876/1 856/874/1 873/872/1
f 951/877/1 935/875/1 952/873/1
f 872/876/1 857/878/1 856/874/1
f 951/877/1 936/879/1 935/875/1
f 871/880/1 857/878/1 872/876/1
f 950/881/1 936/879/1 951/877/1
f 871/880/1 858/882/1 857/878/1
f 950/881/1 937/883/1 936/879/1
f 870/884/1 858/882/1 871/880/1
f 949/885/1 937/883/1 950/881/1
f 870/884/1 859/886/1 858/882/1
f 949/885/1 938/887/1 937/883/1
f 869/888/1 859/886/1 870/884/1
f 948/889/1 938/887/1 949/885/1
f 869/888/1 860/890/1 859/886/1
f 948/889/1 939/891/1 938/887/1
f 868/892/1 860/890/1 869/888/1
f 947/893/1 939/891/1 948/889/1
f 868/892/1 861/894/1 860/890/1
f 947/893/1 940/895/1 939/891/1
f 867/896/1 861/894/1 868/892/1
f 946/897/1 940/895/1 947/893/1
f 867/896/1 862/898/1 861/894/1
f 946/897/1 941/899/1 940/895/1
f 866/900/1 862/898/1 867/896/1
f 945/901/1 941/899/1 946/897/1
f 866/900/1 863/902/1 862/898/1
f 945/901/1 942/903/1 941/899/1
f 865/904/1 863/902/1 866/900/1
f 944/905/1 942/903/1 945/901/1
f 865/904/1 864/906/1 863/902/1
f 944/905/1 943/907/1 942/903/1
f 996/111/1 998/112/1 997/113/1
f 996/111/1 999/114/1 998/112/1
f 996/111/1 1000/115/1 999/114/1
f 995/116/1 1000/115/1 996/111/1
f 995/116/1 1001/117/1 1000/115/1
f 994/118/1 1001/117/1 995/116/1
f 994/118/1 1002/119/1 1001/117/1
f 993/120/1 1002/119/1 994/118/1
f 993/120/1 1003/121/1 1002/119/1
f 993/120/1 1004/122/1 1003/121/1
f 992/123/1 1004/122/1 993/120/1
f 992/123/1 1005/124/1 1004/122/1
f 991/125/1 1005/124/1 992/123/1
f 991/125/1 1006/126/1 1005/124/1
f 990/127/1 1006/126/1 991/125/1
f 990/127/1 1007/128/1 1006/126/1
f 990/127/1 1008/129/1 1007/128/1
f 989/130/1 1008/129/1 990/127/1
f 989/130/1 1009/131/1 1008/129/1
f 988/132/1 1009/131/1 989/130/1
f 988/132/1 1010/133/1 1009/131/1
f 987/134/1 1010/133/1 988/132/1
f 987/134/1 1011/135/1 1010/133/1
f 987/134/1 1012/136/1 1011/135/1
f 986/137/1 1012/136/1 987/134/1
f 986/137/1 1013/138/1 1012/136/1
f 985/139/1 1013/138/1 986/137/1
f 985/139/1 1014/140/1 1013/138/1
f 984/141/1 1137/142/1 985/139/1
f 1137/142/1 1014/140/1 985/139/1
f 1137/142/1 1015/143/1 1014/140/1
f 1137/142/1 1016/144/1 1015/143/1
f 1137/142/1 1017/145/1 1016/144/1
f 1137/142/1 1018/146/1 1017/145/1
f 1137/142/1 1019/147/1 1018/146/1
f 1137/142/1 1020/148/1 1019/147/1
f 1137/142/1 1021/149/1 1020/148/1
f 1137/142/1 1022/150/1 1021/149/1
f 1137/142/1 1023/151/1 1022/150/1
f 1137/142/1 1024/152/1 1023/151/1
f 1137/142/1 1025/153/1 1024/152/1
f 1137/142/1 1026/154/1 1025/153/1
f 1137/142/1 1027/155/1 1026/154/1
f 1137/142/1 1028/156/1 1027/155/1
f 1137/142/1 1029/157/1 1028/156/1
f 1137/142/1 1030/158/1 1029/157/1
f 1137/142/1 1031/159/1 1030/158/1
f 1137/142/1 1032/160/1 1031/159/1
f 1137/142/1 1033/161/1 1032/160/1
f 1137/142/1 1034/162/1 1033/161/1
f 1137/142/1 1136/163/1 1034/162/1
f 1136/163/1 1187/1/1 1034/162/1
f 1187/1/1 1186/164/1 1034/162/1
f 1186/164/1 1185/165/1 1034/162/1
f 1185/165/1 1035/2/1 1034/162/1
f 984/141/1 1138/166/1 1137/142/1
f 1184/167/1 1035/2/1 1185/165/1
f 1183/168/1 1035/2/1 1184/167/1
f 1182/169/1 1035/2/1 1183/168/1
f 1181/170/1 1035/2/1 1182/169/1
f 1180/171/1 1035/2/1 1181/170/1
f 1179/172/1 1035/2/1 1180/171/1
f 1178/173/1 1035/2/1 1179/172/1
f 1177/174/1 1035/2/1 1178/173/1
f 1176/175/1 1035/2/1 1177/174/1
f 1175/176/1 1035/2/1 1176/175/1
f 1174/177/1 1035/2/1 1175/176/1
f 1173/178/1 1035/2/1 1174/177/1
f 1172/179/1 1035/2/1 1173/178/1
f 1171/180/1 1035/2/1 1172/179/1
f 1170/181/1 1035/2/1 1171/180/1
f 1169/182/1 1035/2/1 1170/181/1
f 1168/183/1 1035/2/1 1169/182/1
f 1168/183/1 1036/184/1 1035/2/1
f 1167/185/1 1036/184/1 1168/183/1
f 1166/186/1 1036/184/1 1167/185/1
f 1166/186/1 1037/187/1 1036/184/1
f 1165/188/1 1037/187/1 1166/186/1
f 1164/189/1 1037/187/1 1165/188/1
f 1164/189/1 1038/190/1 1037/187/1
f 1163/191/1 1038/190/1 1164/189/1
f 1163/191/1 1039/192/1 1038/190/1
f 1163/191/1 1040/193/1 1039/192/1
f 1163/191/1 1041/194/1 1040/193/1
f 1163/191/1 1042/195/1 1041/194/1
f 1163/191/1 1043/196/1 1042/195/1
f 1162/197/1 1043/196/1 1163/191/1
f 1162/197/1 1044/198/1 1043/196/1
f 1161/199/1 1044/198/1 1162/197/1
f 1160/200/1 1044/198/1 1161/199/1
f 1160/200/1 1045/201/1 1044/198/1
f 1159/202/1 1045/201/1 1160/200/1
f 1158/203/1 1045/201/1 1159/202/1
f 1158/203/1 1046/204/1 1045/201/1
f 1157/205/1 1046/204/1 1158/203/1
f 1157/205/1 1047/206/1 1046/204/1
f 1156/207/1 1047/206/1 1157/205/1
f 1155/208/1 1047/206/1 1156/207/1
f 1155/208/1 1048/209/1 1047/206/1
f 1154/210/1 1048/209/1 1155/208/1
f 1153/211/1 1048/209/1 1154/210/1
f 1153/211/1 1049/212/1 1048/209/1
f 1152/213/1 1049/212/1 1153/211/1
f 1151/214/1 1049/212/1 1152/213/1
f 1151/214/1 1050/215/1 1049/212/1
f 1150/216/1 1050/215/1 1151/214/1
f 1149/217/1 1050/215/1 1150/216/1
f 1149/217/1 1051/218/1 1050/215/1
f 1148/219/1 1051/218/1 1149/217/1
f 1147/220/1 1051/218/1 1148/219/1
f 1147/220/1 1052/221/1 1051/218/1
f 1146/222/1 1052/221/1 1147/220/1
f 1145/223/1 1052/221/1 1146/222/1
f 1144/224/1 1052/221/1 1145/223/1
f 1144/224/1 1053/225/1 1052/221/1
f 1143/226/1 1053/225/1 1144/224/1
f 1142/227/1 1053/225/1 1143/226/1
f 1141/228/1 1053/225/1 1142/227/1
f 1140/229/1 1053/225/1 1141/228/1
f 1139/230/1 1053/225/1 1140/229/1
f 984/141/1 1139/230/1 1138/166/1
f 984/141/1 1135/231/1 1139/230/1
f 1135/231/1 1053/225/1 1139/230/1
f 1135/231/1 1054/232/1 1053/225/1
f 1135/231/1 1055/233/1 1054/232/1
f 1135/231/2 1059/234/2 1055/233/2
f 1059/234/1 1056/235/1 1055/233/1
f 1059/234/1 1057/236/1 1056/235/1
f 1059/234/1 1058/237/1 1057/236/1
f 1135/231/1 1060/238/1 1059/234/1
f 1135/231/1 1061/239/1 1060/238/1
f 1135/231/1 1062/240/1 1061/239/1
f 1135/231/1 1063/241/1 1062/240/1
f 1135/231/1 1064/242/1 1063/241/1
f 1135/231/1 1065/243/1 1064/242/1
f 1135/231/1 1066/244/1 1065/243/1
f 1135/231/1 1067/245/1 1066/244/1
f 1135/231/1 1068/246/1 1067/245/1
f 1135/231/1 1069/247/1 1068/246/1
f 1135/231/1 1070/248/1 1069/247/1
f 1135/231/1 1071/249/1 1070/248/1
f 1135/231/1 1072/250/1 1071/249/1
f 1135/231/1 1073/251/1 1072/250/1
f 1135/231/1 1074/252/1 1073/251/1
f 1135/231/1 1075/253/1 1074/252/1
f 1135/231/1 1076/254/1 1075/253/1
f 1135/231/1 1077/255/1 1076/254/1
f 1135/231/1 1078/256/1 1077/255/1
f 1135/231/1 1079/257/1 1078/256/1
f 1135/231/1 1080/258/1 1079/257/1
f 1135/231/1 1081/259/1 1080/258/1
f 1135/231/1 1082/260/1 1081/259/1
f 1135/231/1 1083/261/1 1082/260/1
f 1135/231/1 1134/262/1 1083/261/1
f 1134/262/1 1133/263/1 1083/261/1
f 1133/263/1 1132/264/1 1083/261/1
f 1132/264/1 1131/265/1 1083/261/1
f 1131/265/1 1130/266/1 1083/261/1
f 1130/266/1 1129/267/1 1083/261/1
f 1129/267/1 1128/268/1 1083/261/1
f 1128/268/1 1127/269/1 1083/261/1
f 1127/269/1 1126/270/1 1083/261/1
f 1126/270/1 1125/271/1 1083/261/1
f 1125/271/1 1124/272/1 1083/261/1
f 1124/272/1 1084/273/1 1083/261/1
f 984/141/1 959/3/1 1135/231/1
f 1123/274/1 1084/273/1 1124/272/1
f 1122/275/3 1084/273/3 1123/274/3
f 1121/276/1 1084/273/1 1122/275/1
f 1120/277/3 1084/273/3 1121/276/3
f 1119/278/1 1084/273/1 1120/277/1
f 1118/279/1 1084/273/1 1119/278/1
f 1117/280/1 1084/273/1 1118/279/1
f 1116/281/1 1084/273/1 1117/280/1
f 1115/282/1 1084/273/1 1116/281/1
f 1114/283/1 1084/273/1 1115/282/1
f 1113/284/1 1084/273/1 1114/283/1
f 1112/285/1 1084/273/1 1113/284/1
f 1111/4/1 1084/273/1 1112/285/1
f 1110/286/1 1084/273/1 1111/4/1
f 1109/287/1 1084/273/1 1110/286/1
f 983/288/1 959/3/1 984/141/1
f 983/288/1 960/289/1 959/3/1
f 1108/290/1 1084/273/1 1109/287/1
f 1108/290/1 1085/291/1 1084/273/1
f 982/292/1 960/289/1 983/288/1
f 1107/293/1 1085/291/1 1108/290/1
f 982/292/1 961/294/1 960/289/1
f 1107/293/1 1086/295/1 1085/291/1
f 981/296/1 961/294/1 982/292/1
f 1106/297/1 1086/295/1 1107/293/1
f 981/296/1 962/298/1 961/294/1
f 1106/297/1 1087/299/1 1086/295/1
f 980/300/1 962/298/1 981/296/1
f 1105/301/1 1087/299/1 1106/297/1
f 980/300/1 963/302/1 962/298/1
f 1105/301/1 1088/303/1 1087/299/1
f 979/304/1 963/302/1 980/300/1
f 1104/305/1 1088/303/1 1105/301/1
f 979/304/1 964/306/1 963/302/1
f 1104/305/1 1089/307/1 1088/303/1
f 978/308/1 964/306/1 979/304/1
f 1103/309/1 1089/307/1 1104/305/1
f 978/308/1 965/310/1 964/306/1
f 1103/309/1 1090/311/1 1089/307/1
f 977/312/1 965/310/1 978/308/1
f 1102/313/1 1090/311/1 1103/309/1
f 977/312/1 966/314/1 965/310/1
f 1102/313/1 1091/315/1 1090/311/1
f 976/316/1 966/314/1 977/312/1
f 1101/317/1 1091/315/1 1102/313/1
f 976/316/1 967/318/1 966/314/1
f 1101/317/1 1092/319/1 1091/315/1
f 975/320/1 967/318/1 976/316/1
f 1100/321/1 1092/319/1 1101/317/1
f 975/320/1 968/322/1 967/318/1
f 1100/321/1 1093/323/1 1092/319/1
f 974/324/1 968/322/1 975/320/1
f 1099/325/1 1093/323/1 1100/321/1
f 974/324/1 969/326/1 968/322/1
f 1099/325/1 1094/327/1 1093/323/1
f 973/328/1 969/326/1 974/324/1
f 1098/329/1 1094/327/1 1099/325/1
f 973/328/1 970/330/1 969/326/1
f 1098/329/1 1095/331/1 1094/327/1
f 972/332/1 970/330/1 973/328/1
f 1097/333/1 1095/331/1 1098/329/1
f 972/332/1 971/334/1 970/330/1
f 1097/333/1 1096/335/1 1095/331/1
f 1251/908/1 1253/909/1 1252/910/1
f 1251/908/1 1254/911/1 1253/909/1
f 1251/908/1 1255/912/1 1254/911/1
f 1250/913/1 1255/912/1 1251/908/1
f 1250/913/1 1256/914/1 1255/912/1
f 1249/915/1 1256/914/1 1250/913/1
f 1249/915/1 1257/916/1 1256/914/1
f 1248/917/1 1257/916/1 1249/915/1
f 1248/917/1 1258/918/1 1257/916/1
f 1247/919/1 1258/918/1 1248/917/1
f 1247/919/1 1259/920/1 1258/918/1
f 1246/921/1 1259/920/1 1247/919/1
f 1246/921/1 1260/922/1 1259/920/1
f 1245/923/1 1260/922/1 1246/921/1
f 1245/923/1 1261/924/1 1260/922/1
f 1244/925/1 1261/924/1 1245/923/1
f 1244/925/1 1262/926/1 1261/924/1
f 1243/927/1 1262/926/1 1244/925/1
f 1243/927/1 1263/928/1 1262/926/1
f 1242/929/1 1263/928/1 1243/927/1
f 1242/929/1 1264/930/1 1263/928/1
f 1241/931/1 1264/930/1 1242/929/1
f 1241/931/1 1265/932/1 1264/930/1
f 1240/933/1 1265/932/1 1241/931/1
f 1239/934/1 1265/932/1 1240/933/1
f 1239/934/1 1320/935/1 1265/932/1
f 1320/935/1 1319/936/1 1265/932/1
f 1319/936/1 1318/937/1 1265/932/1
f 1318/937/1 1345/1/1 1265/932/1
f 1345/1/1 1344/938/1 1265/932/1
f 1344/938/1 1343/939/1 1265/932/1
f 1343/939/1 1266/940/1 1265/932/1
f 1239/934/1 1321/941/1 1320/935/1
f 1342/942/1 1266/940/1 1343/939/1
f 1239/934/1 1322/943/1 1321/941/1
f 1341/944/1 1266/940/1 1342/942/1
f 1239/934/1 1323/945/1 1322/943/1
f 1340/946/1 1266/940/1 1341/944/1
f 1239/934/1 1324/947/1 1323/945/1
f 1339/948/1 1266/940/1 1340/946/1
f 1239/934/1 1325/949/1 1324/947/1
f 1338/950/1 1266/940/1 1339/948/1
f 1239/934/1 1326/951/1 1325/949/1
f 1337/952/1 1266/940/1 1338/950/1
f 1239/934/1 1327/953/1 1326/951/1
f 1336/954/1 1266/940/1 1337/952/1
f 1239/934/1 1328/955/1 1327/953/1
f 1335/956/1 1266/940/1 1336/954/1
f 1239/934/1 1329/957/1 1328/955/1
f 1334/958/1 1266/940/1 1335/956/1
f 1239/934/1 1330/959/1 1329/957/1
f 1333/960/1 1266/940/1 1334/958/1
f 1239/934/1 1331/961/1 1330/959/1
f 1332/962/1 1266/940/1 1333/960/1
f 1238/963/1 1331/961/1 1239/934/1
f 1332/962/1 1267/964/1 1266/940/1
f 1237/965/1 1331/961/1 1238/963/1
f 1332/962/1 1268/966/1 1267/964/1
f 1236/967/1 1331/961/1 1237/965/1
f 1332/962/1 1269/968/1 1268/966/1
f 1235/969/1 1331/961/1 1236/967/1
f 1332/962/1 1270/970/1 1269/968/1
f 1234/971/1 1331/961/1 1235/969/1
f 1332/962/1 1271/972/1 1270/970/1
f 1233/973/1 1331/961/1 1234/971/1
f 1332/962/1 1272/974/1 1271/972/1
f 1232/975/1 1331/961/1 1233/973/1
f 1332/962/1 1273/976/1 1272/974/1
f 1231/977/1 1331/961/1 1232/975/1
f 1332/962/1 1274/978/1 1273/976/1
f 1230/979/1 1331/961/1 1231/977/1
f 1332/962/1 1275/980/1 1274/978/1
f 1229/981/1 1331/961/1 1230/979/1
f 1332/962/1 1276/982/1 1275/980/1
f 1228/983/1 1331/961/1 1229/981/1
f 1332/962/1 1277/984/1 1276/982/1
f 1227/985/1 1331/961/1 1228/983/1
f 1332/962/1 1278/986/1 1277/984/1
f 1226/987/1 1331/961/1 1227/985/1
f 1332/962/1 1279/988/1 1278/986/1
f 1225/989/1 1331/961/1 1226/987/1
f 1332/962/1 1280/990/1 1279/988/1
f 1225/989/1 1332/962/1 1331/961/1
f 1225/989/1 1280/990/1 1332/962/1
f 1224/991/1 1280/990/1 1225/989/1
f 1224/991/1 1281/992/1 1280/990/1
f 1223/993/1 1281/992/1 1224/991/1
f 1223/993/1 1282/994/1 1281/992/1
f 1222/995/1 1282/994/1 1223/993/1
f 1222/995/1 1283/996/1 1282/994/1
f 1221/997/1 1283/996/1 1222/995/1
f 1221/997/1 1284/998/1 1283/996/1
f 1220/999/1 1284/998/1 1221/997/1
f 1220/999/1 1285/1000/1 1284/998/1
f 1219/1001/1 1285/1000/1 1220/999/1
f 1219/1001/1 1286/1002/1 1285/1000/1
f 1218/1003/1 1286/1002/1 1219/1001/1
f 1218/1003/1 1287/1004/1 1286/1002/1
f 1217/1005/1 1287/1004/1 1218/1003/1
f 1217/1005/1 1288/1006/1 1287/1004/1
f 1216/1007/1 1288/1006/1 1217/1005/1
f 1216/1007/1 1289/1008/1 1288/1006/1
f 1215/1009/1 1289/1008/1 1216/1007/1
f 1215/1009/1 1290/1010/1 1289/1008/1
f 1214/1011/1 1188/3/1 1215/1009/1
f 1188/3/1 1290/1010/1 1215/1009/1
f 1188/3/1 1317/1012/1 1290/1010/1
f 1317/1012/1 1291/1013/1 1290/1010/1
f 1214/1011/1 1189/1014/1 1188/3/1
f 1316/1015/1 1291/1013/1 1317/1012/1
f 1213/1016/1 1189/1014/1 1214/1011/1
f 1213/1016/1 1190/1017/1 1189/1014/1
f 1315/1018/1 1291/1013/1 1316/1015/1
f 1315/1018/1 1292/1019/1 1291/1013/1
f 1212/1020/1 1190/1017/1 1213/1016/1
f 1314/1021/1 1292/1019/1 1315/1018/1
f 1212/1020/1 1191/1022/1 1190/1017/1
f 1314/1021/1 1293/1023/1 1292/1019/1
f 1211/1024/1 1191/1022/1 1212/1020/1
f 1313/1025/1 1293/1023/1 1314/1021/1
f 1211/1024/1 1192/1026/1 1191/1022/1
f 1313/1025/1 1294/1027/1 1293/1023/1
f 1210/1028/1 1192/1026/1 1211/1024/1
f 1312/1029/1 1294/1027/1 1313/1025/1
f 1210/1028/1 1193/1030/1 1192/1026/1
f 1312/1029/1 1295/1031/1 1294/1027/1
f 1209/1032/1 1193/1030/1 1210/1028/1
f 1311/1033/1 1295/1031/1 1312/1029/1
f 1209/1032/1 1194/1034/1 1193/1030/1
f 1311/1033/1 1296/1035/1 1295/1031/1
f 1208/1036/1 1194/1034/1 1209/1032/1
f 1310/1037/1 1296/1035/1 1311/1033/1
f 1208/1036/1 1195/1038/1 1194/1034/1
f 1310/1037/1 1297/1039/1 1296/1035/1
f 1207/1040/1 1195/1038/1 1208/1036/1
f 1309/1041/1 1297/1039/1 1310/1037/1
f 1207/1040/1 1196/1042/1 1195/1038/1
f 1309/1041/1 1298/1043/1 1297/1039/1
f 1206/1044/1 1196/1042/1 1207/1040/1
f 1308/1045/1 1298/1043/1 1309/1041/1
f 1206/1044/1 1197/1046/1 1196/1042/1
f 1308/1045/1 1299/1047/1 1298/1043/1
f 1205/1048/1 1197/1046/1 1206/1044/1
f 1307/1049/1 1299/1047/1 1308/1045/1
f 1205/1048/1 1198/1050/1 1197/1046/1
f 1307/1049/1 1300/1051/1 1299/1047/1
f 1204/1052/1 1198/1050/1 1205/1048/1
f 1306/1053/1 1300/1051/1 1307/1049/1
f 1204/1052/1 1199/1054/1 1198/1050/1
f 1306/1053/1 1301/1055/1 1300/1051/1
f 1203/1056/1 1199/1054/1 1204/1052/1
f 1305/1057/1 1301/1055/1 1306/1053/1
f 1203/1056/1 1200/1058/1 1199/1054/1
f 1305/1057/1 1302/1059/1 1301/1055/1
f 1202/1060/1 1200/1058/1 1203/1056/1
f 1304/1061/1 1302/1059/1 1305/1057/1
f 1202/1060/1 1201/1062/1 1200/1058/1
f 1304/1061/1 1303/1063/1 1302/1059/1
f 1383/5/1 1385/6/1 1384/7/1
f 1383/5/1 1386/8/1 1385/6/1
f 1383/5/1 1387/9/1 1386/8/1
f 1382/10/1 1387/9/1 1383/5/1
f 1382/10/1 1388/11/1 1387/9/1
f 1381/12/1 1388/11/1 1382/10/1
f 1381/12/1 1389/13/1 1388/11/1
f 1380/14/1 1389/13/1 1381/12/1
f 1380/14/1 1390/15/1 1389/13/1
f 1379/16/1 1390/15/1 1380/14/1
f 1379/16/1 1391/17/1 1390/15/1
f 1378/18/1 1391/17/1 1379/16/1
f 1378/18/1 1392/19/1 1391/17/1
f 1377/20/1 1392/19/1 1378/18/1
f 1377/20/1 1393/21/1 1392/19/1
f 1376/22/1 1393/21/1 1377/20/1
f 1376/22/1 1394/23/1 1393/21/1
f 1375/24/1 1394/23/1 1376/22/1
f 1375/24/1 1395/25/1 1394/23/1
f 1374/26/1 1395/25/1 1375/24/1
f 1374/26/1 1396/27/1 1395/25/1
f 1373/28/1 1396/27/1 1374/26/1
f 1372/29/1 1396/27/1 1373/28/1
f 1372/29/1 1397/30/1 1396/27/1
f 1371/31/1 1411/32/1 1372/29/1
f 1411/32/1 1397/30/1 1372/29/1
f 1411/32/1 1398/33/1 1397/30/1
f 1411/32/1 1399/34/1 1398/33/1
f 1411/32/1 1400/35/1 1399/34/1
f 1411/32/1 1401/36/1 1400/35/1
f 1411/32/1 1402/37/1 1401/36/1
f 1411/32/1 1403/38/1 1402/37/1
f 1411/32/1 1404/39/1 1403/38/1
f 1411/32/1 1405/40/1 1404/39/1
f 1411/32/1 1406/41/1 1405/40/1
f 1411/32/1 1407/42/1 1406/41/1
f 1411/32/1 1408/43/1 1407/42/1
f 1411/32/1 1409/44/1 1408/43/1
f 1411/32/1 1410/45/1 1409/44/1
f 1371/31/1 1412/46/1 1411/32/1
f 1371/31/1 1439/47/1 1412/46/1
f 1439/47/1 1413/48/1 1412/46/1
f 1439/47/1 1414/49/1 1413/48/1
f 1439/47/1 1415/50/1 1414/49/1
f 1439/47/1 1416/51/1 1415/50/1
f 1439/47/1 1417/52/1 1416/51/1
f 1439/47/1 1418/53/1 1417/52/1
f 1439/47/1 1419/54/1 1418/53/1
f 1439/47/1 1420/55/1 1419/54/1
f 1439/47/1 1421/56/1 1420/55/1
f 1439/47/1 1422/57/1 1421/56/1
f 1439/47/1 1423/58/1 1422/57/1
f 1439/47/1 1424/59/1 1423/58/1
f 1439/47/1 1425/60/1 1424/59/1
f 1439/47/1 1426/61/1 1425/60/1
f 1439/47/1 1427/62/1 1426/61/1
f 1439/47/1 1428/63/1 1427/62/1
f 1439/47/1 1429/64/1 1428/63/1
f 1439/47/1 1430/65/1 1429/64/1
f 1439/47/1 1431/66/1 1430/65/1
f 1439/47/1 1432/67/1 1431/66/1
f 1439/47/1 1433/68/1 1432/67/1
f 1439/47/1 1434/69/1 1433/68/1
f 1439/47/1 1435/70/1 1434/69/1
f 1439/47/1 1436/71/1 1435/70/1
f 1439/47/1 1437/72/1 1436/71/1
f 1439/47/1 1438/73/1 1437/72/1
f 1371/31/1 1440/74/1 1439/47/1
f 1371/31/1 1441/75/1 1440/74/1
f 1371/31/1 1442/76/1 1441/75/1
f 1371/31/1 1443/77/1 1442/76/1
f 1371/31/1 1444/78/1 1443/77/1
f 1371/31/1 1445/79/1 1444/78/1
f 1371/31/1 1446/80/1 1445/79/1
f 1371/31/1 1447/81/1 1446/80/1
f 1371/31/1 1448/82/1 1447/81/1
f 1371/31/1 1449/83/1 1448/82/1
f 1371/31/1 1450/84/1 1449/83/1
f 1371/31/1 1451/85/1 1450/84/1
f 1371/31/1 1452/86/1 1451/85/1
f 1371/31/1 1453/1/1 1452/86/1
f 1371/31/1 1346/3/1 1453/1/1
f 1370/87/1 1346/3/1 1371/31/1
f 1370/87/1 1347/88/1 1346/3/1
f 1369/89/1 1347/88/1 1370/87/1
f 1369/89/1 1348/90/1 1347/88/1
f 1368/91/1 1348/90/1 1369/89/1
f 1368/91/1 1349/92/1 1348/90/1
f 1367/93/1 1349/92/1 1368/91/1
f 1367/93/1 1350/94/1 1349/92/1
f 1366/95/1 1350/94/1 1367/93/1
f 1366/95/1 1351/96/1 1350/94/1
f 1365/97/1 1351/96/1 1366/95/1
f 1365/97/1 1352/98/1 1351/96/1
f 1364/99/1 1352/98/1 1365/97/1
f 1364/99/1 1353/100/1 1352/98/1
f 1363/101/1 1353/100/1 1364/99/1
f 1363/101/1 1354/102/1 1353/100/1
f 1362/103/1 1354/102/1 1363/101/1
f 1362/103/1 1355/104/1 1354/102/1
f 1361/105/1 1355/104/1 1362/103/1
f 1361/105/1 1356/106/1 1355/104/1
f 1360/107/1 1356/106/1 1361/105/1
f 1360/107/1 1357/108/1 1356/106/1
f 1359/109/1 1357/108/1 1360/107/1
f 1359/109/1 1358/110/1 1357/108/1
f 1491/1064/1 1493/1065/1 1492/1066/1
f 1491/1064/1 1494/1067/1 1493/1065/1
f 1491/1064/1 1495/1068/1 1494/1067/1
f 1490/1069/1 1495/1068/1 1491/1064/1
f 1490/1069/1 1496/1070/1 1495/1068/1
f 1489/1071/1 1496/1070/1 1490/1069/1
f 1489/1071/1 1497/1072/1 1496/1070/1
f 1488/1073/1 1497/1072/1 1489/1071/1
f 1488/1073/1 1498/1074/1 1497/1072/1
f 1487/1075/1 1498/1074/1 1488/1073/1
f 1487/1075/1 1499/1076/1 1498/1074/1
f 1486/1077/1 1499/1076/1 1487/1075/1
f 1486/1077/1 1500/1078/1 1499/1076/1
f 1485/1079/1 1500/1078/1 1486/1077/1
f 1485/1079/1 1501/1080/1 1500/1078/1
f 1484/1081/1 1501/1080/1 1485/1079/1
f 1484/1081/1 1502/1082/1 1501/1080/1
f 1483/1083/1 1502/1082/1 1484/1081/1
f 1483/1083/1 1503/1084/1 1502/1082/1
f 1482/1085/1 1503/1084/1 1483/1083/1
f 1482/1085/1 1504/1086/1 1503/1084/1
f 1481/1087/1 1504/1086/1 1482/1085/1
f 1480/1088/1 1504/1086/1 1481/1087/1
f 1480/1088/1 1505/1089/1 1504/1086/1
f 1479/1090/1 1505/1089/1 1480/1088/1
f 1479/1090/1 1506/1091/1 1505/1089/1
f 1519/1092/1 1521/1093/1 1520/1094/1
f 1519/1092/1 1522/1095/1 1521/1093/1
f 1519/1092/1 1523/1096/1 1522/1095/1
f 1518/1097/1 1523/1096/1 1519/1092/1
f 1518/1097/1 1524/1098/1 1523/1096/1
f 1517/1099/1 1524/1098/1 1518/1097/1
f 1517/1099/1 1525/1100/1 1524/1098/1
f 1516/1101/1 1525/1100/1 1517/1099/1
f 1516/1101/1 1526/1102/1 1525/1100/1
f 1515/1103/1 1526/1102/1 1516/1101/1
f 1515/1103/1 1527/1104/1 1526/1102/1
f 1514/1105/1 1527/1104/1 1515/1103/1
f 1514/1105/1 1528/1106/1 1527/1104/1
f 1513/1107/1 1528/1106/1 1514/1105/1
f 1513/1107/1 1529/1108/1 1528/1106/1
f 1512/1109/1 1529/1108/1 1513/1107/1
f 1512/1109/1 1530/1110/1 1529/1108/1
f 1511/1111/1 1530/1110/1 1512/1109/1
f 1511/1111/1 1531/1112/1 1530/1110/1
f 1510/1113/1 1531/1112/1 1511/1111/1
f 1510/1113/1 1532/1114/1 1531/1112/1
f 1509/1115/1 1532/1114/1 1510/1113/1
f 1509/1115/1 1533/1/1 1532/1114/1
f 1508/1116/1 1533/1/1 1509/1115/1
f 1507/1117/1 1533/1/1 1508/1116/1
f 1507/1117/1 1454/3/1 1533/1/1
f 1479/1090/1 1507/1117/1 1506/1091/1
f 1479/1090/1 1454/3/1 1507/1117/1
f 1478/1118/1 1454/3/1 1479/1090/1
f 1478/1118/1 1455/1119/1 1454/3/1
f 1477/1120/1 1455/1119/1 1478/1118/1
f 1477/1120/1 1456/1121/1 1455/1119/1
f 1476/1122/1 1456/1121/1 1477/1120/1
f 1476/1122/1 1457/1123/1 1456/1121/1
f 1475/1124/1 1457/1123/1 1476/1122/1
f 1475/1124/1 1458/1125/1 1457/1123/1
f 1474/1126/1 1458/1125/1 1475/1124/1
f 1474/1126/1 1459/1127/1 1458/1125/1
f 1473/1128/1 1459/1127/1 1474/1126/1
f 1473/1128/1 1460/1129/1 1459/1127/1
f 1472/1130/1 1460/1129/1 1473/1128/1
f 1472/1130/1 1461/1131/1 1460/1129/1
f 1471/1132/1 1461/1131/1 1472/1130/1
f 1471/1132/1 1462/1133/1 1461/1131/1
f 1470/1134/1 1462/1133/1 1471/1132/1
f 1470/1134/1 1463/1135/1 1462/1133/1
f 1469/1136/1 1463/1135/1 1470/1134/1
f 1469/1136/1 1464/1137/1 1463/1135/1
f 1468/1138/1 1464/1137/1 1469/1136/1
f 1468/1138/1 1465/1139/1 1464/1137/1
f 1467/1140/1 1465/1139/1 1468/1138/1
f 1467/1140/1 1466/1141/1 1465/1139/1
f 1537/1/5 1534/3/5 1535/2/5
f 1537/1/5 1535/2/5 1536/4/5
f 1541/1/5 1538/3/5 1539/2/5
f 1541/1/5 1539/2/5 1540/4/5
f 1545/1/5 1542/3/5 1543/2/5
f 1545/1/5 1543/2/5 1544/4/5
f 1549/1/5 1546/3/5 1547/2/5
f 1549/1/5 1547/2/5 1548/4/5
f 1553/1/5 1550/3/5 1551/2/5
f 1553/1/5 1551/2/5 1552/4/5
f 1557/1/5 1554/3/5 1555/2/5
f 1557/1/5 1555/2/5 1556/4/5
f 1561/1/5 1558/3/5 1559/2/5
f 1561/1/5 1559/2/5 1560/4/5
f 1565/1/5 1562/3/5 1563/2/5
f 1565/1/5 1563/2/5 1564/4/5
f 1569/1/5 1566/3/5 1567/2/5
f 1569/1/5 1567/2/5 1568/4/5
f 1573/1/5 1570/3/5 1571/2/5
f 1573/1/5 1571/2/5 1572/4/5
f 1611/5/5 1612/7/5 1613/6/5
f 1611/5/5 1613/6/5 1614/8/5
f 1611/5/5 1614/8/5 1615/9/5
f 1610/10/5 1611/5/5 1615/9/5
f 1610/10/5 1615/9/5 1616/11/5
f 1609/12/5 1610/10/5 1616/11/5
f 1609/12/5 1616/11/5 1617/13/5
f 1608/14/5 1609/12/5 1617/13/5
f 1608/14/5 1617/13/5 1618/15/5
f 1607/16/5 1608/14/5 1618/15/5
f 1607/16/5 1618/15/5 1619/17/5
f 1606/18/5 1607/16/5 1619/17/5
f 1606/18/5 1619/17/5 1620/19/5
f 1605/20/5 1606/18/5 1620/19/5
f 1605/20/5 1620/19/5 1621/21/5
f 1604/22/5 1605/20/5 1621/21/5
f 1604/22/5 1621/21/5 1622/23/5
f 1603/24/5 1604/22/5 1622/23/5
f 1603/24/5 1622/23/5 1623/25/5
f 1602/26/5 1603/24/5 1623/25/5
f 1602/26/5 1623/25/5 1624/27/5
f 1601/28/5 1602/26/5 1624/27/5
f 1600/29/5 1601/28/5 1624/27/5
f 1600/29/5 1624/27/5 1625/30/5
f 1599/31/5 1600/29/5 1639/32/5
f 1639/32/5 1600/29/5 1625/30/5
f 1639/32/5 1625/30/5 1626/33/5
f 1639/32/5 1626/33/5 1627/34/5
f 1639/32/5 1627/34/5 1628/35/5
f 1639/32/5 1628/35/5 1629/36/5
f 1639/32/5 1629/36/5 1630/37/5
f 1639/32/5 1630/37/5 1631/38/5
f 1639/32/5 1631/38/5 1632/39/5
f 1639/32/5 1632/39/5 1633/40/5
f 1639/32/5 1633/40/5 1634/41/5
f 1639/32/5 1634/41/5 1635/42/5
f 1639/32/5 1635/42/5 1636/43/5
f 1639/32/5 1636/43/5 1637/44/5
f 1639/32/5 1637/44/5 1638/45/5
f 1599/31/5 1639/32/5 1640/46/5
f 1599/31/5 1640/46/5 1667/47/5
f 1667/47/5 1640/46/5 1641/48/5
f 1667/47/5 1641/48/5 1642/49/5
f 1667/47/5 1642/49/5 1643/50/5
f 1667/47/5 1643/50/5 1644/51/5
f 1667/47/5 1644/51/5 1645/52/5
f 1667/47/5 1645/52/5 1646/53/5
f 1667/47/5 1646/53/5 1647/54/5
f 1667/47/5 1647/54/5 1648/55/5
f 1667/47/5 1648/55/5 1649/56/5
f 1667/47/5 1649/56/5 1650/57/5
f 1667/47/5 1650/57/5 1651/58/5
f 1667/47/5 1651/58/5 1652/59/5
f 1667/47/5 1652/59/5 1653/60/5
f 1667/47/5 1653/60/5 1654/61/5
f 1667/47/5 1654/61/5 1655/62/5
f 1667/47/5 1655/62/5 1656/63/5
f 1667/47/5 1656/63/5 1657/64/5
f 1667/47/5 1657/64/5 1658/65/5
f 1667/47/5 1658/65/5 1659/66/5
f 1667/47/5 1659/66/5 1660/67/5
f 1667/47/5 1660/67/5 1661/68/5
f 1667/47/5 1661/68/5 1662/69/5
f 1667/47/5 1662/69/5 1663/70/5
f 1667/47/5 1663/70/5 1664/71/5
f 1667/47/5 1664/71/5 1665/72/5
f 1667/47/5 1665/72/5 1666/73/5
f 1599/31/5 1667/47/5 1668/74/5
f 1599/31/5 1668/74/5 1669/75/5
f 1599/31/5 1669/75/5 1670/76/5
f 1599/31/5 1670/76/5 1671/77/5
f 1599/31/5 1671/77/5 1672/78/5
f 1599/31/5 1672/78/5 1673/79/5
f 1599/31/5 1673/79/5 1674/80/5
f 1599/31/5 1674/80/5 1675/81/5
f 1599/31/5 1675/81/5 1676/82/5
f 1599/31/5 1676/82/5 1677/83/5
f 1599/31/5 1677/83/5 1678/84/5
f 1599/31/5 1678/84/5 1679/85/5
f 1599/31/5 1679/85/5 1680/86/5
f 1599/31/5 1680/86/5 1681/1/5
f 1599/31/5 1681/1/5 1574/3/5
f 1598/87/5 1599/31/5 1574/3/5
f 1598/87/5 1574/3/5 1575/88/5
f 1597/89/5 1598/87/5 1575/88/5
f 1597/89/5 1575/88/5 1576/90/5
f 1596/91/5 1597/89/5 1576/90/5
f 1596/91/5 1576/90/5 1577/92/5
f 1595/93/5 1596/91/5 1577/92/5
f 1595/93/5 1577/92/5 1578/94/5
f 1594/95/5 1595/93/5 1578/94/5
f 1594/95/5 1578/94/5 1579/96/5
f 1593/97/5 1594/95/5 1579/96/5
f 1593/97/5 1579/96/5 1580/98/5
f 1592/99/5 1593/97/5 1580/98/5
f 1592/99/5 1580/98/5 1581/100/5
f 1591/101/5 1592/99/5 1581/100/5
f 1591/101/5 1581/100/5 1582/102/5
f 1590/103/5 1591/101/5 1582/102/5
f 1590/103/5 1582/102/5 1583/104/5
f 1589/105/5 1590/103/5 1583/104/5
f 1589/105/5 1583/104/5 1584/106/5
f 1588/107/5 1589/105/5 1584/106/5
f 1588/107/5 1584/106/5 1585/108/5
f 1587/109/5 1588/107/5 1585/108/5
f 1587/109/5 1585/108/5 1586/110/5
f 1719/111/5 1720/113/5 1721/112/5
f 1719/111/5 1721/112/5 1722/114/5
f 1719/111/5 1722/114/5 1723/115/5
f 1718/116/5 1719/111/5 1723/115/5
f 1718/116/5 1723/115/5 1724/117/5
f 1717/118/5 1718/116/5 1724/117/5
f 1717/118/5 1724/117/5 1725/119/5
f 1716/120/5 1717/118/5 1725/119/5
f 1716/120/5 1725/119/5 1726/121/5
f 1716/120/5 1726/121/5 1727/122/5
f 1715/123/5 1716/120/5 1727/122/5
f 1715/123/5 1727/122/5 1728/124/5
f 1714/125/5 1715/123/5 1728/124/5
f 1714/125/5 1728/124/5 1729/126/5
f 1713/127/5 1714/125/5 1729/126/5
f 1713/127/5 1729/126/5 1730/128/5
f 1713/127/5 1730/128/5 1731/129/5
f 1712/130/5 1713/127/5 1731/129/5
f 1712/130/5 1731/129/5 1732/131/5
f 1711/132/5 1712/130/5 1732/131/5
f 1711/132/5 1732/131/5 1733/133/5
f 1710/134/5 1711/132/5 1733/133/5
f 1710/134/5 1733/133/5 1734/135/5
f 1710/134/5 1734/135/5 1735/136/5
f 1709/137/5 1710/134/5 1735/136/5
f 1709/137/5 1735/136/5 1736/138/5
f 1708/139/5 1709/137/5 1736/138/5
f 1708/139/5 1736/138/5 1737/140/5
f 1707/141/5 1708/139/5 1860/142/5
f 1860/142/5 1708/139/5 1737/140/5
f 1860/142/5 1737/140/5 1738/143/5
f 1860/142/5 1738/143/5 1739/144/5
f 1860/142/5 1739/144/5 1740/145/5
f 1860/142/5 1740/145/5 1741/146/5
f 1860/142/5 1741/146/5 1742/147/5
f 1860/142/5 1742/147/5 1743/148/5
f 1860/142/5 1743/148/5 1744/149/5
f 1860/142/5 1744/149/5 1745/150/5
f 1860/142/5 1745/150/5 1746/151/5
f 1860/142/5 1746/151/5 1747/152/5
f 1860/142/5 1747/152/5 1748/153/5
f 1860/142/5 1748/153/5 1749/154/5
f 1860/142/5 1749/154/5 1750/155/5
f 1860/142/5 1750/155/5 1751/156/5
f 1860/142/5 1751/156/5 1752/157/5
f 1860/142/5 1752/157/5 1753/158/5
f 1860/142/5 1753/158/5 1754/159/5
f 1860/142/5 1754/159/5 1755/160/5
f 1860/142/5 1755/160/5 1756/161/5
f 1860/142/5 1756/161/5 1757/162/5
f 1860/142/5 1757/162/5 1859/163/5
f 1859/163/5 1757/162/5 1910/1/5
f 1910/1/5 1757/162/5 1909/164/5
f 1909/164/5 1757/162/5 1908/165/5
f 1908/165/5 1757/162/5 1758/2/5
f 1707/141/5 1860/142/5 1861/166/5
f 1907/167/5 1908/165/5 1758/2/5
f 1906/168/5 1907/167/5 1758/2/5
f 1905/169/5 1906/168/5 1758/2/5
f 1904/170/5 1905/169/5 1758/2/5
f 1903/171/5 1904/170/5 1758/2/5
f 1902/172/5 1903/171/5 1758/2/5
f 1901/173/5 1902/172/5 1758/2/5
f 1900/174/5 1901/173/5 1758/2/5
f 1899/175/5 1900/174/5 1758/2/5
f 1898/176/5 1899/175/5 1758/2/5
f 1897/177/5 1898/176/5 1758/2/5
f 1896/178/5 1897/177/5 1758/2/5
f 1895/179/5 1896/178/5 1758/2/5
f 1894/180/5 1895/179/5 1758/2/5
f 1893/181/5 1894/180/5 1758/2/5
f 1892/182/5 1893/181/5 1758/2/5
f 1891/183/5 1892/182/5 1758/2/5
f 1891/183/5 1758/2/5 1759/184/5
f 1890/185/5 1891/183/5 1759/184/5
f 1889/186/5 1890/185/5 1759/184/5
f 1889/186/5 1759/184/5 1760/187/5
f 1888/188/5 1889/186/5 1760/187/5
f 1887/189/5 1888/188/5 1760/187/5
f 1887/189/5 1760/187/5 1761/190/5
f 1886/191/5 1887/189/5 1761/190/5
f 1886/191/5 1761/190/5 1762/192/5
f 1886/191/5 1762/192/5 1763/193/5
f 1886/191/5 1763/193/5 1764/194/5
f 1886/191/5 1764/194/5 1765/195/5
f 1886/191/5 1765/195/5 1766/196/5
f 1885/197/5 1886/191/5 1766/196/5
f 1885/197/5 1766/196/5 1767/198/5
f 1884/199/5 1885/197/5 1767/198/5
f 1883/200/5 1884/199/5 1767/198/5
f 1883/200/5 1767/198/5 1768/201/5
f 1882/202/5 1883/200/5 1768/201/5
f 1881/203/5 1882/202/5 1768/201/5
f 1881/203/5 1768/201/5 1769/204/5
f 1880/205/5 1881/203/5 1769/204/5
f 1880/205/5 1769/204/5 1770/206/5
f 1879/207/5 1880/205/5 1770/206/5
f 1878/208/5 1879/207/5 1770/206/5
f 1878/208/5 1770/206/5 1771/209/5
f 1877/210/5 1878/208/5 1771/209/5
f 1876/211/5 1877/210/5 1771/209/5
f 1876/211/5 1771/209/5 1772/212/5
f 1875/213/5 1876/211/5 1772/212/5
f 1874/214/5 1875/213/5 1772/212/5
f 1874/214/5 1772/212/5 1773/215/5
f 1873/216/5 1874/214/5 1773/215/5
f 1872/217/5 1873/216/5 1773/215/5
f 1872/217/5 1773/215/5 1774/218/5
f 1871/219/5 1872/217/5 1774/218/5
f 1870/220/5 1871/219/5 1774/218/5
f 1870/220/5 1774/218/5 1775/221/5
f 1869/222/5 1870/220/5 1775/221/5
f 1868/223/5 1869/222/5 1775/221/5
f 1867/224/5 1868/223/5 1775/221/5
f 1867/224/5 1775/221/5 1776/225/5
f 1866/226/5 1867/224/5 1776/225/5
f 1865/227/5 1866/226/5 1776/225/5
f 1864/228/5 1865/227/5 1776/225/5
f 1863/229/5 1864/228/5 1776/225/5
f 1862/230/5 1863/229/5 1776/225/5
f 1707/141/5 1861/166/5 1862/230/5
f 1707/141/5 1862/230/5 1858/231/5
f 1858/231/5 1862/230/5 1776/225/5
f 1858/231/5 1776/225/5 1777/232/5
f 1858/231/5 1777/232/5 1778/233/5
f 1858/231/6 1778/233/6 1782/234/6
f 1782/234/5 1778/233/5 1779/235/5
f 1782/234/5 1779/235/5 1780/236/5
f 1782/234/5 1780/236/5 1781/237/5
f 1858/231/5 1782/234/5 1783/238/5
f 1858/231/5 1783/238/5 1784/239/5
f 1858/231/5 1784/239/5 1785/240/5
f 1858/231/5 1785/240/5 1786/241/5
f 1858/231/5 1786/241/5 1787/242/5
f 1858/231/5 1787/242/5 1788/243/5
f 1858/231/5 1788/243/5 1789/244/5
f 1858/231/5 1789/244/5 1790/245/5
f 1858/231/5 1790/245/5 1791/246/5
f 1858/231/5 1791/246/5 1792/247/5
f 1858/231/5 1792/247/5 1793/248/5
f 1858/231/5 1793/248/5 1794/249/5
f 1858/231/5 1794/249/5 1795/250/5
f 1858/231/5 1795/250/5 1796/251/5
f 1858/231/5 1796/251/5 1797/252/5
f 1858/231/5 1797/252/5 1798/253/5
f 1858/231/5 1798/253/5 1799/254/5
f 1858/231/5 1799/254/5 1800/255/5
f 1858/231/5 1800/255/5 1801/256/5
f 1858/231/5 1801/256/5 1802/257/5
f 1858/231/5 1802/257/5 1803/258/5
f 1858/231/5 1803/258/5 1804/259/5
f 1858/231/5 1804/259/5 1805/260/5
f 1858/231/5 1805/260/5 1806/261/5
f 1858/231/5 1806/261/5 1857/262/5
f 1857/262/5 1806/261/5 1856/263/5
f 1856/263/5 1806/261/5 1855/264/5
f 1855/264/5 1806/261/5 1854/265/5
f 1854/265/5 1806/261/5 1853/266/5
f 1853/266/5 1806/261/5 1852/267/5
f 1852/267/5 1806/261/5 1851/268/5
f 1851/268/5 1806/261/5 1850/269/5
f 1850/269/5 1806/261/5 1849/270/5
f 1849/270/5 1806/261/5 1848/271/5
f 1848/271/5 1806/261/5 1847/272/5
f 1847/272/5 1806/261/5 1807/273/5
f 1707/141/5 1858/231/5 1682/3/5
f 1846/274/5 1847/272/5 1807/273/5
f 1845/275/7 1846/274/7 1807/273/7
f 1844/276/5 1845/275/5 1807/273/5
f 1843/277/7 1844/276/7 1807/273/7
f 1842/278/5 1843/277/5 1807/273/5
f 1841/279/5 1842/278/5 1807/273/5
f 1840/280/5 1841/279/5 1807/273/5
f 1839/281/5 1840/280/5 1807/273/5
f 1838/282/5 1839/281/5 1807/273/5
f 1837/283/5 1838/282/5 1807/273/5
f 1836/284/5 1837/283/5 1807/273/5
f 1835/285/5 1836/284/5 1807/273/5
f 1834/4/5 1835/285/5 1807/273/5
f 1833/286/5 1834/4/5 1807/273/5
f 1832/287/5 1833/286/5 1807/273/5
f 1706/288/5 1707/141/5 1682/3/5
f 1706/288/5 1682/3/5 1683/289/5
f 1831/290/5 1832/287/5 1807/273/5
f 1831/290/5 1807/273/5 1808/291/5
f 1705/292/5 1706/288/5 1683/289/5
f 1830/293/5 1831/290/5 1808/291/5
f 1705/292/5 1683/289/5 1684/294/5
f 1830/293/5 1808/291/5 1809/295/5
f 1704/296/5 1705/292/5 1684/294/5
f 1829/297/5 1830/293/5 1809/295/5
f 1704/296/5 1684/294/5 1685/298/5
f 1829/297/5 1809/295/5 1810/299/5
f 1703/300/5 1704/296/5 1685/298/5
f 1828/301/5 1829/297/5 1810/299/5
f 1703/300/5 1685/298/5 1686/302/5
f 1828/301/5 1810/299/5 1811/303/5
f 1702/304/5 1703/300/5 1686/302/5
f 1827/305/5 1828/301/5 1811/303/5
f 1702/304/5 1686/302/5 1687/306/5
f 1827/305/5 1811/303/5 1812/307/5
f 1701/308/5 1702/304/5 1687/306/5
f 1826/309/5 1827/305/5 1812/307/5
f 1701/308/5 1687/306/5 1688/310/5
f 1826/309/5 1812/307/5 1813/311/5
f 1700/312/5 1701/308/5 1688/310/5
f 1825/313/5 1826/309/5 1813/311/5
f 1700/312/5 1688/310/5 1689/314/5
f 1825/313/5 1813/311/5 1814/315/5
f 1699/316/5 1700/312/5 1689/314/5
f 1824/317/5 1825/313/5 1814/315/5
f 1699/316/5 1689/314/5 1690/318/5
f 1824/317/5 1814/315/5 1815/319/5
f 1698/320/5 1699/316/5 1690/318/5
f 1823/321/5 1824/317/5 1815/319/5
f 1698/320/5 1690/318/5 1691/322/5
f 1823/321/5 1815/319/5 1816/323/5
f 1697/324/5 1698/320/5 1691/322/5
f 1822/325/5 1823/321/5 1816/323/5
f 1697/324/5 1691/322/5 1692/326/5
f 1822/325/5 1816/323/5 1817/327/5
f 1696/328/5 1697/324/5 1692/326/5
f 1821/329/5 1822/325/5 1817/327/5
f 1696/328/5 1692/326/5 1693/330/5
f 1821/329/5 1817/327/5 1818/331/5
f 1695/332/5 1696/328/5 1693/330/5
f 1820/333/5 1821/329/5 1818/331/5
f 1695/332/5 1693/330/5 1694/334/5
f 1820/333/5 1818/331/5 1819/335/5
f 2056/336/5 2057/338/5 2058/337/5
f 2055/339/5 2056/336/5 2058/337/5
f 2055/339/5 2058/337/5 2059/340/5
f 2054/341/5 2055/339/5 2059/340/5
f 2054/341/5 2059/340/5 2060/342/5
f 2053/343/5 2054/341/5 2060/342/5
f 2053/343/5 2060/342/5 2061/344/5
f 2052/345/5 2053/343/5 2061/344/5
f 2052/345/5 2061/344/5 2062/346/5
f 2051/347/5 2052/345/5 2062/346/5
f 2051/347/5 2062/346/5 2063/348/5
f 2050/349/5 2051/347/5 2063/348/5
f 2050/349/5 2063/348/5 2064/350/5
f 2049/351/5 2050/349/5 2064/350/5
f 2049/351/5 2064/350/5 2065/352/5
f 2048/353/5 2049/351/5 2065/352/5
f 2048/353/5 2065/352/5 2066/354/5
f 2047/355/5 2048/353/5 2066/354/5
f 2047/355/5 2066/354/5 2067/356/5
f 2046/357/5 2047/355/5 2067/356/5
f 2046/357/5 2067/356/5 2068/358/5
f 2045/359/5 2046/357/5 2068/358/5
f 2045/359/5 2068/358/5 2069/360/5
f 2044/361/5 2045/359/5 2069/360/5
f 2044/361/5 2069/360/5 2070/362/5
f 2043/363/5 2044/361/5 2070/362/5
f 2043/363/5 2070/362/5 2071/364/5
f 2042/365/5 2043/363/5 2071/364/5
f 2042/365/5 2071/364/5 2072/366/5
f 2041/367/5 2042/365/5 2072/366/5
f 2041/367/5 2072/366/5 2073/368/5
f 2040/369/5 2041/367/5 2073/368/5
f 2040/369/5 2073/368/5 2074/370/5
f 2039/371/5 2040/369/5 2074/370/5
f 2039/371/5 2074/370/5 2075/372/5
f 2038/373/5 2039/371/5 2075/372/5
f 2038/373/5 2075/372/5 2076/374/5
f 2037/375/5 2038/373/5 2076/374/5
f 2037/375/5 2076/374/5 2077/376/5
f 2036/377/5 2037/375/5 2077/376/5
f 2036/377/5 2077/376/5 2078/378/5
f 2035/379/5 2036/377/5 2078/378/5
f 2035/379/5 2078/378/5 2079/380/5
f 2034/381/5 2035/379/5 2079/380/5
f 2034/381/5 2079/380/5 2080/382/5
f 2033/383/5 2034/381/5 2080/382/5
f 2033/383/5 2080/382/5 2081/384/5
f 2032/385/5 2033/383/5 2081/384/5
f 2032/385/5 2081/384/5 2082/386/5
f 2032/385/5 2082/386/5 2083/387/5
f 2031/388/5 2032/385/5 2083/387/5
f 2031/388/5 2083/387/5 2084/389/5
f 2030/390/5 2031/388/5 2084/389/5
f 2030/390/5 2084/389/5 2085/391/5
f 2029/392/5 2030/390/5 2085/391/5
f 2029/392/5 2085/391/5 2086/393/5
f 2028/394/5 2029/392/5 2086/393/5
f 2028/394/5 2086/393/5 2087/395/5
f 2027/396/5 2028/394/5 2087/395/5
f 2027/396/5 2087/395/5 2088/397/5
f 2026/398/5 2027/396/5 2088/397/5
f 2026/398/5 2088/397/5 2089/399/5
f 2025/400/5 2026/398/5 2089/399/5
f 2025/400/5 2089/399/5 2090/401/5
f 2024/402/5 2025/400/5 2090/401/5
f 2024/402/5 2090/401/5 2091/403/5
f 2023/404/5 2024/402/5 2091/403/5
f 2022/405/5 2023/404/5 2091/403/5
f 2022/405/5 2091/403/5 2092/406/5
f 2021/407/5 2022/405/5 2092/406/5
f 2021/407/5 2092/406/5 2093/408/5
f 2020/409/5 2021/407/5 2093/408/5
f 2020/409/5 2093/408/5 2094/410/5
f 2019/411/5 2020/409/5 2094/410/5
f 2019/411/5 2094/410/5 2095/412/5
f 2018/413/5 2019/411/5 2095/412/5
f 2018/413/5 2095/412/5 2096/414/5
f 2017/415/5 2018/413/5 2096/414/5
f 2017/415/5 2096/414/5 2097/416/5
f 2016/417/5 2017/415/5 2097/416/5
f 2016/417/5 2097/416/5 2098/418/5
f 2015/419/5 2016/417/5 2098/418/5
f 2015/419/5 2098/418/5 2099/420/5
f 2014/421/5 2015/419/5 2099/420/5
f 2014/421/5 2099/420/5 2100/422/5
f 2013/423/5 2014/421/5 2100/422/5
f 2013/423/5 2100/422/5 2101/424/5
f 2012/425/5 2013/423/5 2101/424/5
f 2012/425/5 2101/424/5 2102/426/5
f 2011/427/5 2012/425/5 2102/426/5
f 2011/427/5 2102/426/5 2103/428/5
f 2010/429/5 2011/427/5 2103/428/5
f 2010/429/5 2103/428/5 2179/430/5
f 2179/430/5 2103/428/5 2104/431/5
f 2010/429/5 2179/430/5 2180/432/5
f 2178/433/5 2179/430/5 2104/431/5
f 2177/434/5 2178/433/5 2104/431/5
f 2010/429/5 2180/432/5 2181/435/5
f 2176/436/5 2177/434/5 2104/431/5
f 2010/429/5 2181/435/5 2182/437/5
f 2175/438/5 2176/436/5 2104/431/5
f 2010/429/5 2182/437/5 2183/439/5
f 2174/440/5 2175/438/5 2104/431/5
f 2010/429/5 2183/439/5 2184/441/5
f 2173/442/5 2174/440/5 2104/431/5
f 2010/429/5 2184/441/5 2185/443/5
f 2009/444/5 2010/429/5 2185/443/5
f 2173/442/5 2104/431/5 1911/3/5
f 2172/445/5 2173/442/5 1911/3/5
f 2009/444/5 2185/443/5 2186/446/5
f 2171/447/5 2172/445/5 1911/3/5
f 2009/444/5 2186/446/5 2187/448/5
f 2170/449/5 2171/447/5 1911/3/5
f 2009/444/5 2187/448/5 2188/450/5
f 2169/451/5 2170/449/5 1911/3/5
f 2009/444/5 2188/450/5 2189/452/5
f 2168/453/5 2169/451/5 1911/3/5
f 2009/444/5 2189/452/5 2190/454/5
f 2008/2/5 2009/444/5 2194/455/5
f 2194/455/5 2009/444/5 2193/456/5
f 2193/456/5 2009/444/5 2192/457/5
f 2192/457/5 2009/444/5 2191/458/5
f 2191/458/5 2009/444/5 2190/454/5
f 2168/453/5 1911/3/5 2167/459/5
f 2167/459/5 1911/3/5 2166/460/5
f 2166/460/5 1911/3/5 2165/461/5
f 2165/461/5 1911/3/5 2164/462/5
f 2164/462/5 1911/3/5 1912/463/5
f 2008/2/8 2194/455/8 2195/464/8
f 2163/465/5 2164/462/5 1912/463/5
f 2008/2/6 2195/464/6 2196/466/6
f 2162/467/5 2163/465/5 1912/463/5
f 2008/2/5 2196/466/5 2197/468/5
f 2161/469/5 2162/467/5 1912/463/5
f 2008/2/5 2197/468/5 2198/470/5
f 2160/471/5 2161/469/5 1912/463/5
f 2008/2/5 2198/470/5 2199/472/5
f 2159/473/5 2160/471/5 1912/463/5
f 2008/2/5 2199/472/5 2200/474/5
f 2158/475/5 2159/473/5 1912/463/5
f 2008/2/5 2200/474/5 2201/476/5
f 2157/477/5 2158/475/5 1912/463/5
f 2008/2/5 2201/476/5 2202/1/5
f 2156/478/5 2157/477/5 1912/463/5
f 2008/2/5 2202/1/5 2105/4/5
f 2155/479/5 2156/478/5 1912/463/5
f 2008/2/5 2105/4/5 2106/480/5
f 2154/481/5 2155/479/5 1912/463/5
f 2008/2/5 2106/480/5 2107/482/5
f 2153/483/5 2154/481/5 1912/463/5
f 2008/2/5 2107/482/5 2108/484/5
f 2152/485/5 2153/483/5 1912/463/5
f 2008/2/5 2108/484/5 2109/486/5
f 2151/487/5 2152/485/5 1912/463/5
f 2008/2/5 2109/486/5 2110/488/5
f 2150/489/5 2151/487/5 1912/463/5
f 2008/2/5 2110/488/5 2111/490/5
f 2149/491/5 2150/489/5 1912/463/5
f 2008/2/5 2111/490/5 2112/492/5
f 2148/493/5 2149/491/5 1912/463/5
f 2008/2/5 2112/492/5 2113/494/5
f 2147/495/5 2148/493/5 1912/463/5
f 2008/2/5 2113/494/5 2114/496/5
f 2146/497/5 2147/495/5 1912/463/5
f 2008/2/5 2114/496/5 2115/498/5
f 2145/499/5 2146/497/5 1912/463/5
f 2008/2/5 2115/498/5 2116/500/5
f 2144/501/5 2145/499/5 1912/463/5
f 2008/2/5 2116/500/5 2117/502/5
f 2143/503/5 2144/501/5 1912/463/5
f 2008/2/5 2117/502/5 2118/504/5
f 2142/505/5 2143/503/5 1912/463/5
f 2008/2/5 2118/504/5 2119/506/5
f 2141/507/5 2142/505/5 1912/463/5
f 2140/508/5 2141/507/5 1912/463/5
f 2008/2/5 2119/506/5 2120/509/5
f 2007/510/5 2008/2/5 2120/509/5
f 2140/508/5 1912/463/5 1913/511/5
f 2139/512/5 2140/508/5 1913/511/5
f 2007/510/5 2120/509/5 2121/513/5
f 2138/514/5 2139/512/5 1913/511/5
f 2007/510/5 2121/513/5 2122/515/5
f 2137/516/5 2138/514/5 1913/511/5
f 2007/510/5 2122/515/5 2123/517/5
f 2136/518/5 2137/516/5 1913/511/5
f 2007/510/5 2123/517/5 2124/519/5
f 2006/520/5 2007/510/5 2124/519/5
f 2136/518/5 1913/511/5 1914/521/5
f 2135/522/5 2136/518/5 1914/521/5
f 2006/520/5 2124/519/5 2125/523/5
f 2134/524/5 2135/522/5 1914/521/5
f 2006/520/5 2125/523/5 2126/525/5
f 2133/526/5 2134/524/5 1914/521/5
f 2006/520/5 2126/525/5 2127/527/5
f 2132/528/5 2133/526/5 1914/521/5
f 2006/520/5 2127/527/5 2128/529/5
f 2131/530/5 2132/528/5 1914/521/5
f 2006/520/5 2128/529/5 2129/531/5
f 2130/532/5 2131/530/5 1914/521/5
f 2006/520/5 2129/531/5 2130/532/5
f 2006/520/5 2130/532/5 1914/521/5
f 2005/533/5 2006/520/5 1914/521/5
f 2005/533/5 1914/521/5 1915/534/5
f 2004/535/5 2005/533/5 1915/534/5
f 2004/535/5 1915/534/5 1916/536/5
f 2003/537/5 2004/535/5 1916/536/5
f 2003/537/5 1916/536/5 1917/538/5
f 2002/539/5 2003/537/5 1917/538/5
f 2002/539/5 1917/538/5 1918/540/5
f 2001/541/5 2002/539/5 1918/540/5
f 2001/541/5 1918/540/5 1919/542/5
f 2000/543/5 2001/541/5 1919/542/5
f 2000/543/5 1919/542/5 1920/544/5
f 1999/545/5 2000/543/5 1920/544/5
f 1999/545/5 1920/544/5 1921/546/5
f 1998/547/5 1999/545/5 1921/546/5
f 1998/547/5 1921/546/5 1922/548/5
f 1997/549/5 1998/547/5 1922/548/5
f 1997/549/5 1922/548/5 1923/550/5
f 1996/551/5 1997/549/5 1923/550/5
f 1996/551/5 1923/550/5 1924/552/5
f 1995/553/5 1996/551/5 1924/552/5
f 1995/553/5 1924/552/5 1925/554/5
f 1994/555/5 1995/553/5 1925/554/5
f 1994/555/5 1925/554/5 1926/556/5
f 1993/557/5 1994/555/5 1926/556/5
f 1993/557/5 1926/556/5 1927/558/5
f 1992/559/5 1993/557/5 1927/558/5
f 1992/559/5 1927/558/5 1928/560/5
f 1991/561/5 1992/559/5 1928/560/5
f 1991/561/5 1928/560/5 1929/562/5
f 1990/563/5 1991/561/5 1929/562/5
f 1990/563/5 1929/562/5 1930/564/5
f 1989/565/5 1990/563/5 1930/564/5
f 1989/565/5 1930/564/5 1931/566/5
f 1988/567/5 1989/565/5 1931/566/5
f 1988/567/5 1931/566/5 1932/568/5
f 1987/569/5 1988/567/5 1932/568/5
f 1987/569/5 1932/568/5 1933/570/5
f 1986/571/5 1987/569/5 1933/570/5
f 1986/571/5 1933/570/5 1934/572/5
f 1985/573/5 1986/571/5 1934/572/5
f 1985/573/5 1934/572/5 1935/574/5
f 1984/575/5 1985/573/5 1935/574/5
f 1984/575/5 1935/574/5 1936/576/5
f 1983/577/5 1984/575/5 1936/576/5
f 1983/577/5 1936/576/5 1937/578/5
f 1983/577/5 1937/578/5 1938/579/5
f 1982/580/5 1983/577/5 1938/579/5
f 1982/580/5 1938/579/5 1939/581/5
f 1981/582/5 1982/580/5 1939/581/5
f 1981/582/5 1939/581/5 1940/583/5
f 1980/584/5 1981/582/5 1940/583/5
f 1980/584/5 1940/583/5 1941/585/5
f 1979/586/5 1980/584/5 1941/585/5
f 1979/586/5 1941/585/5 1942/587/5
f 1978/588/5 1979/586/5 1942/587/5
f 1978/588/5 1942/587/5 1943/589/5
f 1977/590/5 1978/588/5 1943/589/5
f 1977/590/5 1943/589/5 1944/591/5
f 1976/592/5 1977/590/5 1944/591/5
f 1976/592/5 1944/591/5 1945/593/5
f 1975/594/5 1976/592/5 1945/593/5
f 1975/594/5 1945/593/5 1946/595/5
f 1974/596/5 1975/594/5 1946/595/5
f 1974/596/5 1946/595/5 1947/597/5
f 1973/598/5 1974/596/5 1947/597/5
f 1973/598/5 1947/597/5 1948/599/5
f 1972/600/5 1973/598/5 1948/599/5
f 1971/601/5 1972/600/5 1948/599/5
f 1971/601/5 1948/599/5 1949/602/5
f 1970/603/5 1971/601/5 1949/602/5
f 1970/603/5 1949/602/5 1950/604/5
f 1969/605/5 1970/603/5 1950/604/5
f 1969/605/5 1950/604/5 1951/606/5
f 1968/607/5 1969/605/5 1951/606/5
f 1968/607/5 1951/606/5 1952/608/5
f 1967/609/5 1968/607/5 1952/608/5
f 1967/609/5 1952/608/5 1953/610/5
f 1966/611/5 1967/609/5 1953/610/5
f 1966/611/5 1953/610/5 1954/612/5
f 1965/613/5 1966/611/5 1954/612/5
f 1965/613/5 1954/612/5 1955/614/5
f 1965/613/5 1955/614/5 1956/615/5
f 1964/616/5 1965/613/5 1956/615/5
f 1964/616/5 1956/615/5 1957/617/5
f 1963/618/5 1964/616/5 1957/617/5
f 1963/618/5 1957/617/5 1958/619/5
f 1962/620/5 1963/618/5 1958/619/5
f 1962/620/5 1958/619/5 1959/621/5
f 1961/622/5 1962/620/5 1959/621/5
f 1960/623/5 1961/622/5 1959/621/5
f 2240/624/5 2241/626/5 2242/625/5
f 2240/624/5 2242/625/5 2243/627/5
f 2316/628/5 2317/630/5 2318/629/5
f 2316/628/5 2318/629/5 2319/631/5
f 2240/624/5 2243/627/5 2244/632/5
f 2315/633/5 2316/628/5 2319/631/5
f 2315/633/5 2319/631/5 2320/634/5
f 2239/635/5 2240/624/5 2244/632/5
f 2239/635/5 2244/632/5 2245/636/5
f 2314/637/5 2315/633/5 2320/634/5
f 2314/637/5 2320/634/5 2321/638/5
f 2238/639/5 2239/635/5 2245/636/5
f 2238/639/5 2245/636/5 2246/640/5
f 2313/641/5 2314/637/5 2321/638/5
f 2313/641/5 2321/638/5 2322/642/5
f 2237/643/5 2238/639/5 2246/640/5
f 2237/643/5 2246/640/5 2247/644/5
f 2312/645/5 2313/641/5 2322/642/5
f 2312/645/5 2322/642/5 2323/646/5
f 2236/647/5 2237/643/5 2247/644/5
f 2236/647/5 2247/644/5 2248/648/5
f 2311/649/5 2312/645/5 2323/646/5
f 2311/649/5 2323/646/5 2324/650/5
f 2235/651/5 2236/647/5 2248/648/5
f 2235/651/5 2248/648/5 2249/652/5
f 2310/653/5 2311/649/5 2324/650/5
f 2310/653/5 2324/650/5 2325/654/5
f 2234/655/5 2235/651/5 2249/652/5
f 2234/655/5 2249/652/5 2250/656/5
f 2309/657/5 2310/653/5 2325/654/5
f 2309/657/5 2325/654/5 2326/658/5
f 2233/659/5 2234/655/5 2250/656/5
f 2233/659/5 2250/656/5 2251/660/5
f 2308/661/5 2309/657/5 2326/658/5
f 2308/661/5 2326/658/5 2327/662/5
f 2232/663/5 2233/659/5 2251/660/5
f 2232/663/5 2251/660/5 2252/664/5
f 2307/665/5 2308/661/5 2327/662/5
f 2307/665/5 2327/662/5 2328/666/5
f 2231/667/5 2232/663/5 2252/664/5
f 2231/667/5 2252/664/5 2253/668/5
f 2306/669/5 2307/665/5 2328/666/5
f 2306/669/5 2328/666/5 2329/670/5
f 2230/671/5 2231/667/5 2253/668/5
f 2230/671/5 2253/668/5 2254/672/5
f 2305/673/5 2306/669/5 2329/670/5
f 2230/671/5 2254/672/5 2255/674/5
f 2304/675/5 2305/673/5 2329/670/5
f 2229/676/5 2230/671/5 2255/674/5
f 2304/675/5 2329/670/5 2330/677/5
f 2228/678/5 2229/676/5 2384/1/5
f 2384/1/5 2229/676/5 2255/674/5
f 2304/675/5 2330/677/5 2357/679/5
f 2357/679/5 2330/677/5 2331/680/5
f 2384/1/5 2255/674/5 2256/681/5
f 2303/682/5 2304/675/5 2357/679/5
f 2384/1/5 2256/681/5 2257/683/5
f 2302/684/5 2303/682/5 2357/679/5
f 2384/1/5 2257/683/5 2258/685/5
f 2301/686/5 2302/684/5 2357/679/5
f 2384/1/5 2258/685/5 2259/687/5
f 2300/688/5 2301/686/5 2357/679/5
f 2384/1/5 2259/687/5 2260/689/5
f 2299/690/5 2300/688/5 2357/679/5
f 2384/1/5 2260/689/5 2261/691/5
f 2298/692/5 2299/690/5 2357/679/5
f 2384/1/5 2261/691/5 2262/693/5
f 2297/694/5 2298/692/5 2357/679/5
f 2384/1/5 2262/693/5 2263/695/5
f 2296/696/5 2297/694/5 2357/679/5
f 2384/1/5 2263/695/5 2264/697/5
f 2295/698/5 2296/696/5 2357/679/5
f 2384/1/5 2264/697/5 2265/699/5
f 2294/700/5 2295/698/5 2357/679/5
f 2384/1/5 2265/699/5 2266/701/5
f 2293/702/5 2294/700/5 2357/679/5
f 2384/1/5 2266/701/5 2267/703/5
f 2292/704/5 2293/702/5 2357/679/5
f 2384/1/5 2267/703/5 2268/705/5
f 2291/706/5 2292/704/5 2357/679/5
f 2384/1/5 2268/705/5 2269/707/5
f 2290/708/5 2291/706/5 2357/679/5
f 2384/1/5 2269/707/5 2270/709/5
f 2289/710/5 2290/708/5 2357/679/5
f 2384/1/5 2270/709/5 2271/711/5
f 2288/712/5 2289/710/5 2357/679/5
f 2384/1/5 2271/711/5 2272/713/5
f 2287/714/5 2288/712/5 2357/679/5
f 2384/1/5 2272/713/5 2273/715/5
f 2286/716/5 2287/714/5 2357/679/5
f 2384/1/5 2273/715/5 2274/717/5
f 2285/718/5 2286/716/5 2357/679/5
f 2384/1/5 2274/717/5 2275/719/5
f 2284/720/5 2285/718/5 2357/679/5
f 2384/1/5 2275/719/5 2276/721/5
f 2283/722/5 2284/720/5 2357/679/5
f 2384/1/5 2276/721/5 2277/723/5
f 2282/724/5 2283/722/5 2357/679/5
f 2384/1/5 2277/723/5 2278/725/5
f 2281/726/5 2282/724/5 2357/679/5
f 2384/1/5 2278/725/5 2279/727/5
f 2280/728/5 2281/726/5 2357/679/5
f 2384/1/5 2279/727/5 2280/728/5
f 2384/1/5 2280/728/5 2357/679/5
f 2228/678/5 2384/1/5 2203/3/5
f 2383/729/5 2384/1/5 2357/679/5
f 2383/729/5 2357/679/5 2358/730/5
f 2356/731/5 2357/679/5 2331/680/5
f 2382/732/5 2383/729/5 2358/730/5
f 2382/732/5 2358/730/5 2359/733/5
f 2381/734/5 2382/732/5 2359/733/5
f 2381/734/5 2359/733/5 2360/735/5
f 2380/736/5 2381/734/5 2360/735/5
f 2380/736/5 2360/735/5 2361/737/5
f 2379/738/5 2380/736/5 2361/737/5
f 2379/738/5 2361/737/5 2362/739/5
f 2378/740/5 2379/738/5 2362/739/5
f 2378/740/5 2362/739/5 2363/741/5
f 2377/742/5 2378/740/5 2363/741/5
f 2377/742/5 2363/741/5 2364/743/5
f 2376/744/5 2377/742/5 2364/743/5
f 2376/744/5 2364/743/5 2365/745/5
f 2375/746/5 2376/744/5 2365/745/5
f 2375/746/5 2365/745/5 2366/747/5
f 2374/748/5 2375/746/5 2366/747/5
f 2374/748/5 2366/747/5 2367/749/5
f 2373/750/5 2374/748/5 2367/749/5
f 2373/750/5 2367/749/5 2368/751/5
f 2372/752/5 2373/750/5 2368/751/5
f 2372/752/5 2368/751/5 2369/753/5
f 2371/754/5 2372/752/5 2369/753/5
f 2371/754/5 2369/753/5 2370/755/5
f 2227/756/5 2228/678/5 2203/3/5
f 2227/756/5 2203/3/5 2204/757/5
f 2355/758/5 2356/731/5 2331/680/5
f 2355/758/5 2331/680/5 2332/759/5
f 2226/760/5 2227/756/5 2204/757/5
f 2354/761/5 2355/758/5 2332/759/5
f 2226/760/5 2204/757/5 2205/762/5
f 2354/761/5 2332/759/5 2333/763/5
f 2225/764/5 2226/760/5 2205/762/5
f 2353/765/5 2354/761/5 2333/763/5
f 2225/764/5 2205/762/5 2206/766/5
f 2353/765/5 2333/763/5 2334/767/5
f 2224/768/5 2225/764/5 2206/766/5
f 2352/769/5 2353/765/5 2334/767/5
f 2224/768/5 2206/766/5 2207/770/5
f 2352/769/5 2334/767/5 2335/771/5
f 2223/772/5 2224/768/5 2207/770/5
f 2351/773/5 2352/769/5 2335/771/5
f 2223/772/5 2207/770/5 2208/774/5
f 2351/773/5 2335/771/5 2336/775/5
f 2222/776/5 2223/772/5 2208/774/5
f 2350/777/5 2351/773/5 2336/775/5
f 2222/776/5 2208/774/5 2209/778/5
f 2350/777/5 2336/775/5 2337/779/5
f 2221/780/5 2222/776/5 2209/778/5
f 2349/781/5 2350/777/5 2337/779/5
f 2221/780/5 2209/778/5 2210/782/5
f 2349/781/5 2337/779/5 2338/783/5
f 2220/784/5 2221/780/5 2210/782/5
f 2348/785/5 2349/781/5 2338/783/5
f 2220/784/5 2210/782/5 2211/786/5
f 2348/785/5 2338/783/5 2339/787/5
f 2219/788/5 2220/784/5 2211/786/5
f 2347/789/5 2348/785/5 2339/787/5
f 2219/788/5 2211/786/5 2212/790/5
f 2347/789/5 2339/787/5 2340/791/5
f 2218/792/5 2219/788/5 2212/790/5
f 2346/793/5 2347/789/5 2340/791/5
f 2218/792/5 2212/790/5 2213/794/5
f 2346/793/5 2340/791/5 2341/795/5
f 2217/796/5 2218/792/5 2213/794/5
f 2345/797/5 2346/793/5 2341/795/5
f 2217/796/5 2213/794/5 2214/798/5
f 2345/797/5 2341/795/5 2342/799/5
f 2216/800/5 2217/796/5 2214/798/5
f 2344/801/5 2345/797/5 2342/799/5
f 2216/800/5 2214/798/5 2215/802/5
f 2344/801/5 2342/799/5 2343/803/5
f 2422/804/5 2423/806/5 2424/805/5
f 2422/804/5 2424/805/5 2425/807/5
f 2449/808/5 2450/810/5 2451/809/5
f 2449/808/5 2451/809/5 2452/811/5
f 2422/804/5 2425/807/5 2426/812/5
f 2449/808/5 2452/811/5 2453/813/5
f 2421/814/5 2422/804/5 2426/812/5
f 2448/815/5 2449/808/5 2453/813/5
f 2421/814/5 2426/812/5 2427/816/5
f 2448/815/5 2453/813/5 2454/817/5
f 2420/818/5 2421/814/5 2427/816/5
f 2447/819/5 2448/815/5 2454/817/5
f 2420/818/5 2427/816/5 2428/820/5
f 2447/819/5 2454/817/5 2455/821/5
f 2419/822/5 2420/818/5 2428/820/5
f 2446/823/5 2447/819/5 2455/821/5
f 2419/822/5 2428/820/5 2429/824/5
f 2446/823/5 2455/821/5 2456/825/5
f 2418/826/5 2419/822/5 2429/824/5
f 2445/827/5 2446/823/5 2456/825/5
f 2418/826/5 2429/824/5 2430/828/5
f 2445/827/5 2456/825/5 2457/829/5
f 2417/830/5 2418/826/5 2430/828/5
f 2444/831/5 2445/827/5 2457/829/5
f 2417/830/5 2430/828/5 2431/832/5
f 2444/831/5 2457/829/5 2458/833/5
f 2416/834/5 2417/830/5 2431/832/5
f 2443/835/5 2444/831/5 2458/833/5
f 2416/834/5 2431/832/5 2432/836/5
f 2416/834/5 2432/836/5 2433/837/5
f 2443/835/5 2458/833/5 2459/838/5
f 2415/839/5 2416/834/5 2433/837/5
f 2442/840/5 2443/835/5 2459/838/5
f 2415/839/5 2433/837/5 2434/841/5
f 2442/840/5 2459/838/5 2460/842/5
f 2414/843/5 2415/839/5 2434/841/5
f 2441/844/5 2442/840/5 2460/842/5
f 2414/843/5 2434/841/5 2435/845/5
f 2441/844/5 2460/842/5 2461/846/5
f 2413/847/5 2414/843/5 2435/845/5
f 2440/848/5 2441/844/5 2461/846/5
f 2413/847/5 2435/845/5 2436/849/5
f 2440/848/5 2461/846/5 2462/850/5
f 2412/851/5 2413/847/5 2436/849/5
f 2439/852/5 2440/848/5 2462/850/5
f 2412/851/5 2436/849/5 2437/853/5
f 2411/854/5 2412/851/5 2437/853/5
f 2438/251/5 2439/852/5 2462/850/5
f 2438/251/5 2462/850/5 2463/855/5
f 2410/856/5 2411/854/5 2491/1/5
f 2491/1/5 2411/854/5 2437/853/5
f 2437/853/5 2438/251/5 2463/855/5
f 2437/853/5 2463/855/5 2464/857/5
f 2491/1/5 2437/853/5 2464/857/5
f 2410/856/5 2491/1/5 2385/3/5
f 2490/858/5 2491/1/5 2464/857/5
f 2489/859/5 2490/858/5 2464/857/5
f 2409/860/5 2410/856/5 2385/3/5
f 2409/860/5 2385/3/5 2386/861/5
f 2488/862/5 2489/859/5 2464/857/5
f 2488/862/5 2464/857/5 2465/863/5
f 2408/864/5 2409/860/5 2386/861/5
f 2487/865/5 2488/862/5 2465/863/5
f 2408/864/5 2386/861/5 2387/866/5
f 2487/865/5 2465/863/5 2466/867/5
f 2407/868/5 2408/864/5 2387/866/5
f 2486/869/5 2487/865/5 2466/867/5
f 2407/868/5 2387/866/5 2388/870/5
f 2486/869/5 2466/867/5 2467/871/5
f 2406/872/5 2407/868/5 2388/870/5
f 2485/873/5 2486/869/5 2467/871/5
f 2406/872/5 2388/870/5 2389/874/5
f 2485/873/5 2467/871/5 2468/875/5
f 2405/876/5 2406/872/5 2389/874/5
f 2484/877/5 2485/873/5 2468/875/5
f 2405/876/5 2389/874/5 2390/878/5
f 2484/877/5 2468/875/5 2469/879/5
f 2404/880/5 2405/876/5 2390/878/5
f 2483/881/5 2484/877/5 2469/879/5
f 2404/880/5 2390/878/5 2391/882/5
f 2483/881/5 2469/879/5 2470/883/5
f 2403/884/5 2404/880/5 2391/882/5
f 2482/885/5 2483/881/5 2470/883/5
f 2403/884/5 2391/882/5 2392/886/5
f 2482/885/5 2470/883/5 2471/887/5
f 2402/888/5 2403/884/5 2392/886/5
f 2481/889/5 2482/885/5 2471/887/5
f 2402/888/5 2392/886/5 2393/890/5
f 2481/889/5 2471/887/5 2472/891/5
f 2401/892/5 2402/888/5 2393/890/5
f 2480/893/5 2481/889/5 2472/891/5
f 2401/892/5 2393/890/5 2394/894/5
f 2480/893/5 2472/891/5 2473/895/5
f 2400/896/5 2401/892/5 2394/894/5
f 2479/897/5 2480/893/5 2473/895/5
f 2400/896/5 2394/894/5 2395/898/5
f 2479/897/5 2473/895/5 2474/899/5
f 2399/900/5 2400/896/5 2395/898/5
f 2478/901/5 2479/897/5 2474/899/5
f 2399/900/5 2395/898/5 2396/902/5
f 2478/901/5 2474/899/5 2475/903/5
f 2398/904/5 2399/900/5 2396/902/5
f 2477/905/5 2478/901/5 2475/903/5
f 2398/904/5 2396/902/5 2397/906/5
f 2477/905/5 2475/903/5 2476/907/5
f 2529/111/5 2530/113/5 2531/112/5
f 2529/111/5 2531/112/5 2532/114/5
f 2529/111/5 2532/114/5 2533/115/5
f 2528/116/5 2529/111/5 2533/115/5
f 2528/116/5 2533/115/5 2534/117/5
f 2527/118/5 2528/116/5 2534/117/5
f 2527/118/5 2534/117/5 2535/119/5
f 2526/120/5 2527/118/5 2535/119/5
f 2526/120/5 2535/119/5 2536/121/5
f 2526/120/5 2536/121/5 2537/122/5
f 2525/123/5 2526/120/5 2537/122/5
f 2525/123/5 2537/122/5 2538/124/5
f 2524/125/5 2525/123/5 2538/124/5
f 2524/125/5 2538/124/5 2539/126/5
f 2523/127/5 2524/125/5 2539/126/5
f 2523/127/5 2539/126/5 2540/128/5
f 2523/127/5 2540/128/5 2541/129/5
f 2522/130/5 2523/127/5 2541/129/5
f 2522/130/5 2541/129/5 2542/131/5
f 2521/132/5 2522/130/5 2542/131/5
f 2521/132/5 2542/131/5 2543/133/5
f 2520/134/5 2521/132/5 2543/133/5
f 2520/134/5 2543/133/5 2544/135/5
f 2520/134/5 2544/135/5 2545/136/5
f 2519/137/5 2520/134/5 2545/136/5
f 2519/137/5 2545/136/5 2546/138/5
f 2518/139/5 2519/137/5 2546/138/5
f 2518/139/5 2546/138/5 2547/140/5
f 2517/141/5 2518/139/5 2670/142/5
f 2670/142/5 2518/139/5 2547/140/5
f 2670/142/5 2547/140/5 2548/143/5
f 2670/142/5 2548/143/5 2549/144/5
f 2670/142/5 2549/144/5 2550/145/5
f 2670/142/5 2550/145/5 2551/146/5
f 2670/142/5 2551/146/5 2552/147/5
f 2670/142/5 2552/147/5 2553/148/5
f 2670/142/5 2553/148/5 2554/149/5
f 2670/142/5 2554/149/5 2555/150/5
f 2670/142/5 2555/150/5 2556/151/5
f 2670/142/5 2556/151/5 2557/152/5
f 2670/142/5 2557/152/5 2558/153/5
f 2670/142/5 2558/153/5 2559/154/5
f 2670/142/5 2559/154/5 2560/155/5
f 2670/142/5 2560/155/5 2561/156/5
f 2670/142/5 2561/156/5 2562/157/5
f 2670/142/5 2562/157/5 2563/158/5
f 2670/142/5 2563/158/5 2564/159/5
f 2670/142/5 2564/159/5 2565/160/5
f 2670/142/5 2565/160/5 2566/161/5
f 2670/142/5 2566/161/5 2567/162/5
f 2670/142/5 2567/162/5 2669/163/5
f 2669/163/5 2567/162/5 2720/1/5
f 2720/1/5 2567/162/5 2719/164/5
f 2719/164/5 2567/162/5 2718/165/5
f 2718/165/5 2567/162/5 2568/2/5
f 2517/141/5 2670/142/5 2671/166/5
f 2717/167/5 2718/165/5 2568/2/5
f 2716/168/5 2717/167/5 2568/2/5
f 2715/169/5 2716/168/5 2568/2/5
f 2714/170/5 2715/169/5 2568/2/5
f 2713/171/5 2714/170/5 2568/2/5
f 2712/172/5 2713/171/5 2568/2/5
f 2711/173/5 2712/172/5 2568/2/5
f 2710/174/5 2711/173/5 2568/2/5
f 2709/175/5 2710/174/5 2568/2/5
f 2708/176/5 2709/175/5 2568/2/5
f 2707/177/5 2708/176/5 2568/2/5
f 2706/178/5 2707/177/5 2568/2/5
f 2705/179/5 2706/178/5 2568/2/5
f 2704/180/5 2705/179/5 2568/2/5
f 2703/181/5 2704/180/5 2568/2/5
f 2702/182/5 2703/181/5 2568/2/5
f 2701/183/5 2702/182/5 2568/2/5
f 2701/183/5 2568/2/5 2569/184/5
f 2700/185/5 2701/183/5 2569/184/5
f 2699/186/5 2700/185/5 2569/184/5
f 2699/186/5 2569/184/5 2570/187/5
f 2698/188/5 2699/186/5 2570/187/5
f 2697/189/5 2698/188/5 2570/187/5
f 2697/189/5 2570/187/5 2571/190/5
f 2696/191/5 2697/189/5 2571/190/5
f 2696/191/5 2571/190/5 2572/192/5
f 2696/191/5 2572/192/5 2573/193/5
f 2696/191/5 2573/193/5 2574/194/5
f 2696/191/5 2574/194/5 2575/195/5
f 2696/191/5 2575/195/5 2576/196/5
f 2695/197/5 2696/191/5 2576/196/5
f 2695/197/5 2576/196/5 2577/198/5
f 2694/199/5 2695/197/5 2577/198/5
f 2693/200/5 2694/199/5 2577/198/5
f 2693/200/5 2577/198/5 2578/201/5
f 2692/202/5 2693/200/5 2578/201/5
f 2691/203/5 2692/202/5 2578/201/5
f 2691/203/5 2578/201/5 2579/204/5
f 2690/205/5 2691/203/5 2579/204/5
f 2690/205/5 2579/204/5 2580/206/5
f 2689/207/5 2690/205/5 2580/206/5
f 2688/208/5 2689/207/5 2580/206/5
f 2688/208/5 2580/206/5 2581/209/5
f 2687/210/5 2688/208/5 2581/209/5
f 2686/211/5 2687/210/5 2581/209/5
f 2686/211/5 2581/209/5 2582/212/5
f 2685/213/5 2686/211/5 2582/212/5
f 2684/214/5 2685/213/5 2582/212/5
f 2684/214/5 2582/212/5 2583/215/5
f 2683/216/5 2684/214/5 2583/215/5
f 2682/217/5 2683/216/5 2583/215/5
f 2682/217/5 2583/215/5 2584/218/5
f 2681/219/5 2682/217/5 2584/218/5
f 2680/220/5 2681/219/5 2584/218/5
f 2680/220/5 2584/218/5 2585/221/5
f 2679/222/5 2680/220/5 2585/221/5
f 2678/223/5 2679/222/5 2585/221/5
f 2677/224/5 2678/223/5 2585/221/5
f 2677/224/5 2585/221/5 2586/225/5
f 2676/226/5 2677/224/5 2586/225/5
f 2675/227/5 2676/226/5 2586/225/5
f 2674/228/5 2675/227/5 2586/225/5
f 2673/229/5 2674/228/5 2586/225/5
f 2672/230/5 2673/229/5 2586/225/5
f 2517/141/5 2671/166/5 2672/230/5
f 2517/141/5 2672/230/5 2668/231/5
f 2668/231/5 2672/230/5 2586/225/5
f 2668/231/5 2586/225/5 2587/232/5
f 2668/231/5 2587/232/5 2588/233/5
f 2668/231/6 2588/233/6 2592/234/6
f 2592/234/5 2588/233/5 2589/235/5
f 2592/234/5 2589/235/5 2590/236/5
f 2592/234/5 2590/236/5 2591/237/5
f 2668/231/5 2592/234/5 2593/238/5
f 2668/231/5 2593/238/5 2594/239/5
f 2668/231/5 2594/239/5 2595/240/5
f 2668/231/5 2595/240/5 2596/241/5
f 2668/231/5 2596/241/5 2597/242/5
f 2668/231/5 2597/242/5 2598/243/5
f 2668/231/5 2598/243/5 2599/244/5
f 2668/231/5 2599/244/5 2600/245/5
f 2668/231/5 2600/245/5 2601/246/5
f 2668/231/5 2601/246/5 2602/247/5
f 2668/231/5 2602/247/5 2603/248/5
f 2668/231/5 2603/248/5 2604/249/5
f 2668/231/5 2604/249/5 2605/250/5
f 2668/231/5 2605/250/5 2606/251/5
f 2668/231/5 2606/251/5 2607/252/5
f 2668/231/5 2607/252/5 2608/253/5
f 2668/231/5 2608/253/5 2609/254/5
f 2668/231/5 2609/254/5 2610/255/5
f 2668/231/5 2610/255/5 2611/256/5
f 2668/231/5 2611/256/5 2612/257/5
f 2668/231/5 2612/257/5 2613/258/5
f 2668/231/5 2613/258/5 2614/259/5
f 2668/231/5 2614/259/5 2615/260/5
f 2668/231/5 2615/260/5 2616/261/5
f 2668/231/5 2616/261/5 2667/262/5
f 2667/262/5 2616/261/5 2666/263/5
f 2666/263/5 2616/261/5 2665/264/5
f 2665/264/5 2616/261/5 2664/265/5
f 2664/265/5 2616/261/5 2663/266/5
f 2663/266/5 2616/261/5 2662/267/5
f 2662/267/5 2616/261/5 2661/268/5
f 2661/268/5 2616/261/5 2660/269/5
f 2660/269/5 2616/261/5 2659/270/5
f 2659/270/5 2616/261/5 2658/271/5
f 2658/271/5 2616/261/5 2657/272/5
f 2657/272/5 2616/261/5 2617/273/5
f 2517/141/5 2668/231/5 2492/3/5
f 2656/274/5 2657/272/5 2617/273/5
f 2655/275/7 2656/274/7 2617/273/7
f 2654/276/5 2655/275/5 2617/273/5
f 2653/277/7 2654/276/7 2617/273/7
f 2652/278/5 2653/277/5 2617/273/5
f 2651/279/5 2652/278/5 2617/273/5
f 2650/280/5 2651/279/5 2617/273/5
f 2649/281/5 2650/280/5 2617/273/5
f 2648/282/5 2649/281/5 2617/273/5
f 2647/283/5 2648/282/5 2617/273/5
f 2646/284/5 2647/283/5 2617/273/5
f 2645/285/5 2646/284/5 2617/273/5
f 2644/4/5 2645/285/5 2617/273/5
f 2643/286/5 2644/4/5 2617/273/5
f 2642/287/5 2643/286/5 2617/273/5
f 2516/288/5 2517/141/5 2492/3/5
f 2516/288/5 2492/3/5 2493/289/5
f 2641/290/5 2642/287/5 2617/273/5
f 2641/290/5 2617/273/5 2618/291/5
f 2515/292/5 2516/288/5 2493/289/5
f 2640/293/5 2641/290/5 2618/291/5
f 2515/292/5 2493/289/5 2494/294/5
f 2640/293/5 2618/291/5 2619/295/5
f 2514/296/5 2515/292/5 2494/294/5
f 2639/297/5 2640/293/5 2619/295/5
f 2514/296/5 2494/294/5 2495/298/5
f 2639/297/5 2619/295/5 2620/299/5
f 2513/300/5 2514/296/5 2495/298/5
f 2638/301/5 2639/297/5 2620/299/5
f 2513/300/5 2495/298/5 2496/302/5
f 2638/301/5 2620/299/5 2621/303/5
f 2512/304/5 2513/300/5 2496/302/5
f 2637/305/5 2638/301/5 2621/303/5
f 2512/304/5 2496/302/5 2497/306/5
f 2637/305/5 2621/303/5 2622/307/5
f 2511/308/5 2512/304/5 2497/306/5
f 2636/309/5 2637/305/5 2622/307/5
f 2511/308/5 2497/306/5 2498/310/5
f 2636/309/5 2622/307/5 2623/311/5
f 2510/312/5 2511/308/5 2498/310/5
f 2635/313/5 2636/309/5 2623/311/5
f 2510/312/5 2498/310/5 2499/314/5
f 2635/313/5 2623/311/5 2624/315/5
f 2509/316/5 2510/312/5 2499/314/5
f 2634/317/5 2635/313/5 2624/315/5
f 2509/316/5 2499/314/5 2500/318/5
f 2634/317/5 2624/315/5 2625/319/5
f 2508/320/5 2509/316/5 2500/318/5
f 2633/321/5 2634/317/5 2625/319/5
f 2508/320/5 2500/318/5 2501/322/5
f 2633/321/5 2625/319/5 2626/323/5
f 2507/324/5 2508/320/5 2501/322/5
f 2632/325/5 2633/321/5 2626/323/5
f 2507/324/5 2501/322/5 2502/326/5
f 2632/325/5 2626/323/5 2627/327/5
f 2506/328/5 2507/324/5 2502/326/5
f 2631/329/5 2632/325/5 2627/327/5
f 2506/328/5 2502/326/5 2503/330/5
f 2631/329/5 2627/327/5 2628/331/5
f 2505/332/5 2506/328/5 2503/330/5
f 2630/333/5 2631/329/5 2628/331/5
f 2505/332/5 2503/330/5 2504/334/5
f 2630/333/5 2628/331/5 2629/335/5
f 2784/908/5 2785/910/5 2786/909/5
f 2784/908/5 2786/909/5 2787/911/5
f 2784/908/5 2787/911/5 2788/912/5
f 2783/913/5 2784/908/5 2788/912/5
f 2783/913/5 2788/912/5 2789/914/5
f 2782/915/5 2783/913/5 2789/914/5
f 2782/915/5 2789/914/5 2790/916/5
f 2781/917/5 2782/915/5 2790/916/5
f 2781/917/5 2790/916/5 2791/918/5
f 2780/919/5 2781/917/5 2791/918/5
f 2780/919/5 2791/918/5 2792/920/5
f 2779/921/5 2780/919/5 2792/920/5
f 2779/921/5 2792/920/5 2793/922/5
f 2778/923/5 2779/921/5 2793/922/5
f 2778/923/5 2793/922/5 2794/924/5
f 2777/925/5 2778/923/5 2794/924/5
f 2777/925/5 2794/924/5 2795/926/5
f 2776/927/5 2777/925/5 2795/926/5
f 2776/927/5 2795/926/5 2796/928/5
f 2775/929/5 2776/927/5 2796/928/5
f 2775/929/5 2796/928/5 2797/930/5
f 2774/931/5 2775/929/5 2797/930/5
f 2774/931/5 2797/930/5 2798/932/5
f 2773/933/5 2774/931/5 2798/932/5
f 2772/934/5 2773/933/5 2798/932/5
f 2772/934/5 2798/932/5 2853/935/5
f 2853/935/5 2798/932/5 2852/936/5
f 2852/936/5 2798/932/5 2851/937/5
f 2851/937/5 2798/932/5 2878/1/5
f 2878/1/5 2798/932/5 2877/938/5
f 2877/938/5 2798/932/5 2876/939/5
f 2876/939/5 2798/932/5 2799/940/5
f 2772/934/5 2853/935/5 2854/941/5
f 2875/942/5 2876/939/5 2799/940/5
f 2772/934/5 2854/941/5 2855/943/5
f 2874/944/5 2875/942/5 2799/940/5
f 2772/934/5 2855/943/5 2856/945/5
f 2873/946/5 2874/944/5 2799/940/5
f 2772/934/5 2856/945/5 2857/947/5
f 2872/948/5 2873/946/5 2799/940/5
f 2772/934/5 2857/947/5 2858/949/5
f 2871/950/5 2872/948/5 2799/940/5
f 2772/934/5 2858/949/5 2859/951/5
f 2870/952/5 2871/950/5 2799/940/5
f 2772/934/5 2859/951/5 2860/953/5
f 2869/954/5 2870/952/5 2799/940/5
f 2772/934/5 2860/953/5 2861/955/5
f 2868/956/5 2869/954/5 2799/940/5
f 2772/934/5 2861/955/5 2862/957/5
f 2867/958/5 2868/956/5 2799/940/5
f 2772/934/5 2862/957/5 2863/959/5
f 2866/960/5 2867/958/5 2799/940/5
f 2772/934/5 2863/959/5 2864/961/5
f 2865/962/5 2866/960/5 2799/940/5
f 2771/963/5 2772/934/5 2864/961/5
f 2865/962/5 2799/940/5 2800/964/5
f 2770/965/5 2771/963/5 2864/961/5
f 2865/962/5 2800/964/5 2801/966/5
f 2769/967/5 2770/965/5 2864/961/5
f 2865/962/5 2801/966/5 2802/968/5
f 2768/969/5 2769/967/5 2864/961/5
f 2865/962/5 2802/968/5 2803/970/5
f 2767/971/5 2768/969/5 2864/961/5
f 2865/962/5 2803/970/5 2804/972/5
f 2766/973/5 2767/971/5 2864/961/5
f 2865/962/5 2804/972/5 2805/974/5
f 2765/975/5 2766/973/5 2864/961/5
f 2865/962/5 2805/974/5 2806/976/5
f 2764/977/5 2765/975/5 2864/961/5
f 2865/962/5 2806/976/5 2807/978/5
f 2763/979/5 2764/977/5 2864/961/5
f 2865/962/5 2807/978/5 2808/980/5
f 2762/981/5 2763/979/5 2864/961/5
f 2865/962/5 2808/980/5 2809/982/5
f 2761/983/5 2762/981/5 2864/961/5
f 2865/962/5 2809/982/5 2810/984/5
f 2760/985/5 2761/983/5 2864/961/5
f 2865/962/5 2810/984/5 2811/986/5
f 2759/987/5 2760/985/5 2864/961/5
f 2865/962/5 2811/986/5 2812/988/5
f 2758/989/5 2759/987/5 2864/961/5
f 2865/962/5 2812/988/5 2813/990/5
f 2758/989/5 2864/961/5 2865/962/5
f 2758/989/5 2865/962/5 2813/990/5
f 2757/991/5 2758/989/5 2813/990/5
f 2757/991/5 2813/990/5 2814/992/5
f 2756/993/5 2757/991/5 2814/992/5
f 2756/993/5 2814/992/5 2815/994/5
f 2755/995/5 2756/993/5 2815/994/5
f 2755/995/5 2815/994/5 2816/996/5
f 2754/997/5 2755/995/5 2816/996/5
f 2754/997/5 2816/996/5 2817/998/5
f 2753/999/5 2754/997/5 2817/998/5
f 2753/999/5 2817/998/5 2818/1000/5
f 2752/1001/5 2753/999/5 2818/1000/5
f 2752/1001/5 2818/1000/5 2819/1002/5
f 2751/1003/5 2752/1001/5 2819/1002/5
f 2751/1003/5 2819/1002/5 2820/1004/5
f 2750/1005/5 2751/1003/5 2820/1004/5
f 2750/1005/5 2820/1004/5 2821/1006/5
f 2749/1007/5 2750/1005/5 2821/1006/5
f 2749/1007/5 2821/1006/5 2822/1008/5
f 2748/1009/5 2749/1007/5 2822/1008/5
f 2748/1009/5 2822/1008/5 2823/1010/5
f 2747/1011/5 2748/1009/5 2721/3/5
f 2721/3/5 2748/1009/5 2823/1010/5
f 2721/3/5 2823/1010/5 2850/1012/5
f 2850/1012/5 2823/1010/5 2824/1013/5
f 2747/1011/5 2721/3/5 2722/1014/5
f 2849/1015/5 2850/1012/5 2824/1013/5
f 2746/1016/5 2747/1011/5 2722/1014/5
f 2746/1016/5 2722/1014/5 2723/1017/5
f 2848/1018/5 2849/1015/5 2824/1013/5
f 2848/1018/5 2824/1013/5 2825/1019/5
f 2745/1020/5 2746/1016/5 2723/1017/5
f 2847/1021/5 2848/1018/5 2825/1019/5
f 2745/1020/5 2723/1017/5 2724/1022/5
f 2847/1021/5 2825/1019/5 2826/1023/5
f 2744/1024/5 2745/1020/5 2724/1022/5
f 2846/1025/5 2847/1021/5 2826/1023/5
f 2744/1024/5 2724/1022/5 2725/1026/5
f 2846/1025/5 2826/1023/5 2827/1027/5
f 2743/1028/5 2744/1024/5 2725/1026/5
f 2845/1029/5 2846/1025/5 2827/1027/5
f 2743/1028/5 2725/1026/5 2726/1030/5
f 2845/1029/5 2827/1027/5 2828/1031/5
f 2742/1032/5 2743/1028/5 2726/1030/5
f 2844/1033/5 2845/1029/5 2828/1031/5
f 2742/1032/5 2726/1030/5 2727/1034/5
f 2844/1033/5 2828/1031/5 2829/1035/5
f 2741/1036/5 2742/1032/5 2727/1034/5
f 2843/1037/5 2844/1033/5 2829/1035/5
f 2741/1036/5 2727/1034/5 2728/1038/5
f 2843/1037/5 2829/1035/5 2830/1039/5
f 2740/1040/5 2741/1036/5 2728/1038/5
f 2842/1041/5 2843/1037/5 2830/1039/5
f 2740/1040/5 2728/1038/5 2729/1042/5
f 2842/1041/5 2830/1039/5 2831/1043/5
f 2739/1044/5 2740/1040/5 2729/1042/5
f 2841/1045/5 2842/1041/5 2831/1043/5
f 2739/1044/5 2729/1042/5 2730/1046/5
f 2841/1045/5 2831/1043/5 2832/1047/5
f 2738/1048/5 2739/1044/5 2730/1046/5
f 2840/1049/5 2841/1045/5 2832/1047/5
f 2738/1048/5 2730/1046/5 2731/1050/5
f 2840/1049/5 2832/1047/5 2833/1051/5
f 2737/1052/5 2738/1048/5 2731/1050/5
f 2839/1053/5 2840/1049/5 2833/1051/5
f 2737/1052/5 2731/1050/5 2732/1054/5
f 2839/1053/5 2833/1051/5 2834/1055/5
f 2736/1056/5 2737/1052/5 2732/1054/5
f 2838/1057/5 2839/1053/5 2834/1055/5
f 2736/1056/5 2732/1054/5 2733/1058/5
f 2838/1057/5 2834/1055/5 2835/1059/5
f 2735/1060/5 2736/1056/5 2733/1058/5
f 2837/1061/5 2838/1057/5 2835/1059/5
f 2735/1060/5 2733/1058/5 2734/1062/5
f 2837/1061/5 2835/1059/5 2836/1063/5
f 2916/5/5 2917/7/5 2918/6/5
f 2916/5/5 2918/6/5 2919/8/5
f 2916/5/5 2919/8/5 2920/9/5
f 2915/10/5 2916/5/5 2920/9/5
f 2915/10/5 2920/9/5 2921/11/5
f 2914/12/5 2915/10/5 2921/11/5
f 2914/12/5 2921/11/5 2922/13/5
f 2913/14/5 2914/12/5 2922/13/5
f 2913/14/5 2922/13/5 2923/15/5
f 2912/16/5 2913/14/5 2923/15/5
f 2912/16/5 2923/15/5 2924/17/5
f 2911/18/5 2912/16/5 2924/17/5
f 2911/18/5 2924/17/5 2925/19/5
f 2910/20/5 2911/18/5 2925/19/5
f 2910/20/5 2925/19/5 2926/21/5
f 2909/22/5 2910/20/5 2926/21/5
f 2909/22/5 2926/21/5 2927/23/5
f 2908/24/5 2909/22/5 2927/23/5
f 2908/24/5 2927/23/5 2928/25/5
f 2907/26/5 2908/24/5 2928/25/5
f 2907/26/5 2928/25/5 2929/27/5
f 2906/28/5 2907/26/5 2929/27/5
f 2905/29/5 2906/28/5 2929/27/5
f 2905/29/5 2929/27/5 2930/30/5
f 2904/31/5 2905/29/5 2944/32/5
f 2944/32/5 2905/29/5 2930/30/5
f 2944/32/5 2930/30/5 2931/33/5
f 2944/32/5 2931/33/5 2932/34/5
f 2944/32/5 2932/34/5 2933/35/5
f 2944/32/5 2933/35/5 2934/36/5
f 2944/32/5 2934/36/5 2935/37/5
f 2944/32/5 2935/37/5 2936/38/5
f 2944/32/5 2936/38/5 2937/39/5
f 2944/32/5 2937/39/5 2938/40/5
f 2944/32/5 2938/40/5 2939/41/5
f 2944/32/5 2939/41/5 2940/42/5
f 2944/32/5 2940/42/5 2941/43/5
f 2944/32/5 2941/43/5 2942/44/5
f 2944/32/5 2942/44/5 2943/45/5
f 2904/31/5 2944/32/5 2945/46/5
f 2904/31/5 2945/46/5 2972/47/5
f 2972/47/5 2945/46/5 2946/48/5
f 2972/47/5 2946/48/5 2947/49/5
f 2972/47/5 2947/49/5 2948/50/5
f 2972/47/5 2948/50/5 2949/51/5
f 2972/47/5 2949/51/5 2950/52/5
f 2972/47/5 2950/52/5 2951/53/5
f 2972/47/5 2951/53/5 2952/54/5
f 2972/47/5 2952/54/5 2953/55/5
f 2972/47/5 2953/55/5 2954/56/5
f 2972/47/5 2954/56/5 2955/57/5
f 2972/47/5 2955/57/5 2956/58/5
f 2972/47/5 2956/58/5 2957/59/5
f 2972/47/5 2957/59/5 2958/60/5
f 2972/47/5 2958/60/5 2959/61/5
f 2972/47/5 2959/61/5 2960/62/5
f 2972/47/5 2960/62/5 2961/63/5
f 2972/47/5 2961/63/5 2962/64/5
f 2972/47/5 2962/64/5 2963/65/5
f 2972/47/5 2963/65/5 2964/66/5
f 2972/47/5 2964/66/5 2965/67/5
f 2972/47/5 2965/67/5 2966/68/5
f 2972/47/5 2966/68/5 2967/69/5
f 2972/47/5 2967/69/5 2968/70/5
f 2972/47/5 2968/70/5 2969/71/5
f 2972/47/5 2969/71/5 2970/72/5
f 2972/47/5 2970/72/5 2971/73/5
f 2904/31/5 2972/47/5 2973/74/5
f 2904/31/5 2973/74/5 2974/75/5
f 2904/31/5 2974/75/5 2975/76/5
f 2904/31/5 2975/76/5 2976/77/5
f 2904/31/5 2976/77/5 2977/78/5
f 2904/31/5 2977/78/5 2978/79/5
f 2904/31/5 2978/79/5 2979/80/5
f 2904/31/5 2979/80/5 2980/81/5
f 2904/31/5 2980/81/5 2981/82/5
f 2904/31/5 2981/82/5 2982/83/5
f 2904/31/5 2982/83/5 2983/84/5
f 2904/31/5 2983/84/5 2984/85/5
f 2904/31/5 2984/85/5 2985/86/5
f 2904/31/5 2985/86/5 2986/1/5
f 2904/31/5 2986/1/5 2879/3/5
f 2903/87/5 2904/31/5 2879/3/5
f 2903/87/5 2879/3/5 2880/88/5
f 2902/89/5 2903/87/5 2880/88/5
f 2902/89/5 2880/88/5 2881/90/5
f 2901/91/5 2902/89/5 2881/90/5
f 2901/91/5 2881/90/5 2882/92/5
f 2900/93/5 2901/91/5 2882/92/5
f 2900/93/5 2882/92/5 2883/94/5
f 2899/95/5 2900/93/5 2883/94/5
f 2899/95/5 2883/94/5 2884/96/5
f 2898/97/5 2899/95/5 2884/96/5
f 2898/97/5 2884/96/5 2885/98/5
f 2897/99/5 2898/97/5 2885/98/5
f 2897/99/5 2885/98/5 2886/100/5
f 2896/101/5 2897/99/5 2886/100/5
f 2896/101/5 2886/100/5 2887/102/5
f 2895/103/5 2896/101/5 2887/102/5
f 2895/103/5 2887/102/5 2888/104/5
f 2894/105/5 2895/103/5 2888/104/5
f 2894/105/5 2888/104/5 2889/106/5
f 2893/107/5 2894/105/5 2889/106/5
f 2893/107/5 2889/106/5 2890/108/5
f 2892/109/5 2893/107/5 2890/108/5
f 2892/109/5 2890/108/5 2891/110/5
f 3024/1064/5 3025/1066/5 3026/1065/5
f 3024/1064/5 3026/1065/5 3027/1067/5
f 3024/1064/5 3027/1067/5 3028/1068/5
f 3023/1069/5 3024/1064/5 3028/1068/5
f 3023/1069/5 3028/1068/5 3029/1070/5
f 3022/1071/5 3023/1069/5 3029/1070/5
f 3022/1071/5 3029/1070/5 3030/1072/5
f 3021/1073/5 3022/1071/5 3030/1072/5
f 3021/1073/5 3030/1072/5 3031/1074/5
f 3020/1075/5 3021/1073/5 3031/1074/5
f 3020/1075/5 3031/1074/5 3032/1076/5
f 3019/1077/5 3020/1075/5 3032/1076/5
f 3019/1077/5 3032/1076/5 3033/1078/5
f 3018/1079/5 3019/1077/5 3033/1078/5
f 3018/1079/5 3033/1078/5 3034/1080/5
f 3017/1081/5 3018/1079/5 3034/1080/5
f 3017/1081/5 3034/1080/5 3035/1082/5
f 3016/1083/5 3017/1081/5 3035/1082/5
f 3016/1083/5 3035/1082/5 3036/1084/5
f 3015/1085/5 3016/1083/5 3036/1084/5
f 3015/1085/5 3036/1084/5 3037/1086/5
f 3014/1087/5 3015/1085/5 3037/1086/5
f 3013/1088/5 3014/1087/5 3037/1086/5
f 3013/1088/5 3037/1086/5 3038/1089/5
f 3012/1090/5 3013/1088/5 3038/1089/5
f 3012/1090/5 3038/1089/5 3039/1091/5
f 3052/1092/5 3053/1094/5 3054/1093/5
f 3052/1092/5 3054/1093/5 3055/1095/5
f 3052/1092/5 3055/1095/5 3056/1096/5
f 3051/1097/5 3052/1092/5 3056/1096/5
f 3051/1097/5 3056/1096/5 3057/1098/5
f 3050/1099/5 3051/1097/5 3057/1098/5
f 3050/1099/5 3057/1098/5 3058/1100/5
f 3049/1101/5 3050/1099/5 3058/1100/5
f 3049/1101/5 3058/1100/5 3059/1102/5
f 3048/1103/5 3049/1101/5 3059/1102/5
f 3048/1103/5 3059/1102/5 3060/1104/5
f 3047/1105/5 3048/1103/5 3060/1104/5
f 3047/1105/5 3060/1104/5 3061/1106/5
f 3046/1107/5 3047/1105/5 3061/1106/5
f 3046/1107/5 3061/1106/5 3062/1108/5
f 3045/1109/5 3046/1107/5 3062/1108/5
f 3045/1109/5 3062/1108/5 3063/1110/5
f 3044/1111/5 3045/1109/5 3063/1110/5
f 3044/1111/5 3063/1110/5 3064/1112/5
f 3043/1113/5 3044/1111/5 3064/1112/5
f 3043/1113/5 3064/1112/5 3065/1114/5
f 3042/1115/5 3043/1113/5 3065/1114/5
f 3042/1115/5 3065/1114/5 3066/1/5
f 3041/1116/5 3042/1115/5 3066/1/5
f 3040/1117/5 3041/1116/5 3066/1/5
f 3040/1117/5 3066/1/5 2987/3/5
f 3012/1090/5 3039/1091/5 3040/1117/5
f 3012/1090/5 3040/1117/5 2987/3/5
f 3011/1118/5 3012/1090/5 2987/3/5
f 3011/1118/5 2987/3/5 2988/1119/5
f 3010/1120/5 3011/1118/5 2988/1119/5
f 3010/1120/5 2988/1119/5 2989/1121/5
f 3009/1122/5 3010/1120/5 2989/1121/5
f 3009/1122/5 2989/1121/5 2990/1123/5
f 3008/1124/5 3009/1122/5 2990/1123/5
f 3008/1124/5 2990/1123/5 2991/1125/5
f 3007/1126/5 3008/1124/5 2991/1125/5
f 3007/1126/5 2991/1125/5 2992/1127/5
f 3006/1128/5 3007/1126/5 2992/1127/5
f 3006/1128/5 2992/1127/5 2993/1129/5
f 3005/1130/5 3006/1128/5 2993/1129/5
f 3005/1130/5 2993/1129/5 2994/1131/5
f 3004/1132/5 3005/1130/5 2994/1131/5
f 3004/1132/5 2994/1131/5 2995/1133/5
f 3003/1134/5 3004/1132/5 2995/1133/5
f 3003/1134/5 2995/1133/5 2996/1135/5
f 3002/1136/5 3003/1134/5 2996/1135/5
f 3002/1136/5 2996/1135/5 2997/1137/5
f 3001/1138/5 3002/1136/5 2997/1137/5
f 3001/1138/5 2997/1137/5 2998/1139/5
f 3000/1140/5 3001/1138/5 2998/1139/5
f 3000/1140/5 2998/1139/5 2999/1141/5
s 1
f 3068/1142/9 3070/1143/10 3069/1144/10 3067/3/9
f 3070/1143/10 3072/1145/11 3071/1146/11 3069/1144/10
f 3072/1145/11 3074/1147/12 3073/1148/12 3071/1146/11
f 3074/1147/12 3076/1149/13 3075/1150/13 3073/1148/12
f 3076/1149/13 3078/1151/14 3077/1152/14 3075/1150/13
f 3078/1151/14 3080/1153/15 3079/1154/15 3077/1152/14
f 3080/1153/15 3082/1155/16 3081/1156/16 3079/1154/15
f 3082/1155/16 3084/1157/17 3083/1158/17 3081/1156/16
f 3084/1157/17 3086/1159/18 3085/1160/18 3083/1158/17
f 3086/1159/18 3088/1161/19 3087/1162/19 3085/1160/18
f 3088/1161/19 3090/1163/20 3089/1164/20 3087/1162/19
f 3090/1163/20 3092/1165/21 3091/1166/21 3089/1164/20
f 3092/1165/21 3094/1167/22 3093/1168/22 3091/1166/21
f 3094/1167/22 3096/1169/23 3095/1170/23 3093/1168/22
f 3096/1169/23 3098/1171/24 3097/1172/24 3095/1170/23
f 3098/1171/24 3100/1173/25 3099/1174/25 3097/1172/24
f 3100/1173/25 3102/1175/26 3101/1176/26 3099/1174/25
f 3102/1175/26 3104/1177/27 3103/1178/27 3101/1176/26
f 3104/1177/27 3106/1179/28 3105/1180/28 3103/1178/27
f 3106/1179/28 3108/1181/29 3107/144/29 3105/1180/28
f 3108/1181/29 3110/1182/30 3109/1183/30 3107/144/29
f 3110/1182/30 3112/1184/31 3111/1185/31 3109/1183/30
f 3112/1184/31 3114/1186/32 3113/1187/32 3111/1185/31
f 3114/1186/32 3116/1188/33 3115/1189/33 3113/1187/32
f 3116/1188/33 3118/1190/34 3117/1191/34 3115/1189/33
f 3118/1190/34 3120/1192/35 3119/1193/35 3117/1191/34
f 3120/1192/35 3122/1194/36 3121/1195/36 3119/1193/35
f 3122/1194/36 3124/1196/37 3123/1197/37 3121/1195/36
f 3124/1196/37 3126/1198/38 3125/1199/38 3123/1197/37
f 3126/1198/38 3128/1200/39 3127/1201/39 3125/1199/38
f 3128/1200/39 3130/1202/40 3129/1203/40 3127/1201/39
f 3130/1202/40 3132/1204/41 3131/1205/41 3129/1203/40
f 3132/1204/41 3134/1206/42 3133/1207/42 3131/1205/41
f 3134/1206/42 3136/1208/43 3135/1209/43 3133/1207/42
f 3136/1208/43 3138/1210/44 3137/1211/44 3135/1209/43
f 3138/1210/44 3140/1212/45 3139/1213/45 3137/1211/44
f 3140/1212/45 3142/1214/46 3141/1215/46 3139/1213/45
f 3142/1214/46 3144/1216/47 3143/1217/47 3141/1215/46
f 3144/1216/47 3146/1218/48 3145/1219/48 3143/1217/47
f 3146/1218/48 3148/1220/49 3147/251/49 3145/1219/48
f 3148/1220/49 3150/1221/50 3149/1222/50 3147/251/49
f 3150/1221/50 3152/1223/51 3151/1224/51 3149/1222/50
f 3152/1223/51 3154/1225/52 3153/1226/52 3151/1224/51
f 3154/1225/52 3156/1227/53 3155/1228/53 3153/1226/52
f 3156/1227/53 3158/1229/54 3157/1230/54 3155/1228/53
f 3158/1229/54 3160/1231/55 3159/1232/55 3157/1230/54
f 3160/1231/55 3162/1233/56 3161/1234/56 3159/1232/55
f 3162/1233/56 3164/1235/57 3163/1236/57 3161/1234/56
f 3164/1235/57 3166/1237/58 3165/1238/58 3163/1236/57
f 3166/1237/58 3168/1239/59 3167/1240/59 3165/1238/58
f 3168/1239/59 3170/1241/60 3169/1242/60 3167/1240/59
f 3170/1241/60 3172/1243/54 3171/1244/54 3169/1242/60
f 3172/1243/54 3174/1245/41 3173/1246/41 3171/1244/54
f 3174/1245/41 3176/1247/35 3175/1248/35 3173/1246/41
f 3176/1247/35 3178/1249/36 3177/1250/36 3175/1248/35
f 3178/1249/36 3180/1251/37 3179/1252/37 3177/1250/36
f 3180/1251/37 3182/1253/38 3181/1254/38 3179/1252/37
f 3182/1253/38 3184/1255/39 3183/1256/39 3181/1254/38
f 3184/1255/39 3186/1257/40 3185/1258/40 3183/1256/39
f 3186/1257/40 3188/1259/41 3187/266/41 3185/1258/40
f 3188/1259/41 3190/1260/42 3189/1261/42 3187/266/41
f 3190/1260/42 3192/1262/43 3191/1263/43 3189/1261/42
f 3192/1262/43 3194/1264/44 3193/1265/44 3191/1263/43
f 3194/1264/44 3196/1266/45 3195/1267/45 3193/1265/44
f 3196/1266/45 3198/1268/46 3197/1269/46 3195/1267/45
f 3198/1268/46 3200/1270/47 3199/1271/47 3197/1269/46
f 3200/1270/47 3202/1272/48 3201/1273/48 3199/1271/47
f 3202/1272/48 3204/1274/49 3203/1275/49 3201/1273/48
f 3204/1274/49 3206/1276/50 3205/1277/50 3203/1275/49
f 3206/1276/50 3208/1278/51 3207/1279/51 3205/1277/50
f 3208/1278/51 3210/1280/52 3209/1281/52 3207/1279/51
f 3210/1280/52 3212/1282/53 3211/1283/53 3209/1281/52
f 3212/1282/53 3214/1284/54 3213/1285/54 3211/1283/53
f 3214/1284/54 3216/1286/55 3215/1287/55 3213/1285/54
f 3216/1286/55 3218/1288/56 3217/1289/56 3215/1287/55
f 3218/1288/56 3220/1290/57 3219/1291/57 3217/1289/56
f 3220/1290/57 3222/1292/58 3221/1293/58 3219/1291/57
f 3222/1292/58 3224/1294/59 3223/1295/59 3221/1293/58
f 3224/1294/59 3226/1296/60 3225/1297/60 3223/1295/59
f 3226/1296/60 3068/1298/9 3067/1/9 3225/1297/60
s 0
f 3228/1142/61 3230/1181/61 3229/144/61 3227/3/61
f 3230/1181/62 3232/1220/62 3231/251/62 3229/144/62
f 3232/1220/63 3234/1259/63 3233/266/63 3231/251/63
f 3234/1259/64 3228/1298/64 3227/1/64 3233/266/64
s 1
f 3236/1142/9 3238/1299/65 3237/1300/65 3235/3/9
f 3238/1299/65 3240/1301/11 3239/1302/11 3237/1300/65
f 3240/1301/11 3242/1303/12 3241/1304/12 3239/1302/11
f 3242/1303/12 3244/1305/13 3243/1306/13 3241/1304/12
f 3244/1305/13 3246/1307/14 3245/1308/14 3243/1306/13
f 3246/1307/14 3248/1309/15 3247/1310/15 3245/1308/14
f 3248/1309/15 3250/1311/16 3249/1312/16 3247/1310/15
f 3250/1311/16 3252/1313/17 3251/1314/17 3249/1312/16
f 3252/1313/17 3254/1315/18 3253/308/18 3251/1314/17
f 3254/1315/18 3256/1316/19 3255/1317/19 3253/308/18
f 3256/1316/19 3258/1318/20 3257/1319/20 3255/1317/19
f 3258/1318/20 3260/1320/21 3259/1321/21 3257/1319/20
f 3260/1320/21 3262/1322/22 3261/1323/22 3259/1321/21
f 3262/1322/22 3264/1324/23 3263/1325/23 3261/1323/22
f 3264/1324/23 3266/1326/24 3265/1327/24 3263/1325/23
f 3266/1326/24 3268/1328/25 3267/1329/25 3265/1327/24
f 3268/1328/25 3270/1330/26 3269/1331/26 3267/1329/25
f 3270/1330/26 3272/1332/27 3271/113/27 3269/1331/26
f 3272/1332/27 3274/1333/28 3273/1334/28 3271/113/27
f 3274/1333/28 3276/1335/29 3275/1336/29 3273/1334/28
f 3276/1335/29 3278/1337/30 3277/1338/30 3275/1336/29
f 3278/1337/30 3280/1339/31 3279/1340/31 3277/1338/30
f 3280/1339/31 3282/1341/32 3281/1342/32 3279/1340/31
f 3282/1341/32 3284/1343/33 3283/1344/33 3281/1342/32
f 3284/1343/33 3286/1345/34 3285/1346/34 3283/1344/33
f 3286/1345/34 3288/1347/35 3287/1348/35 3285/1346/34
f 3288/1347/35 3290/1181/36 3289/144/36 3287/1348/35
f 3290/1181/36 3292/1349/37 3291/1350/37 3289/144/36
f 3292/1349/37 3294/1351/38 3293/1352/38 3291/1350/37
f 3294/1351/38 3296/1353/39 3295/1354/39 3293/1352/38
f 3296/1353/39 3298/1355/40 3297/1356/40 3295/1354/39
f 3298/1355/40 3300/1357/41 3299/1358/41 3297/1356/40
f 3300/1357/41 3302/1359/42 3301/1360/42 3299/1358/41
f 3302/1359/42 3304/1361/43 3303/1362/43 3301/1360/42
f 3304/1361/43 3306/1363/44 3305/1364/44 3303/1362/43
f 3306/1363/44 3308/1365/45 3307/2/45 3305/1364/44
f 3308/1365/45 3310/1366/46 3309/1367/46 3307/2/45
f 3310/1366/46 3312/1368/47 3311/1369/47 3309/1367/46
f 3312/1368/47 3314/1370/48 3313/1371/48 3311/1369/47
f 3314/1370/48 3316/1372/49 3315/1373/49 3313/1371/48
f 3316/1372/49 3318/1374/50 3317/1375/50 3315/1373/49
f 3318/1374/50 3320/1376/51 3319/1377/51 3317/1375/50
f 3320/1376/51 3322/1378/52 3321/1379/52 3319/1377/51
f 3322/1378/52 3324/1380/53 3323/1381/53 3321/1379/52
f 3324/1380/53 3326/1382/54 3325/232/54 3323/1381/53
f 3326/1382/54 3328/1383/55 3327/1384/55 3325/232/54
f 3328/1383/55 3330/1385/56 3329/1386/56 3327/1384/55
f 3330/1385/56 3332/1387/57 3331/1388/57 3329/1386/56
f 3332/1387/57 3334/1389/58 3333/1390/58 3331/1388/57
f 3334/1389/58 3336/1391/59 3335/1392/59 3333/1390/58
f 3336/1391/59 3338/1393/60 3337/1394/60 3335/1392/59
f 3338/1393/60 3340/1395/9 3339/1396/9 3337/1394/60
f 3340/1395/9 3342/1397/65 3341/1398/65 3339/1396/9
f 3342/1397/65 3344/1220/11 3343/251/11 3341/1398/65
f 3344/1220/11 3346/1399/12 3345/1400/12 3343/251/11
f 3346/1399/12 3348/1401/13 3347/1402/13 3345/1400/12
f 3348/1401/13 3350/1403/14 3349/1404/14 3347/1402/13
f 3350/1403/14 3352/1405/15 3351/1406/15 3349/1404/14
f 3352/1405/15 3354/1407/16 3353/1408/16 3351/1406/15
f 3354/1407/16 3356/1409/17 3355/1410/17 3353/1408/16
f 3356/1409/17 3358/1411/18 3357/1412/18 3355/1410/17
f 3358/1411/18 3360/1413/19 3359/1414/19 3357/1412/18
f 3360/1413/19 3362/1415/20 3361/319/20 3359/1414/19
f 3362/1415/20 3364/1416/21 3363/1417/21 3361/319/20
f 3364/1416/21 3366/1418/15 3365/1419/15 3363/1417/21
f 3366/1418/15 3368/1420/54 3367/1421/54 3365/1419/15
f 3368/1420/54 3370/1422/48 3369/1423/48 3367/1421/54
f 3370/1422/48 3372/1424/49 3371/1425/49 3369/1423/48
f 3372/1424/49 3374/1426/50 3373/1427/50 3371/1425/49
f 3374/1426/50 3376/1428/51 3375/1429/51 3373/1427/50
f 3376/1428/51 3378/1430/52 3377/1431/52 3375/1429/51
f 3378/1430/52 3380/1432/53 3379/4/53 3377/1431/52
f 3380/1432/53 3382/1433/54 3381/1434/54 3379/4/53
f 3382/1433/54 3384/1435/55 3383/1436/55 3381/1434/54
f 3384/1435/55 3386/1437/56 3385/1438/56 3383/1436/55
f 3386/1437/56 3388/1439/57 3387/1440/57 3385/1438/56
f 3388/1439/57 3390/1441/58 3389/1442/58 3387/1440/57
f 3390/1441/58 3392/1443/59 3391/1444/59 3389/1442/58
f 3392/1443/59 3394/1445/60 3393/1446/60 3391/1444/59
f 3394/1445/60 3396/1447/9 3395/1448/9 3393/1446/60
f 3396/1447/9 3398/1259/10 3397/266/10 3395/1448/9
f 3398/1259/10 3400/1449/11 3399/1450/11 3397/266/10
f 3400/1449/11 3402/1451/12 3401/1452/12 3399/1450/11
f 3402/1451/12 3404/1453/13 3403/1454/13 3401/1452/12
f 3404/1453/13 3406/1455/14 3405/1456/14 3403/1454/13
f 3406/1455/14 3408/1457/15 3407/1458/15 3405/1456/14
f 3408/1457/15 3410/1459/16 3409/1460/16 3407/1458/15
f 3410/1459/16 3412/1461/17 3411/1462/17 3409/1460/16
f 3412/1461/17 3414/1463/18 3413/1464/18 3411/1462/17
f 3414/1463/18 3416/1465/19 3415/217/19 3413/1464/18
f 3416/1465/19 3418/1466/20 3417/1467/20 3415/217/19
f 3418/1466/20 3420/1468/21 3419/1469/21 3417/1467/20
f 3420/1468/21 3422/1470/15 3421/1471/15 3419/1469/21
f 3422/1470/15 3424/1472/54 3423/1473/54 3421/1471/15
f 3424/1472/54 3426/1474/48 3425/1475/48 3423/1473/54
f 3426/1474/48 3428/1476/49 3427/1477/49 3425/1475/48
f 3428/1476/49 3430/1478/50 3429/1479/50 3427/1477/49
f 3430/1478/50 3432/1480/51 3431/1481/51 3429/1479/50
f 3432/1480/51 3434/1482/52 3433/183/52 3431/1481/51
f 3434/1482/52 3436/1483/53 3435/1484/53 3433/183/52
f 3436/1483/53 3438/1485/54 3437/1486/54 3435/1484/53
f 3438/1485/54 3440/1487/55 3439/1488/55 3437/1486/54
f 3440/1487/55 3442/1489/56 3441/1490/56 3439/1488/55
f 3442/1489/56 3444/1491/57 3443/1492/57 3441/1490/56
f 3444/1491/57 3446/1493/58 3445/1494/58 3443/1492/57
f 3446/1493/58 3448/1495/59 3447/1496/59 3445/1494/58
f 3448/1495/59 3450/1497/60 3449/1498/60 3447/1496/59
f 3450/1497/60 3236/1298/9 3235/1/9 3449/1498/60
s 0
f 3452/1142/61 3454/1181/61 3453/144/61 3451/3/61
f 3454/1181/62 3456/1220/62 3455/251/62 3453/144/62
f 3456/1220/63 3458/1259/63 3457/266/63 3455/251/63
f 3458/1259/64 3452/1298/64 3451/1/64 3457/266/64
s 1
f 3460/1142/15 3462/1499/9 3461/1500/9 3459/3/15
f 3462/1499/9 3464/1501/65 3463/1502/65 3461/1500/9
f 3464/1501/65 3466/1503/11 3465/1504/11 3463/1502/65
f 3466/1503/11 3468/1505/12 3467/1506/12 3465/1504/11
f 3468/1505/12 3470/1507/13 3469/1508/13 3467/1506/12
f 3470/1507/13 3472/1509/14 3471/1510/14 3469/1508/13
f 3472/1509/14 3474/1511/15 3473/1512/15 3471/1510/14
f 3474/1511/15 3476/1513/16 3475/1514/16 3473/1512/15
f 3476/1513/16 3478/1515/17 3477/1516/17 3475/1514/16
f 3478/1515/17 3480/1517/18 3479/1518/18 3477/1516/17
f 3480/1517/18 3482/1519/19 3481/1520/19 3479/1518/18
f 3482/1519/19 3484/1521/20 3483/1522/20 3481/1520/19
f 3484/1521/20 3486/1157/21 3485/1158/21 3483/1522/20
f 3486/1157/21 3488/1523/22 3487/1524/22 3485/1158/21
f 3488/1523/22 3490/1525/23 3489/1526/23 3487/1524/22
f 3490/1525/23 3492/1527/24 3491/1528/24 3489/1526/23
f 3492/1527/24 3494/1529/25 3493/1530/25 3491/1528/24
f 3494/1529/25 3496/1531/26 3495/1532/26 3493/1530/25
f 3496/1531/26 3498/1533/27 3497/1534/27 3495/1532/26
f 3498/1533/27 3500/1535/28 3499/1536/28 3497/1534/27
f 3500/1535/28 3502/1537/29 3501/1538/29 3499/1536/28
f 3502/1537/29 3504/1539/30 3503/1540/30 3501/1538/29
f 3504/1539/30 3506/1541/31 3505/1542/31 3503/1540/30
f 3506/1541/31 3508/1543/32 3507/1544/32 3505/1542/31
f 3508/1543/32 3510/1545/33 3509/1546/33 3507/1544/32
f 3510/1545/33 3512/1173/34 3511/1174/34 3509/1546/33
f 3512/1173/34 3514/1547/66 3513/1548/66 3511/1174/34
f 3514/1547/66 3516/1549/67 3515/1550/67 3513/1548/66
f 3516/1549/67 3518/1551/68 3517/1552/68 3515/1550/67
f 3518/1551/68 3520/1553/69 3519/1554/69 3517/1552/68
f 3520/1553/69 3522/1555/70 3521/1556/70 3519/1554/69
f 3522/1555/70 3524/1557/71 3523/1558/71 3521/1556/70
f 3524/1557/71 3526/1559/72 3525/1560/72 3523/1558/71
f 3526/1559/72 3528/1561/73 3527/1562/73 3525/1560/72
f 3528/1561/73 3530/1563/74 3529/1564/74 3527/1562/73
f 3530/1563/74 3532/1565/75 3531/1566/75 3529/1564/74
f 3532/1565/75 3534/1567/76 3533/1568/76 3531/1566/75
f 3534/1567/76 3536/1569/77 3535/1570/77 3533/1568/76
f 3536/1569/77 3538/1188/78 3537/1189/78 3535/1570/77
f 3538/1188/78 3540/1571/79 3539/1572/79 3537/1189/78
f 3540/1571/79 3542/1573/80 3541/1574/80 3539/1572/79
f 3542/1573/80 3544/1575/81 3543/1576/81 3541/1574/80
f 3544/1575/81 3546/1577/82 3545/1578/82 3543/1576/81
f 3546/1577/82 3548/1579/83 3547/1580/83 3545/1578/82
f 3548/1579/83 3550/1581/84 3549/1582/84 3547/1580/83
f 3550/1581/84 3552/1583/85 3551/1584/85 3549/1582/84
f 3552/1583/85 3554/1585/86 3553/1586/86 3551/1584/85
f 3554/1585/86 3556/1587/87 3555/1588/87 3553/1586/86
f 3556/1587/87 3558/1589/88 3557/1590/88 3555/1588/87
f 3558/1589/88 3560/1591/89 3559/1592/89 3557/1590/88
f 3560/1591/89 3562/1593/90 3561/1594/90 3559/1592/89
f 3562/1593/90 3564/1204/91 3563/1205/91 3561/1594/90
f 3564/1204/91 3566/1595/92 3565/1596/92 3563/1205/91
f 3566/1595/92 3568/1597/93 3567/1598/93 3565/1596/92
f 3568/1597/93 3570/1599/94 3569/1600/94 3567/1598/93
f 3570/1599/94 3572/1601/95 3571/1602/95 3569/1600/94
f 3572/1601/95 3574/1603/96 3573/1604/96 3571/1602/95
f 3574/1603/96 3576/1605/97 3575/1606/97 3573/1604/96
f 3576/1605/97 3578/1607/98 3577/1608/98 3575/1606/97
f 3578/1607/98 3580/1609/99 3579/1610/99 3577/1608/98
f 3580/1609/99 3582/1611/100 3581/1612/100 3579/1610/99
f 3582/1611/100 3584/1613/101 3583/1614/101 3581/1612/100
f 3584/1613/101 3586/1615/102 3585/1616/102 3583/1614/101
f 3586/1615/102 3588/1617/103 3587/1618/103 3585/1616/102
f 3588/1617/103 3590/1220/104 3589/251/104 3587/1618/103
f 3590/1220/104 3592/1619/105 3591/1620/105 3589/251/104
f 3592/1619/105 3594/1621/106 3593/1622/106 3591/1620/105
f 3594/1621/106 3596/1623/107 3595/1624/107 3593/1622/106
f 3596/1623/107 3598/1625/108 3597/1626/108 3595/1624/107
f 3598/1625/108 3600/1627/109 3599/1628/109 3597/1626/108
f 3600/1627/109 3602/1629/110 3601/1630/110 3599/1628/109
f 3602/1629/110 3604/1631/111 3603/1632/111 3601/1630/110
f 3604/1631/111 3606/1633/112 3605/1634/112 3603/1632/111
f 3606/1633/112 3608/1635/113 3607/1636/113 3605/1634/112
f 3608/1635/113 3610/1637/114 3609/1638/114 3607/1636/113
f 3610/1637/114 3612/1639/115 3611/1640/115 3609/1638/114
f 3612/1639/115 3614/1641/116 3613/1642/116 3611/1640/115
f 3614/1641/116 3616/1235/117 3615/1236/117 3613/1642/116
f 3616/1235/117 3618/1643/118 3617/1644/118 3615/1236/117
f 3618/1643/118 3620/1645/119 3619/1646/119 3617/1644/118
f 3620/1645/119 3622/1647/120 3621/1648/120 3619/1646/119
f 3622/1647/120 3624/1649/121 3623/1650/121 3621/1648/120
f 3624/1649/121 3626/1651/122 3625/1652/122 3623/1650/121
f 3626/1651/122 3628/1653/123 3627/1654/123 3625/1652/122
f 3628/1653/123 3630/1655/124 3629/1656/124 3627/1654/123
f 3630/1655/124 3632/1657/125 3631/1658/125 3629/1656/124
f 3632/1657/125 3634/1659/126 3633/1660/126 3631/1658/125
f 3634/1659/126 3636/1661/127 3635/1662/127 3633/1660/126
f 3636/1661/127 3638/1663/128 3637/1664/128 3635/1662/127
f 3638/1663/128 3640/1665/129 3639/1666/129 3637/1664/128
f 3640/1665/129 3642/1251/130 3641/1252/130 3639/1666/129
f 3642/1251/130 3644/1667/131 3643/1668/131 3641/1252/130
f 3644/1667/131 3646/1669/132 3645/1670/132 3643/1668/131
f 3646/1669/132 3648/1671/133 3647/1672/133 3645/1670/132
f 3648/1671/133 3650/1673/134 3649/1674/134 3647/1672/133
f 3650/1673/134 3652/1675/135 3651/1676/135 3649/1674/134
f 3652/1675/135 3654/1677/136 3653/1678/136 3651/1676/135
f 3654/1677/136 3656/1679/137 3655/1680/137 3653/1678/136
f 3656/1679/137 3658/1681/138 3657/1682/138 3655/1680/137
f 3658/1681/138 3660/1683/139 3659/1684/139 3657/1682/138
f 3660/1683/139 3662/1685/140 3661/1686/140 3659/1684/139
f 3662/1685/140 3664/1687/141 3663/1688/141 3661/1686/140
f 3664/1687/141 3666/1689/9 3665/1690/9 3663/1688/141
f 3666/1689/9 3668/1266/65 3667/1267/65 3665/1690/9
f 3668/1266/65 3670/1691/11 3669/1692/11 3667/1267/65
f 3670/1691/11 3672/1693/12 3671/1694/12 3669/1692/11
f 3672/1693/12 3674/1695/13 3673/1696/13 3671/1694/12
f 3674/1695/13 3676/1697/14 3675/1698/14 3673/1696/13
f 3676/1697/14 3678/1699/15 3677/1700/15 3675/1698/14
f 3678/1699/15 3680/1701/16 3679/1702/16 3677/1700/15
f 3680/1701/16 3682/1703/17 3681/1704/17 3679/1702/16
f 3682/1703/17 3684/1705/18 3683/1706/18 3681/1704/17
f 3684/1705/18 3686/1707/19 3685/1708/19 3683/1706/18
f 3686/1707/19 3688/1709/20 3687/1710/20 3685/1708/19
f 3688/1709/20 3690/1711/21 3689/1712/21 3687/1710/20
f 3690/1711/21 3692/1713/142 3691/1714/142 3689/1712/21
f 3692/1713/142 3694/1282/143 3693/1283/143 3691/1714/142
f 3694/1282/143 3696/1715/144 3695/1716/144 3693/1283/143
f 3696/1715/144 3698/1717/145 3697/1718/145 3695/1716/144
f 3698/1717/145 3700/1719/146 3699/1720/146 3697/1718/145
f 3700/1719/146 3702/1721/147 3701/1722/147 3699/1720/146
f 3702/1721/147 3704/1723/148 3703/1724/148 3701/1722/147
f 3704/1723/148 3706/1725/149 3705/1726/149 3703/1724/148
f 3706/1725/149 3708/1727/150 3707/1728/150 3705/1726/149
f 3708/1727/150 3710/1729/151 3709/1730/151 3707/1728/150
f 3710/1729/151 3712/1731/152 3711/1732/152 3709/1730/151
f 3712/1731/152 3714/1733/153 3713/1734/153 3711/1732/152
f 3714/1733/153 3716/1735/154 3715/1736/154 3713/1734/153
f 3716/1735/154 3718/1737/28 3717/1738/28 3715/1736/154
f 3718/1737/28 3460/1298/15 3459/1/15 3717/1738/28
f 3720/1142/155 3722/1739/156 3721/1740/156 3719/3/155
f 3722/1739/156 3724/1741/157 3723/1742/157 3721/1740/156
f 3724/1741/157 3726/1743/158 3725/1744/158 3723/1742/157
f 3726/1743/158 3728/1745/159 3727/1746/159 3725/1744/158
f 3728/1745/159 3730/1747/160 3729/1748/160 3727/1746/159
f 3730/1747/160 3732/1749/161 3731/1750/161 3729/1748/160
f 3732/1749/161 3734/1181/162 3733/144/162 3731/1750/161
f 3734/1181/162 3736/1751/163 3735/1752/163 3733/144/162
f 3736/1751/163 3738/1753/164 3737/1754/164 3735/1752/163
f 3738/1753/164 3740/1755/165 3739/1756/165 3737/1754/164
f 3740/1755/165 3742/1757/166 3741/1758/166 3739/1756/165
f 3742/1757/166 3744/1759/167 3743/1760/167 3741/1758/166
f 3744/1759/167 3746/1761/168 3745/1762/168 3743/1760/167
f 3746/1761/168 3748/1220/169 3747/251/169 3745/1762/168
f 3748/1220/169 3750/1763/170 3749/1764/170 3747/251/169
f 3750/1763/170 3752/1765/171 3751/1766/171 3749/1764/170
f 3752/1765/171 3754/1767/172 3753/1768/172 3751/1766/171
f 3754/1767/172 3756/1769/173 3755/1770/173 3753/1768/172
f 3756/1769/173 3758/1771/174 3757/1772/174 3755/1770/173
f 3758/1771/174 3760/1773/175 3759/1774/175 3757/1772/174
f 3760/1773/175 3762/1259/176 3761/266/176 3759/1774/175
f 3762/1259/176 3764/1775/177 3763/1776/177 3761/266/176
f 3764/1775/177 3766/1777/178 3765/1778/178 3763/1776/177
f 3766/1777/178 3768/1779/179 3767/1780/179 3765/1778/178
f 3768/1779/179 3770/1781/180 3769/1782/180 3767/1780/179
f 3770/1781/180 3772/1783/181 3771/1784/181 3769/1782/180
f 3772/1783/181 3774/1785/182 3773/1786/182 3771/1784/181
f 3774/1785/182 3720/1298/155 3719/1/155 3773/1786/182
s 0
f 3776/1142/61 3778/1181/61 3777/144/61 3775/3/61
f 3778/1181/62 3780/1220/62 3779/251/62 3777/144/62
f 3780/1220/63 3782/1259/63 3781/266/63 3779/251/63
f 3782/1259/64 3776/1298/64 3775/1/64 3781/266/64
s 1
f 3784/1142/9 3786/1787/65 3785/1788/65 3783/3/9
f 3786/1787/65 3788/1789/11 3787/1790/11 3785/1788/65
f 3788/1789/11 3790/1791/12 3789/1792/12 3787/1790/11
f 3790/1791/12 3792/1793/13 3791/1794/13 3789/1792/12
f 3792/1793/13 3794/1795/14 3793/1796/14 3791/1794/13
f 3794/1795/14 3796/1797/15 3795/1798/15 3793/1796/14
f 3796/1797/15 3798/1799/16 3797/1800/16 3795/1798/15
f 3798/1799/16 3800/1801/17 3799/1802/17 3797/1800/16
f 3800/1801/17 3802/1803/18 3801/1804/18 3799/1802/17
f 3802/1803/18 3804/1805/19 3803/1806/19 3801/1804/18
f 3804/1805/19 3806/1807/20 3805/1808/20 3803/1806/19
f 3806/1807/20 3808/1809/21 3807/1810/21 3805/1808/20
f 3808/1809/21 3810/1811/22 3809/1812/22 3807/1810/21
f 3810/1811/22 3812/1813/23 3811/1814/23 3809/1812/22
f 3812/1813/23 3814/1815/24 3813/1816/24 3811/1814/23
f 3814/1815/24 3816/1817/25 3815/1818/25 3813/1816/24
f 3816/1817/25 3818/1819/26 3817/1820/26 3815/1818/25
f 3818/1819/26 3820/1821/27 3819/1822/27 3817/1820/26
f 3820/1821/27 3822/1823/28 3821/1824/28 3819/1822/27
f 3822/1823/28 3824/1825/29 3823/1826/29 3821/1824/28
f 3824/1825/29 3826/1827/30 3825/1828/30 3823/1826/29
f 3826/1827/30 3828/1829/31 3827/1830/31 3825/1828/30
f 3828/1829/31 3830/1831/32 3829/1832/32 3827/1830/31
f 3830/1831/32 3832/1833/33 3831/1834/33 3829/1832/32
f 3832/1833/33 3834/1835/34 3833/1836/34 3831/1834/33
f 3834/1835/34 3836/1837/35 3835/1838/35 3833/1836/34
f 3836/1837/35 3838/1839/183 3837/1840/183 3835/1838/35
f 3838/1839/183 3840/1841/37 3839/1842/37 3837/1840/183
f 3840/1841/37 3842/1843/38 3841/1844/38 3839/1842/37
f 3842/1843/38 3844/1845/39 3843/1846/39 3841/1844/38
f 3844/1845/39 3846/1847/40 3845/1848/40 3843/1846/39
f 3846/1847/40 3848/1849/41 3847/1850/41 3845/1848/40
f 3848/1849/41 3850/1851/42 3849/1852/42 3847/1850/41
f 3850/1851/42 3852/1853/43 3851/1854/43 3849/1852/42
f 3852/1853/43 3854/1855/44 3853/1856/44 3851/1854/43
f 3854/1855/44 3856/1857/45 3855/1858/45 3853/1856/44
f 3856/1857/45 3858/1859/46 3857/1860/46 3855/1858/45
f 3858/1859/46 3860/1861/47 3859/1862/47 3857/1860/46
f 3860/1861/47 3862/1863/184 3861/1864/184 3859/1862/47
f 3862/1863/184 3864/1865/185 3863/1866/185 3861/1864/184
f 3864/1865/185 3866/1867/186 3865/1868/186 3863/1866/185
f 3866/1867/186 3868/1869/187 3867/1870/187 3865/1868/186
f 3868/1869/187 3870/1871/188 3869/1872/188 3867/1870/187
f 3870/1871/188 3872/1873/189 3871/1874/189 3869/1872/188
f 3872/1873/189 3874/1875/190 3873/1876/190 3871/1874/189
f 3874/1875/190 3876/1877/191 3875/1878/191 3873/1876/190
f 3876/1877/191 3878/1879/192 3877/1880/192 3875/1878/191
f 3878/1879/192 3880/1881/193 3879/1882/193 3877/1880/192
f 3880/1881/193 3882/1883/194 3881/1884/194 3879/1882/193
f 3882/1883/194 3884/1885/195 3883/1886/195 3881/1884/194
f 3884/1885/195 3886/1887/196 3885/1888/196 3883/1886/195
f 3886/1887/196 3888/1889/197 3887/1890/197 3885/1888/196
f 3888/1889/197 3890/1891/198 3889/1892/198 3887/1890/197
f 3890/1891/198 3892/1893/199 3891/1894/199 3889/1892/198
f 3892/1893/199 3894/1895/200 3893/1896/200 3891/1894/199
f 3894/1895/200 3896/1897/201 3895/1898/201 3893/1896/200
f 3896/1897/201 3898/1899/202 3897/1900/202 3895/1898/201
f 3898/1899/202 3900/1901/203 3899/1902/203 3897/1900/202
f 3900/1901/203 3902/1365/204 3901/2/204 3899/1902/203
f 3902/1365/204 3904/1903/205 3903/1904/205 3901/2/204
f 3904/1903/205 3906/1905/206 3905/1906/206 3903/1904/205
f 3906/1905/206 3908/1907/207 3907/1908/207 3905/1906/206
f 3908/1907/207 3910/1909/208 3909/1910/208 3907/1908/207
f 3910/1909/208 3912/1911/209 3911/1912/209 3909/1910/208
f 3912/1911/209 3914/1913/210 3913/1914/210 3911/1912/209
f 3914/1913/210 3916/1915/211 3915/1916/211 3913/1914/210
f 3916/1915/211 3918/1917/212 3917/1918/212 3915/1916/211
f 3918/1917/212 3920/1919/213 3919/1920/213 3917/1918/212
f 3920/1919/213 3922/1921/214 3921/1922/214 3919/1920/213
f 3922/1921/214 3924/1923/215 3923/1924/215 3921/1922/214
f 3924/1923/215 3926/1925/216 3925/1926/216 3923/1924/215
f 3926/1925/216 3928/1927/217 3927/1928/217 3925/1926/216
f 3928/1927/217 3930/1929/218 3929/1930/218 3927/1928/217
f 3930/1929/218 3932/1931/219 3931/1932/219 3929/1930/218
f 3932/1931/219 3934/1933/220 3933/1934/220 3931/1932/219
f 3934/1933/220 3936/1935/221 3935/1936/221 3933/1934/220
f 3936/1935/221 3938/1937/222 3937/1938/222 3935/1936/221
f 3938/1937/222 3940/1939/223 3939/1940/223 3937/1938/222
f 3940/1939/223 3942/1941/224 3941/1942/224 3939/1940/223
f 3942/1941/224 3944/1943/225 3943/1944/225 3941/1942/224
f 3944/1943/225 3946/1945/226 3945/1946/226 3943/1944/225
f 3946/1945/226 3948/1947/227 3947/1948/227 3945/1946/226
f 3948/1947/227 3950/1949/228 3949/1950/228 3947/1948/227
f 3950/1949/228 3952/1951/229 3951/1952/229 3949/1950/228
f 3952/1951/229 3954/1953/230 3953/1954/230 3951/1952/229
f 3954/1953/230 3956/1955/231 3955/1956/231 3953/1954/230
f 3956/1955/231 3958/1957/232 3957/1958/232 3955/1956/231
f 3958/1957/232 3960/1959/233 3959/1960/233 3957/1958/232
f 3960/1959/233 3962/1961/234 3961/1962/234 3959/1960/233
f 3962/1961/234 3964/1963/235 3963/1964/235 3961/1962/234
f 3964/1963/235 3966/1965/236 3965/1966/236 3963/1964/235
f 3966/1965/236 3968/1967/237 3967/1968/237 3965/1966/236
f 3968/1967/237 3970/1969/238 3969/1970/238 3967/1968/237
f 3970/1969/238 3972/1971/239 3971/1972/239 3969/1970/238
f 3972/1971/239 3974/1973/240 3973/1974/240 3971/1972/239
f 3974/1973/240 3976/1975/241 3975/1976/241 3973/1974/240
f 3976/1975/241 3978/1977/242 3977/1978/242 3975/1976/241
f 3978/1977/242 3980/1979/243 3979/1980/243 3977/1978/242
f 3980/1979/243 3982/1981/244 3981/1982/244 3979/1980/243
f 3982/1981/244 3984/1983/245 3983/1984/245 3981/1982/244
f 3984/1983/245 3986/1985/246 3985/1986/246 3983/1984/245
f 3986/1985/246 3988/1987/247 3987/1988/247 3985/1986/246
f 3988/1987/247 3990/1989/248 3989/1990/248 3987/1988/247
f 3990/1989/248 3992/1991/249 3991/1992/249 3989/1990/248
f 3992/1991/249 3994/1993/195 3993/1994/195 3991/1992/249
f 3994/1993/195 3996/1995/250 3995/1996/250 3993/1994/195
f 3996/1995/250 3998/1997/251 3997/1998/251 3995/1996/250
f 3998/1997/251 4000/1999/252 3999/2000/252 3997/1998/251
f 4000/1999/252 4002/2001/253 4001/2002/253 3999/2000/252
f 4002/2001/253 4004/2003/254 4003/2004/254 4001/2002/253
f 4004/2003/254 4006/2005/255 4005/2006/255 4003/2004/254
f 4006/2005/255 4008/2007/256 4007/2008/256 4005/2006/255
f 4008/2007/256 4010/2009/257 4009/2010/257 4007/2008/256
f 4010/2009/257 4012/2011/258 4011/2012/258 4009/2010/257
f 4012/2011/258 4014/2013/259 4013/2014/259 4011/2012/258
f 4014/2013/259 4016/2015/260 4015/2016/260 4013/2014/259
f 4016/2015/260 4018/2017/261 4017/2018/261 4015/2016/260
f 4018/2017/261 4020/1432/262 4019/4/262 4017/2018/261
f 4020/1432/262 4022/2019/263 4021/2020/263 4019/4/262
f 4022/2019/263 4024/2021/264 4023/2022/264 4021/2020/263
f 4024/2021/264 4026/2023/265 4025/2024/265 4023/2022/264
f 4026/2023/265 4028/2025/266 4027/2026/266 4025/2024/265
f 4028/2025/266 4030/2027/267 4029/2028/267 4027/2026/266
f 4030/2027/267 4032/2029/268 4031/2030/268 4029/2028/267
f 4032/2029/268 4034/2031/9 4033/2032/9 4031/2030/268
f 4034/2031/9 4036/2033/10 4035/2034/10 4033/2032/9
f 4036/2033/10 4038/2035/11 4037/2036/11 4035/2034/10
f 4038/2035/11 4040/2037/12 4039/2038/12 4037/2036/11
f 4040/2037/12 4042/2039/13 4041/2040/13 4039/2038/12
f 4042/2039/13 4044/2041/14 4043/2042/14 4041/2040/13
f 4044/2041/14 4046/2043/15 4045/2044/15 4043/2042/14
f 4046/2043/15 4048/2045/16 4047/2046/16 4045/2044/15
f 4048/2045/16 4050/2047/17 4049/2048/17 4047/2046/16
f 4050/2047/17 4052/2049/18 4051/2050/18 4049/2048/17
f 4052/2049/18 4054/2051/19 4053/2052/19 4051/2050/18
f 4054/2051/19 4056/2053/20 4055/2054/20 4053/2052/19
f 4056/2053/20 4058/2055/21 4057/2056/21 4055/2054/20
f 4058/2055/21 4060/2057/22 4059/2058/22 4057/2056/21
f 4060/2057/22 4062/2059/23 4061/2060/23 4059/2058/22
f 4062/2059/23 4064/2061/24 4063/2062/24 4061/2060/23
f 4064/2061/24 4066/2063/25 4065/2064/25 4063/2062/24
f 4066/2063/25 4068/2065/26 4067/2066/26 4065/2064/25
f 4068/2065/26 4070/2067/27 4069/2068/27 4067/2066/26
f 4070/2067/27 4072/2069/28 4071/2070/28 4069/2068/27
f 4072/2069/28 4074/2071/29 4073/2072/29 4071/2070/28
f 4074/2071/29 4076/2073/30 4075/2074/30 4073/2072/29
f 4076/2073/30 4078/2075/31 4077/2076/31 4075/2074/30
f 4078/2075/31 4080/2077/32 4079/2078/32 4077/2076/31
f 4080/2077/32 4082/2079/33 4081/2080/33 4079/2078/32
f 4082/2079/33 4084/2081/34 4083/2082/34 4081/2080/33
f 4084/2081/34 4086/2083/269 4085/2084/269 4083/2082/34
f 4086/2083/269 4088/2085/270 4087/2086/270 4085/2084/269
f 4088/2085/270 4090/2087/271 4089/2088/271 4087/2086/270
f 4090/2087/271 4092/2089/272 4091/2090/272 4089/2088/271
f 4092/2089/272 4094/2091/273 4093/2092/273 4091/2090/272
f 4094/2091/273 4096/2093/274 4095/2094/274 4093/2092/273
f 4096/2093/274 4098/2095/275 4097/2096/275 4095/2094/274
f 4098/2095/275 4100/2097/276 4099/2098/276 4097/2096/275
f 4100/2097/276 4102/2099/277 4101/2100/277 4099/2098/276
f 4102/2099/277 4104/2101/278 4103/2102/278 4101/2100/277
f 4104/2101/278 4106/2103/279 4105/2104/279 4103/2102/278
f 4106/2103/279 4108/2105/280 4107/2106/280 4105/2104/279
f 4108/2105/280 4110/2107/281 4109/2108/281 4107/2106/280
f 4110/2107/281 4112/2109/282 4111/2110/282 4109/2108/281
f 4112/2109/282 4114/2111/283 4113/2112/283 4111/2110/282
f 4114/2111/283 4116/2113/284 4115/2114/284 4113/2112/283
f 4116/2113/284 4118/2115/285 4117/2116/285 4115/2114/284
f 4118/2115/285 4120/2117/286 4119/2118/286 4117/2116/285
f 4120/2117/286 4122/2119/287 4121/2120/287 4119/2118/286
f 4122/2119/287 4124/2121/288 4123/2122/288 4121/2120/287
f 4124/2121/288 4126/2123/289 4125/2124/289 4123/2122/288
f 4126/2123/289 4128/2125/290 4127/2126/290 4125/2124/289
f 4128/2125/290 4130/2127/291 4129/2128/291 4127/2126/290
f 4130/2127/291 4132/2129/292 4131/2130/292 4129/2128/291
f 4132/2129/292 4134/2131/293 4133/2132/293 4131/2130/292
f 4134/2131/293 4136/2133/15 4135/2134/15 4133/2132/293
f 4136/2133/15 3784/1298/9 3783/1/9 4135/2134/15
f 4138/1142/294 4140/2135/15 4139/2136/15 4137/3/294
f 4140/2135/15 4142/1507/54 4141/1508/54 4139/2136/15
f 4142/1507/54 4144/2137/295 4143/2138/295 4141/1508/54
f 4144/2137/295 4146/1517/296 4145/1518/296 4143/2138/295
f 4146/1517/296 4148/2139/297 4147/2140/297 4145/1518/296
f 4148/2139/297 4150/1525/298 4149/1526/298 4147/2140/297
f 4150/1525/298 4152/2141/299 4151/2142/299 4149/1526/298
f 4152/2141/299 4154/1535/300 4153/1536/300 4151/2142/299
f 4154/1535/300 4156/2143/301 4155/2144/301 4153/1536/300
f 4156/2143/301 4158/1545/302 4157/1546/302 4155/2144/301
f 4158/1545/302 4160/2145/303 4159/2146/303 4157/1546/302
f 4160/2145/303 4162/1553/304 4161/1554/304 4159/2146/303
f 4162/1553/304 4164/1181/305 4163/144/305 4161/1554/304
f 4164/1181/305 4166/1563/306 4165/1564/306 4163/144/305
f 4166/1563/306 4168/2147/307 4167/2148/307 4165/1564/306
f 4168/2147/307 4170/1571/308 4169/1572/308 4167/2148/307
f 4170/1571/308 4172/2149/309 4171/2150/309 4169/1572/308
f 4172/2149/309 4174/1581/310 4173/1582/310 4171/2150/309
f 4174/1581/310 4176/2151/311 4175/2152/311 4173/1582/310
f 4176/2151/311 4178/1591/312 4177/1592/312 4175/2152/311
f 4178/1591/312 4180/2153/313 4179/2154/313 4177/1592/312
f 4180/2153/313 4182/1599/314 4181/1600/314 4179/2154/313
f 4182/1599/314 4184/2155/315 4183/2156/315 4181/1600/314
f 4184/2155/315 4186/1609/316 4185/1610/316 4183/2156/315
f 4186/1609/316 4188/2157/317 4187/2158/317 4185/1610/316
f 4188/2157/317 4190/1220/318 4189/251/318 4187/2158/317
f 4190/1220/318 4192/2159/319 4191/2160/319 4189/251/318
f 4192/2159/319 4194/1627/320 4193/1628/320 4191/2160/319
f 4194/1627/320 4196/2161/321 4195/2162/321 4193/1628/320
f 4196/2161/321 4198/1637/322 4197/1638/322 4195/2162/321
f 4198/1637/322 4200/2163/323 4199/2164/323 4197/1638/322
f 4200/2163/323 4202/1645/324 4201/1646/324 4199/2164/323
f 4202/1645/324 4204/2165/325 4203/2166/325 4201/1646/324
f 4204/2165/325 4206/1655/326 4205/1656/326 4203/2166/325
f 4206/1655/326 4208/2167/327 4207/2168/327 4205/1656/326
f 4208/2167/327 4210/1665/328 4209/1666/328 4207/2168/327
f 4210/1665/328 4212/2169/329 4211/2170/329 4209/1666/328
f 4212/2169/329 4214/1673/330 4213/1674/330 4211/2170/329
f 4214/1673/330 4216/1259/331 4215/266/331 4213/1674/330
f 4216/1259/331 4218/1683/332 4217/1684/332 4215/266/331
f 4218/1683/332 4220/2171/333 4219/2172/333 4217/1684/332
f 4220/2171/333 4222/1691/334 4221/1692/334 4219/2172/333
f 4222/1691/334 4224/2173/335 4223/2174/335 4221/1692/334
f 4224/2173/335 4226/1701/336 4225/1702/336 4223/2174/335
f 4226/1701/336 4228/2175/337 4227/2176/337 4225/1702/336
f 4228/2175/337 4230/1711/338 4229/1712/338 4227/2176/337
f 4230/1711/338 4232/2177/339 4231/2178/339 4229/1712/338
f 4232/2177/339 4234/1719/340 4233/1720/340 4231/2178/339
f 4234/1719/340 4236/2179/341 4235/2180/341 4233/1720/340
f 4236/2179/341 4238/1729/342 4237/1730/342 4235/2180/341
f 4238/1729/342 4240/2181/343 4239/2182/343 4237/1730/342
f 4240/2181/343 4138/1298/294 4137/1/294 4239/2182/343
s 0
f 4242/1142/61 4244/1181/61 4243/144/61 4241/3/61
f 4244/1181/62 4246/1220/62 4245/251/62 4243/144/62
f 4246/1220/63 4248/1259/63 4247/266/63 4245/251/63
f 4248/1259/64 4242/1298/64 4241/1/64 4247/266/64
s 1
f 4250/1142/9 4252/2183/10 4251/88/10 4249/3/9
f 4252/2183/10 4254/2184/11 4253/90/11 4251/88/10
f 4254/2184/11 4256/2185/12 4255/92/12 4253/90/11
f 4256/2185/12 4258/2186/13 4257/94/13 4255/92/12
f 4258/2186/13 4260/2187/14 4259/96/14 4257/94/13
f 4260/2187/14 4262/2188/15 4261/98/15 4259/96/14
f 4262/2188/15 4264/2189/16 4263/100/16 4261/98/15
f 4264/2189/16 4266/2190/17 4265/102/17 4263/100/16
f 4266/2190/17 4268/2191/18 4267/104/18 4265/102/17
f 4268/2191/18 4270/2192/19 4269/106/19 4267/104/18
f 4270/2192/19 4272/2193/20 4271/108/20 4269/106/19
f 4272/2193/20 4274/2194/21 4273/110/21 4271/108/20
f 4274/2194/21 4276/2195/22 4275/109/22 4273/110/21
f 4276/2195/22 4278/2196/23 4277/107/23 4275/109/22
f 4278/2196/23 4280/2197/24 4279/105/24 4277/107/23
f 4280/2197/24 4282/2198/25 4281/103/25 4279/105/24
f 4282/2198/25 4284/2199/26 4283/101/26 4281/103/25
f 4284/2199/26 4286/2200/27 4285/99/27 4283/101/26
f 4286/2200/27 4288/2201/28 4287/97/28 4285/99/27
f 4288/2201/28 4290/2202/29 4289/95/29 4287/97/28
f 4290/2202/29 4292/2203/30 4291/93/30 4289/95/29
f 4292/2203/30 4294/2204/31 4293/91/31 4291/93/30
f 4294/2204/31 4296/2205/32 4295/89/32 4293/91/31
f 4296/2205/32 4298/2206/33 4297/87/33 4295/89/32
f 4298/2206/33 4300/2207/34 4299/31/34 4297/87/33
f 4300/2207/34 4302/2208/35 4301/29/35 4299/31/34
f 4302/2208/35 4304/2209/36 4303/28/36 4301/29/35
f 4304/2209/36 4306/2210/37 4305/26/37 4303/28/36
f 4306/2210/37 4308/2211/38 4307/24/38 4305/26/37
f 4308/2211/38 4310/2212/39 4309/22/39 4307/24/38
f 4310/2212/39 4312/2213/40 4311/20/40 4309/22/39
f 4312/2213/40 4314/2214/41 4313/18/41 4311/20/40
f 4314/2214/41 4316/2215/42 4315/16/42 4313/18/41
f 4316/2215/42 4318/2216/43 4317/14/43 4315/16/42
f 4318/2216/43 4320/2217/44 4319/12/44 4317/14/43
f 4320/2217/44 4322/2218/45 4321/10/45 4319/12/44
f 4322/2218/45 4324/2219/46 4323/5/46 4321/10/45
f 4324/2219/46 4326/2220/47 4325/7/47 4323/5/46
f 4326/2220/47 4328/2221/344 4327/6/344 4325/7/47
f 4328/2221/344 4330/2222/345 4329/8/345 4327/6/344
f 4330/2222/345 4332/2223/346 4331/9/346 4329/8/345
f 4332/2223/346 4334/2224/347 4333/11/347 4331/9/346
f 4334/2224/347 4336/2225/348 4335/13/348 4333/11/347
f 4336/2225/348 4338/2226/349 4337/15/349 4335/13/348
f 4338/2226/349 4340/2227/350 4339/17/350 4337/15/349
f 4340/2227/350 4342/2228/351 4341/19/351 4339/17/350
f 4342/2228/351 4344/2229/352 4343/21/352 4341/19/351
f 4344/2229/352 4346/2230/353 4345/23/353 4343/21/352
f 4346/2230/353 4348/2231/354 4347/25/354 4345/23/353
f 4348/2231/354 4350/2232/355 4349/27/355 4347/25/354
f 4350/2232/355 4352/2233/356 4351/30/356 4349/27/355
f 4352/2233/356 4354/2234/357 4353/33/357 4351/30/356
f 4354/2234/357 4356/2235/35 4355/34/35 4353/33/357
f 4356/2235/35 4358/2236/183 4357/35/183 4355/34/35
f 4358/2236/183 4360/2237/37 4359/36/37 4357/35/183
f 4360/2237/37 4362/2238/38 4361/37/38 4359/36/37
f 4362/2238/38 4364/2239/39 4363/38/39 4361/37/38
f 4364/2239/39 4366/2240/40 4365/39/40 4363/38/39
f 4366/2240/40 4368/2241/41 4367/40/41 4365/39/40
f 4368/2241/41 4370/2242/42 4369/41/42 4367/40/41
f 4370/2242/42 4372/2243/43 4371/42/43 4369/41/42
f 4372/2243/43 4374/2244/44 4373/43/44 4371/42/43
f 4374/2244/44 4376/2245/45 4375/44/45 4373/43/44
f 4376/2245/45 4378/2246/46 4377/45/46 4375/44/45
f 4378/2246/46 4380/2247/47 4379/32/47 4377/45/46
f 4380/2247/47 4382/2248/48 4381/46/48 4379/32/47
f 4382/2248/48 4384/2249/49 4383/48/49 4381/46/48
f 4384/2249/49 4386/2250/50 4385/49/50 4383/48/49
f 4386/2250/50 4388/2251/51 4387/50/51 4385/49/50
f 4388/2251/51 4390/2252/52 4389/51/52 4387/50/51
f 4390/2252/52 4392/2253/53 4391/52/53 4389/51/52
f 4392/2253/53 4394/2254/54 4393/53/54 4391/52/53
f 4394/2254/54 4396/2255/55 4395/54/55 4393/53/54
f 4396/2255/55 4398/2256/56 4397/55/56 4395/54/55
f 4398/2256/56 4400/2257/57 4399/56/57 4397/55/56
f 4400/2257/57 4402/2258/58 4401/57/58 4399/56/57
f 4402/2258/58 4404/2259/358 4403/58/358 4401/57/58
f 4404/2259/358 4406/2260/359 4405/59/359 4403/58/358
f 4406/2260/359 4408/2261/9 4407/60/9 4405/59/359
f 4408/2261/9 4410/2262/10 4409/61/10 4407/60/9
f 4410/2262/10 4412/2263/11 4411/62/11 4409/61/10
f 4412/2263/11 4414/2264/12 4413/63/12 4411/62/11
f 4414/2264/12 4416/2265/13 4415/64/13 4413/63/12
f 4416/2265/13 4418/2266/14 4417/65/14 4415/64/13
f 4418/2266/14 4420/2267/15 4419/66/15 4417/65/14
f 4420/2267/15 4422/2268/16 4421/67/16 4419/66/15
f 4422/2268/16 4424/2269/17 4423/68/17 4421/67/16
f 4424/2269/17 4426/2270/18 4425/69/18 4423/68/17
f 4426/2270/18 4428/2271/19 4427/70/19 4425/69/18
f 4428/2271/19 4430/2272/20 4429/71/20 4427/70/19
f 4430/2272/20 4432/2273/21 4431/72/21 4429/71/20
f 4432/2273/21 4434/2274/22 4433/73/22 4431/72/21
f 4434/2274/22 4436/2275/23 4435/47/23 4433/73/22
f 4436/2275/23 4438/2276/24 4437/74/24 4435/47/23
f 4438/2276/24 4440/2277/25 4439/75/25 4437/74/24
f 4440/2277/25 4442/2278/26 4441/76/26 4439/75/25
f 4442/2278/26 4444/2279/27 4443/77/27 4441/76/26
f 4444/2279/27 4446/2280/28 4445/78/28 4443/77/27
f 4446/2280/28 4448/2281/29 4447/79/29 4445/78/28
f 4448/2281/29 4450/2282/30 4449/80/30 4447/79/29
f 4450/2282/30 4452/2283/31 4451/81/31 4449/80/30
f 4452/2283/31 4454/2284/32 4453/82/32 4451/81/31
f 4454/2284/32 4456/2285/360 4455/83/360 4453/82/32
f 4456/2285/360 4458/2286/34 4457/84/34 4455/83/360
f 4458/2286/34 4460/2287/361 4459/85/361 4457/84/34
f 4460/2287/361 4462/2288/362 4461/86/362 4459/85/361
f 4462/2288/362 4250/1298/9 4249/1/9 4461/86/362
s 0
f 4464/1142/61 4466/1181/61 4465/144/61 4463/3/61
f 4466/1181/62 4468/1220/62 4467/251/62 4465/144/62
f 4468/1220/63 4470/1259/63 4469/266/63 4467/251/63
f 4470/1259/64 4464/1298/64 4463/1/64 4469/266/64
f 4472/1142/61 4474/1181/61 4473/144/61 4471/3/61
f 4474/1181/62 4476/1220/62 4475/251/62 4473/144/62
f 4476/1220/63 4478/1259/63 4477/266/63 4475/251/63
f 4478/1259/64 4472/1298/64 4471/1/64 4477/266/64
s 1
f 4480/1142/9 4482/2289/10 4481/2290/10 4479/3/9
f 4482/2289/10 4484/2291/11 4483/2292/11 4481/2290/10
f 4484/2291/11 4486/2293/12 4485/2294/12 4483/2292/11
f 4486/2293/12 4488/2295/13 4487/2296/13 4485/2294/12
f 4488/2295/13 4490/2297/14 4489/2298/14 4487/2296/13
f 4490/2297/14 4492/2299/15 4491/2300/15 4489/2298/14
f 4492/2299/15 4494/1507/16 4493/1508/16 4491/2300/15
f 4494/1507/16 4496/2301/17 4495/2302/17 4493/1508/16
f 4496/2301/17 4498/2303/18 4497/2304/18 4495/2302/17
f 4498/2303/18 4500/2305/19 4499/2306/19 4497/2304/18
f 4500/2305/19 4502/2307/20 4501/2308/20 4499/2306/19
f 4502/2307/20 4504/2309/21 4503/2310/21 4501/2308/20
f 4504/2309/21 4506/1741/22 4505/1742/22 4503/2310/21
f 4506/1741/22 4508/1517/23 4507/1518/23 4505/1742/22
f 4508/1517/23 4510/2311/24 4509/2312/24 4507/1518/23
f 4510/2311/24 4512/2313/25 4511/2314/25 4509/2312/24
f 4512/2313/25 4514/2315/26 4513/2316/26 4511/2314/25
f 4514/2315/26 4516/2317/27 4515/2318/27 4513/2316/26
f 4516/2317/27 4518/2319/28 4517/2320/28 4515/2318/27
f 4518/2319/28 4520/2321/29 4519/2322/29 4517/2320/28
f 4520/2321/29 4522/1525/30 4521/1526/30 4519/2322/29
f 4522/1525/30 4524/2323/31 4523/2324/31 4521/1526/30
f 4524/2323/31 4526/2325/32 4525/2326/32 4523/2324/31
f 4526/2325/32 4528/2327/360 4527/2328/360 4525/2326/32
f 4528/2327/360 4530/2329/34 4529/2330/34 4527/2328/360
f 4530/2329/34 4532/1745/35 4531/1746/35 4529/2330/34
f 4532/1745/35 4534/2331/183 4533/2332/183 4531/1746/35
f 4534/2331/183 4536/1535/37 4535/1536/37 4533/2332/183
f 4536/1535/37 4538/2333/38 4537/2334/38 4535/1536/37
f 4538/2333/38 4540/2335/39 4539/2336/39 4537/2334/38
f 4540/2335/39 4542/2337/40 4541/2338/40 4539/2336/39
f 4542/2337/40 4544/2339/41 4543/2340/41 4541/2338/40
f 4544/2339/41 4546/2341/42 4545/2342/42 4543/2340/41
f 4546/2341/42 4548/2343/43 4547/2344/43 4545/2342/42
f 4548/2343/43 4550/1545/44 4549/1546/44 4547/2344/43
f 4550/1545/44 4552/2345/45 4551/2346/45 4549/1546/44
f 4552/2345/45 4554/2347/46 4553/2348/46 4551/2346/45
f 4554/2347/46 4556/2349/47 4555/2350/47 4553/2348/46
f 4556/2349/47 4558/1749/363 4557/1750/363 4555/2350/47
f 4558/1749/363 4560/2351/364 4559/2352/364 4557/1750/363
f 4560/2351/364 4562/2353/365 4561/2354/365 4559/2352/364
f 4562/2353/365 4564/1553/366 4563/1554/366 4561/2354/365
f 4564/1553/366 4566/2355/367 4565/2356/367 4563/1554/366
f 4566/2355/367 4568/2357/368 4567/2358/368 4565/2356/367
f 4568/2357/368 4570/2359/369 4569/2360/369 4567/2358/368
f 4570/2359/369 4572/2361/370 4571/2362/370 4569/2360/369
f 4572/2361/370 4574/2363/371 4573/2364/371 4571/2362/370
f 4574/2363/371 4576/2365/372 4575/2366/372 4573/2364/371
f 4576/2365/372 4578/1563/373 4577/1564/373 4575/2366/372
f 4578/1563/373 4580/2367/374 4579/2368/374 4577/1564/373
f 4580/2367/374 4582/2369/375 4581/2370/375 4579/2368/374
f 4582/2369/375 4584/1751/376 4583/1752/376 4581/2370/375
f 4584/1751/376 4586/2371/377 4585/2372/377 4583/1752/376
f 4586/2371/377 4588/2373/378 4587/2374/378 4585/2372/377
f 4588/2373/378 4590/2375/379 4589/2376/379 4587/2374/378
f 4590/2375/379 4592/1571/380 4591/1572/380 4589/2376/379
f 4592/1571/380 4594/2377/381 4593/2378/381 4591/1572/380
f 4594/2377/381 4596/2379/382 4595/2380/382 4593/2378/381
f 4596/2379/382 4598/2381/383 4597/2382/383 4595/2380/382
f 4598/2381/383 4600/2383/384 4599/2384/384 4597/2382/383
f 4600/2383/384 4602/2385/385 4601/2386/385 4599/2384/384
f 4602/2385/385 4604/2387/386 4603/2388/386 4601/2386/385
f 4604/2387/386 4606/1581/387 4605/1582/387 4603/2388/386
f 4606/1581/387 4608/2389/388 4607/2390/388 4605/1582/387
f 4608/2389/388 4610/1755/389 4609/1756/389 4607/2390/388
f 4610/1755/389 4612/2391/390 4611/2392/390 4609/1756/389
f 4612/2391/390 4614/2393/391 4613/2394/391 4611/2392/390
f 4614/2393/391 4616/2395/392 4615/2396/392 4613/2394/391
f 4616/2395/392 4618/2397/393 4617/2398/393 4615/2396/392
f 4618/2397/393 4620/1591/394 4619/1592/394 4617/2398/393
f 4620/1591/394 4622/2399/395 4621/2400/395 4619/1592/394
f 4622/2399/395 4624/2401/396 4623/2402/396 4621/2400/395
f 4624/2401/396 4626/2403/397 4625/2404/397 4623/2402/396
f 4626/2403/397 4628/2405/398 4627/2406/398 4625/2404/397
f 4628/2405/398 4630/2407/399 4629/2408/399 4627/2406/398
f 4630/2407/399 4632/2409/400 4631/2410/400 4629/2408/399
f 4632/2409/400 4634/1599/401 4633/1600/401 4631/2410/400
f 4634/1599/401 4636/1759/402 4635/1760/402 4633/1600/401
f 4636/1759/402 4638/2411/403 4637/2412/403 4635/1760/402
f 4638/2411/403 4640/2413/404 4639/2414/404 4637/2412/403
f 4640/2413/404 4642/2415/405 4641/2416/405 4639/2414/404
f 4642/2415/405 4644/2417/406 4643/2418/406 4641/2416/405
f 4644/2417/406 4646/2419/407 4645/2420/407 4643/2418/406
f 4646/2419/407 4648/1609/408 4647/1610/408 4645/2420/407
f 4648/1609/408 4650/2421/409 4649/2422/409 4647/1610/408
f 4650/2421/409 4652/2423/410 4651/2424/410 4649/2422/409
f 4652/2423/410 4654/2425/411 4653/2426/411 4651/2424/410
f 4654/2425/411 4656/2427/412 4655/2428/412 4653/2426/411
f 4656/2427/412 4658/2429/413 4657/2430/413 4655/2428/412
f 4658/2429/413 4660/2431/414 4659/2432/414 4657/2430/413
f 4660/2431/414 4662/1220/415 4661/251/415 4659/2432/414
f 4662/1220/415 4664/2433/416 4663/2434/416 4661/251/415
f 4664/2433/416 4666/2435/417 4665/2436/417 4663/2434/416
f 4666/2435/417 4668/2437/418 4667/2438/418 4665/2436/417
f 4668/2437/418 4670/2439/419 4669/2440/419 4667/2438/418
f 4670/2439/419 4672/2441/420 4671/2442/420 4669/2440/419
f 4672/2441/420 4674/2443/421 4673/2444/421 4671/2442/420
f 4674/2443/421 4676/1627/422 4675/1628/422 4673/2444/421
f 4676/1627/422 4678/2445/423 4677/2446/423 4675/1628/422
f 4678/2445/423 4680/2447/424 4679/2448/424 4677/2446/423
f 4680/2447/424 4682/2449/425 4681/2450/425 4679/2448/424
f 4682/2449/425 4684/2451/426 4683/2452/426 4681/2450/425
f 4684/2451/426 4686/2453/427 4685/2454/427 4683/2452/426
f 4686/2453/427 4688/1765/428 4687/1766/428 4685/2454/427
f 4688/1765/428 4690/1637/429 4689/1638/429 4687/1766/428
f 4690/1637/429 4692/2455/430 4691/2456/430 4689/1638/429
f 4692/2455/430 4694/2457/431 4693/2458/431 4691/2456/430
f 4694/2457/431 4696/2459/432 4695/2460/432 4693/2458/431
f 4696/2459/432 4698/2461/433 4697/2462/433 4695/2460/432
f 4698/2461/433 4700/2463/434 4699/2464/434 4697/2462/433
f 4700/2463/434 4702/2465/435 4701/2466/435 4699/2464/434
f 4702/2465/435 4704/1645/436 4703/1646/436 4701/2466/435
f 4704/1645/436 4706/2467/437 4705/2468/437 4703/1646/436
f 4706/2467/437 4708/2469/438 4707/2470/438 4705/2468/437
f 4708/2469/438 4710/2471/48 4709/2472/48 4707/2470/438
f 4710/2471/48 4712/2473/49 4711/2474/49 4709/2472/48
f 4712/2473/49 4714/1769/50 4713/1770/50 4711/2474/49
f 4714/1769/50 4716/2475/51 4715/2476/51 4713/1770/50
f 4716/2475/51 4718/1655/52 4717/1656/52 4715/2476/51
f 4718/1655/52 4720/2477/53 4719/2478/53 4717/1656/52
f 4720/2477/53 4722/2479/54 4721/2480/54 4719/2478/53
f 4722/2479/54 4724/2481/55 4723/2482/55 4721/2480/54
f 4724/2481/55 4726/2483/56 4725/2484/56 4723/2482/55
f 4726/2483/56 4728/2485/57 4727/2486/57 4725/2484/56
f 4728/2485/57 4730/2487/58 4729/2488/58 4727/2486/57
f 4730/2487/58 4732/1665/59 4731/1666/59 4729/2488/58
f 4732/1665/59 4734/2489/60 4733/2490/60 4731/1666/59
f 4734/2489/60 4736/2491/9 4735/2492/9 4733/2490/60
f 4736/2491/9 4738/2493/10 4737/2494/10 4735/2492/9
f 4738/2493/10 4740/1773/11 4739/1774/11 4737/2494/10
f 4740/1773/11 4742/2495/12 4741/2496/12 4739/1774/11
f 4742/2495/12 4744/2497/13 4743/2498/13 4741/2496/12
f 4744/2497/13 4746/1673/14 4745/1674/14 4743/2498/13
f 4746/1673/14 4748/2499/15 4747/2500/15 4745/1674/14
f 4748/2499/15 4750/2501/16 4749/2502/16 4747/2500/15
f 4750/2501/16 4752/2503/17 4751/2504/17 4749/2502/16
f 4752/2503/17 4754/2505/18 4753/2506/18 4751/2504/17
f 4754/2505/18 4756/2507/19 4755/2508/19 4753/2506/18
f 4756/2507/19 4758/2509/20 4757/2510/20 4755/2508/19
f 4758/2509/20 4760/1683/21 4759/1684/21 4757/2510/20
f 4760/1683/21 4762/2511/22 4761/2512/22 4759/1684/21
f 4762/2511/22 4764/2513/23 4763/2514/23 4761/2512/22
f 4764/2513/23 4766/1775/24 4765/1776/24 4763/2514/23
f 4766/1775/24 4768/2515/25 4767/2516/25 4765/1776/24
f 4768/2515/25 4770/2517/26 4769/2518/26 4767/2516/25
f 4770/2517/26 4772/2519/27 4771/2520/27 4769/2518/26
f 4772/2519/27 4774/1691/28 4773/1692/28 4771/2520/27
f 4774/1691/28 4776/2521/29 4775/2522/29 4773/1692/28
f 4776/2521/29 4778/2523/30 4777/2524/30 4775/2522/29
f 4778/2523/30 4780/2525/31 4779/2526/31 4777/2524/30
f 4780/2525/31 4782/2527/32 4781/2528/32 4779/2526/31
f 4782/2527/32 4784/2529/360 4783/2530/360 4781/2528/32
f 4784/2529/360 4786/2531/34 4785/2532/34 4783/2530/360
f 4786/2531/34 4788/1701/439 4787/1702/439 4785/2532/34
f 4788/1701/439 4790/2533/440 4789/2534/440 4787/1702/439
f 4790/2533/440 4792/1779/441 4791/1780/441 4789/2534/440
f 4792/1779/441 4794/2535/442 4793/2536/442 4791/1780/441
f 4794/2535/442 4796/2537/443 4795/2538/443 4793/2536/442
f 4796/2537/443 4798/2539/444 4797/2540/444 4795/2538/443
f 4798/2539/444 4800/2541/445 4799/2542/445 4797/2540/444
f 4800/2541/445 4802/1711/446 4801/1712/446 4799/2542/445
f 4802/1711/446 4804/2543/447 4803/2544/447 4801/1712/446
f 4804/2543/447 4806/2545/448 4805/2546/448 4803/2544/447
f 4806/2545/448 4808/2547/449 4807/2548/449 4805/2546/448
f 4808/2547/449 4810/2549/450 4809/2550/450 4807/2548/449
f 4810/2549/450 4812/2551/451 4811/2552/451 4809/2550/450
f 4812/2551/451 4814/2553/452 4813/2554/452 4811/2552/451
f 4814/2553/452 4816/1719/453 4815/1720/453 4813/2554/452
f 4816/1719/453 4818/1783/454 4817/1784/454 4815/1720/453
f 4818/1783/454 4820/2555/455 4819/2556/455 4817/1784/454
f 4820/2555/455 4822/2557/456 4821/2558/456 4819/2556/455
f 4822/2557/456 4824/2559/457 4823/2560/457 4821/2558/456
f 4824/2559/457 4826/2561/458 4825/2562/458 4823/2560/457
f 4826/2561/458 4828/2563/459 4827/2564/459 4825/2562/458
f 4828/2563/459 4830/1729/460 4829/1730/460 4827/2564/459
f 4830/1729/460 4832/2565/461 4831/2566/461 4829/1730/460
f 4832/2565/461 4834/2567/462 4833/2568/462 4831/2566/461
f 4834/2567/462 4836/2569/463 4835/2570/463 4833/2568/462
f 4836/2569/463 4838/2571/464 4837/2572/464 4835/2570/463
f 4838/2571/464 4840/2573/465 4839/2574/465 4837/2572/464
f 4840/2573/465 4842/2575/466 4841/2576/466 4839/2574/465
f 4842/2575/466 4480/1298/9 4479/1/9 4841/2576/466
s 0
f 4844/1142/61 4846/1181/61 4845/144/61 4843/3/61
f 4846/1181/62 4848/1220/62 4847/251/62 4845/144/62
f 4848/1220/63 4850/1259/63 4849/266/63 4847/251/63
f 4850/1259/64 4844/1298/64 4843/1/64 4849/266/64
s 1
f 4852/1142/467 4854/2577/468 4853/2578/468 4851/3/467
f 4854/2577/468 4856/2579/469 4855/521/469 4853/2578/468
f 4856/2579/469 4858/2580/470 4857/2581/470 4855/521/469
f 4858/2580/470 4860/2582/471 4859/538/471 4857/2581/470
f 4860/2582/471 4862/2583/472 4861/2584/472 4859/538/471
f 4862/2583/472 4864/2585/473 4863/544/473 4861/2584/472
f 4864/2585/473 4866/2586/474 4865/2587/474 4863/544/473
f 4866/2586/474 4868/2588/475 4867/550/475 4865/2587/474
f 4868/2588/475 4870/2589/476 4869/2590/476 4867/550/475
f 4870/2589/476 4872/2591/477 4871/556/477 4869/2590/476
f 4872/2591/477 4874/2592/478 4873/2593/478 4871/556/477
f 4874/2592/478 4876/2594/479 4875/562/479 4873/2593/478
f 4876/2594/479 4878/2595/480 4877/2596/480 4875/562/479
f 4878/2595/480 4880/2597/481 4879/568/481 4877/2596/480
f 4880/2597/481 4882/2598/482 4881/2599/482 4879/568/481
f 4882/2598/482 4884/2600/483 4883/574/483 4881/2599/482
f 4884/2600/483 4886/2601/484 4885/2602/484 4883/574/483
f 4886/2601/484 4888/2603/485 4887/579/485 4885/2602/484
f 4888/2603/485 4890/2604/486 4889/2605/486 4887/579/485
f 4890/2604/486 4892/2606/487 4891/585/487 4889/2605/486
f 4892/2606/487 4894/2607/488 4893/2608/488 4891/585/487
f 4894/2607/488 4896/2609/489 4895/591/489 4893/2608/488
f 4896/2609/489 4898/2610/490 4897/2611/490 4895/591/489
f 4898/2610/490 4900/2612/491 4899/597/491 4897/2611/490
f 4900/2612/491 4902/2613/492 4901/2614/492 4899/597/491
f 4902/2613/492 4904/2615/493 4903/604/493 4901/2614/492
f 4904/2615/493 4906/2616/494 4905/2617/494 4903/604/493
f 4906/2616/494 4908/2618/495 4907/610/495 4905/2617/494
f 4908/2618/495 4910/2619/496 4909/2620/496 4907/610/495
f 4910/2619/496 4912/2621/497 4911/615/497 4909/2620/496
f 4912/2621/497 4914/2622/498 4913/2623/498 4911/615/497
f 4914/2622/498 4916/2624/499 4915/621/499 4913/2623/498
f 4916/2624/499 4918/2625/500 4917/2626/500 4915/621/499
f 4918/2625/500 4920/2627/501 4919/620/501 4917/2626/500
f 4920/2627/501 4922/2628/502 4921/2629/502 4919/620/501
f 4922/2628/502 4924/2630/503 4923/613/503 4921/2629/502
f 4924/2630/503 4926/2631/504 4925/2632/504 4923/613/503
f 4926/2631/504 4928/2633/505 4927/607/505 4925/2632/504
f 4928/2633/505 4930/2634/506 4929/2635/506 4927/607/505
f 4930/2634/506 4932/2636/507 4931/601/507 4929/2635/506
f 4932/2636/507 4934/2637/508 4933/2638/508 4931/601/507
f 4934/2637/508 4936/2639/509 4935/596/509 4933/2638/508
f 4936/2639/509 4938/2640/510 4937/2641/510 4935/596/509
f 4938/2640/510 4940/2642/511 4939/590/511 4937/2641/510
f 4940/2642/511 4942/2643/512 4941/2644/512 4939/590/511
f 4942/2643/512 4944/2645/513 4943/584/513 4941/2644/512
f 4944/2645/513 4946/2646/514 4945/2647/514 4943/584/513
f 4946/2646/514 4948/2648/515 4947/577/515 4945/2647/514
f 4948/2648/515 4950/2649/63 4949/2650/63 4947/577/515
f 4950/2649/63 4952/2651/516 4951/571/516 4949/2650/63
f 4952/2651/516 4954/2652/517 4953/2653/517 4951/571/516
f 4954/2652/517 4956/2654/518 4955/565/518 4953/2653/517
f 4956/2654/518 4958/2655/519 4957/2656/519 4955/565/518
f 4958/2655/519 4960/2657/520 4959/559/520 4957/2656/519
f 4960/2657/520 4962/2658/521 4961/2659/521 4959/559/520
f 4962/2658/521 4964/2660/522 4963/553/522 4961/2659/521
f 4964/2660/522 4966/2661/523 4965/2662/523 4963/553/522
f 4966/2661/523 4968/2663/524 4967/547/524 4965/2662/523
f 4968/2663/524 4970/2664/525 4969/2665/525 4967/547/524
f 4970/2664/525 4972/2666/526 4971/541/526 4969/2665/525
f 4972/2666/526 4974/2667/527 4973/2668/527 4971/541/526
f 4974/2667/527 4976/2669/528 4975/535/528 4973/2668/527
f 4976/2669/528 4978/2670/529 4977/2671/529 4975/535/528
f 4978/2670/529 4980/2672/530 4979/510/530 4977/2671/529
f 4980/2672/530 4982/2673/531 4981/2674/531 4979/510/530
f 4982/2673/531 4984/2675/532 4983/429/532 4981/2674/531
f 4984/2675/532 4986/2676/533 4985/2677/533 4983/429/532
f 4986/2676/533 4988/2678/534 4987/423/534 4985/2677/533
f 4988/2678/534 4990/2679/535 4989/2680/535 4987/423/534
f 4990/2679/535 4992/2681/536 4991/417/536 4989/2680/535
f 4992/2681/536 4994/2682/537 4993/2683/537 4991/417/536
f 4994/2682/537 4996/2684/538 4995/411/538 4993/2683/537
f 4996/2684/538 4998/2685/539 4997/2686/539 4995/411/538
f 4998/2685/539 5000/2687/540 4999/405/540 4997/2686/539
f 5000/2687/540 5002/2688/541 5001/2689/541 4999/405/540
f 5002/2688/541 5004/2690/542 5003/400/542 5001/2689/541
f 5004/2690/542 5006/2691/543 5005/2692/543 5003/400/542
f 5006/2691/543 5008/2693/544 5007/394/544 5005/2692/543
f 5008/2693/544 5010/2694/545 5009/2695/545 5007/394/544
f 5010/2694/545 5012/2696/546 5011/388/546 5009/2695/545
f 5012/2696/546 5014/2697/547 5013/2698/547 5011/388/546
f 5014/2697/547 5016/2699/548 5015/381/548 5013/2698/547
f 5016/2699/548 5018/2700/549 5017/2701/549 5015/381/548
f 5018/2700/549 5020/2702/550 5019/375/550 5017/2701/549
f 5020/2702/550 5022/2703/551 5021/2704/551 5019/375/550
f 5022/2703/551 5024/2705/552 5023/369/552 5021/2704/551
f 5024/2705/552 5026/2706/553 5025/2707/553 5023/369/552
f 5026/2706/553 5028/2708/554 5027/363/554 5025/2707/553
f 5028/2708/554 5030/2709/555 5029/2710/555 5027/363/554
f 5030/2709/555 5032/2711/556 5031/357/556 5029/2710/555
f 5032/2711/556 5034/2712/557 5033/2713/557 5031/357/556
f 5034/2712/557 5036/2714/558 5035/351/558 5033/2713/557
f 5036/2714/558 5038/2715/559 5037/2716/559 5035/351/558
f 5038/2715/559 5040/2717/560 5039/345/560 5037/2716/559
f 5040/2717/560 5042/2718/561 5041/2719/561 5039/345/560
f 5042/2718/561 5044/2720/562 5043/339/562 5041/2719/561
f 5044/2720/562 5046/1220/563 5045/251/563 5043/339/562
f 5046/1220/563 5048/2721/564 5047/337/564 5045/251/563
f 5048/2721/564 5050/2722/565 5049/2723/565 5047/337/564
f 5050/2722/565 5052/2724/566 5051/344/566 5049/2723/565
f 5052/2724/566 5054/2725/567 5053/2726/567 5051/344/566
f 5054/2725/567 5056/2727/568 5055/350/568 5053/2726/567
f 5056/2727/568 5058/2728/569 5057/2729/569 5055/350/568
f 5058/2728/569 5060/2730/570 5059/356/570 5057/2729/569
f 5060/2730/570 5062/2731/571 5061/2732/571 5059/356/570
f 5062/2731/571 5064/2733/572 5063/362/572 5061/2732/571
f 5064/2733/572 5066/2734/573 5065/2735/573 5063/362/572
f 5066/2734/573 5068/2736/574 5067/368/574 5065/2735/573
f 5068/2736/574 5070/2737/575 5069/2738/575 5067/368/574
f 5070/2737/575 5072/2739/576 5071/374/576 5069/2738/575
f 5072/2739/576 5074/2740/577 5073/2741/577 5071/374/576
f 5074/2740/577 5076/2742/578 5075/380/578 5073/2741/577
f 5076/2742/578 5078/2743/579 5077/2744/579 5075/380/578
f 5078/2743/579 5080/2745/580 5079/386/580 5077/2744/579
f 5080/2745/580 5082/2746/581 5081/2747/581 5079/386/580
f 5082/2746/581 5084/2748/582 5083/391/582 5081/2747/581
f 5084/2748/582 5086/2749/583 5085/2750/583 5083/391/582
f 5086/2749/583 5088/2751/584 5087/397/584 5085/2750/583
f 5088/2751/584 5090/2752/585 5089/2753/585 5087/397/584
f 5090/2752/585 5092/2754/586 5091/403/586 5089/2753/585
f 5092/2754/586 5094/2755/587 5093/2756/587 5091/403/586
f 5094/2755/587 5096/2757/588 5095/410/588 5093/2756/587
f 5096/2757/588 5098/2758/589 5097/2759/589 5095/410/588
f 5098/2758/589 5100/2760/590 5099/416/590 5097/2759/589
f 5100/2760/590 5102/2761/591 5101/2762/591 5099/416/590
f 5102/2761/591 5104/2763/592 5103/422/592 5101/2762/591
f 5104/2763/592 5106/2764/593 5105/2765/593 5103/422/592
f 5106/2764/593 5108/2766/594 5107/428/594 5105/2765/593
f 5108/2766/594 5110/2767/595 5109/2768/595 5107/428/594
f 5110/2767/595 5112/2769/596 5111/480/596 5109/2768/595
f 5112/2769/596 5114/2770/597 5113/2771/597 5111/480/596
f 5114/2770/597 5116/2772/598 5115/486/598 5113/2771/597
f 5116/2772/598 5118/2773/599 5117/2774/599 5115/486/598
f 5118/2773/599 5120/2775/600 5119/492/600 5117/2774/599
f 5120/2775/600 5122/2776/601 5121/2777/601 5119/492/600
f 5122/2776/601 5124/2778/602 5123/498/602 5121/2777/601
f 5124/2778/602 5126/2779/603 5125/2780/603 5123/498/602
f 5126/2779/603 5128/2781/604 5127/504/604 5125/2780/603
f 5128/2781/604 5130/2782/605 5129/2783/605 5127/504/604
f 5130/2782/605 5132/2784/606 5131/513/606 5129/2783/605
f 5132/2784/606 5134/2785/607 5133/2786/607 5131/513/606
f 5134/2785/607 5136/2787/608 5135/519/608 5133/2786/607
f 5136/2787/608 5138/2788/609 5137/2789/609 5135/519/608
f 5138/2788/609 5140/2790/610 5139/527/610 5137/2789/609
f 5140/2790/610 5142/2791/611 5141/2792/611 5139/527/610
f 5142/2791/611 5144/2793/61 5143/532/61 5141/2792/611
f 5144/2793/61 5146/2794/612 5145/2795/612 5143/532/61
f 5146/2794/612 5148/2796/613 5147/526/613 5145/2795/612
f 5148/2796/613 5150/2797/614 5149/2798/614 5147/526/613
f 5150/2797/614 5152/2799/615 5151/518/615 5149/2798/614
f 5152/2799/615 5154/2800/616 5153/2801/616 5151/518/615
f 5154/2800/616 5156/2802/617 5155/512/617 5153/2801/616
f 5156/2802/617 5158/2803/618 5157/2804/618 5155/512/617
f 5158/2803/618 5160/2805/619 5159/505/619 5157/2804/618
f 5160/2805/619 5162/2806/620 5161/2807/620 5159/505/619
f 5162/2806/620 5164/2808/621 5163/499/621 5161/2807/620
f 5164/2808/621 5166/2809/622 5165/2810/622 5163/499/621
f 5166/2809/622 5168/2811/623 5167/493/623 5165/2810/622
f 5168/2811/623 5170/2812/624 5169/2813/624 5167/493/623
f 5170/2812/624 5172/2814/625 5171/487/625 5169/2813/624
f 5172/2814/625 5174/2815/626 5173/2816/626 5171/487/625
f 5174/2815/626 5176/2817/349 5175/481/349 5173/2816/626
f 5176/2817/349 5178/2818/627 5177/2819/627 5175/481/349
f 5178/2818/627 5180/2820/628 5179/477/628 5177/2819/627
f 5180/2820/628 5182/2821/629 5181/2822/629 5179/477/628
f 5182/2821/629 5184/2823/630 5183/471/630 5181/2822/629
f 5184/2823/630 5186/2824/631 5185/2825/631 5183/471/630
f 5186/2824/631 5188/2826/632 5187/465/632 5185/2825/631
f 5188/2826/632 5190/2827/633 5189/2828/633 5187/465/632
f 5190/2827/633 5192/2829/634 5191/460/634 5189/2828/633
f 5192/2829/634 5194/2830/635 5193/2831/635 5191/460/634
f 5194/2830/635 5196/2832/636 5195/451/636 5193/2831/635
f 5196/2832/636 5198/2833/637 5197/2834/637 5195/451/636
f 5198/2833/637 5200/2835/638 5199/445/638 5197/2834/637
f 5200/2835/638 5202/2836/639 5201/2837/639 5199/445/638
f 5202/2836/639 5204/2838/640 5203/438/640 5201/2837/639
f 5204/2838/640 5206/2839/641 5205/2840/641 5203/438/640
f 5206/2839/641 5208/2841/642 5207/433/642 5205/2840/641
f 5208/2841/642 5210/2842/643 5209/2843/643 5207/433/642
f 5210/2842/643 5212/2844/644 5211/435/644 5209/2843/643
f 5212/2844/644 5214/2845/645 5213/2846/645 5211/435/644
f 5214/2845/645 5216/2847/646 5215/441/646 5213/2846/645
f 5216/2847/646 5218/2848/647 5217/2849/647 5215/441/646
f 5218/2848/647 5220/2850/648 5219/448/648 5217/2849/647
f 5220/2850/648 5222/2851/649 5221/2852/649 5219/448/648
f 5222/2851/649 5224/2853/650 5223/454/650 5221/2852/649
f 5224/2853/650 5226/2854/651 5225/2855/651 5223/454/650
f 5226/2854/651 5228/2856/652 5227/456/652 5225/2855/651
f 5228/2856/652 5230/2857/653 5229/2858/653 5227/456/652
f 5230/2857/653 5232/2859/654 5231/466/654 5229/2858/653
f 5232/2859/654 5234/2860/655 5233/2861/655 5231/466/654
f 5234/2860/655 5236/2862/656 5235/472/656 5233/2861/655
f 5236/2862/656 5238/2863/657 5237/2864/657 5235/472/656
f 5238/2863/657 4852/1298/467 4851/1/467 5237/2864/657
f 5240/1142/658 5242/2865/659 5241/2866/659 5239/3/658
f 5242/2865/659 5244/2867/660 5243/2868/660 5241/2866/659
f 5244/2867/660 5246/2869/653 5245/2870/653 5243/2868/660
f 5246/2869/653 5248/2871/661 5247/2872/661 5245/2870/653
f 5248/2871/661 5250/2873/662 5249/2874/662 5247/2872/661
f 5250/2873/662 5252/2875/663 5251/2876/663 5249/2874/662
f 5252/2875/663 5254/1741/664 5253/1742/664 5251/2876/663
f 5254/1741/664 5256/2877/665 5255/2878/665 5253/1742/664
f 5256/2877/665 5258/2879/666 5257/2880/666 5255/2878/665
f 5258/2879/666 5260/2881/667 5259/2882/667 5257/2880/666
f 5260/2881/667 5262/2883/668 5261/2884/668 5259/2882/667
f 5262/2883/668 5264/2885/669 5263/2886/669 5261/2884/668
f 5264/2885/669 5266/2887/670 5265/2888/670 5263/2886/669
f 5266/2887/670 5268/1745/671 5267/1746/671 5265/2888/670
f 5268/1745/671 5270/2889/672 5269/2890/672 5267/1746/671
f 5270/2889/672 5272/2891/673 5271/2892/673 5269/2890/672
f 5272/2891/673 5274/2893/674 5273/2894/674 5271/2892/673
f 5274/2893/674 5276/2895/675 5275/2896/675 5273/2894/674
f 5276/2895/675 5278/2897/676 5277/2898/676 5275/2896/675
f 5278/2897/676 5280/2899/677 5279/2900/677 5277/2898/676
f 5280/2899/677 5282/1749/678 5281/1750/678 5279/2900/677
f 5282/1749/678 5284/2901/679 5283/2902/679 5281/1750/678
f 5284/2901/679 5286/2903/680 5285/2904/680 5283/2902/679
f 5286/2903/680 5288/2905/681 5287/2906/681 5285/2904/680
f 5288/2905/681 5290/2907/682 5289/2908/682 5287/2906/681
f 5290/2907/682 5292/2909/683 5291/2910/683 5289/2908/682
f 5292/2909/683 5294/2911/684 5293/2912/684 5291/2910/683
f 5294/2911/684 5296/1751/685 5295/1752/685 5293/2912/684
f 5296/1751/685 5298/2913/686 5297/2914/686 5295/1752/685
f 5298/2913/686 5300/2915/687 5299/2916/687 5297/2914/686
f 5300/2915/687 5302/2917/688 5301/2918/688 5299/2916/687
f 5302/2917/688 5304/2919/689 5303/2920/689 5301/2918/688
f 5304/2919/689 5306/2921/690 5305/2922/690 5303/2920/689
f 5306/2921/690 5308/2923/691 5307/2924/691 5305/2922/690
f 5308/2923/691 5310/1755/692 5309/1756/692 5307/2924/691
f 5310/1755/692 5312/2925/693 5311/2926/693 5309/1756/692
f 5312/2925/693 5314/2927/694 5313/2928/694 5311/2926/693
f 5314/2927/694 5316/2929/695 5315/2930/695 5313/2928/694
f 5316/2929/695 5318/2931/696 5317/2932/696 5315/2930/695
f 5318/2931/696 5320/2933/697 5319/2934/697 5317/2932/696
f 5320/2933/697 5322/2935/698 5321/2936/698 5319/2934/697
f 5322/2935/698 5324/1759/699 5323/1760/699 5321/2936/698
f 5324/1759/699 5326/2937/700 5325/2938/700 5323/1760/699
f 5326/2937/700 5328/2939/701 5327/2940/701 5325/2938/700
f 5328/2939/701 5330/2941/702 5329/2942/702 5327/2940/701
f 5330/2941/702 5332/2943/703 5331/2944/703 5329/2942/702
f 5332/2943/703 5334/2945/704 5333/2946/704 5331/2944/703
f 5334/2945/704 5336/2947/705 5335/2948/705 5333/2946/704
f 5336/2947/705 5338/1220/706 5337/251/706 5335/2948/705
f 5338/1220/706 5340/2949/707 5339/2950/707 5337/251/706
f 5340/2949/707 5342/2951/708 5341/2952/708 5339/2950/707
f 5342/2951/708 5344/2953/709 5343/2954/709 5341/2952/708
f 5344/2953/709 5346/2955/710 5345/2956/710 5343/2954/709
f 5346/2955/710 5348/2957/711 5347/2958/711 5345/2956/710
f 5348/2957/711 5350/2959/712 5349/2960/712 5347/2958/711
f 5350/2959/712 5352/1765/713 5351/1766/713 5349/2960/712
f 5352/1765/713 5354/2961/714 5353/2962/714 5351/1766/713
f 5354/2961/714 5356/2963/715 5355/2964/715 5353/2962/714
f 5356/2963/715 5358/2965/716 5357/2966/716 5355/2964/715
f 5358/2965/716 5360/2967/717 5359/2968/717 5357/2966/716
f 5360/2967/717 5362/2969/718 5361/2970/718 5359/2968/717
f 5362/2969/718 5364/2971/719 5363/2972/719 5361/2970/718
f 5364/2971/719 5366/1769/720 5365/1770/720 5363/2972/719
f 5366/1769/720 5368/2973/721 5367/2974/721 5365/1770/720
f 5368/2973/721 5370/2975/722 5369/2976/722 5367/2974/721
f 5370/2975/722 5372/2977/723 5371/2978/723 5369/2976/722
f 5372/2977/723 5374/2979/724 5373/2980/724 5371/2978/723
f 5374/2979/724 5376/2981/725 5375/2982/725 5373/2980/724
f 5376/2981/725 5378/2983/726 5377/2984/726 5375/2982/725
f 5378/2983/726 5380/1773/727 5379/1774/727 5377/2984/726
f 5380/1773/727 5382/2985/728 5381/2986/728 5379/1774/727
f 5382/2985/728 5384/2987/729 5383/2988/729 5381/2986/728
f 5384/2987/729 5386/2989/730 5385/2990/730 5383/2988/729
f 5386/2989/730 5388/2991/731 5387/2992/731 5385/2990/730
f 5388/2991/731 5390/2993/21 5389/2994/21 5387/2992/731
f 5390/2993/21 5392/2995/732 5391/2996/732 5389/2994/21
f 5392/2995/732 5394/1775/733 5393/1776/733 5391/2996/732
f 5394/1775/733 5396/2997/734 5395/2998/734 5393/1776/733
f 5396/2997/734 5398/2999/735 5397/3000/735 5395/2998/734
f 5398/2999/735 5400/3001/736 5399/3002/736 5397/3000/735
f 5400/3001/736 5402/3003/737 5401/3004/737 5399/3002/736
f 5402/3003/737 5404/3005/738 5403/3006/738 5401/3004/737
f 5404/3005/738 5406/3007/739 5405/3008/739 5403/3006/738
f 5406/3007/739 5408/1779/740 5407/1780/740 5405/3008/739
f 5408/1779/740 5410/3009/741 5409/3010/741 5407/1780/740
f 5410/3009/741 5412/3011/742 5411/3012/742 5409/3010/741
f 5412/3011/742 5414/3013/743 5413/3014/743 5411/3012/742
f 5414/3013/743 5416/3015/744 5415/3016/744 5413/3014/743
f 5416/3015/744 5418/3017/745 5417/3018/745 5415/3016/744
f 5418/3017/745 5420/3019/746 5419/3020/746 5417/3018/745
f 5420/3019/746 5422/1783/747 5421/1784/747 5419/3020/746
f 5422/1783/747 5424/3021/748 5423/3022/748 5421/1784/747
f 5424/3021/748 5426/3023/749 5425/3024/749 5423/3022/748
f 5426/3023/749 5428/3025/750 5427/3026/750 5425/3024/749
f 5428/3025/750 5430/3027/751 5429/3028/751 5427/3026/750
f 5430/3027/751 5432/3029/752 5431/3030/752 5429/3028/751
f 5432/3029/752 5434/3031/753 5433/3032/753 5431/3030/752
f 5434/3031/753 5240/1298/658 5239/1/658 5433/3032/753
s 0
f 5436/1142/61 5438/1181/61 5437/144/61 5435/3/61
f 5438/1181/62 5440/1220/62 5439/251/62 5437/144/62
f 5440/1220/63 5442/1259/63 5441/266/63 5439/251/63
f 5442/1259/64 5436/1298/64 5435/1/64 5441/266/64
s 1
f 5444/1142/9 5446/1787/65 5445/1788/65 5443/3/9
f 5446/1787/65 5448/1789/11 5447/1790/11 5445/1788/65
f 5448/1789/11 5450/1791/12 5449/1792/12 5447/1790/11
f 5450/1791/12 5452/1793/13 5451/1794/13 5449/1792/12
f 5452/1793/13 5454/1795/14 5453/1796/14 5451/1794/13
f 5454/1795/14 5456/1797/15 5455/1798/15 5453/1796/14
f 5456/1797/15 5458/1799/754 5457/1800/754 5455/1798/15
f 5458/1799/754 5460/1801/17 5459/1802/17 5457/1800/754
f 5460/1801/17 5462/1803/18 5461/1804/18 5459/1802/17
f 5462/1803/18 5464/1805/19 5463/1806/19 5461/1804/18
f 5464/1805/19 5466/1807/20 5465/1808/20 5463/1806/19
f 5466/1807/20 5468/1809/21 5467/1810/21 5465/1808/20
f 5468/1809/21 5470/1811/22 5469/1812/22 5467/1810/21
f 5470/1811/22 5472/1813/23 5471/1814/23 5469/1812/22
f 5472/1813/23 5474/1815/24 5473/1816/24 5471/1814/23
f 5474/1815/24 5476/1817/25 5475/1818/25 5473/1816/24
f 5476/1817/25 5478/1819/26 5477/1820/26 5475/1818/25
f 5478/1819/26 5480/1821/27 5479/1822/27 5477/1820/26
f 5480/1821/27 5482/1823/28 5481/1824/28 5479/1822/27
f 5482/1823/28 5484/1825/29 5483/1826/29 5481/1824/28
f 5484/1825/29 5486/1827/30 5485/1828/30 5483/1826/29
f 5486/1827/30 5488/1829/31 5487/1830/31 5485/1828/30
f 5488/1829/31 5490/1831/32 5489/1832/32 5487/1830/31
f 5490/1831/32 5492/1833/360 5491/1834/360 5489/1832/32
f 5492/1833/360 5494/1835/34 5493/1836/34 5491/1834/360
f 5494/1835/34 5496/1837/35 5495/1838/35 5493/1836/34
f 5496/1837/35 5498/1839/183 5497/1840/183 5495/1838/35
f 5498/1839/183 5500/1841/37 5499/1842/37 5497/1840/183
f 5500/1841/37 5502/1843/38 5501/1844/38 5499/1842/37
f 5502/1843/38 5504/1845/39 5503/1846/39 5501/1844/38
f 5504/1845/39 5506/1847/40 5505/1848/40 5503/1846/39
f 5506/1847/40 5508/1849/41 5507/1850/41 5505/1848/40
f 5508/1849/41 5510/1851/42 5509/1852/42 5507/1850/41
f 5510/1851/42 5512/1853/43 5511/1854/43 5509/1852/42
f 5512/1853/43 5514/1855/44 5513/1856/44 5511/1854/43
f 5514/1855/44 5516/1857/45 5515/1858/45 5513/1856/44
f 5516/1857/45 5518/1859/46 5517/1860/46 5515/1858/45
f 5518/1859/46 5520/1861/47 5519/1862/47 5517/1860/46
f 5520/1861/47 5522/1863/184 5521/1864/184 5519/1862/47
f 5522/1863/184 5524/1865/185 5523/1866/185 5521/1864/184
f 5524/1865/185 5526/1867/186 5525/1868/186 5523/1866/185
f 5526/1867/186 5528/1869/187 5527/1870/187 5525/1868/186
f 5528/1869/187 5530/1871/188 5529/1872/188 5527/1870/187
f 5530/1871/188 5532/1873/189 5531/1874/189 5529/1872/188
f 5532/1873/189 5534/1875/190 5533/1876/190 5531/1874/189
f 5534/1875/190 5536/1877/191 5535/1878/191 5533/1876/190
f 5536/1877/191 5538/1879/192 5537/1880/192 5535/1878/191
f 5538/1879/192 5540/1881/193 5539/1882/193 5537/1880/192
f 5540/1881/193 5542/1883/194 5541/1884/194 5539/1882/193
f 5542/1883/194 5544/1885/195 5543/1886/195 5541/1884/194
f 5544/1885/195 5546/1887/755 5545/1888/755 5543/1886/195
f 5546/1887/755 5548/1889/756 5547/1890/756 5545/1888/755
f 5548/1889/756 5550/1891/757 5549/1892/757 5547/1890/756
f 5550/1891/757 5552/1893/199 5551/1894/199 5549/1892/757
f 5552/1893/199 5554/1895/200 5553/1896/200 5551/1894/199
f 5554/1895/200 5556/1897/201 5555/1898/201 5553/1896/200
f 5556/1897/201 5558/1899/202 5557/1900/202 5555/1898/201
f 5558/1899/202 5560/1901/203 5559/1902/203 5557/1900/202
f 5560/1901/203 5562/1365/204 5561/2/204 5559/1902/203
f 5562/1365/204 5564/1903/205 5563/1904/205 5561/2/204
f 5564/1903/205 5566/1905/206 5565/1906/206 5563/1904/205
f 5566/1905/206 5568/1907/207 5567/1908/207 5565/1906/206
f 5568/1907/207 5570/1909/758 5569/1910/758 5567/1908/207
f 5570/1909/758 5572/1911/209 5571/1912/209 5569/1910/758
f 5572/1911/209 5574/1913/759 5573/1914/759 5571/1912/209
f 5574/1913/759 5576/1915/760 5575/1916/760 5573/1914/759
f 5576/1915/760 5578/1917/212 5577/1918/212 5575/1916/760
f 5578/1917/212 5580/1919/213 5579/1920/213 5577/1918/212
f 5580/1919/213 5582/1921/761 5581/1922/761 5579/1920/213
f 5582/1921/761 5584/1923/215 5583/1924/215 5581/1922/761
f 5584/1923/215 5586/1925/216 5585/1926/216 5583/1924/215
f 5586/1925/216 5588/1927/217 5587/1928/217 5585/1926/216
f 5588/1927/217 5590/1929/218 5589/1930/218 5587/1928/217
f 5590/1929/218 5592/1931/219 5591/1932/219 5589/1930/218
f 5592/1931/219 5594/1933/220 5593/1934/220 5591/1932/219
f 5594/1933/220 5596/1935/468 5595/1936/468 5593/1934/220
f 5596/1935/468 5598/1937/222 5597/1938/222 5595/1936/468
f 5598/1937/222 5600/1939/223 5599/1940/223 5597/1938/222
f 5600/1939/223 5602/1941/224 5601/1942/224 5599/1940/223
f 5602/1941/224 5604/1943/225 5603/1944/225 5601/1942/224
f 5604/1943/225 5606/1945/226 5605/1946/226 5603/1944/225
f 5606/1945/226 5608/1947/762 5607/1948/762 5605/1946/226
f 5608/1947/762 5610/1949/228 5609/1950/228 5607/1948/762
f 5610/1949/228 5612/1951/763 5611/1952/763 5609/1950/228
f 5612/1951/763 5614/1953/230 5613/1954/230 5611/1952/763
f 5614/1953/230 5616/1955/231 5615/1956/231 5613/1954/230
f 5616/1955/231 5618/1957/232 5617/1958/232 5615/1956/231
f 5618/1957/232 5620/1959/764 5619/1960/764 5617/1958/232
f 5620/1959/764 5622/1961/234 5621/1962/234 5619/1960/764
f 5622/1961/234 5624/1963/235 5623/1964/235 5621/1962/234
f 5624/1963/235 5626/1965/236 5625/1966/236 5623/1964/235
f 5626/1965/236 5628/1967/237 5627/1968/237 5625/1966/236
f 5628/1967/237 5630/1969/238 5629/1970/238 5627/1968/237
f 5630/1969/238 5632/1971/765 5631/1972/765 5629/1970/238
f 5632/1971/765 5634/1973/240 5633/1974/240 5631/1972/765
f 5634/1973/240 5636/1975/241 5635/1976/241 5633/1974/240
f 5636/1975/241 5638/1977/242 5637/1978/242 5635/1976/241
f 5638/1977/242 5640/1979/243 5639/1980/243 5637/1978/242
f 5640/1979/243 5642/1981/244 5641/1982/244 5639/1980/243
f 5642/1981/244 5644/1983/245 5643/1984/245 5641/1982/244
f 5644/1983/245 5646/1985/246 5645/1986/246 5643/1984/245
f 5646/1985/246 5648/1987/247 5647/1988/247 5645/1986/246
f 5648/1987/247 5650/1989/248 5649/1990/248 5647/1988/247
f 5650/1989/248 5652/1991/249 5651/1992/249 5649/1990/248
f 5652/1991/249 5654/1993/766 5653/1994/766 5651/1992/249
f 5654/1993/766 5656/1995/250 5655/1996/250 5653/1994/766
f 5656/1995/250 5658/1997/251 5657/1998/251 5655/1996/250
f 5658/1997/251 5660/1999/252 5659/2000/252 5657/1998/251
f 5660/1999/252 5662/2001/253 5661/2002/253 5659/2000/252
f 5662/2001/253 5664/2003/767 5663/2004/767 5661/2002/253
f 5664/2003/767 5666/2005/255 5665/2006/255 5663/2004/767
f 5666/2005/255 5668/2007/256 5667/2008/256 5665/2006/255
f 5668/2007/256 5670/2009/257 5669/2010/257 5667/2008/256
f 5670/2009/257 5672/2011/258 5671/2012/258 5669/2010/257
f 5672/2011/258 5674/2013/259 5673/2014/259 5671/2012/258
f 5674/2013/259 5676/2015/260 5675/2016/260 5673/2014/259
f 5676/2015/260 5678/2017/261 5677/2018/261 5675/2016/260
f 5678/2017/261 5680/1432/768 5679/4/768 5677/2018/261
f 5680/1432/768 5682/2019/263 5681/2020/263 5679/4/768
f 5682/2019/263 5684/2021/769 5683/2022/769 5681/2020/263
f 5684/2021/769 5686/2023/265 5685/2024/265 5683/2022/769
f 5686/2023/265 5688/2025/266 5687/2026/266 5685/2024/265
f 5688/2025/266 5690/2027/267 5689/2028/267 5687/2026/266
f 5690/2027/267 5692/2029/268 5691/2030/268 5689/2028/267
f 5692/2029/268 5694/2031/9 5693/2032/9 5691/2030/268
f 5694/2031/9 5696/2033/65 5695/2034/65 5693/2032/9
f 5696/2033/65 5698/2035/11 5697/2036/11 5695/2034/65
f 5698/2035/11 5700/2037/12 5699/2038/12 5697/2036/11
f 5700/2037/12 5702/2039/13 5701/2040/13 5699/2038/12
f 5702/2039/13 5704/2041/14 5703/2042/14 5701/2040/13
f 5704/2041/14 5706/2043/15 5705/2044/15 5703/2042/14
f 5706/2043/15 5708/2045/754 5707/2046/754 5705/2044/15
f 5708/2045/754 5710/2047/17 5709/2048/17 5707/2046/754
f 5710/2047/17 5712/2049/18 5711/2050/18 5709/2048/17
f 5712/2049/18 5714/2051/19 5713/2052/19 5711/2050/18
f 5714/2051/19 5716/2053/20 5715/2054/20 5713/2052/19
f 5716/2053/20 5718/2055/21 5717/2056/21 5715/2054/20
f 5718/2055/21 5720/2057/22 5719/2058/22 5717/2056/21
f 5720/2057/22 5722/2059/23 5721/2060/23 5719/2058/22
f 5722/2059/23 5724/2061/24 5723/2062/24 5721/2060/23
f 5724/2061/24 5726/2063/25 5725/2064/25 5723/2062/24
f 5726/2063/25 5728/2065/26 5727/2066/26 5725/2064/25
f 5728/2065/26 5730/2067/27 5729/2068/27 5727/2066/26
f 5730/2067/27 5732/2069/28 5731/2070/28 5729/2068/27
f 5732/2069/28 5734/2071/29 5733/2072/29 5731/2070/28
f 5734/2071/29 5736/2073/30 5735/2074/30 5733/2072/29
f 5736/2073/30 5738/2075/31 5737/2076/31 5735/2074/30
f 5738/2075/31 5740/2077/770 5739/2078/770 5737/2076/31
f 5740/2077/770 5742/2079/33 5741/2080/33 5739/2078/770
f 5742/2079/33 5744/2081/34 5743/2082/34 5741/2080/33
f 5744/2081/34 5746/2083/269 5745/2084/269 5743/2082/34
f 5746/2083/269 5748/2085/270 5747/2086/270 5745/2084/269
f 5748/2085/270 5750/2087/271 5749/2088/271 5747/2086/270
f 5750/2087/271 5752/2089/272 5751/2090/272 5749/2088/271
f 5752/2089/272 5754/2091/273 5753/2092/273 5751/2090/272
f 5754/2091/273 5756/2093/274 5755/2094/274 5753/2092/273
f 5756/2093/274 5758/2095/771 5757/2096/771 5755/2094/274
f 5758/2095/771 5760/2097/772 5759/2098/772 5757/2096/771
f 5760/2097/772 5762/2099/277 5761/2100/277 5759/2098/772
f 5762/2099/277 5764/2101/278 5763/2102/278 5761/2100/277
f 5764/2101/278 5766/2103/773 5765/2104/773 5763/2102/278
f 5766/2103/773 5768/2105/774 5767/2106/774 5765/2104/773
f 5768/2105/774 5770/2107/775 5769/2108/775 5767/2106/774
f 5770/2107/775 5772/2109/776 5771/2110/776 5769/2108/775
f 5772/2109/776 5774/2111/283 5773/2112/283 5771/2110/776
f 5774/2111/283 5776/2113/284 5775/2114/284 5773/2112/283
f 5776/2113/284 5778/2115/285 5777/2116/285 5775/2114/284
f 5778/2115/285 5780/2117/286 5779/2118/286 5777/2116/285
f 5780/2117/286 5782/2119/287 5781/2120/287 5779/2118/286
f 5782/2119/287 5784/2121/288 5783/2122/288 5781/2120/287
f 5784/2121/288 5786/2123/289 5785/2124/289 5783/2122/288
f 5786/2123/289 5788/2125/290 5787/2126/290 5785/2124/289
f 5788/2125/290 5790/2127/291 5789/2128/291 5787/2126/290
f 5790/2127/291 5792/2129/292 5791/2130/292 5789/2128/291
f 5792/2129/292 5794/2131/293 5793/2132/293 5791/2130/292
f 5794/2131/293 5796/2133/15 5795/2134/15 5793/2132/293
f 5796/2133/15 5444/1298/9 5443/1/9 5795/2134/15
f 5798/1142/294 5800/2135/15 5799/2136/15 5797/3/294
f 5800/2135/15 5802/1507/54 5801/1508/54 5799/2136/15
f 5802/1507/54 5804/2137/295 5803/2138/295 5801/1508/54
f 5804/2137/295 5806/1517/296 5805/1518/296 5803/2138/295
f 5806/1517/296 5808/2139/297 5807/2140/297 5805/1518/296
f 5808/2139/297 5810/1525/298 5809/1526/298 5807/2140/297
f 5810/1525/298 5812/2141/299 5811/2142/299 5809/1526/298
f 5812/2141/299 5814/1535/300 5813/1536/300 5811/2142/299
f 5814/1535/300 5816/2143/301 5815/2144/301 5813/1536/300
f 5816/2143/301 5818/1545/777 5817/1546/777 5815/2144/301
f 5818/1545/777 5820/2145/778 5819/2146/778 5817/1546/777
f 5820/2145/778 5822/1553/304 5821/1554/304 5819/2146/778
f 5822/1553/304 5824/1181/779 5823/144/779 5821/1554/304
f 5824/1181/779 5826/1563/780 5825/1564/780 5823/144/779
f 5826/1563/780 5828/2147/307 5827/2148/307 5825/1564/780
f 5828/2147/307 5830/1571/781 5829/1572/781 5827/2148/307
f 5830/1571/781 5832/2149/309 5831/2150/309 5829/1572/781
f 5832/2149/309 5834/1581/310 5833/1582/310 5831/2150/309
f 5834/1581/310 5836/2151/311 5835/2152/311 5833/1582/310
f 5836/2151/311 5838/1591/84 5837/1592/84 5835/2152/311
f 5838/1591/84 5840/2153/313 5839/2154/313 5837/1592/84
f 5840/2153/313 5842/1599/314 5841/1600/314 5839/2154/313
f 5842/1599/314 5844/2155/315 5843/2156/315 5841/1600/314
f 5844/2155/315 5846/1609/782 5845/1610/782 5843/2156/315
f 5846/1609/782 5848/2157/783 5847/2158/783 5845/1610/782
f 5848/2157/783 5850/1220/784 5849/251/784 5847/2158/783
f 5850/1220/784 5852/2159/785 5851/2160/785 5849/251/784
f 5852/2159/785 5854/1627/320 5853/1628/320 5851/2160/785
f 5854/1627/320 5856/2161/321 5855/2162/321 5853/1628/320
f 5856/2161/321 5858/1637/786 5857/1638/786 5855/2162/321
f 5858/1637/786 5860/2163/323 5859/2164/323 5857/1638/786
f 5860/2163/323 5862/1645/324 5861/1646/324 5859/2164/323
f 5862/1645/324 5864/2165/325 5863/2166/325 5861/1646/324
f 5864/2165/325 5866/1655/326 5865/1656/326 5863/2166/325
f 5866/1655/326 5868/2167/327 5867/2168/327 5865/1656/326
f 5868/2167/327 5870/1665/787 5869/1666/787 5867/2168/327
f 5870/1665/787 5872/2169/329 5871/2170/329 5869/1666/787
f 5872/2169/329 5874/1673/330 5873/1674/330 5871/2170/329
f 5874/1673/330 5876/1259/788 5875/266/788 5873/1674/330
f 5876/1259/788 5878/1683/789 5877/1684/789 5875/266/788
f 5878/1683/789 5880/2171/333 5879/2172/333 5877/1684/789
f 5880/2171/333 5882/1691/790 5881/1692/790 5879/2172/333
f 5882/1691/790 5884/2173/791 5883/2174/791 5881/1692/790
f 5884/2173/791 5886/1701/792 5885/1702/792 5883/2174/791
f 5886/1701/792 5888/2175/793 5887/2176/793 5885/1702/792
f 5888/2175/793 5890/1711/338 5889/1712/338 5887/2176/793
f 5890/1711/338 5892/2177/794 5891/2178/794 5889/1712/338
f 5892/2177/794 5894/1719/340 5893/1720/340 5891/2178/794
f 5894/1719/340 5896/2179/341 5895/2180/341 5893/1720/340
f 5896/2179/341 5898/1729/342 5897/1730/342 5895/2180/341
f 5898/1729/342 5900/2181/343 5899/2182/343 5897/1730/342
f 5900/2181/343 5798/1298/294 5797/1/294 5899/2182/343
s 0
f 5902/1142/61 5904/1181/61 5903/144/61 5901/3/61
f 5904/1181/62 5906/1220/62 5905/251/62 5903/144/62
f 5906/1220/63 5908/1259/63 5907/266/63 5905/251/63
f 5908/1259/64 5902/1298/64 5901/1/64 5907/266/64
s 1
f 5910/1142/9 5912/1299/65 5911/1300/65 5909/3/9
f 5912/1299/65 5914/1301/795 5913/1302/795 5911/1300/65
f 5914/1301/795 5916/1303/12 5915/1304/12 5913/1302/795
f 5916/1303/12 5918/1305/13 5917/1306/13 5915/1304/12
f 5918/1305/13 5920/1307/14 5919/1308/14 5917/1306/13
f 5920/1307/14 5922/1309/15 5921/1310/15 5919/1308/14
f 5922/1309/15 5924/1311/16 5923/1312/16 5921/1310/15
f 5924/1311/16 5926/1313/17 5925/1314/17 5923/1312/16
f 5926/1313/17 5928/1315/18 5927/308/18 5925/1314/17
f 5928/1315/18 5930/1316/19 5929/1317/19 5927/308/18
f 5930/1316/19 5932/1318/20 5931/1319/20 5929/1317/19
f 5932/1318/20 5934/1320/21 5933/1321/21 5931/1319/20
f 5934/1320/21 5936/1322/22 5935/1323/22 5933/1321/21
f 5936/1322/22 5938/1324/23 5937/1325/23 5935/1323/22
f 5938/1324/23 5940/1326/24 5939/1327/24 5937/1325/23
f 5940/1326/24 5942/1328/25 5941/1329/25 5939/1327/24
f 5942/1328/25 5944/1330/26 5943/1331/26 5941/1329/25
f 5944/1330/26 5946/1332/27 5945/113/27 5943/1331/26
f 5946/1332/27 5948/1333/28 5947/1334/28 5945/113/27
f 5948/1333/28 5950/1335/29 5949/1336/29 5947/1334/28
f 5950/1335/29 5952/1337/30 5951/1338/30 5949/1336/29
f 5952/1337/30 5954/1339/31 5953/1340/31 5951/1338/30
f 5954/1339/31 5956/1341/32 5955/1342/32 5953/1340/31
f 5956/1341/32 5958/1343/360 5957/1344/360 5955/1342/32
f 5958/1343/360 5960/1345/34 5959/1346/34 5957/1344/360
f 5960/1345/34 5962/1347/35 5961/1348/35 5959/1346/34
f 5962/1347/35 5964/1181/183 5963/144/183 5961/1348/35
f 5964/1181/183 5966/1349/37 5965/1350/37 5963/144/183
f 5966/1349/37 5968/1351/38 5967/1352/38 5965/1350/37
f 5968/1351/38 5970/1353/39 5969/1354/39 5967/1352/38
f 5970/1353/39 5972/1355/40 5971/1356/40 5969/1354/39
f 5972/1355/40 5974/1357/41 5973/1358/41 5971/1356/40
f 5974/1357/41 5976/1359/42 5975/1360/42 5973/1358/41
f 5976/1359/42 5978/1361/43 5977/1362/43 5975/1360/42
f 5978/1361/43 5980/1363/44 5979/1364/44 5977/1362/43
f 5980/1363/44 5982/1365/45 5981/2/45 5979/1364/44
f 5982/1365/45 5984/1366/46 5983/1367/46 5981/2/45
f 5984/1366/46 5986/1368/47 5985/1369/47 5983/1367/46
f 5986/1368/47 5988/1370/48 5987/1371/48 5985/1369/47
f 5988/1370/48 5990/1372/49 5989/1373/49 5987/1371/48
f 5990/1372/49 5992/1374/50 5991/1375/50 5989/1373/49
f 5992/1374/50 5994/1376/51 5993/1377/51 5991/1375/50
f 5994/1376/51 5996/1378/52 5995/1379/52 5993/1377/51
f 5996/1378/52 5998/1380/53 5997/1381/53 5995/1379/52
f 5998/1380/53 6000/1382/54 5999/232/54 5997/1381/53
f 6000/1382/54 6002/1383/55 6001/1384/55 5999/232/54
f 6002/1383/55 6004/1385/56 6003/1386/56 6001/1384/55
f 6004/1385/56 6006/1387/57 6005/1388/57 6003/1386/56
f 6006/1387/57 6008/1389/796 6007/1390/796 6005/1388/57
f 6008/1389/796 6010/1391/358 6009/1392/358 6007/1390/796
f 6010/1391/358 6012/1393/60 6011/1394/60 6009/1392/358
f 6012/1393/60 6014/1395/9 6013/1396/9 6011/1394/60
f 6014/1395/9 6016/1397/65 6015/1398/65 6013/1396/9
f 6016/1397/65 6018/1220/795 6017/251/795 6015/1398/65
f 6018/1220/795 6020/1399/12 6019/1400/12 6017/251/795
f 6020/1399/12 6022/1401/13 6021/1402/13 6019/1400/12
f 6022/1401/13 6024/1403/14 6023/1404/14 6021/1402/13
f 6024/1403/14 6026/1405/15 6025/1406/15 6023/1404/14
f 6026/1405/15 6028/1407/16 6027/1408/16 6025/1406/15
f 6028/1407/16 6030/1409/17 6029/1410/17 6027/1408/16
f 6030/1409/17 6032/1411/18 6031/1412/18 6029/1410/17
f 6032/1411/18 6034/1413/19 6033/1414/19 6031/1412/18
f 6034/1413/19 6036/1415/20 6035/319/20 6033/1414/19
f 6036/1415/20 6038/1416/21 6037/1417/21 6035/319/20
f 6038/1416/21 6040/1418/15 6039/1419/15 6037/1417/21
f 6040/1418/15 6042/1420/54 6041/1421/54 6039/1419/15
f 6042/1420/54 6044/1422/48 6043/1423/48 6041/1421/54
f 6044/1422/48 6046/1424/797 6045/1425/797 6043/1423/48
f 6046/1424/797 6048/1426/50 6047/1427/50 6045/1425/797
f 6048/1426/50 6050/1428/51 6049/1429/51 6047/1427/50
f 6050/1428/51 6052/1430/52 6051/1431/52 6049/1429/51
f 6052/1430/52 6054/1432/798 6053/4/798 6051/1431/52
f 6054/1432/798 6056/1433/54 6055/1434/54 6053/4/798
f 6056/1433/54 6058/1435/55 6057/1436/55 6055/1434/54
f 6058/1435/55 6060/1437/56 6059/1438/56 6057/1436/55
f 6060/1437/56 6062/1439/57 6061/1440/57 6059/1438/56
f 6062/1439/57 6064/1441/58 6063/1442/58 6061/1440/57
f 6064/1441/58 6066/1443/358 6065/1444/358 6063/1442/58
f 6066/1443/358 6068/1445/60 6067/1446/60 6065/1444/358
f 6068/1445/60 6070/1447/9 6069/1448/9 6067/1446/60
f 6070/1447/9 6072/1259/65 6071/266/65 6069/1448/9
f 6072/1259/65 6074/1449/11 6073/1450/11 6071/266/65
f 6074/1449/11 6076/1451/12 6075/1452/12 6073/1450/11
f 6076/1451/12 6078/1453/13 6077/1454/13 6075/1452/12
f 6078/1453/13 6080/1455/14 6079/1456/14 6077/1454/13
f 6080/1455/14 6082/1457/15 6081/1458/15 6079/1456/14
f 6082/1457/15 6084/1459/754 6083/1460/754 6081/1458/15
f 6084/1459/754 6086/1461/17 6085/1462/17 6083/1460/754
f 6086/1461/17 6088/1463/18 6087/1464/18 6085/1462/17
f 6088/1463/18 6090/1465/19 6089/217/19 6087/1464/18
f 6090/1465/19 6092/1466/20 6091/1467/20 6089/217/19
f 6092/1466/20 6094/1468/21 6093/1469/21 6091/1467/20
f 6094/1468/21 6096/1470/15 6095/1471/15 6093/1469/21
f 6096/1470/15 6098/1472/54 6097/1473/54 6095/1471/15
f 6098/1472/54 6100/1474/48 6099/1475/48 6097/1473/54
f 6100/1474/48 6102/1476/49 6101/1477/49 6099/1475/48
f 6102/1476/49 6104/1478/50 6103/1479/50 6101/1477/49
f 6104/1478/50 6106/1480/51 6105/1481/51 6103/1479/50
f 6106/1480/51 6108/1482/52 6107/183/52 6105/1481/51
f 6108/1482/52 6110/1483/53 6109/1484/53 6107/183/52
f 6110/1483/53 6112/1485/54 6111/1486/54 6109/1484/53
f 6112/1485/54 6114/1487/55 6113/1488/55 6111/1486/54
f 6114/1487/55 6116/1489/56 6115/1490/56 6113/1488/55
f 6116/1489/56 6118/1491/57 6117/1492/57 6115/1490/56
f 6118/1491/57 6120/1493/796 6119/1494/796 6117/1492/57
f 6120/1493/796 6122/1495/358 6121/1496/358 6119/1494/796
f 6122/1495/358 6124/1497/60 6123/1498/60 6121/1496/358
f 6124/1497/60 5910/1298/9 5909/1/9 6123/1498/60
s 0
f 6126/1142/61 6128/1181/61 6127/144/61 6125/3/61
f 6128/1181/62 6130/1220/62 6129/251/62 6127/144/62
f 6130/1220/63 6132/1259/63 6131/266/63 6129/251/63
f 6132/1259/64 6126/1298/64 6125/1/64 6131/266/64
