# Blender 4.5.0
# www.blender.org
mtllib projects.mtl
o Text
v 2.093652 0.100000 -0.017829
v 2.089946 0.100000 -0.014981
v 2.086011 0.100000 -0.012381
v 2.081847 0.100000 -0.010029
v 2.077456 0.100000 -0.007924
v 2.072835 0.100000 -0.006067
v 2.067986 0.100000 -0.004457
v 2.062908 0.100000 -0.003095
v 2.057602 0.100000 -0.001981
v 2.052067 0.100000 -0.001114
v 2.046304 0.100000 -0.000495
v 2.040312 0.100000 -0.000124
v 2.034091 0.100000 0.000000
v 1.910266 0.100000 0.000000
v 1.908013 0.100000 -0.000098
v 1.905956 0.100000 -0.000392
v 1.904095 0.100000 -0.000882
v 1.902429 0.100000 -0.001567
v 1.900960 0.100000 -0.002449
v 1.899686 0.100000 -0.003527
v 1.898609 0.100000 -0.004800
v 1.897727 0.100000 -0.006270
v 1.897042 0.100000 -0.007935
v 1.896552 0.100000 -0.009796
v 1.896258 0.100000 -0.011853
v 1.896160 0.100000 -0.014107
v 1.896160 0.100000 -0.059953
v 1.896258 0.100000 -0.062206
v 1.896552 0.100000 -0.064263
v 1.897041 0.100000 -0.066125
v 1.897727 0.100000 -0.067790
v 1.898609 0.100000 -0.069259
v 1.899686 0.100000 -0.070533
v 1.900960 0.100000 -0.071610
v 1.902429 0.100000 -0.072492
v 1.904095 0.100000 -0.073178
v 1.905956 0.100000 -0.073668
v 1.908013 0.100000 -0.073962
v 1.910266 0.100000 -0.074060
v 2.015674 0.100000 -0.074060
v 2.016505 0.100000 -0.074083
v 2.017301 0.100000 -0.074152
v 2.018062 0.100000 -0.074268
v 2.018787 0.100000 -0.074430
v 2.019477 0.100000 -0.074638
v 2.020131 0.100000 -0.074892
v 2.020750 0.100000 -0.075193
v 2.021334 0.100000 -0.075540
v 2.021882 0.100000 -0.075933
v 2.022395 0.100000 -0.076373
v 2.022873 0.100000 -0.076858
v 2.023315 0.100000 -0.077390
v 2.023722 0.100000 -0.077955
v 2.024093 0.100000 -0.078539
v 2.024429 0.100000 -0.079141
v 2.024730 0.100000 -0.079763
v 2.024995 0.100000 -0.080404
v 2.025225 0.100000 -0.081064
v 2.025420 0.100000 -0.081743
v 2.025579 0.100000 -0.082441
v 2.025703 0.100000 -0.083158
v 2.025791 0.100000 -0.083894
v 2.025844 0.100000 -0.084649
v 2.025862 0.100000 -0.085423
v 2.025844 0.100000 -0.086509
v 2.025791 0.100000 -0.087546
v 2.025703 0.100000 -0.088534
v 2.025579 0.100000 -0.089472
v 2.025420 0.100000 -0.090362
v 2.025225 0.100000 -0.091203
v 2.024995 0.100000 -0.091995
v 2.024730 0.100000 -0.092738
v 2.024429 0.100000 -0.093432
v 2.024093 0.100000 -0.094077
v 2.023722 0.100000 -0.094672
v 2.023315 0.100000 -0.095219
v 2.022873 0.100000 -0.095723
v 2.022395 0.100000 -0.096188
v 2.021882 0.100000 -0.096615
v 2.021334 0.100000 -0.097005
v 2.020750 0.100000 -0.097356
v 2.020131 0.100000 -0.097668
v 2.019477 0.100000 -0.097943
v 2.018787 0.100000 -0.098180
v 2.018062 0.100000 -0.098379
v 2.017301 0.100000 -0.098539
v 2.016505 0.100000 -0.098662
v 2.015674 0.100000 -0.098746
v 1.956896 0.100000 -0.106975
v 1.952400 0.100000 -0.107760
v 1.948053 0.100000 -0.108678
v 1.943855 0.100000 -0.109730
v 1.939807 0.100000 -0.110915
v 1.935909 0.100000 -0.112234
v 1.932161 0.100000 -0.113685
v 1.928562 0.100000 -0.115270
v 1.925113 0.100000 -0.116989
v 1.921813 0.100000 -0.118841
v 1.918664 0.100000 -0.120826
v 1.915664 0.100000 -0.122944
v 1.912813 0.100000 -0.125196
v 1.910153 0.100000 -0.127646
v 1.907725 0.100000 -0.130361
v 1.905527 0.100000 -0.133339
v 1.903561 0.100000 -0.136581
v 1.901827 0.100000 -0.140088
v 1.900323 0.100000 -0.143858
v 1.899051 0.100000 -0.147892
v 1.898010 0.100000 -0.152190
v 1.897201 0.100000 -0.156752
v 1.896622 0.100000 -0.161578
v 1.896275 0.100000 -0.166668
v 1.896160 0.100000 -0.172022
v 1.896160 0.100000 -0.213166
v 1.896309 0.100000 -0.218671
v 1.896758 0.100000 -0.223953
v 1.897507 0.100000 -0.229012
v 1.898554 0.100000 -0.233847
v 1.899901 0.100000 -0.238459
v 1.901547 0.100000 -0.242849
v 1.903493 0.100000 -0.247015
v 1.905738 0.100000 -0.250958
v 1.908282 0.100000 -0.254678
v 1.911126 0.100000 -0.258174
v 1.914269 0.100000 -0.261448
v 1.917711 0.100000 -0.264498
v 1.921418 0.100000 -0.267315
v 1.925353 0.100000 -0.269886
v 1.929516 0.100000 -0.272213
v 1.933908 0.100000 -0.274295
v 1.938529 0.100000 -0.276131
v 1.943378 0.100000 -0.277723
v 1.948455 0.100000 -0.279070
v 1.953762 0.100000 -0.280172
v 1.959297 0.100000 -0.281030
v 1.965060 0.100000 -0.281642
v 1.971052 0.100000 -0.282009
v 1.977273 0.100000 -0.282132
v 2.086990 0.100000 -0.282132
v 2.089243 0.100000 -0.282034
v 2.091301 0.100000 -0.281740
v 2.093162 0.100000 -0.281250
v 2.094827 0.100000 -0.280564
v 2.096297 0.100000 -0.279683
v 2.097570 0.100000 -0.278605
v 2.098648 0.100000 -0.277332
v 2.099530 0.100000 -0.275862
v 2.100215 0.100000 -0.274197
v 2.100705 0.100000 -0.272335
v 2.100999 0.100000 -0.270278
v 2.101097 0.100000 -0.268025
v 2.101097 0.100000 -0.221395
v 2.100999 0.100000 -0.219142
v 2.100705 0.100000 -0.217085
v 2.100215 0.100000 -0.215223
v 2.099530 0.100000 -0.213558
v 2.098648 0.100000 -0.212089
v 2.097570 0.100000 -0.210815
v 2.096297 0.100000 -0.209737
v 2.094827 0.100000 -0.208856
v 2.093162 0.100000 -0.208170
v 2.091301 0.100000 -0.207680
v 2.089243 0.100000 -0.207386
v 2.086990 0.100000 -0.207288
v 1.995690 0.100000 -0.207288
v 1.994000 0.100000 -0.207207
v 1.992457 0.100000 -0.206962
v 1.991061 0.100000 -0.206554
v 1.989812 0.100000 -0.205982
v 1.988710 0.100000 -0.205248
v 1.987755 0.100000 -0.204350
v 1.986946 0.100000 -0.203288
v 1.986285 0.100000 -0.202064
v 1.985771 0.100000 -0.200676
v 1.985403 0.100000 -0.199125
v 1.985183 0.100000 -0.197411
v 1.985110 0.100000 -0.195533
v 1.985183 0.100000 -0.193710
v 1.985403 0.100000 -0.192028
v 1.985771 0.100000 -0.190488
v 1.986285 0.100000 -0.189089
v 1.986946 0.100000 -0.187832
v 1.987755 0.100000 -0.186716
v 1.988710 0.100000 -0.185742
v 1.989812 0.100000 -0.184909
v 1.991061 0.100000 -0.184218
v 1.992457 0.100000 -0.183669
v 1.994000 0.100000 -0.183260
v 1.995690 0.100000 -0.182994
v 2.054075 0.100000 -0.175157
v 2.057112 0.100000 -0.174671
v 2.060084 0.100000 -0.174128
v 2.062990 0.100000 -0.173528
v 2.065831 0.100000 -0.172871
v 2.068607 0.100000 -0.172157
v 2.071317 0.100000 -0.171385
v 2.073962 0.100000 -0.170557
v 2.076542 0.100000 -0.169671
v 2.079056 0.100000 -0.168728
v 2.081505 0.100000 -0.167728
v 2.083889 0.100000 -0.166671
v 2.086207 0.100000 -0.165556
v 2.088450 0.100000 -0.164369
v 2.090610 0.100000 -0.163091
v 2.092685 0.100000 -0.161724
v 2.094675 0.100000 -0.160266
v 2.096581 0.100000 -0.158719
v 2.098403 0.100000 -0.157083
v 2.100141 0.100000 -0.155356
v 2.101794 0.100000 -0.153540
v 2.103363 0.100000 -0.151634
v 2.104847 0.100000 -0.149638
v 2.106247 0.100000 -0.147552
v 2.107563 0.100000 -0.145376
v 2.108783 0.100000 -0.143096
v 2.109897 0.100000 -0.140696
v 2.110906 0.100000 -0.138176
v 2.111808 0.100000 -0.135536
v 2.112604 0.100000 -0.132777
v 2.113293 0.100000 -0.129898
v 2.113877 0.100000 -0.126899
v 2.114355 0.100000 -0.123781
v 2.114726 0.100000 -0.120543
v 2.114991 0.100000 -0.117185
v 2.115151 0.100000 -0.113707
v 2.115204 0.100000 -0.110110
v 2.115204 0.100000 -0.068966
v 2.115054 0.100000 -0.063522
v 2.114605 0.100000 -0.058293
v 2.113857 0.100000 -0.053279
v 2.112809 0.100000 -0.048480
v 2.111462 0.100000 -0.043897
v 2.109816 0.100000 -0.039528
v 2.107870 0.100000 -0.035374
v 2.105625 0.100000 -0.031435
v 2.103081 0.100000 -0.027711
v 2.100237 0.100000 -0.024202
v 2.097094 0.100000 -0.020908
v 1.793495 0.100000 -0.014107
v 1.793397 0.100000 -0.011853
v 1.793103 0.100000 -0.009796
v 1.792614 0.100000 -0.007935
v 1.791928 0.100000 -0.006270
v 1.791046 0.100000 -0.004800
v 1.789969 0.100000 -0.003527
v 1.788695 0.100000 -0.002449
v 1.787226 0.100000 -0.001567
v 1.785560 0.100000 -0.000882
v 1.783699 0.100000 -0.000392
v 1.781642 0.100000 -0.000098
v 1.779389 0.100000 0.000000
v 1.715909 0.100000 0.000000
v 1.713656 0.100000 -0.000098
v 1.711599 0.100000 -0.000392
v 1.709737 0.100000 -0.000882
v 1.708072 0.100000 -0.001567
v 1.706602 0.100000 -0.002449
v 1.705329 0.100000 -0.003527
v 1.704251 0.100000 -0.004800
v 1.703370 0.100000 -0.006270
v 1.702684 0.100000 -0.007935
v 1.702194 0.100000 -0.009796
v 1.701900 0.100000 -0.011853
v 1.701802 0.100000 -0.014107
v 1.701802 0.100000 -0.206505
v 1.644201 0.100000 -0.206505
v 1.641947 0.100000 -0.206603
v 1.639890 0.100000 -0.206897
v 1.638029 0.100000 -0.207386
v 1.636364 0.100000 -0.208072
v 1.634894 0.100000 -0.208954
v 1.633621 0.100000 -0.210031
v 1.632543 0.100000 -0.211305
v 1.631661 0.100000 -0.212774
v 1.630976 0.100000 -0.214440
v 1.630486 0.100000 -0.216301
v 1.630192 0.100000 -0.218358
v 1.630094 0.100000 -0.220611
v 1.630094 0.100000 -0.268025
v 1.630192 0.100000 -0.270278
v 1.630486 0.100000 -0.272335
v 1.630976 0.100000 -0.274197
v 1.631661 0.100000 -0.275862
v 1.632543 0.100000 -0.277331
v 1.633621 0.100000 -0.278605
v 1.634894 0.100000 -0.279683
v 1.636364 0.100000 -0.280564
v 1.638029 0.100000 -0.281250
v 1.639890 0.100000 -0.281740
v 1.641947 0.100000 -0.282034
v 1.644201 0.100000 -0.282132
v 1.851097 0.100000 -0.282132
v 1.853350 0.100000 -0.282034
v 1.855407 0.100000 -0.281740
v 1.857269 0.100000 -0.281250
v 1.858934 0.100000 -0.280564
v 1.860403 0.100000 -0.279683
v 1.861677 0.100000 -0.278605
v 1.862754 0.100000 -0.277332
v 1.863636 0.100000 -0.275862
v 1.864322 0.100000 -0.274197
v 1.864812 0.100000 -0.272335
v 1.865105 0.100000 -0.270278
v 1.865204 0.100000 -0.268025
v 1.865204 0.100000 -0.220611
v 1.865106 0.100000 -0.218358
v 1.864812 0.100000 -0.216301
v 1.864322 0.100000 -0.214440
v 1.863636 0.100000 -0.212774
v 1.862755 0.100000 -0.211305
v 1.861677 0.100000 -0.210031
v 1.860404 0.100000 -0.208954
v 1.858934 0.100000 -0.208072
v 1.857269 0.100000 -0.207386
v 1.855408 0.100000 -0.206897
v 1.853350 0.100000 -0.206603
v 1.851097 0.100000 -0.206505
v 1.793495 0.100000 -0.206505
v 1.601881 0.100000 -0.014107
v 1.601783 0.100000 -0.011853
v 1.601489 0.100000 -0.009796
v 1.600999 0.100000 -0.007935
v 1.600313 0.100000 -0.006270
v 1.599432 0.100000 -0.004800
v 1.598354 0.100000 -0.003527
v 1.597081 0.100000 -0.002449
v 1.595611 0.100000 -0.001567
v 1.593946 0.100000 -0.000882
v 1.592085 0.100000 -0.000392
v 1.590028 0.100000 -0.000098
v 1.587774 0.100000 0.000000
v 1.492163 0.100000 0.000000
v 1.484114 0.100000 -0.000136
v 1.476424 0.100000 -0.000544
v 1.469093 0.100000 -0.001225
v 1.462121 0.100000 -0.002177
v 1.455509 0.100000 -0.003401
v 1.449255 0.100000 -0.004898
v 1.443361 0.100000 -0.006667
v 1.437826 0.100000 -0.008708
v 1.432651 0.100000 -0.011021
v 1.427834 0.100000 -0.013606
v 1.423377 0.100000 -0.016463
v 1.419279 0.100000 -0.019592
v 1.415524 0.100000 -0.023005
v 1.412095 0.100000 -0.026711
v 1.408993 0.100000 -0.030711
v 1.406217 0.100000 -0.035005
v 1.403768 0.100000 -0.039593
v 1.401646 0.100000 -0.044475
v 1.399850 0.100000 -0.049651
v 1.398380 0.100000 -0.055120
v 1.397237 0.100000 -0.060884
v 1.396421 0.100000 -0.066941
v 1.395931 0.100000 -0.073292
v 1.395768 0.100000 -0.079937
v 1.395768 0.100000 -0.201803
v 1.395931 0.100000 -0.208510
v 1.396421 0.100000 -0.214919
v 1.397237 0.100000 -0.221028
v 1.398380 0.100000 -0.226837
v 1.399850 0.100000 -0.232348
v 1.401646 0.100000 -0.237559
v 1.403768 0.100000 -0.242471
v 1.406217 0.100000 -0.247083
v 1.408993 0.100000 -0.251396
v 1.412095 0.100000 -0.255410
v 1.415524 0.100000 -0.259124
v 1.419279 0.100000 -0.262539
v 1.423377 0.100000 -0.265669
v 1.427834 0.100000 -0.268526
v 1.432651 0.100000 -0.271111
v 1.437826 0.100000 -0.273424
v 1.443361 0.100000 -0.275465
v 1.449255 0.100000 -0.277234
v 1.455509 0.100000 -0.278730
v 1.462121 0.100000 -0.279955
v 1.469093 0.100000 -0.280907
v 1.476424 0.100000 -0.281587
v 1.484114 0.100000 -0.281996
v 1.492163 0.100000 -0.282132
v 1.587774 0.100000 -0.282132
v 1.590027 0.100000 -0.282034
v 1.592085 0.100000 -0.281740
v 1.593946 0.100000 -0.281250
v 1.595611 0.100000 -0.280564
v 1.597080 0.100000 -0.279683
v 1.598354 0.100000 -0.278605
v 1.599432 0.100000 -0.277332
v 1.600313 0.100000 -0.275862
v 1.600999 0.100000 -0.274197
v 1.601489 0.100000 -0.272335
v 1.601783 0.100000 -0.270278
v 1.601881 0.100000 -0.268025
v 1.601881 0.100000 -0.220611
v 1.601783 0.100000 -0.218358
v 1.601489 0.100000 -0.216301
v 1.600999 0.100000 -0.214440
v 1.600313 0.100000 -0.212774
v 1.599432 0.100000 -0.211305
v 1.598354 0.100000 -0.210031
v 1.597081 0.100000 -0.208954
v 1.595611 0.100000 -0.208072
v 1.593946 0.100000 -0.207386
v 1.592085 0.100000 -0.206897
v 1.590028 0.100000 -0.206603
v 1.587774 0.100000 -0.206505
v 1.509012 0.100000 -0.206505
v 1.505195 0.100000 -0.206369
v 1.501709 0.100000 -0.205960
v 1.498555 0.100000 -0.205280
v 1.495733 0.100000 -0.204328
v 1.493243 0.100000 -0.203103
v 1.491085 0.100000 -0.201607
v 1.489259 0.100000 -0.199838
v 1.487766 0.100000 -0.197797
v 1.486604 0.100000 -0.195484
v 1.485774 0.100000 -0.192899
v 1.485276 0.100000 -0.190042
v 1.485110 0.100000 -0.186912
v 1.485110 0.100000 -0.093652
v 1.485276 0.100000 -0.090648
v 1.485774 0.100000 -0.087905
v 1.486603 0.100000 -0.085423
v 1.487765 0.100000 -0.083203
v 1.489259 0.100000 -0.081243
v 1.491085 0.100000 -0.079545
v 1.493243 0.100000 -0.078109
v 1.495733 0.100000 -0.076933
v 1.498555 0.100000 -0.076019
v 1.501709 0.100000 -0.075366
v 1.505195 0.100000 -0.074974
v 1.509012 0.100000 -0.074843
v 1.587774 0.100000 -0.074843
v 1.590027 0.100000 -0.074745
v 1.592085 0.100000 -0.074451
v 1.593946 0.100000 -0.073962
v 1.595611 0.100000 -0.073276
v 1.597080 0.100000 -0.072394
v 1.598354 0.100000 -0.071317
v 1.599432 0.100000 -0.070043
v 1.600313 0.100000 -0.068574
v 1.600999 0.100000 -0.066908
v 1.601489 0.100000 -0.065047
v 1.601783 0.100000 -0.062990
v 1.601881 0.100000 -0.060737
v 1.353840 0.100000 -0.014107
v 1.353742 0.100000 -0.011853
v 1.353448 0.100000 -0.009796
v 1.352958 0.100000 -0.007935
v 1.352273 0.100000 -0.006270
v 1.351391 0.100000 -0.004800
v 1.350314 0.100000 -0.003527
v 1.349040 0.100000 -0.002449
v 1.347571 0.100000 -0.001567
v 1.345905 0.100000 -0.000882
v 1.344044 0.100000 -0.000392
v 1.341987 0.100000 -0.000098
v 1.339733 0.100000 0.000000
v 1.157915 0.100000 0.000000
v 1.155662 0.100000 -0.000098
v 1.153605 0.100000 -0.000392
v 1.151744 0.100000 -0.000882
v 1.150078 0.100000 -0.001567
v 1.148609 0.100000 -0.002449
v 1.147335 0.100000 -0.003527
v 1.146258 0.100000 -0.004800
v 1.145376 0.100000 -0.006270
v 1.144690 0.100000 -0.007935
v 1.144201 0.100000 -0.009796
v 1.143907 0.100000 -0.011853
v 1.143809 0.100000 -0.014107
v 1.143809 0.100000 -0.268025
v 1.143907 0.100000 -0.270278
v 1.144201 0.100000 -0.272335
v 1.144690 0.100000 -0.274197
v 1.145376 0.100000 -0.275862
v 1.146258 0.100000 -0.277331
v 1.147335 0.100000 -0.278605
v 1.148609 0.100000 -0.279683
v 1.150078 0.100000 -0.280564
v 1.151744 0.100000 -0.281250
v 1.153605 0.100000 -0.281740
v 1.155662 0.100000 -0.282034
v 1.157915 0.100000 -0.282132
v 1.339733 0.100000 -0.282132
v 1.341987 0.100000 -0.282034
v 1.344044 0.100000 -0.281740
v 1.345905 0.100000 -0.281250
v 1.347571 0.100000 -0.280564
v 1.349040 0.100000 -0.279683
v 1.350314 0.100000 -0.278605
v 1.351391 0.100000 -0.277332
v 1.352273 0.100000 -0.275862
v 1.352958 0.100000 -0.274197
v 1.353448 0.100000 -0.272335
v 1.353742 0.100000 -0.270278
v 1.353840 0.100000 -0.268025
v 1.353840 0.100000 -0.222179
v 1.353742 0.100000 -0.219926
v 1.353448 0.100000 -0.217868
v 1.352958 0.100000 -0.216007
v 1.352273 0.100000 -0.214342
v 1.351391 0.100000 -0.212872
v 1.350314 0.100000 -0.211599
v 1.349040 0.100000 -0.210521
v 1.347571 0.100000 -0.209639
v 1.345905 0.100000 -0.208954
v 1.344044 0.100000 -0.208464
v 1.341987 0.100000 -0.208170
v 1.339733 0.100000 -0.208072
v 1.231583 0.100000 -0.208072
v 1.231583 0.100000 -0.177900
v 1.307994 0.100000 -0.177900
v 1.310247 0.100000 -0.177802
v 1.312304 0.100000 -0.177508
v 1.314165 0.100000 -0.177018
v 1.315831 0.100000 -0.176332
v 1.317300 0.100000 -0.175451
v 1.318574 0.100000 -0.174373
v 1.319651 0.100000 -0.173100
v 1.320533 0.100000 -0.171630
v 1.321219 0.100000 -0.169965
v 1.321708 0.100000 -0.168103
v 1.322002 0.100000 -0.166046
v 1.322100 0.100000 -0.163793
v 1.322100 0.100000 -0.121865
v 1.322002 0.100000 -0.119612
v 1.321708 0.100000 -0.117555
v 1.321219 0.100000 -0.115694
v 1.320533 0.100000 -0.114028
v 1.319651 0.100000 -0.112559
v 1.318574 0.100000 -0.111285
v 1.317300 0.100000 -0.110208
v 1.315831 0.100000 -0.109326
v 1.314165 0.100000 -0.108640
v 1.312304 0.100000 -0.108150
v 1.310247 0.100000 -0.107857
v 1.307994 0.100000 -0.107759
v 1.231583 0.100000 -0.107759
v 1.231583 0.100000 -0.074060
v 1.339733 0.100000 -0.074060
v 1.341987 0.100000 -0.073962
v 1.344044 0.100000 -0.073668
v 1.345905 0.100000 -0.073178
v 1.347571 0.100000 -0.072492
v 1.349040 0.100000 -0.071611
v 1.350314 0.100000 -0.070533
v 1.351391 0.100000 -0.069259
v 1.352273 0.100000 -0.067790
v 1.352958 0.100000 -0.066125
v 1.353448 0.100000 -0.064263
v 1.353742 0.100000 -0.062206
v 1.353840 0.100000 -0.059953
v 1.091693 0.100000 -0.268025
v 1.091693 0.100000 -0.074060
v 1.091626 0.100000 -0.070117
v 1.091426 0.100000 -0.066255
v 1.091093 0.100000 -0.062476
v 1.090626 0.100000 -0.058777
v 1.090026 0.100000 -0.055161
v 1.089293 0.100000 -0.051626
v 1.088426 0.100000 -0.048173
v 1.087426 0.100000 -0.044801
v 1.086293 0.100000 -0.041512
v 1.085026 0.100000 -0.038303
v 1.083626 0.100000 -0.035177
v 1.082092 0.100000 -0.032132
v 1.080388 0.100000 -0.029183
v 1.078473 0.100000 -0.026346
v 1.076349 0.100000 -0.023621
v 1.074016 0.100000 -0.021007
v 1.071473 0.100000 -0.018505
v 1.068721 0.100000 -0.016115
v 1.065759 0.100000 -0.013836
v 1.062587 0.100000 -0.011668
v 1.059206 0.100000 -0.009613
v 1.055615 0.100000 -0.007668
v 1.051815 0.100000 -0.005836
v 1.047806 0.100000 -0.004114
v 1.043541 0.100000 -0.002518
v 1.038978 0.100000 -0.001061
v 1.034115 0.100000 0.000257
v 1.028953 0.100000 0.001437
v 1.023492 0.100000 0.002478
v 1.017731 0.100000 0.003380
v 1.011671 0.100000 0.004143
v 1.005312 0.100000 0.004768
v 0.998653 0.100000 0.005253
v 0.991695 0.100000 0.005600
v 0.984437 0.100000 0.005808
v 0.976881 0.100000 0.005878
v 0.969449 0.100000 0.005808
v 0.962306 0.100000 0.005600
v 0.955452 0.100000 0.005253
v 0.948885 0.100000 0.004768
v 0.942608 0.100000 0.004143
v 0.936618 0.100000 0.003380
v 0.930917 0.100000 0.002478
v 0.925505 0.100000 0.001437
v 0.920381 0.100000 0.000257
v 0.915545 0.100000 -0.001061
v 0.910998 0.100000 -0.002518
v 0.906740 0.100000 -0.004114
v 0.902731 0.100000 -0.005836
v 0.898935 0.100000 -0.007668
v 0.895352 0.100000 -0.009613
v 0.891980 0.100000 -0.011668
v 0.888821 0.100000 -0.013836
v 0.885874 0.100000 -0.016115
v 0.883139 0.100000 -0.018505
v 0.880616 0.100000 -0.021007
v 0.878306 0.100000 -0.023621
v 0.876208 0.100000 -0.026346
v 0.874322 0.100000 -0.029183
v 0.872649 0.100000 -0.032132
v 0.871147 0.100000 -0.035177
v 0.869775 0.100000 -0.038303
v 0.868534 0.100000 -0.041512
v 0.867424 0.100000 -0.044801
v 0.866445 0.100000 -0.048173
v 0.865596 0.100000 -0.051626
v 0.864877 0.100000 -0.055161
v 0.864289 0.100000 -0.058777
v 0.863832 0.100000 -0.062476
v 0.863506 0.100000 -0.066255
v 0.863310 0.100000 -0.070117
v 0.863244 0.100000 -0.074060
v 0.863244 0.100000 -0.137539
v 0.863342 0.100000 -0.139792
v 0.863636 0.100000 -0.141850
v 0.864126 0.100000 -0.143711
v 0.864812 0.100000 -0.145376
v 0.865694 0.100000 -0.146846
v 0.866771 0.100000 -0.148119
v 0.868045 0.100000 -0.149197
v 0.869514 0.100000 -0.150078
v 0.871180 0.100000 -0.150764
v 0.873041 0.100000 -0.151254
v 0.875098 0.100000 -0.151548
v 0.877351 0.100000 -0.151646
v 0.934169 0.100000 -0.151646
v 0.936422 0.100000 -0.151548
v 0.938480 0.100000 -0.151254
v 0.940341 0.100000 -0.150764
v 0.942006 0.100000 -0.150078
v 0.943476 0.100000 -0.149197
v 0.944749 0.100000 -0.148119
v 0.945827 0.100000 -0.146846
v 0.946708 0.100000 -0.145376
v 0.947394 0.100000 -0.143711
v 0.947884 0.100000 -0.141850
v 0.948178 0.100000 -0.139792
v 0.948276 0.100000 -0.137539
v 0.948276 0.100000 -0.089734
v 0.948310 0.100000 -0.088445
v 0.948412 0.100000 -0.087192
v 0.948582 0.100000 -0.085974
v 0.948820 0.100000 -0.084792
v 0.949126 0.100000 -0.083645
v 0.949500 0.100000 -0.082533
v 0.949943 0.100000 -0.081457
v 0.950453 0.100000 -0.080416
v 0.951031 0.100000 -0.079411
v 0.951677 0.100000 -0.078441
v 0.952392 0.100000 -0.077506
v 0.953174 0.100000 -0.076607
v 0.954081 0.100000 -0.075762
v 0.955171 0.100000 -0.074990
v 0.956443 0.100000 -0.074292
v 0.957898 0.100000 -0.073668
v 0.959535 0.100000 -0.073117
v 0.961354 0.100000 -0.072639
v 0.963355 0.100000 -0.072235
v 0.965539 0.100000 -0.071904
v 0.967905 0.100000 -0.071647
v 0.970453 0.100000 -0.071464
v 0.973184 0.100000 -0.071353
v 0.976097 0.100000 -0.071317
v 0.978881 0.100000 -0.071353
v 0.981485 0.100000 -0.071464
v 0.983910 0.100000 -0.071647
v 0.986155 0.100000 -0.071904
v 0.988220 0.100000 -0.072235
v 0.990106 0.100000 -0.072639
v 0.991812 0.100000 -0.073117
v 0.993339 0.100000 -0.073668
v 0.994686 0.100000 -0.074292
v 0.995853 0.100000 -0.074990
v 0.996841 0.100000 -0.075762
v 0.997649 0.100000 -0.076607
v 0.998337 0.100000 -0.077506
v 0.998966 0.100000 -0.078441
v 0.999535 0.100000 -0.079411
v 1.000044 0.100000 -0.080416
v 1.000492 0.100000 -0.081457
v 1.000882 0.100000 -0.082533
v 1.001211 0.100000 -0.083645
v 1.001480 0.100000 -0.084792
v 1.001690 0.100000 -0.085974
v 1.001840 0.100000 -0.087192
v 1.001929 0.100000 -0.088445
v 1.001959 0.100000 -0.089734
v 1.001959 0.100000 -0.268025
v 1.002057 0.100000 -0.270278
v 1.002351 0.100000 -0.272335
v 1.002841 0.100000 -0.274197
v 1.003527 0.100000 -0.275862
v 1.004408 0.100000 -0.277331
v 1.005486 0.100000 -0.278605
v 1.006759 0.100000 -0.279683
v 1.008229 0.100000 -0.280564
v 1.009894 0.100000 -0.281250
v 1.011755 0.100000 -0.281740
v 1.013813 0.100000 -0.282034
v 1.016066 0.100000 -0.282132
v 1.077586 0.100000 -0.282132
v 1.079839 0.100000 -0.282034
v 1.081897 0.100000 -0.281740
v 1.083758 0.100000 -0.281250
v 1.085423 0.100000 -0.280564
v 1.086893 0.100000 -0.279683
v 1.088166 0.100000 -0.278605
v 1.089244 0.100000 -0.277332
v 1.090125 0.100000 -0.275862
v 1.090811 0.100000 -0.274197
v 1.091301 0.100000 -0.272335
v 1.091595 0.100000 -0.270278
v 0.824451 0.100000 -0.207680
v 0.824451 0.100000 -0.074060
v 0.824415 0.100000 -0.071079
v 0.824304 0.100000 -0.068144
v 0.824121 0.100000 -0.065255
v 0.823864 0.100000 -0.062413
v 0.823533 0.100000 -0.059617
v 0.823129 0.100000 -0.056867
v 0.822651 0.100000 -0.054164
v 0.822100 0.100000 -0.051506
v 0.821476 0.100000 -0.048895
v 0.820778 0.100000 -0.046331
v 0.820006 0.100000 -0.043812
v 0.819161 0.100000 -0.041340
v 0.818224 0.100000 -0.038920
v 0.817175 0.100000 -0.036556
v 0.816014 0.100000 -0.034250
v 0.814742 0.100000 -0.032001
v 0.813358 0.100000 -0.029809
v 0.811863 0.100000 -0.027674
v 0.810256 0.100000 -0.025597
v 0.808538 0.100000 -0.023576
v 0.806708 0.100000 -0.021613
v 0.804766 0.100000 -0.019707
v 0.802713 0.100000 -0.017858
v 0.800549 0.100000 -0.016066
v 0.798256 0.100000 -0.014337
v 0.795819 0.100000 -0.012675
v 0.793238 0.100000 -0.011082
v 0.790513 0.100000 -0.009557
v 0.787643 0.100000 -0.008100
v 0.784630 0.100000 -0.006710
v 0.781472 0.100000 -0.005389
v 0.778170 0.100000 -0.004136
v 0.774723 0.100000 -0.002951
v 0.771133 0.100000 -0.001834
v 0.767398 0.100000 -0.000785
v 0.763519 0.100000 0.000196
v 0.759476 0.100000 0.001103
v 0.755252 0.100000 0.001932
v 0.750845 0.100000 0.002682
v 0.746256 0.100000 0.003352
v 0.741484 0.100000 0.003944
v 0.736530 0.100000 0.004457
v 0.731394 0.100000 0.004891
v 0.726075 0.100000 0.005246
v 0.720574 0.100000 0.005523
v 0.714891 0.100000 0.005720
v 0.709026 0.100000 0.005838
v 0.702978 0.100000 0.005878
v 0.696930 0.100000 0.005838
v 0.691065 0.100000 0.005720
v 0.685381 0.100000 0.005523
v 0.679881 0.100000 0.005246
v 0.674562 0.100000 0.004891
v 0.669426 0.100000 0.004457
v 0.664472 0.100000 0.003944
v 0.659700 0.100000 0.003352
v 0.655111 0.100000 0.002682
v 0.650704 0.100000 0.001932
v 0.646480 0.100000 0.001103
v 0.642437 0.100000 0.000196
v 0.638558 0.100000 -0.000785
v 0.634823 0.100000 -0.001834
v 0.631233 0.100000 -0.002951
v 0.627786 0.100000 -0.004136
v 0.624484 0.100000 -0.005389
v 0.621326 0.100000 -0.006710
v 0.618313 0.100000 -0.008100
v 0.615443 0.100000 -0.009557
v 0.612718 0.100000 -0.011082
v 0.610137 0.100000 -0.012675
v 0.607700 0.100000 -0.014337
v 0.605407 0.100000 -0.016066
v 0.603241 0.100000 -0.017858
v 0.601184 0.100000 -0.019707
v 0.599236 0.100000 -0.021613
v 0.597396 0.100000 -0.023576
v 0.595666 0.100000 -0.025597
v 0.594044 0.100000 -0.027674
v 0.592531 0.100000 -0.029809
v 0.591127 0.100000 -0.032001
v 0.589832 0.100000 -0.034250
v 0.588645 0.100000 -0.036556
v 0.587568 0.100000 -0.038920
v 0.586599 0.100000 -0.041340
v 0.585723 0.100000 -0.043812
v 0.584922 0.100000 -0.046331
v 0.584199 0.100000 -0.048895
v 0.583551 0.100000 -0.051506
v 0.582980 0.100000 -0.054164
v 0.582484 0.100000 -0.056867
v 0.582065 0.100000 -0.059617
v 0.581722 0.100000 -0.062413
v 0.581456 0.100000 -0.065255
v 0.581265 0.100000 -0.068144
v 0.581151 0.100000 -0.071079
v 0.581113 0.100000 -0.074060
v 0.581113 0.100000 -0.207680
v 0.581151 0.100000 -0.210661
v 0.581265 0.100000 -0.213596
v 0.581456 0.100000 -0.216485
v 0.581722 0.100000 -0.219327
v 0.582065 0.100000 -0.222123
v 0.582484 0.100000 -0.224873
v 0.582980 0.100000 -0.227576
v 0.583551 0.100000 -0.230233
v 0.584199 0.100000 -0.232844
v 0.584922 0.100000 -0.235409
v 0.585722 0.100000 -0.237927
v 0.586599 0.100000 -0.240400
v 0.587567 0.100000 -0.242820
v 0.588645 0.100000 -0.245183
v 0.589831 0.100000 -0.247490
v 0.591127 0.100000 -0.249739
v 0.592531 0.100000 -0.251931
v 0.594044 0.100000 -0.254065
v 0.595666 0.100000 -0.256143
v 0.597396 0.100000 -0.258164
v 0.599236 0.100000 -0.260127
v 0.601184 0.100000 -0.262033
v 0.603241 0.100000 -0.263882
v 0.605407 0.100000 -0.265674
v 0.607700 0.100000 -0.267405
v 0.610137 0.100000 -0.269070
v 0.612718 0.100000 -0.270670
v 0.615443 0.100000 -0.272205
v 0.618313 0.100000 -0.273674
v 0.621326 0.100000 -0.275078
v 0.624484 0.100000 -0.276417
v 0.627786 0.100000 -0.277691
v 0.631233 0.100000 -0.278899
v 0.634823 0.100000 -0.280042
v 0.638558 0.100000 -0.281119
v 0.642437 0.100000 -0.282132
v 0.646480 0.100000 -0.283070
v 0.650704 0.100000 -0.283928
v 0.655111 0.100000 -0.284703
v 0.659700 0.100000 -0.285397
v 0.664472 0.100000 -0.286009
v 0.669426 0.100000 -0.286540
v 0.674562 0.100000 -0.286989
v 0.679881 0.100000 -0.287356
v 0.685381 0.100000 -0.287642
v 0.691065 0.100000 -0.287846
v 0.696930 0.100000 -0.287969
v 0.702978 0.100000 -0.288009
v 0.709026 0.100000 -0.287969
v 0.714891 0.100000 -0.287846
v 0.720575 0.100000 -0.287642
v 0.726075 0.100000 -0.287356
v 0.731394 0.100000 -0.286989
v 0.736530 0.100000 -0.286540
v 0.741484 0.100000 -0.286009
v 0.746256 0.100000 -0.285397
v 0.750845 0.100000 -0.284703
v 0.755252 0.100000 -0.283928
v 0.759477 0.100000 -0.283070
v 0.763519 0.100000 -0.282132
v 0.767398 0.100000 -0.281119
v 0.771133 0.100000 -0.280042
v 0.774723 0.100000 -0.278899
v 0.778170 0.100000 -0.277691
v 0.781472 0.100000 -0.276417
v 0.784630 0.100000 -0.275078
v 0.787643 0.100000 -0.273674
v 0.790513 0.100000 -0.272205
v 0.793238 0.100000 -0.270670
v 0.795819 0.100000 -0.269070
v 0.798256 0.100000 -0.267405
v 0.800549 0.100000 -0.265674
v 0.802713 0.100000 -0.263882
v 0.804766 0.100000 -0.262033
v 0.806708 0.100000 -0.260127
v 0.808538 0.100000 -0.258164
v 0.810256 0.100000 -0.256143
v 0.811863 0.100000 -0.254065
v 0.813359 0.100000 -0.251931
v 0.814742 0.100000 -0.249739
v 0.816014 0.100000 -0.247490
v 0.817175 0.100000 -0.245183
v 0.818224 0.100000 -0.242820
v 0.819161 0.100000 -0.240400
v 0.820006 0.100000 -0.237927
v 0.820778 0.100000 -0.235409
v 0.821476 0.100000 -0.232844
v 0.822100 0.100000 -0.230233
v 0.822651 0.100000 -0.227576
v 0.823129 0.100000 -0.224873
v 0.823533 0.100000 -0.222123
v 0.823864 0.100000 -0.219327
v 0.824121 0.100000 -0.216485
v 0.824304 0.100000 -0.213596
v 0.824415 0.100000 -0.210661
v 0.670063 0.100000 -0.193574
v 0.670063 0.100000 -0.088166
v 0.670103 0.100000 -0.086878
v 0.670226 0.100000 -0.085625
v 0.670430 0.100000 -0.084407
v 0.670716 0.100000 -0.083224
v 0.671083 0.100000 -0.082078
v 0.671532 0.100000 -0.080966
v 0.672063 0.100000 -0.079890
v 0.672675 0.100000 -0.078849
v 0.673369 0.100000 -0.077843
v 0.674144 0.100000 -0.076873
v 0.675002 0.100000 -0.075939
v 0.675940 0.100000 -0.075039
v 0.677026 0.100000 -0.074194
v 0.678324 0.100000 -0.073423
v 0.679834 0.100000 -0.072725
v 0.681557 0.100000 -0.072100
v 0.683492 0.100000 -0.071549
v 0.685639 0.100000 -0.071072
v 0.687998 0.100000 -0.070668
v 0.690570 0.100000 -0.070337
v 0.693353 0.100000 -0.070080
v 0.696349 0.100000 -0.069896
v 0.699558 0.100000 -0.069786
v 0.702978 0.100000 -0.069749
v 0.706460 0.100000 -0.069786
v 0.709721 0.100000 -0.069896
v 0.712762 0.100000 -0.070080
v 0.715582 0.100000 -0.070337
v 0.718183 0.100000 -0.070668
v 0.720562 0.100000 -0.071072
v 0.722721 0.100000 -0.071549
v 0.724660 0.100000 -0.072100
v 0.726379 0.100000 -0.072725
v 0.727877 0.100000 -0.073423
v 0.729154 0.100000 -0.074194
v 0.730212 0.100000 -0.075039
v 0.731119 0.100000 -0.075939
v 0.731948 0.100000 -0.076873
v 0.732697 0.100000 -0.077843
v 0.733368 0.100000 -0.078849
v 0.733960 0.100000 -0.079890
v 0.734473 0.100000 -0.080966
v 0.734907 0.100000 -0.082077
v 0.735262 0.100000 -0.083224
v 0.735538 0.100000 -0.084407
v 0.735736 0.100000 -0.085625
v 0.735854 0.100000 -0.086878
v 0.735893 0.100000 -0.088166
v 0.735893 0.100000 -0.193574
v 0.735854 0.100000 -0.194861
v 0.735736 0.100000 -0.196110
v 0.735538 0.100000 -0.197321
v 0.735262 0.100000 -0.198494
v 0.734907 0.100000 -0.199628
v 0.734473 0.100000 -0.200725
v 0.733960 0.100000 -0.201783
v 0.733368 0.100000 -0.202804
v 0.732697 0.100000 -0.203786
v 0.731948 0.100000 -0.204730
v 0.731119 0.100000 -0.205637
v 0.730212 0.100000 -0.206505
v 0.729154 0.100000 -0.207318
v 0.727877 0.100000 -0.208061
v 0.726379 0.100000 -0.208733
v 0.724660 0.100000 -0.209335
v 0.722722 0.100000 -0.209865
v 0.720562 0.100000 -0.210325
v 0.718183 0.100000 -0.210714
v 0.715583 0.100000 -0.211033
v 0.712762 0.100000 -0.211280
v 0.709721 0.100000 -0.211457
v 0.706460 0.100000 -0.211563
v 0.702978 0.100000 -0.211599
v 0.699557 0.100000 -0.211563
v 0.696349 0.100000 -0.211457
v 0.693353 0.100000 -0.211280
v 0.690569 0.100000 -0.211033
v 0.687998 0.100000 -0.210714
v 0.685639 0.100000 -0.210325
v 0.683492 0.100000 -0.209865
v 0.681557 0.100000 -0.209335
v 0.679834 0.100000 -0.208733
v 0.678324 0.100000 -0.208061
v 0.677026 0.100000 -0.207318
v 0.675940 0.100000 -0.206505
v 0.675002 0.100000 -0.205637
v 0.674144 0.100000 -0.204730
v 0.673369 0.100000 -0.203786
v 0.672675 0.100000 -0.202804
v 0.672063 0.100000 -0.201783
v 0.671532 0.100000 -0.200725
v 0.671083 0.100000 -0.199628
v 0.670716 0.100000 -0.198494
v 0.670430 0.100000 -0.197321
v 0.670226 0.100000 -0.196110
v 0.670104 0.100000 -0.194861
v 0.382837 0.100000 -0.014107
v 0.382739 0.100000 -0.011853
v 0.382445 0.100000 -0.009796
v 0.381955 0.100000 -0.007935
v 0.381270 0.100000 -0.006270
v 0.380388 0.100000 -0.004800
v 0.379310 0.100000 -0.003527
v 0.378037 0.100000 -0.002449
v 0.376567 0.100000 -0.001567
v 0.374902 0.100000 -0.000882
v 0.373041 0.100000 -0.000392
v 0.370984 0.100000 -0.000098
v 0.368730 0.100000 0.000000
v 0.308386 0.100000 0.000000
v 0.306132 0.100000 -0.000098
v 0.304075 0.100000 -0.000392
v 0.302214 0.100000 -0.000882
v 0.300549 0.100000 -0.001567
v 0.299079 0.100000 -0.002449
v 0.297806 0.100000 -0.003527
v 0.296728 0.100000 -0.004800
v 0.295846 0.100000 -0.006270
v 0.295161 0.100000 -0.007935
v 0.294671 0.100000 -0.009796
v 0.294377 0.100000 -0.011853
v 0.294279 0.100000 -0.014107
v 0.294279 0.100000 -0.268025
v 0.294377 0.100000 -0.270278
v 0.294671 0.100000 -0.272335
v 0.295161 0.100000 -0.274197
v 0.295846 0.100000 -0.275862
v 0.296728 0.100000 -0.277331
v 0.297806 0.100000 -0.278605
v 0.299079 0.100000 -0.279683
v 0.300549 0.100000 -0.280564
v 0.302214 0.100000 -0.281250
v 0.304075 0.100000 -0.281740
v 0.306132 0.100000 -0.282034
v 0.308386 0.100000 -0.282132
v 0.438871 0.100000 -0.282132
v 0.443682 0.100000 -0.282075
v 0.448319 0.100000 -0.281903
v 0.452782 0.100000 -0.281617
v 0.457071 0.100000 -0.281217
v 0.461185 0.100000 -0.280703
v 0.465125 0.100000 -0.280074
v 0.468891 0.100000 -0.279332
v 0.472483 0.100000 -0.278474
v 0.475901 0.100000 -0.277503
v 0.479145 0.100000 -0.276417
v 0.482214 0.100000 -0.275217
v 0.485110 0.100000 -0.273903
v 0.487850 0.100000 -0.272486
v 0.490454 0.100000 -0.270980
v 0.492922 0.100000 -0.269384
v 0.495254 0.100000 -0.267698
v 0.497450 0.100000 -0.265923
v 0.499510 0.100000 -0.264058
v 0.501434 0.100000 -0.262102
v 0.503222 0.100000 -0.260057
v 0.504874 0.100000 -0.257923
v 0.506389 0.100000 -0.255698
v 0.507769 0.100000 -0.253384
v 0.509013 0.100000 -0.250980
v 0.510139 0.100000 -0.248497
v 0.511168 0.100000 -0.245945
v 0.512098 0.100000 -0.243326
v 0.512931 0.100000 -0.240639
v 0.513666 0.100000 -0.237884
v 0.514302 0.100000 -0.235061
v 0.514841 0.100000 -0.232169
v 0.515282 0.100000 -0.229210
v 0.515625 0.100000 -0.226183
v 0.515870 0.100000 -0.223088
v 0.516017 0.100000 -0.219924
v 0.516066 0.100000 -0.216693
v 0.516066 0.100000 -0.198668
v 0.516033 0.100000 -0.195960
v 0.515935 0.100000 -0.193323
v 0.515772 0.100000 -0.190757
v 0.515543 0.100000 -0.188262
v 0.515249 0.100000 -0.185837
v 0.514890 0.100000 -0.183484
v 0.514466 0.100000 -0.181200
v 0.513976 0.100000 -0.178988
v 0.513421 0.100000 -0.176847
v 0.512800 0.100000 -0.174776
v 0.512115 0.100000 -0.172776
v 0.511364 0.100000 -0.170846
v 0.510526 0.100000 -0.168993
v 0.509579 0.100000 -0.167222
v 0.508523 0.100000 -0.165532
v 0.507358 0.100000 -0.163924
v 0.506085 0.100000 -0.162397
v 0.504702 0.100000 -0.160952
v 0.503211 0.100000 -0.159589
v 0.501611 0.100000 -0.158307
v 0.499902 0.100000 -0.157107
v 0.498084 0.100000 -0.155989
v 0.496158 0.100000 -0.154952
v 0.494122 0.100000 -0.153997
v 0.497654 0.100000 -0.153518
v 0.501067 0.100000 -0.152865
v 0.504359 0.100000 -0.152038
v 0.507532 0.100000 -0.151036
v 0.510585 0.100000 -0.149861
v 0.513519 0.100000 -0.148511
v 0.516333 0.100000 -0.146987
v 0.519026 0.100000 -0.145289
v 0.521601 0.100000 -0.143417
v 0.524055 0.100000 -0.141371
v 0.526390 0.100000 -0.139150
v 0.528605 0.100000 -0.136755
v 0.530670 0.100000 -0.134206
v 0.532556 0.100000 -0.131520
v 0.534262 0.100000 -0.128698
v 0.535789 0.100000 -0.125740
v 0.537136 0.100000 -0.122646
v 0.538303 0.100000 -0.119416
v 0.539291 0.100000 -0.116050
v 0.540099 0.100000 -0.112548
v 0.540728 0.100000 -0.108910
v 0.541177 0.100000 -0.105135
v 0.541446 0.100000 -0.101225
v 0.541536 0.100000 -0.097179
v 0.541536 0.100000 -0.014107
v 0.541438 0.100000 -0.011853
v 0.541144 0.100000 -0.009796
v 0.540654 0.100000 -0.007935
v 0.539969 0.100000 -0.006270
v 0.539087 0.100000 -0.004800
v 0.538009 0.100000 -0.003527
v 0.536736 0.100000 -0.002449
v 0.535266 0.100000 -0.001567
v 0.533601 0.100000 -0.000882
v 0.531740 0.100000 -0.000392
v 0.529683 0.100000 -0.000098
v 0.527429 0.100000 0.000000
v 0.466693 0.100000 0.000000
v 0.464440 0.100000 -0.000098
v 0.462382 0.100000 -0.000392
v 0.460521 0.100000 -0.000882
v 0.458856 0.100000 -0.001567
v 0.457386 0.100000 -0.002449
v 0.456113 0.100000 -0.003527
v 0.455035 0.100000 -0.004800
v 0.454154 0.100000 -0.006270
v 0.453468 0.100000 -0.007935
v 0.452978 0.100000 -0.009796
v 0.452684 0.100000 -0.011853
v 0.452586 0.100000 -0.014107
v 0.452586 0.100000 -0.074060
v 0.452563 0.100000 -0.075526
v 0.452494 0.100000 -0.076922
v 0.452378 0.100000 -0.078247
v 0.452216 0.100000 -0.079502
v 0.452008 0.100000 -0.080686
v 0.451753 0.100000 -0.081799
v 0.451453 0.100000 -0.082841
v 0.451106 0.100000 -0.083812
v 0.450713 0.100000 -0.084713
v 0.450273 0.100000 -0.085543
v 0.449787 0.100000 -0.086302
v 0.449255 0.100000 -0.086991
v 0.448666 0.100000 -0.087616
v 0.448009 0.100000 -0.088188
v 0.447284 0.100000 -0.088705
v 0.446491 0.100000 -0.089168
v 0.445630 0.100000 -0.089576
v 0.444700 0.100000 -0.089929
v 0.443703 0.100000 -0.090229
v 0.442638 0.100000 -0.090474
v 0.441504 0.100000 -0.090664
v 0.440303 0.100000 -0.090800
v 0.439033 0.100000 -0.090882
v 0.437696 0.100000 -0.090909
v 0.382837 0.100000 -0.090909
v 0.412226 0.100000 -0.211599
v 0.382837 0.100000 -0.211599
v 0.382837 0.100000 -0.161442
v 0.412226 0.100000 -0.161442
v 0.413877 0.100000 -0.161479
v 0.415437 0.100000 -0.161589
v 0.416903 0.100000 -0.161773
v 0.418278 0.100000 -0.162030
v 0.419559 0.100000 -0.162360
v 0.420748 0.100000 -0.162764
v 0.421845 0.100000 -0.163242
v 0.422849 0.100000 -0.163793
v 0.423761 0.100000 -0.164418
v 0.424580 0.100000 -0.165116
v 0.425306 0.100000 -0.165887
v 0.425940 0.100000 -0.166732
v 0.426504 0.100000 -0.167631
v 0.427018 0.100000 -0.168566
v 0.427483 0.100000 -0.169536
v 0.427900 0.100000 -0.170542
v 0.428267 0.100000 -0.171582
v 0.428585 0.100000 -0.172659
v 0.428855 0.100000 -0.173770
v 0.429075 0.100000 -0.174917
v 0.429247 0.100000 -0.176100
v 0.429369 0.100000 -0.177317
v 0.429443 0.100000 -0.178570
v 0.429467 0.100000 -0.179859
v 0.429467 0.100000 -0.193182
v 0.429443 0.100000 -0.194470
v 0.429369 0.100000 -0.195723
v 0.429247 0.100000 -0.196941
v 0.429075 0.100000 -0.198123
v 0.428855 0.100000 -0.199270
v 0.428585 0.100000 -0.200382
v 0.428267 0.100000 -0.201458
v 0.427900 0.100000 -0.202499
v 0.427483 0.100000 -0.203505
v 0.427018 0.100000 -0.204475
v 0.426504 0.100000 -0.205409
v 0.425940 0.100000 -0.206309
v 0.425306 0.100000 -0.207154
v 0.424580 0.100000 -0.207925
v 0.423761 0.100000 -0.208623
v 0.422849 0.100000 -0.209248
v 0.421845 0.100000 -0.209799
v 0.420748 0.100000 -0.210276
v 0.419559 0.100000 -0.210680
v 0.418278 0.100000 -0.211011
v 0.416903 0.100000 -0.211268
v 0.415437 0.100000 -0.211452
v 0.413877 0.100000 -0.211562
v 0.115987 0.100000 -0.014107
v 0.115889 0.100000 -0.011853
v 0.115596 0.100000 -0.009796
v 0.115106 0.100000 -0.007935
v 0.114420 0.100000 -0.006270
v 0.113538 0.100000 -0.004800
v 0.112461 0.100000 -0.003527
v 0.111187 0.100000 -0.002449
v 0.109718 0.100000 -0.001567
v 0.108053 0.100000 -0.000882
v 0.106191 0.100000 -0.000392
v 0.104134 0.100000 -0.000098
v 0.101881 0.100000 0.000000
v 0.041144 0.100000 0.000000
v 0.038891 0.100000 -0.000098
v 0.036834 0.100000 -0.000392
v 0.034973 0.100000 -0.000882
v 0.033307 0.100000 -0.001567
v 0.031838 0.100000 -0.002449
v 0.030564 0.100000 -0.003527
v 0.029487 0.100000 -0.004800
v 0.028605 0.100000 -0.006270
v 0.027919 0.100000 -0.007935
v 0.027429 0.100000 -0.009796
v 0.027136 0.100000 -0.011853
v 0.027038 0.100000 -0.014107
v 0.027038 0.100000 -0.268025
v 0.027136 0.100000 -0.270278
v 0.027429 0.100000 -0.272335
v 0.027919 0.100000 -0.274197
v 0.028605 0.100000 -0.275862
v 0.029487 0.100000 -0.277331
v 0.030564 0.100000 -0.278605
v 0.031838 0.100000 -0.279683
v 0.033307 0.100000 -0.280564
v 0.034973 0.100000 -0.281250
v 0.036834 0.100000 -0.281740
v 0.038891 0.100000 -0.282034
v 0.041144 0.100000 -0.282132
v 0.161050 0.100000 -0.282132
v 0.166886 0.100000 -0.282065
v 0.172506 0.100000 -0.281865
v 0.177912 0.100000 -0.281532
v 0.183103 0.100000 -0.281065
v 0.188078 0.100000 -0.280465
v 0.192839 0.100000 -0.279732
v 0.197385 0.100000 -0.278865
v 0.201715 0.100000 -0.277865
v 0.205831 0.100000 -0.276731
v 0.209732 0.100000 -0.275465
v 0.213418 0.100000 -0.274065
v 0.216889 0.100000 -0.272531
v 0.220169 0.100000 -0.270878
v 0.223283 0.100000 -0.269119
v 0.226232 0.100000 -0.267254
v 0.229014 0.100000 -0.265282
v 0.231631 0.100000 -0.263205
v 0.234081 0.100000 -0.261021
v 0.236366 0.100000 -0.258731
v 0.238484 0.100000 -0.256335
v 0.240436 0.100000 -0.253833
v 0.242223 0.100000 -0.251225
v 0.243843 0.100000 -0.248510
v 0.245298 0.100000 -0.245690
v 0.246612 0.100000 -0.242778
v 0.247812 0.100000 -0.239790
v 0.248898 0.100000 -0.236726
v 0.249869 0.100000 -0.233586
v 0.250727 0.100000 -0.230369
v 0.251469 0.100000 -0.227077
v 0.252098 0.100000 -0.223708
v 0.252612 0.100000 -0.220263
v 0.253012 0.100000 -0.216742
v 0.253298 0.100000 -0.213144
v 0.253469 0.100000 -0.209471
v 0.253527 0.100000 -0.205721
v 0.253527 0.100000 -0.155564
v 0.253469 0.100000 -0.151814
v 0.253298 0.100000 -0.148141
v 0.253012 0.100000 -0.144543
v 0.252612 0.100000 -0.141022
v 0.252098 0.100000 -0.137577
v 0.251469 0.100000 -0.134208
v 0.250727 0.100000 -0.130916
v 0.249869 0.100000 -0.127699
v 0.248898 0.100000 -0.124559
v 0.247812 0.100000 -0.121495
v 0.246612 0.100000 -0.118507
v 0.245298 0.100000 -0.115596
v 0.243843 0.100000 -0.112775
v 0.242223 0.100000 -0.110061
v 0.240436 0.100000 -0.107452
v 0.238484 0.100000 -0.104950
v 0.236366 0.100000 -0.102554
v 0.234081 0.100000 -0.100265
v 0.231631 0.100000 -0.098081
v 0.229014 0.100000 -0.096003
v 0.226232 0.100000 -0.094032
v 0.223283 0.100000 -0.092166
v 0.220169 0.100000 -0.090407
v 0.216889 0.100000 -0.088754
v 0.213418 0.100000 -0.087221
v 0.209732 0.100000 -0.085820
v 0.205831 0.100000 -0.084554
v 0.201715 0.100000 -0.083420
v 0.197385 0.100000 -0.082420
v 0.192839 0.100000 -0.081554
v 0.188078 0.100000 -0.080820
v 0.183103 0.100000 -0.080220
v 0.177912 0.100000 -0.079754
v 0.172506 0.100000 -0.079420
v 0.166886 0.100000 -0.079220
v 0.161050 0.100000 -0.079154
v 0.115987 0.100000 -0.079154
v 0.150470 0.100000 -0.208856
v 0.115204 0.100000 -0.208856
v 0.115204 0.100000 -0.149687
v 0.150470 0.100000 -0.149687
v 0.152310 0.100000 -0.149727
v 0.154040 0.100000 -0.149850
v 0.155662 0.100000 -0.150054
v 0.157175 0.100000 -0.150340
v 0.158579 0.100000 -0.150707
v 0.159875 0.100000 -0.151156
v 0.161061 0.100000 -0.151687
v 0.162139 0.100000 -0.152299
v 0.163107 0.100000 -0.152993
v 0.163967 0.100000 -0.153768
v 0.164718 0.100000 -0.154625
v 0.165360 0.100000 -0.155564
v 0.165924 0.100000 -0.156555
v 0.166438 0.100000 -0.157567
v 0.166903 0.100000 -0.158601
v 0.167320 0.100000 -0.159657
v 0.167687 0.100000 -0.160735
v 0.168005 0.100000 -0.161834
v 0.168275 0.100000 -0.162955
v 0.168495 0.100000 -0.164098
v 0.168667 0.100000 -0.165263
v 0.168789 0.100000 -0.166449
v 0.168863 0.100000 -0.167657
v 0.168887 0.100000 -0.168887
v 0.168887 0.100000 -0.189655
v 0.168863 0.100000 -0.190946
v 0.168789 0.100000 -0.192208
v 0.168667 0.100000 -0.193439
v 0.168495 0.100000 -0.194640
v 0.168275 0.100000 -0.195812
v 0.168005 0.100000 -0.196953
v 0.167687 0.100000 -0.198065
v 0.167320 0.100000 -0.199147
v 0.166903 0.100000 -0.200198
v 0.166438 0.100000 -0.201220
v 0.165924 0.100000 -0.202212
v 0.165360 0.100000 -0.203174
v 0.164718 0.100000 -0.204081
v 0.163967 0.100000 -0.204910
v 0.163107 0.100000 -0.205660
v 0.162139 0.100000 -0.206331
v 0.161061 0.100000 -0.206922
v 0.159875 0.100000 -0.207435
v 0.158579 0.100000 -0.207869
v 0.157175 0.100000 -0.208224
v 0.155662 0.100000 -0.208501
v 0.154040 0.100000 -0.208698
v 0.152310 0.100000 -0.208816
v 2.093652 -0.100000 -0.017829
v 2.089946 -0.100000 -0.014981
v 2.086011 -0.100000 -0.012381
v 2.081847 -0.100000 -0.010029
v 2.077456 -0.100000 -0.007924
v 2.072835 -0.100000 -0.006067
v 2.067986 -0.100000 -0.004457
v 2.062908 -0.100000 -0.003095
v 2.057602 -0.100000 -0.001981
v 2.052067 -0.100000 -0.001114
v 2.046304 -0.100000 -0.000495
v 2.040312 -0.100000 -0.000124
v 2.034091 -0.100000 0.000000
v 1.910266 -0.100000 0.000000
v 1.908013 -0.100000 -0.000098
v 1.905956 -0.100000 -0.000392
v 1.904095 -0.100000 -0.000882
v 1.902429 -0.100000 -0.001567
v 1.900960 -0.100000 -0.002449
v 1.899686 -0.100000 -0.003527
v 1.898609 -0.100000 -0.004800
v 1.897727 -0.100000 -0.006270
v 1.897042 -0.100000 -0.007935
v 1.896552 -0.100000 -0.009796
v 1.896258 -0.100000 -0.011853
v 1.896160 -0.100000 -0.014107
v 1.896160 -0.100000 -0.059953
v 1.896258 -0.100000 -0.062206
v 1.896552 -0.100000 -0.064263
v 1.897041 -0.100000 -0.066125
v 1.897727 -0.100000 -0.067790
v 1.898609 -0.100000 -0.069259
v 1.899686 -0.100000 -0.070533
v 1.900960 -0.100000 -0.071610
v 1.902429 -0.100000 -0.072492
v 1.904095 -0.100000 -0.073178
v 1.905956 -0.100000 -0.073668
v 1.908013 -0.100000 -0.073962
v 1.910266 -0.100000 -0.074060
v 2.015674 -0.100000 -0.074060
v 2.016505 -0.100000 -0.074083
v 2.017301 -0.100000 -0.074152
v 2.018062 -0.100000 -0.074268
v 2.018787 -0.100000 -0.074430
v 2.019477 -0.100000 -0.074638
v 2.020131 -0.100000 -0.074892
v 2.020750 -0.100000 -0.075193
v 2.021334 -0.100000 -0.075540
v 2.021882 -0.100000 -0.075933
v 2.022395 -0.100000 -0.076373
v 2.022873 -0.100000 -0.076858
v 2.023315 -0.100000 -0.077390
v 2.023722 -0.100000 -0.077955
v 2.024093 -0.100000 -0.078539
v 2.024429 -0.100000 -0.079141
v 2.024730 -0.100000 -0.079763
v 2.024995 -0.100000 -0.080404
v 2.025225 -0.100000 -0.081064
v 2.025420 -0.100000 -0.081743
v 2.025579 -0.100000 -0.082441
v 2.025703 -0.100000 -0.083158
v 2.025791 -0.100000 -0.083894
v 2.025844 -0.100000 -0.084649
v 2.025862 -0.100000 -0.085423
v 2.025844 -0.100000 -0.086509
v 2.025791 -0.100000 -0.087546
v 2.025703 -0.100000 -0.088534
v 2.025579 -0.100000 -0.089472
v 2.025420 -0.100000 -0.090362
v 2.025225 -0.100000 -0.091203
v 2.024995 -0.100000 -0.091995
v 2.024730 -0.100000 -0.092738
v 2.024429 -0.100000 -0.093432
v 2.024093 -0.100000 -0.094077
v 2.023722 -0.100000 -0.094672
v 2.023315 -0.100000 -0.095219
v 2.022873 -0.100000 -0.095723
v 2.022395 -0.100000 -0.096188
v 2.021882 -0.100000 -0.096615
v 2.021334 -0.100000 -0.097005
v 2.020750 -0.100000 -0.097356
v 2.020131 -0.100000 -0.097668
v 2.019477 -0.100000 -0.097943
v 2.018787 -0.100000 -0.098180
v 2.018062 -0.100000 -0.098379
v 2.017301 -0.100000 -0.098539
v 2.016505 -0.100000 -0.098662
v 2.015674 -0.100000 -0.098746
v 1.956896 -0.100000 -0.106975
v 1.952400 -0.100000 -0.107760
v 1.948053 -0.100000 -0.108678
v 1.943855 -0.100000 -0.109730
v 1.939807 -0.100000 -0.110915
v 1.935909 -0.100000 -0.112234
v 1.932161 -0.100000 -0.113685
v 1.928562 -0.100000 -0.115270
v 1.925113 -0.100000 -0.116989
v 1.921813 -0.100000 -0.118841
v 1.918664 -0.100000 -0.120826
v 1.915664 -0.100000 -0.122944
v 1.912813 -0.100000 -0.125196
v 1.910153 -0.100000 -0.127646
v 1.907725 -0.100000 -0.130361
v 1.905527 -0.100000 -0.133339
v 1.903561 -0.100000 -0.136581
v 1.901827 -0.100000 -0.140088
v 1.900323 -0.100000 -0.143858
v 1.899051 -0.100000 -0.147892
v 1.898010 -0.100000 -0.152190
v 1.897201 -0.100000 -0.156752
v 1.896622 -0.100000 -0.161578
v 1.896275 -0.100000 -0.166668
v 1.896160 -0.100000 -0.172022
v 1.896160 -0.100000 -0.213166
v 1.896309 -0.100000 -0.218671
v 1.896758 -0.100000 -0.223953
v 1.897507 -0.100000 -0.229012
v 1.898554 -0.100000 -0.233847
v 1.899901 -0.100000 -0.238459
v 1.901547 -0.100000 -0.242849
v 1.903493 -0.100000 -0.247015
v 1.905738 -0.100000 -0.250958
v 1.908282 -0.100000 -0.254678
v 1.911126 -0.100000 -0.258174
v 1.914269 -0.100000 -0.261448
v 1.917711 -0.100000 -0.264498
v 1.921418 -0.100000 -0.267315
v 1.925353 -0.100000 -0.269886
v 1.929516 -0.100000 -0.272213
v 1.933908 -0.100000 -0.274295
v 1.938529 -0.100000 -0.276131
v 1.943378 -0.100000 -0.277723
v 1.948455 -0.100000 -0.279070
v 1.953762 -0.100000 -0.280172
v 1.959297 -0.100000 -0.281030
v 1.965060 -0.100000 -0.281642
v 1.971052 -0.100000 -0.282009
v 1.977273 -0.100000 -0.282132
v 2.086990 -0.100000 -0.282132
v 2.089243 -0.100000 -0.282034
v 2.091301 -0.100000 -0.281740
v 2.093162 -0.100000 -0.281250
v 2.094827 -0.100000 -0.280564
v 2.096297 -0.100000 -0.279683
v 2.097570 -0.100000 -0.278605
v 2.098648 -0.100000 -0.277332
v 2.099530 -0.100000 -0.275862
v 2.100215 -0.100000 -0.274197
v 2.100705 -0.100000 -0.272335
v 2.100999 -0.100000 -0.270278
v 2.101097 -0.100000 -0.268025
v 2.101097 -0.100000 -0.221395
v 2.100999 -0.100000 -0.219142
v 2.100705 -0.100000 -0.217085
v 2.100215 -0.100000 -0.215223
v 2.099530 -0.100000 -0.213558
v 2.098648 -0.100000 -0.212089
v 2.097570 -0.100000 -0.210815
v 2.096297 -0.100000 -0.209737
v 2.094827 -0.100000 -0.208856
v 2.093162 -0.100000 -0.208170
v 2.091301 -0.100000 -0.207680
v 2.089243 -0.100000 -0.207386
v 2.086990 -0.100000 -0.207288
v 1.995690 -0.100000 -0.207288
v 1.994000 -0.100000 -0.207207
v 1.992457 -0.100000 -0.206962
v 1.991061 -0.100000 -0.206554
v 1.989812 -0.100000 -0.205982
v 1.988710 -0.100000 -0.205248
v 1.987755 -0.100000 -0.204350
v 1.986946 -0.100000 -0.203288
v 1.986285 -0.100000 -0.202064
v 1.985771 -0.100000 -0.200676
v 1.985403 -0.100000 -0.199125
v 1.985183 -0.100000 -0.197411
v 1.985110 -0.100000 -0.195533
v 1.985183 -0.100000 -0.193710
v 1.985403 -0.100000 -0.192028
v 1.985771 -0.100000 -0.190488
v 1.986285 -0.100000 -0.189089
v 1.986946 -0.100000 -0.187832
v 1.987755 -0.100000 -0.186716
v 1.988710 -0.100000 -0.185742
v 1.989812 -0.100000 -0.184909
v 1.991061 -0.100000 -0.184218
v 1.992457 -0.100000 -0.183669
v 1.994000 -0.100000 -0.183260
v 1.995690 -0.100000 -0.182994
v 2.054075 -0.100000 -0.175157
v 2.057112 -0.100000 -0.174671
v 2.060084 -0.100000 -0.174128
v 2.062990 -0.100000 -0.173528
v 2.065831 -0.100000 -0.172871
v 2.068607 -0.100000 -0.172157
v 2.071317 -0.100000 -0.171385
v 2.073962 -0.100000 -0.170557
v 2.076542 -0.100000 -0.169671
v 2.079056 -0.100000 -0.168728
v 2.081505 -0.100000 -0.167728
v 2.083889 -0.100000 -0.166671
v 2.086207 -0.100000 -0.165556
v 2.088450 -0.100000 -0.164369
v 2.090610 -0.100000 -0.163091
v 2.092685 -0.100000 -0.161724
v 2.094675 -0.100000 -0.160266
v 2.096581 -0.100000 -0.158719
v 2.098403 -0.100000 -0.157083
v 2.100141 -0.100000 -0.155356
v 2.101794 -0.100000 -0.153540
v 2.103363 -0.100000 -0.151634
v 2.104847 -0.100000 -0.149638
v 2.106247 -0.100000 -0.147552
v 2.107563 -0.100000 -0.145376
v 2.108783 -0.100000 -0.143096
v 2.109897 -0.100000 -0.140696
v 2.110906 -0.100000 -0.138176
v 2.111808 -0.100000 -0.135536
v 2.112604 -0.100000 -0.132777
v 2.113293 -0.100000 -0.129898
v 2.113877 -0.100000 -0.126899
v 2.114355 -0.100000 -0.123781
v 2.114726 -0.100000 -0.120543
v 2.114991 -0.100000 -0.117185
v 2.115151 -0.100000 -0.113707
v 2.115204 -0.100000 -0.110110
v 2.115204 -0.100000 -0.068966
v 2.115054 -0.100000 -0.063522
v 2.114605 -0.100000 -0.058293
v 2.113857 -0.100000 -0.053279
v 2.112809 -0.100000 -0.048480
v 2.111462 -0.100000 -0.043897
v 2.109816 -0.100000 -0.039528
v 2.107870 -0.100000 -0.035374
v 2.105625 -0.100000 -0.031435
v 2.103081 -0.100000 -0.027711
v 2.100237 -0.100000 -0.024202
v 2.097094 -0.100000 -0.020908
v 1.793495 -0.100000 -0.014107
v 1.793397 -0.100000 -0.011853
v 1.793103 -0.100000 -0.009796
v 1.792614 -0.100000 -0.007935
v 1.791928 -0.100000 -0.006270
v 1.791046 -0.100000 -0.004800
v 1.789969 -0.100000 -0.003527
v 1.788695 -0.100000 -0.002449
v 1.787226 -0.100000 -0.001567
v 1.785560 -0.100000 -0.000882
v 1.783699 -0.100000 -0.000392
v 1.781642 -0.100000 -0.000098
v 1.779389 -0.100000 0.000000
v 1.715909 -0.100000 0.000000
v 1.713656 -0.100000 -0.000098
v 1.711599 -0.100000 -0.000392
v 1.709737 -0.100000 -0.000882
v 1.708072 -0.100000 -0.001567
v 1.706602 -0.100000 -0.002449
v 1.705329 -0.100000 -0.003527
v 1.704251 -0.100000 -0.004800
v 1.703370 -0.100000 -0.006270
v 1.702684 -0.100000 -0.007935
v 1.702194 -0.100000 -0.009796
v 1.701900 -0.100000 -0.011853
v 1.701802 -0.100000 -0.014107
v 1.701802 -0.100000 -0.206505
v 1.644201 -0.100000 -0.206505
v 1.641947 -0.100000 -0.206603
v 1.639890 -0.100000 -0.206897
v 1.638029 -0.100000 -0.207386
v 1.636364 -0.100000 -0.208072
v 1.634894 -0.100000 -0.208954
v 1.633621 -0.100000 -0.210031
v 1.632543 -0.100000 -0.211305
v 1.631661 -0.100000 -0.212774
v 1.630976 -0.100000 -0.214440
v 1.630486 -0.100000 -0.216301
v 1.630192 -0.100000 -0.218358
v 1.630094 -0.100000 -0.220611
v 1.630094 -0.100000 -0.268025
v 1.630192 -0.100000 -0.270278
v 1.630486 -0.100000 -0.272335
v 1.630976 -0.100000 -0.274197
v 1.631661 -0.100000 -0.275862
v 1.632543 -0.100000 -0.277331
v 1.633621 -0.100000 -0.278605
v 1.634894 -0.100000 -0.279683
v 1.636364 -0.100000 -0.280564
v 1.638029 -0.100000 -0.281250
v 1.639890 -0.100000 -0.281740
v 1.641947 -0.100000 -0.282034
v 1.644201 -0.100000 -0.282132
v 1.851097 -0.100000 -0.282132
v 1.853350 -0.100000 -0.282034
v 1.855407 -0.100000 -0.281740
v 1.857269 -0.100000 -0.281250
v 1.858934 -0.100000 -0.280564
v 1.860403 -0.100000 -0.279683
v 1.861677 -0.100000 -0.278605
v 1.862754 -0.100000 -0.277332
v 1.863636 -0.100000 -0.275862
v 1.864322 -0.100000 -0.274197
v 1.864812 -0.100000 -0.272335
v 1.865105 -0.100000 -0.270278
v 1.865204 -0.100000 -0.268025
v 1.865204 -0.100000 -0.220611
v 1.865106 -0.100000 -0.218358
v 1.864812 -0.100000 -0.216301
v 1.864322 -0.100000 -0.214440
v 1.863636 -0.100000 -0.212774
v 1.862755 -0.100000 -0.211305
v 1.861677 -0.100000 -0.210031
v 1.860404 -0.100000 -0.208954
v 1.858934 -0.100000 -0.208072
v 1.857269 -0.100000 -0.207386
v 1.855408 -0.100000 -0.206897
v 1.853350 -0.100000 -0.206603
v 1.851097 -0.100000 -0.206505
v 1.793495 -0.100000 -0.206505
v 1.601881 -0.100000 -0.014107
v 1.601783 -0.100000 -0.011853
v 1.601489 -0.100000 -0.009796
v 1.600999 -0.100000 -0.007935
v 1.600313 -0.100000 -0.006270
v 1.599432 -0.100000 -0.004800
v 1.598354 -0.100000 -0.003527
v 1.597081 -0.100000 -0.002449
v 1.595611 -0.100000 -0.001567
v 1.593946 -0.100000 -0.000882
v 1.592085 -0.100000 -0.000392
v 1.590028 -0.100000 -0.000098
v 1.587774 -0.100000 0.000000
v 1.492163 -0.100000 0.000000
v 1.484114 -0.100000 -0.000136
v 1.476424 -0.100000 -0.000544
v 1.469093 -0.100000 -0.001225
v 1.462121 -0.100000 -0.002177
v 1.455509 -0.100000 -0.003401
v 1.449255 -0.100000 -0.004898
v 1.443361 -0.100000 -0.006667
v 1.437826 -0.100000 -0.008708
v 1.432651 -0.100000 -0.011021
v 1.427834 -0.100000 -0.013606
v 1.423377 -0.100000 -0.016463
v 1.419279 -0.100000 -0.019592
v 1.415524 -0.100000 -0.023005
v 1.412095 -0.100000 -0.026711
v 1.408993 -0.100000 -0.030711
v 1.406217 -0.100000 -0.035005
v 1.403768 -0.100000 -0.039593
v 1.401646 -0.100000 -0.044475
v 1.399850 -0.100000 -0.049651
v 1.398380 -0.100000 -0.055120
v 1.397237 -0.100000 -0.060884
v 1.396421 -0.100000 -0.066941
v 1.395931 -0.100000 -0.073292
v 1.395768 -0.100000 -0.079937
v 1.395768 -0.100000 -0.201803
v 1.395931 -0.100000 -0.208510
v 1.396421 -0.100000 -0.214919
v 1.397237 -0.100000 -0.221028
v 1.398380 -0.100000 -0.226837
v 1.399850 -0.100000 -0.232348
v 1.401646 -0.100000 -0.237559
v 1.403768 -0.100000 -0.242471
v 1.406217 -0.100000 -0.247083
v 1.408993 -0.100000 -0.251396
v 1.412095 -0.100000 -0.255410
v 1.415524 -0.100000 -0.259124
v 1.419279 -0.100000 -0.262539
v 1.423377 -0.100000 -0.265669
v 1.427834 -0.100000 -0.268526
v 1.432651 -0.100000 -0.271111
v 1.437826 -0.100000 -0.273424
v 1.443361 -0.100000 -0.275465
v 1.449255 -0.100000 -0.277234
v 1.455509 -0.100000 -0.278730
v 1.462121 -0.100000 -0.279955
v 1.469093 -0.100000 -0.280907
v 1.476424 -0.100000 -0.281587
v 1.484114 -0.100000 -0.281996
v 1.492163 -0.100000 -0.282132
v 1.587774 -0.100000 -0.282132
v 1.590027 -0.100000 -0.282034
v 1.592085 -0.100000 -0.281740
v 1.593946 -0.100000 -0.281250
v 1.595611 -0.100000 -0.280564
v 1.597080 -0.100000 -0.279683
v 1.598354 -0.100000 -0.278605
v 1.599432 -0.100000 -0.277332
v 1.600313 -0.100000 -0.275862
v 1.600999 -0.100000 -0.274197
v 1.601489 -0.100000 -0.272335
v 1.601783 -0.100000 -0.270278
v 1.601881 -0.100000 -0.268025
v 1.601881 -0.100000 -0.220611
v 1.601783 -0.100000 -0.218358
v 1.601489 -0.100000 -0.216301
v 1.600999 -0.100000 -0.214440
v 1.600313 -0.100000 -0.212774
v 1.599432 -0.100000 -0.211305
v 1.598354 -0.100000 -0.210031
v 1.597081 -0.100000 -0.208954
v 1.595611 -0.100000 -0.208072
v 1.593946 -0.100000 -0.207386
v 1.592085 -0.100000 -0.206897
v 1.590028 -0.100000 -0.206603
v 1.587774 -0.100000 -0.206505
v 1.509012 -0.100000 -0.206505
v 1.505195 -0.100000 -0.206369
v 1.501709 -0.100000 -0.205960
v 1.498555 -0.100000 -0.205280
v 1.495733 -0.100000 -0.204328
v 1.493243 -0.100000 -0.203103
v 1.491085 -0.100000 -0.201607
v 1.489259 -0.100000 -0.199838
v 1.487766 -0.100000 -0.197797
v 1.486604 -0.100000 -0.195484
v 1.485774 -0.100000 -0.192899
v 1.485276 -0.100000 -0.190042
v 1.485110 -0.100000 -0.186912
v 1.485110 -0.100000 -0.093652
v 1.485276 -0.100000 -0.090648
v 1.485774 -0.100000 -0.087905
v 1.486603 -0.100000 -0.085423
v 1.487765 -0.100000 -0.083203
v 1.489259 -0.100000 -0.081243
v 1.491085 -0.100000 -0.079545
v 1.493243 -0.100000 -0.078109
v 1.495733 -0.100000 -0.076933
v 1.498555 -0.100000 -0.076019
v 1.501709 -0.100000 -0.075366
v 1.505195 -0.100000 -0.074974
v 1.509012 -0.100000 -0.074843
v 1.587774 -0.100000 -0.074843
v 1.590027 -0.100000 -0.074745
v 1.592085 -0.100000 -0.074451
v 1.593946 -0.100000 -0.073962
v 1.595611 -0.100000 -0.073276
v 1.597080 -0.100000 -0.072394
v 1.598354 -0.100000 -0.071317
v 1.599432 -0.100000 -0.070043
v 1.600313 -0.100000 -0.068574
v 1.600999 -0.100000 -0.066908
v 1.601489 -0.100000 -0.065047
v 1.601783 -0.100000 -0.062990
v 1.601881 -0.100000 -0.060737
v 1.353840 -0.100000 -0.014107
v 1.353742 -0.100000 -0.011853
v 1.353448 -0.100000 -0.009796
v 1.352958 -0.100000 -0.007935
v 1.352273 -0.100000 -0.006270
v 1.351391 -0.100000 -0.004800
v 1.350314 -0.100000 -0.003527
v 1.349040 -0.100000 -0.002449
v 1.347571 -0.100000 -0.001567
v 1.345905 -0.100000 -0.000882
v 1.344044 -0.100000 -0.000392
v 1.341987 -0.100000 -0.000098
v 1.339733 -0.100000 0.000000
v 1.157915 -0.100000 0.000000
v 1.155662 -0.100000 -0.000098
v 1.153605 -0.100000 -0.000392
v 1.151744 -0.100000 -0.000882
v 1.150078 -0.100000 -0.001567
v 1.148609 -0.100000 -0.002449
v 1.147335 -0.100000 -0.003527
v 1.146258 -0.100000 -0.004800
v 1.145376 -0.100000 -0.006270
v 1.144690 -0.100000 -0.007935
v 1.144201 -0.100000 -0.009796
v 1.143907 -0.100000 -0.011853
v 1.143809 -0.100000 -0.014107
v 1.143809 -0.100000 -0.268025
v 1.143907 -0.100000 -0.270278
v 1.144201 -0.100000 -0.272335
v 1.144690 -0.100000 -0.274197
v 1.145376 -0.100000 -0.275862
v 1.146258 -0.100000 -0.277331
v 1.147335 -0.100000 -0.278605
v 1.148609 -0.100000 -0.279683
v 1.150078 -0.100000 -0.280564
v 1.151744 -0.100000 -0.281250
v 1.153605 -0.100000 -0.281740
v 1.155662 -0.100000 -0.282034
v 1.157915 -0.100000 -0.282132
v 1.339733 -0.100000 -0.282132
v 1.341987 -0.100000 -0.282034
v 1.344044 -0.100000 -0.281740
v 1.345905 -0.100000 -0.281250
v 1.347571 -0.100000 -0.280564
v 1.349040 -0.100000 -0.279683
v 1.350314 -0.100000 -0.278605
v 1.351391 -0.100000 -0.277332
v 1.352273 -0.100000 -0.275862
v 1.352958 -0.100000 -0.274197
v 1.353448 -0.100000 -0.272335
v 1.353742 -0.100000 -0.270278
v 1.353840 -0.100000 -0.268025
v 1.353840 -0.100000 -0.222179
v 1.353742 -0.100000 -0.219926
v 1.353448 -0.100000 -0.217868
v 1.352958 -0.100000 -0.216007
v 1.352273 -0.100000 -0.214342
v 1.351391 -0.100000 -0.212872
v 1.350314 -0.100000 -0.211599
v 1.349040 -0.100000 -0.210521
v 1.347571 -0.100000 -0.209639
v 1.345905 -0.100000 -0.208954
v 1.344044 -0.100000 -0.208464
v 1.341987 -0.100000 -0.208170
v 1.339733 -0.100000 -0.208072
v 1.231583 -0.100000 -0.208072
v 1.231583 -0.100000 -0.177900
v 1.307994 -0.100000 -0.177900
v 1.310247 -0.100000 -0.177802
v 1.312304 -0.100000 -0.177508
v 1.314165 -0.100000 -0.177018
v 1.315831 -0.100000 -0.176332
v 1.317300 -0.100000 -0.175451
v 1.318574 -0.100000 -0.174373
v 1.319651 -0.100000 -0.173100
v 1.320533 -0.100000 -0.171630
v 1.321219 -0.100000 -0.169965
v 1.321708 -0.100000 -0.168103
v 1.322002 -0.100000 -0.166046
v 1.322100 -0.100000 -0.163793
v 1.322100 -0.100000 -0.121865
v 1.322002 -0.100000 -0.119612
v 1.321708 -0.100000 -0.117555
v 1.321219 -0.100000 -0.115694
v 1.320533 -0.100000 -0.114028
v 1.319651 -0.100000 -0.112559
v 1.318574 -0.100000 -0.111285
v 1.317300 -0.100000 -0.110208
v 1.315831 -0.100000 -0.109326
v 1.314165 -0.100000 -0.108640
v 1.312304 -0.100000 -0.108150
v 1.310247 -0.100000 -0.107857
v 1.307994 -0.100000 -0.107759
v 1.231583 -0.100000 -0.107759
v 1.231583 -0.100000 -0.074060
v 1.339733 -0.100000 -0.074060
v 1.341987 -0.100000 -0.073962
v 1.344044 -0.100000 -0.073668
v 1.345905 -0.100000 -0.073178
v 1.347571 -0.100000 -0.072492
v 1.349040 -0.100000 -0.071611
v 1.350314 -0.100000 -0.070533
v 1.351391 -0.100000 -0.069259
v 1.352273 -0.100000 -0.067790
v 1.352958 -0.100000 -0.066125
v 1.353448 -0.100000 -0.064263
v 1.353742 -0.100000 -0.062206
v 1.353840 -0.100000 -0.059953
v 1.091693 -0.100000 -0.268025
v 1.091693 -0.100000 -0.074060
v 1.091626 -0.100000 -0.070117
v 1.091426 -0.100000 -0.066255
v 1.091093 -0.100000 -0.062476
v 1.090626 -0.100000 -0.058777
v 1.090026 -0.100000 -0.055161
v 1.089293 -0.100000 -0.051626
v 1.088426 -0.100000 -0.048173
v 1.087426 -0.100000 -0.044801
v 1.086293 -0.100000 -0.041512
v 1.085026 -0.100000 -0.038303
v 1.083626 -0.100000 -0.035177
v 1.082092 -0.100000 -0.032132
v 1.080388 -0.100000 -0.029183
v 1.078473 -0.100000 -0.026346
v 1.076349 -0.100000 -0.023621
v 1.074016 -0.100000 -0.021007
v 1.071473 -0.100000 -0.018505
v 1.068721 -0.100000 -0.016115
v 1.065759 -0.100000 -0.013836
v 1.062587 -0.100000 -0.011668
v 1.059206 -0.100000 -0.009613
v 1.055615 -0.100000 -0.007668
v 1.051815 -0.100000 -0.005836
v 1.047806 -0.100000 -0.004114
v 1.043541 -0.100000 -0.002518
v 1.038978 -0.100000 -0.001061
v 1.034115 -0.100000 0.000257
v 1.028953 -0.100000 0.001437
v 1.023492 -0.100000 0.002478
v 1.017731 -0.100000 0.003380
v 1.011671 -0.100000 0.004143
v 1.005312 -0.100000 0.004768
v 0.998653 -0.100000 0.005253
v 0.991695 -0.100000 0.005600
v 0.984437 -0.100000 0.005808
v 0.976881 -0.100000 0.005878
v 0.969449 -0.100000 0.005808
v 0.962306 -0.100000 0.005600
v 0.955452 -0.100000 0.005253
v 0.948885 -0.100000 0.004768
v 0.942608 -0.100000 0.004143
v 0.936618 -0.100000 0.003380
v 0.930917 -0.100000 0.002478
v 0.925505 -0.100000 0.001437
v 0.920381 -0.100000 0.000257
v 0.915545 -0.100000 -0.001061
v 0.910998 -0.100000 -0.002518
v 0.906740 -0.100000 -0.004114
v 0.902731 -0.100000 -0.005836
v 0.898935 -0.100000 -0.007668
v 0.895352 -0.100000 -0.009613
v 0.891980 -0.100000 -0.011668
v 0.888821 -0.100000 -0.013836
v 0.885874 -0.100000 -0.016115
v 0.883139 -0.100000 -0.018505
v 0.880616 -0.100000 -0.021007
v 0.878306 -0.100000 -0.023621
v 0.876208 -0.100000 -0.026346
v 0.874322 -0.100000 -0.029183
v 0.872649 -0.100000 -0.032132
v 0.871147 -0.100000 -0.035177
v 0.869775 -0.100000 -0.038303
v 0.868534 -0.100000 -0.041512
v 0.867424 -0.100000 -0.044801
v 0.866445 -0.100000 -0.048173
v 0.865596 -0.100000 -0.051626
v 0.864877 -0.100000 -0.055161
v 0.864289 -0.100000 -0.058777
v 0.863832 -0.100000 -0.062476
v 0.863506 -0.100000 -0.066255
v 0.863310 -0.100000 -0.070117
v 0.863244 -0.100000 -0.074060
v 0.863244 -0.100000 -0.137539
v 0.863342 -0.100000 -0.139792
v 0.863636 -0.100000 -0.141850
v 0.864126 -0.100000 -0.143711
v 0.864812 -0.100000 -0.145376
v 0.865694 -0.100000 -0.146846
v 0.866771 -0.100000 -0.148119
v 0.868045 -0.100000 -0.149197
v 0.869514 -0.100000 -0.150078
v 0.871180 -0.100000 -0.150764
v 0.873041 -0.100000 -0.151254
v 0.875098 -0.100000 -0.151548
v 0.877351 -0.100000 -0.151646
v 0.934169 -0.100000 -0.151646
v 0.936422 -0.100000 -0.151548
v 0.938480 -0.100000 -0.151254
v 0.940341 -0.100000 -0.150764
v 0.942006 -0.100000 -0.150078
v 0.943476 -0.100000 -0.149197
v 0.944749 -0.100000 -0.148119
v 0.945827 -0.100000 -0.146846
v 0.946708 -0.100000 -0.145376
v 0.947394 -0.100000 -0.143711
v 0.947884 -0.100000 -0.141850
v 0.948178 -0.100000 -0.139792
v 0.948276 -0.100000 -0.137539
v 0.948276 -0.100000 -0.089734
v 0.948310 -0.100000 -0.088445
v 0.948412 -0.100000 -0.087192
v 0.948582 -0.100000 -0.085974
v 0.948820 -0.100000 -0.084792
v 0.949126 -0.100000 -0.083645
v 0.949500 -0.100000 -0.082533
v 0.949943 -0.100000 -0.081457
v 0.950453 -0.100000 -0.080416
v 0.951031 -0.100000 -0.079411
v 0.951677 -0.100000 -0.078441
v 0.952392 -0.100000 -0.077506
v 0.953174 -0.100000 -0.076607
v 0.954081 -0.100000 -0.075762
v 0.955171 -0.100000 -0.074990
v 0.956443 -0.100000 -0.074292
v 0.957898 -0.100000 -0.073668
v 0.959535 -0.100000 -0.073117
v 0.961354 -0.100000 -0.072639
v 0.963355 -0.100000 -0.072235
v 0.965539 -0.100000 -0.071904
v 0.967905 -0.100000 -0.071647
v 0.970453 -0.100000 -0.071464
v 0.973184 -0.100000 -0.071353
v 0.976097 -0.100000 -0.071317
v 0.978881 -0.100000 -0.071353
v 0.981485 -0.100000 -0.071464
v 0.983910 -0.100000 -0.071647
v 0.986155 -0.100000 -0.071904
v 0.988220 -0.100000 -0.072235
v 0.990106 -0.100000 -0.072639
v 0.991812 -0.100000 -0.073117
v 0.993339 -0.100000 -0.073668
v 0.994686 -0.100000 -0.074292
v 0.995853 -0.100000 -0.074990
v 0.996841 -0.100000 -0.075762
v 0.997649 -0.100000 -0.076607
v 0.998337 -0.100000 -0.077506
v 0.998966 -0.100000 -0.078441
v 0.999535 -0.100000 -0.079411
v 1.000044 -0.100000 -0.080416
v 1.000492 -0.100000 -0.081457
v 1.000882 -0.100000 -0.082533
v 1.001211 -0.100000 -0.083645
v 1.001480 -0.100000 -0.084792
v 1.001690 -0.100000 -0.085974
v 1.001840 -0.100000 -0.087192
v 1.001929 -0.100000 -0.088445
v 1.001959 -0.100000 -0.089734
v 1.001959 -0.100000 -0.268025
v 1.002057 -0.100000 -0.270278
v 1.002351 -0.100000 -0.272335
v 1.002841 -0.100000 -0.274197
v 1.003527 -0.100000 -0.275862
v 1.004408 -0.100000 -0.277331
v 1.005486 -0.100000 -0.278605
v 1.006759 -0.100000 -0.279683
v 1.008229 -0.100000 -0.280564
v 1.009894 -0.100000 -0.281250
v 1.011755 -0.100000 -0.281740
v 1.013813 -0.100000 -0.282034
v 1.016066 -0.100000 -0.282132
v 1.077586 -0.100000 -0.282132
v 1.079839 -0.100000 -0.282034
v 1.081897 -0.100000 -0.281740
v 1.083758 -0.100000 -0.281250
v 1.085423 -0.100000 -0.280564
v 1.086893 -0.100000 -0.279683
v 1.088166 -0.100000 -0.278605
v 1.089244 -0.100000 -0.277332
v 1.090125 -0.100000 -0.275862
v 1.090811 -0.100000 -0.274197
v 1.091301 -0.100000 -0.272335
v 1.091595 -0.100000 -0.270278
v 0.824451 -0.100000 -0.207680
v 0.824451 -0.100000 -0.074060
v 0.824415 -0.100000 -0.071079
v 0.824304 -0.100000 -0.068144
v 0.824121 -0.100000 -0.065255
v 0.823864 -0.100000 -0.062413
v 0.823533 -0.100000 -0.059617
v 0.823129 -0.100000 -0.056867
v 0.822651 -0.100000 -0.054164
v 0.822100 -0.100000 -0.051506
v 0.821476 -0.100000 -0.048895
v 0.820778 -0.100000 -0.046331
v 0.820006 -0.100000 -0.043812
v 0.819161 -0.100000 -0.041340
v 0.818224 -0.100000 -0.038920
v 0.817175 -0.100000 -0.036556
v 0.816014 -0.100000 -0.034250
v 0.814742 -0.100000 -0.032001
v 0.813358 -0.100000 -0.029809
v 0.811863 -0.100000 -0.027674
v 0.810256 -0.100000 -0.025597
v 0.808538 -0.100000 -0.023576
v 0.806708 -0.100000 -0.021613
v 0.804766 -0.100000 -0.019707
v 0.802713 -0.100000 -0.017858
v 0.800549 -0.100000 -0.016066
v 0.798256 -0.100000 -0.014337
v 0.795819 -0.100000 -0.012675
v 0.793238 -0.100000 -0.011082
v 0.790513 -0.100000 -0.009557
v 0.787643 -0.100000 -0.008100
v 0.784630 -0.100000 -0.006710
v 0.781472 -0.100000 -0.005389
v 0.778170 -0.100000 -0.004136
v 0.774723 -0.100000 -0.002951
v 0.771133 -0.100000 -0.001834
v 0.767398 -0.100000 -0.000785
v 0.763519 -0.100000 0.000196
v 0.759476 -0.100000 0.001103
v 0.755252 -0.100000 0.001932
v 0.750845 -0.100000 0.002682
v 0.746256 -0.100000 0.003352
v 0.741484 -0.100000 0.003944
v 0.736530 -0.100000 0.004457
v 0.731394 -0.100000 0.004891
v 0.726075 -0.100000 0.005246
v 0.720574 -0.100000 0.005523
v 0.714891 -0.100000 0.005720
v 0.709026 -0.100000 0.005838
v 0.702978 -0.100000 0.005878
v 0.696930 -0.100000 0.005838
v 0.691065 -0.100000 0.005720
v 0.685381 -0.100000 0.005523
v 0.679881 -0.100000 0.005246
v 0.674562 -0.100000 0.004891
v 0.669426 -0.100000 0.004457
v 0.664472 -0.100000 0.003944
v 0.659700 -0.100000 0.003352
v 0.655111 -0.100000 0.002682
v 0.650704 -0.100000 0.001932
v 0.646480 -0.100000 0.001103
v 0.642437 -0.100000 0.000196
v 0.638558 -0.100000 -0.000785
v 0.634823 -0.100000 -0.001834
v 0.631233 -0.100000 -0.002951
v 0.627786 -0.100000 -0.004136
v 0.624484 -0.100000 -0.005389
v 0.621326 -0.100000 -0.006710
v 0.618313 -0.100000 -0.008100
v 0.615443 -0.100000 -0.009557
v 0.612718 -0.100000 -0.011082
v 0.610137 -0.100000 -0.012675
v 0.607700 -0.100000 -0.014337
v 0.605407 -0.100000 -0.016066
v 0.603241 -0.100000 -0.017858
v 0.601184 -0.100000 -0.019707
v 0.599236 -0.100000 -0.021613
v 0.597396 -0.100000 -0.023576
v 0.595666 -0.100000 -0.025597
v 0.594044 -0.100000 -0.027674
v 0.592531 -0.100000 -0.029809
v 0.591127 -0.100000 -0.032001
v 0.589832 -0.100000 -0.034250
v 0.588645 -0.100000 -0.036556
v 0.587568 -0.100000 -0.038920
v 0.586599 -0.100000 -0.041340
v 0.585723 -0.100000 -0.043812
v 0.584922 -0.100000 -0.046331
v 0.584199 -0.100000 -0.048895
v 0.583551 -0.100000 -0.051506
v 0.582980 -0.100000 -0.054164
v 0.582484 -0.100000 -0.056867
v 0.582065 -0.100000 -0.059617
v 0.581722 -0.100000 -0.062413
v 0.581456 -0.100000 -0.065255
v 0.581265 -0.100000 -0.068144
v 0.581151 -0.100000 -0.071079
v 0.581113 -0.100000 -0.074060
v 0.581113 -0.100000 -0.207680
v 0.581151 -0.100000 -0.210661
v 0.581265 -0.100000 -0.213596
v 0.581456 -0.100000 -0.216485
v 0.581722 -0.100000 -0.219327
v 0.582065 -0.100000 -0.222123
v 0.582484 -0.100000 -0.224873
v 0.582980 -0.100000 -0.227576
v 0.583551 -0.100000 -0.230233
v 0.584199 -0.100000 -0.232844
v 0.584922 -0.100000 -0.235409
v 0.585722 -0.100000 -0.237927
v 0.586599 -0.100000 -0.240400
v 0.587567 -0.100000 -0.242820
v 0.588645 -0.100000 -0.245183
v 0.589831 -0.100000 -0.247490
v 0.591127 -0.100000 -0.249739
v 0.592531 -0.100000 -0.251931
v 0.594044 -0.100000 -0.254065
v 0.595666 -0.100000 -0.256143
v 0.597396 -0.100000 -0.258164
v 0.599236 -0.100000 -0.260127
v 0.601184 -0.100000 -0.262033
v 0.603241 -0.100000 -0.263882
v 0.605407 -0.100000 -0.265674
v 0.607700 -0.100000 -0.267405
v 0.610137 -0.100000 -0.269070
v 0.612718 -0.100000 -0.270670
v 0.615443 -0.100000 -0.272205
v 0.618313 -0.100000 -0.273674
v 0.621326 -0.100000 -0.275078
v 0.624484 -0.100000 -0.276417
v 0.627786 -0.100000 -0.277691
v 0.631233 -0.100000 -0.278899
v 0.634823 -0.100000 -0.280042
v 0.638558 -0.100000 -0.281119
v 0.642437 -0.100000 -0.282132
v 0.646480 -0.100000 -0.283070
v 0.650704 -0.100000 -0.283928
v 0.655111 -0.100000 -0.284703
v 0.659700 -0.100000 -0.285397
v 0.664472 -0.100000 -0.286009
v 0.669426 -0.100000 -0.286540
v 0.674562 -0.100000 -0.286989
v 0.679881 -0.100000 -0.287356
v 0.685381 -0.100000 -0.287642
v 0.691065 -0.100000 -0.287846
v 0.696930 -0.100000 -0.287969
v 0.702978 -0.100000 -0.288009
v 0.709026 -0.100000 -0.287969
v 0.714891 -0.100000 -0.287846
v 0.720575 -0.100000 -0.287642
v 0.726075 -0.100000 -0.287356
v 0.731394 -0.100000 -0.286989
v 0.736530 -0.100000 -0.286540
v 0.741484 -0.100000 -0.286009
v 0.746256 -0.100000 -0.285397
v 0.750845 -0.100000 -0.284703
v 0.755252 -0.100000 -0.283928
v 0.759477 -0.100000 -0.283070
v 0.763519 -0.100000 -0.282132
v 0.767398 -0.100000 -0.281119
v 0.771133 -0.100000 -0.280042
v 0.774723 -0.100000 -0.278899
v 0.778170 -0.100000 -0.277691
v 0.781472 -0.100000 -0.276417
v 0.784630 -0.100000 -0.275078
v 0.787643 -0.100000 -0.273674
v 0.790513 -0.100000 -0.272205
v 0.793238 -0.100000 -0.270670
v 0.795819 -0.100000 -0.269070
v 0.798256 -0.100000 -0.267405
v 0.800549 -0.100000 -0.265674
v 0.802713 -0.100000 -0.263882
v 0.804766 -0.100000 -0.262033
v 0.806708 -0.100000 -0.260127
v 0.808538 -0.100000 -0.258164
v 0.810256 -0.100000 -0.256143
v 0.811863 -0.100000 -0.254065
v 0.813359 -0.100000 -0.251931
v 0.814742 -0.100000 -0.249739
v 0.816014 -0.100000 -0.247490
v 0.817175 -0.100000 -0.245183
v 0.818224 -0.100000 -0.242820
v 0.819161 -0.100000 -0.240400
v 0.820006 -0.100000 -0.237927
v 0.820778 -0.100000 -0.235409
v 0.821476 -0.100000 -0.232844
v 0.822100 -0.100000 -0.230233
v 0.822651 -0.100000 -0.227576
v 0.823129 -0.100000 -0.224873
v 0.823533 -0.100000 -0.222123
v 0.823864 -0.100000 -0.219327
v 0.824121 -0.100000 -0.216485
v 0.824304 -0.100000 -0.213596
v 0.824415 -0.100000 -0.210661
v 0.670063 -0.100000 -0.193574
v 0.670063 -0.100000 -0.088166
v 0.670103 -0.100000 -0.086878
v 0.670226 -0.100000 -0.085625
v 0.670430 -0.100000 -0.084407
v 0.670716 -0.100000 -0.083224
v 0.671083 -0.100000 -0.082078
v 0.671532 -0.100000 -0.080966
v 0.672063 -0.100000 -0.079890
v 0.672675 -0.100000 -0.078849
v 0.673369 -0.100000 -0.077843
v 0.674144 -0.100000 -0.076873
v 0.675002 -0.100000 -0.075939
v 0.675940 -0.100000 -0.075039
v 0.677026 -0.100000 -0.074194
v 0.678324 -0.100000 -0.073423
v 0.679834 -0.100000 -0.072725
v 0.681557 -0.100000 -0.072100
v 0.683492 -0.100000 -0.071549
v 0.685639 -0.100000 -0.071072
v 0.687998 -0.100000 -0.070668
v 0.690570 -0.100000 -0.070337
v 0.693353 -0.100000 -0.070080
v 0.696349 -0.100000 -0.069896
v 0.699558 -0.100000 -0.069786
v 0.702978 -0.100000 -0.069749
v 0.706460 -0.100000 -0.069786
v 0.709721 -0.100000 -0.069896
v 0.712762 -0.100000 -0.070080
v 0.715582 -0.100000 -0.070337
v 0.718183 -0.100000 -0.070668
v 0.720562 -0.100000 -0.071072
v 0.722721 -0.100000 -0.071549
v 0.724660 -0.100000 -0.072100
v 0.726379 -0.100000 -0.072725
v 0.727877 -0.100000 -0.073423
v 0.729154 -0.100000 -0.074194
v 0.730212 -0.100000 -0.075039
v 0.731119 -0.100000 -0.075939
v 0.731948 -0.100000 -0.076873
v 0.732697 -0.100000 -0.077843
v 0.733368 -0.100000 -0.078849
v 0.733960 -0.100000 -0.079890
v 0.734473 -0.100000 -0.080966
v 0.734907 -0.100000 -0.082077
v 0.735262 -0.100000 -0.083224
v 0.735538 -0.100000 -0.084407
v 0.735736 -0.100000 -0.085625
v 0.735854 -0.100000 -0.086878
v 0.735893 -0.100000 -0.088166
v 0.735893 -0.100000 -0.193574
v 0.735854 -0.100000 -0.194861
v 0.735736 -0.100000 -0.196110
v 0.735538 -0.100000 -0.197321
v 0.735262 -0.100000 -0.198494
v 0.734907 -0.100000 -0.199628
v 0.734473 -0.100000 -0.200725
v 0.733960 -0.100000 -0.201783
v 0.733368 -0.100000 -0.202804
v 0.732697 -0.100000 -0.203786
v 0.731948 -0.100000 -0.204730
v 0.731119 -0.100000 -0.205637
v 0.730212 -0.100000 -0.206505
v 0.729154 -0.100000 -0.207318
v 0.727877 -0.100000 -0.208061
v 0.726379 -0.100000 -0.208733
v 0.724660 -0.100000 -0.209335
v 0.722722 -0.100000 -0.209865
v 0.720562 -0.100000 -0.210325
v 0.718183 -0.100000 -0.210714
v 0.715583 -0.100000 -0.211033
v 0.712762 -0.100000 -0.211280
v 0.709721 -0.100000 -0.211457
v 0.706460 -0.100000 -0.211563
v 0.702978 -0.100000 -0.211599
v 0.699557 -0.100000 -0.211563
v 0.696349 -0.100000 -0.211457
v 0.693353 -0.100000 -0.211280
v 0.690569 -0.100000 -0.211033
v 0.687998 -0.100000 -0.210714
v 0.685639 -0.100000 -0.210325
v 0.683492 -0.100000 -0.209865
v 0.681557 -0.100000 -0.209335
v 0.679834 -0.100000 -0.208733
v 0.678324 -0.100000 -0.208061
v 0.677026 -0.100000 -0.207318
v 0.675940 -0.100000 -0.206505
v 0.675002 -0.100000 -0.205637
v 0.674144 -0.100000 -0.204730
v 0.673369 -0.100000 -0.203786
v 0.672675 -0.100000 -0.202804
v 0.672063 -0.100000 -0.201783
v 0.671532 -0.100000 -0.200725
v 0.671083 -0.100000 -0.199628
v 0.670716 -0.100000 -0.198494
v 0.670430 -0.100000 -0.197321
v 0.670226 -0.100000 -0.196110
v 0.670104 -0.100000 -0.194861
v 0.382837 -0.100000 -0.014107
v 0.382739 -0.100000 -0.011853
v 0.382445 -0.100000 -0.009796
v 0.381955 -0.100000 -0.007935
v 0.381270 -0.100000 -0.006270
v 0.380388 -0.100000 -0.004800
v 0.379310 -0.100000 -0.003527
v 0.378037 -0.100000 -0.002449
v 0.376567 -0.100000 -0.001567
v 0.374902 -0.100000 -0.000882
v 0.373041 -0.100000 -0.000392
v 0.370984 -0.100000 -0.000098
v 0.368730 -0.100000 0.000000
v 0.308386 -0.100000 0.000000
v 0.306132 -0.100000 -0.000098
v 0.304075 -0.100000 -0.000392
v 0.302214 -0.100000 -0.000882
v 0.300549 -0.100000 -0.001567
v 0.299079 -0.100000 -0.002449
v 0.297806 -0.100000 -0.003527
v 0.296728 -0.100000 -0.004800
v 0.295846 -0.100000 -0.006270
v 0.295161 -0.100000 -0.007935
v 0.294671 -0.100000 -0.009796
v 0.294377 -0.100000 -0.011853
v 0.294279 -0.100000 -0.014107
v 0.294279 -0.100000 -0.268025
v 0.294377 -0.100000 -0.270278
v 0.294671 -0.100000 -0.272335
v 0.295161 -0.100000 -0.274197
v 0.295846 -0.100000 -0.275862
v 0.296728 -0.100000 -0.277331
v 0.297806 -0.100000 -0.278605
v 0.299079 -0.100000 -0.279683
v 0.300549 -0.100000 -0.280564
v 0.302214 -0.100000 -0.281250
v 0.304075 -0.100000 -0.281740
v 0.306132 -0.100000 -0.282034
v 0.308386 -0.100000 -0.282132
v 0.438871 -0.100000 -0.282132
v 0.443682 -0.100000 -0.282075
v 0.448319 -0.100000 -0.281903
v 0.452782 -0.100000 -0.281617
v 0.457071 -0.100000 -0.281217
v 0.461185 -0.100000 -0.280703
v 0.465125 -0.100000 -0.280074
v 0.468891 -0.100000 -0.279332
v 0.472483 -0.100000 -0.278474
v 0.475901 -0.100000 -0.277503
v 0.479145 -0.100000 -0.276417
v 0.482214 -0.100000 -0.275217
v 0.485110 -0.100000 -0.273903
v 0.487850 -0.100000 -0.272486
v 0.490454 -0.100000 -0.270980
v 0.492922 -0.100000 -0.269384
v 0.495254 -0.100000 -0.267698
v 0.497450 -0.100000 -0.265923
v 0.499510 -0.100000 -0.264058
v 0.501434 -0.100000 -0.262102
v 0.503222 -0.100000 -0.260057
v 0.504874 -0.100000 -0.257923
v 0.506389 -0.100000 -0.255698
v 0.507769 -0.100000 -0.253384
v 0.509013 -0.100000 -0.250980
v 0.510139 -0.100000 -0.248497
v 0.511168 -0.100000 -0.245945
v 0.512098 -0.100000 -0.243326
v 0.512931 -0.100000 -0.240639
v 0.513666 -0.100000 -0.237884
v 0.514302 -0.100000 -0.235061
v 0.514841 -0.100000 -0.232169
v 0.515282 -0.100000 -0.229210
v 0.515625 -0.100000 -0.226183
v 0.515870 -0.100000 -0.223088
v 0.516017 -0.100000 -0.219924
v 0.516066 -0.100000 -0.216693
v 0.516066 -0.100000 -0.198668
v 0.516033 -0.100000 -0.195960
v 0.515935 -0.100000 -0.193323
v 0.515772 -0.100000 -0.190757
v 0.515543 -0.100000 -0.188262
v 0.515249 -0.100000 -0.185837
v 0.514890 -0.100000 -0.183484
v 0.514466 -0.100000 -0.181200
v 0.513976 -0.100000 -0.178988
v 0.513421 -0.100000 -0.176847
v 0.512800 -0.100000 -0.174776
v 0.512115 -0.100000 -0.172776
v 0.511364 -0.100000 -0.170846
v 0.510526 -0.100000 -0.168993
v 0.509579 -0.100000 -0.167222
v 0.508523 -0.100000 -0.165532
v 0.507358 -0.100000 -0.163924
v 0.506085 -0.100000 -0.162397
v 0.504702 -0.100000 -0.160952
v 0.503211 -0.100000 -0.159589
v 0.501611 -0.100000 -0.158307
v 0.499902 -0.100000 -0.157107
v 0.498084 -0.100000 -0.155989
v 0.496158 -0.100000 -0.154952
v 0.494122 -0.100000 -0.153997
v 0.497654 -0.100000 -0.153518
v 0.501067 -0.100000 -0.152865
v 0.504359 -0.100000 -0.152038
v 0.507532 -0.100000 -0.151036
v 0.510585 -0.100000 -0.149861
v 0.513519 -0.100000 -0.148511
v 0.516333 -0.100000 -0.146987
v 0.519026 -0.100000 -0.145289
v 0.521601 -0.100000 -0.143417
v 0.524055 -0.100000 -0.141371
v 0.526390 -0.100000 -0.139150
v 0.528605 -0.100000 -0.136755
v 0.530670 -0.100000 -0.134206
v 0.532556 -0.100000 -0.131520
v 0.534262 -0.100000 -0.128698
v 0.535789 -0.100000 -0.125740
v 0.537136 -0.100000 -0.122646
v 0.538303 -0.100000 -0.119416
v 0.539291 -0.100000 -0.116050
v 0.540099 -0.100000 -0.112548
v 0.540728 -0.100000 -0.108910
v 0.541177 -0.100000 -0.105135
v 0.541446 -0.100000 -0.101225
v 0.541536 -0.100000 -0.097179
v 0.541536 -0.100000 -0.014107
v 0.541438 -0.100000 -0.011853
v 0.541144 -0.100000 -0.009796
v 0.540654 -0.100000 -0.007935
v 0.539969 -0.100000 -0.006270
v 0.539087 -0.100000 -0.004800
v 0.538009 -0.100000 -0.003527
v 0.536736 -0.100000 -0.002449
v 0.535266 -0.100000 -0.001567
v 0.533601 -0.100000 -0.000882
v 0.531740 -0.100000 -0.000392
v 0.529683 -0.100000 -0.000098
v 0.527429 -0.100000 0.000000
v 0.466693 -0.100000 0.000000
v 0.464440 -0.100000 -0.000098
v 0.462382 -0.100000 -0.000392
v 0.460521 -0.100000 -0.000882
v 0.458856 -0.100000 -0.001567
v 0.457386 -0.100000 -0.002449
v 0.456113 -0.100000 -0.003527
v 0.455035 -0.100000 -0.004800
v 0.454154 -0.100000 -0.006270
v 0.453468 -0.100000 -0.007935
v 0.452978 -0.100000 -0.009796
v 0.452684 -0.100000 -0.011853
v 0.452586 -0.100000 -0.014107
v 0.452586 -0.100000 -0.074060
v 0.452563 -0.100000 -0.075526
v 0.452494 -0.100000 -0.076922
v 0.452378 -0.100000 -0.078247
v 0.452216 -0.100000 -0.079502
v 0.452008 -0.100000 -0.080686
v 0.451753 -0.100000 -0.081799
v 0.451453 -0.100000 -0.082841
v 0.451106 -0.100000 -0.083812
v 0.450713 -0.100000 -0.084713
v 0.450273 -0.100000 -0.085543
v 0.449787 -0.100000 -0.086302
v 0.449255 -0.100000 -0.086991
v 0.448666 -0.100000 -0.087616
v 0.448009 -0.100000 -0.088188
v 0.447284 -0.100000 -0.088705
v 0.446491 -0.100000 -0.089168
v 0.445630 -0.100000 -0.089576
v 0.444700 -0.100000 -0.089929
v 0.443703 -0.100000 -0.090229
v 0.442638 -0.100000 -0.090474
v 0.441504 -0.100000 -0.090664
v 0.440303 -0.100000 -0.090800
v 0.439033 -0.100000 -0.090882
v 0.437696 -0.100000 -0.090909
v 0.382837 -0.100000 -0.090909
v 0.412226 -0.100000 -0.211599
v 0.382837 -0.100000 -0.211599
v 0.382837 -0.100000 -0.161442
v 0.412226 -0.100000 -0.161442
v 0.413877 -0.100000 -0.161479
v 0.415437 -0.100000 -0.161589
v 0.416903 -0.100000 -0.161773
v 0.418278 -0.100000 -0.162030
v 0.419559 -0.100000 -0.162360
v 0.420748 -0.100000 -0.162764
v 0.421845 -0.100000 -0.163242
v 0.422849 -0.100000 -0.163793
v 0.423761 -0.100000 -0.164418
v 0.424580 -0.100000 -0.165116
v 0.425306 -0.100000 -0.165887
v 0.425940 -0.100000 -0.166732
v 0.426504 -0.100000 -0.167631
v 0.427018 -0.100000 -0.168566
v 0.427483 -0.100000 -0.169536
v 0.427900 -0.100000 -0.170542
v 0.428267 -0.100000 -0.171582
v 0.428585 -0.100000 -0.172659
v 0.428855 -0.100000 -0.173770
v 0.429075 -0.100000 -0.174917
v 0.429247 -0.100000 -0.176100
v 0.429369 -0.100000 -0.177317
v 0.429443 -0.100000 -0.178570
v 0.429467 -0.100000 -0.179859
v 0.429467 -0.100000 -0.193182
v 0.429443 -0.100000 -0.194470
v 0.429369 -0.100000 -0.195723
v 0.429247 -0.100000 -0.196941
v 0.429075 -0.100000 -0.198123
v 0.428855 -0.100000 -0.199270
v 0.428585 -0.100000 -0.200382
v 0.428267 -0.100000 -0.201458
v 0.427900 -0.100000 -0.202499
v 0.427483 -0.100000 -0.203505
v 0.427018 -0.100000 -0.204475
v 0.426504 -0.100000 -0.205409
v 0.425940 -0.100000 -0.206309
v 0.425306 -0.100000 -0.207154
v 0.424580 -0.100000 -0.207925
v 0.423761 -0.100000 -0.208623
v 0.422849 -0.100000 -0.209248
v 0.421845 -0.100000 -0.209799
v 0.420748 -0.100000 -0.210276
v 0.419559 -0.100000 -0.210680
v 0.418278 -0.100000 -0.211011
v 0.416903 -0.100000 -0.211268
v 0.415437 -0.100000 -0.211452
v 0.413877 -0.100000 -0.211562
v 0.115987 -0.100000 -0.014107
v 0.115889 -0.100000 -0.011853
v 0.115596 -0.100000 -0.009796
v 0.115106 -0.100000 -0.007935
v 0.114420 -0.100000 -0.006270
v 0.113538 -0.100000 -0.004800
v 0.112461 -0.100000 -0.003527
v 0.111187 -0.100000 -0.002449
v 0.109718 -0.100000 -0.001567
v 0.108053 -0.100000 -0.000882
v 0.106191 -0.100000 -0.000392
v 0.104134 -0.100000 -0.000098
v 0.101881 -0.100000 0.000000
v 0.041144 -0.100000 0.000000
v 0.038891 -0.100000 -0.000098
v 0.036834 -0.100000 -0.000392
v 0.034973 -0.100000 -0.000882
v 0.033307 -0.100000 -0.001567
v 0.031838 -0.100000 -0.002449
v 0.030564 -0.100000 -0.003527
v 0.029487 -0.100000 -0.004800
v 0.028605 -0.100000 -0.006270
v 0.027919 -0.100000 -0.007935
v 0.027429 -0.100000 -0.009796
v 0.027136 -0.100000 -0.011853
v 0.027038 -0.100000 -0.014107
v 0.027038 -0.100000 -0.268025
v 0.027136 -0.100000 -0.270278
v 0.027429 -0.100000 -0.272335
v 0.027919 -0.100000 -0.274197
v 0.028605 -0.100000 -0.275862
v 0.029487 -0.100000 -0.277331
v 0.030564 -0.100000 -0.278605
v 0.031838 -0.100000 -0.279683
v 0.033307 -0.100000 -0.280564
v 0.034973 -0.100000 -0.281250
v 0.036834 -0.100000 -0.281740
v 0.038891 -0.100000 -0.282034
v 0.041144 -0.100000 -0.282132
v 0.161050 -0.100000 -0.282132
v 0.166886 -0.100000 -0.282065
v 0.172506 -0.100000 -0.281865
v 0.177912 -0.100000 -0.281532
v 0.183103 -0.100000 -0.281065
v 0.188078 -0.100000 -0.280465
v 0.192839 -0.100000 -0.279732
v 0.197385 -0.100000 -0.278865
v 0.201715 -0.100000 -0.277865
v 0.205831 -0.100000 -0.276731
v 0.209732 -0.100000 -0.275465
v 0.213418 -0.100000 -0.274065
v 0.216889 -0.100000 -0.272531
v 0.220169 -0.100000 -0.270878
v 0.223283 -0.100000 -0.269119
v 0.226232 -0.100000 -0.267254
v 0.229014 -0.100000 -0.265282
v 0.231631 -0.100000 -0.263205
v 0.234081 -0.100000 -0.261021
v 0.236366 -0.100000 -0.258731
v 0.238484 -0.100000 -0.256335
v 0.240436 -0.100000 -0.253833
v 0.242223 -0.100000 -0.251225
v 0.243843 -0.100000 -0.248510
v 0.245298 -0.100000 -0.245690
v 0.246612 -0.100000 -0.242778
v 0.247812 -0.100000 -0.239790
v 0.248898 -0.100000 -0.236726
v 0.249869 -0.100000 -0.233586
v 0.250727 -0.100000 -0.230369
v 0.251469 -0.100000 -0.227077
v 0.252098 -0.100000 -0.223708
v 0.252612 -0.100000 -0.220263
v 0.253012 -0.100000 -0.216742
v 0.253298 -0.100000 -0.213144
v 0.253469 -0.100000 -0.209471
v 0.253527 -0.100000 -0.205721
v 0.253527 -0.100000 -0.155564
v 0.253469 -0.100000 -0.151814
v 0.253298 -0.100000 -0.148141
v 0.253012 -0.100000 -0.144543
v 0.252612 -0.100000 -0.141022
v 0.252098 -0.100000 -0.137577
v 0.251469 -0.100000 -0.134208
v 0.250727 -0.100000 -0.130916
v 0.249869 -0.100000 -0.127699
v 0.248898 -0.100000 -0.124559
v 0.247812 -0.100000 -0.121495
v 0.246612 -0.100000 -0.118507
v 0.245298 -0.100000 -0.115596
v 0.243843 -0.100000 -0.112775
v 0.242223 -0.100000 -0.110061
v 0.240436 -0.100000 -0.107452
v 0.238484 -0.100000 -0.104950
v 0.236366 -0.100000 -0.102554
v 0.234081 -0.100000 -0.100265
v 0.231631 -0.100000 -0.098081
v 0.229014 -0.100000 -0.096003
v 0.226232 -0.100000 -0.094032
v 0.223283 -0.100000 -0.092166
v 0.220169 -0.100000 -0.090407
v 0.216889 -0.100000 -0.088754
v 0.213418 -0.100000 -0.087221
v 0.209732 -0.100000 -0.085820
v 0.205831 -0.100000 -0.084554
v 0.201715 -0.100000 -0.083420
v 0.197385 -0.100000 -0.082420
v 0.192839 -0.100000 -0.081554
v 0.188078 -0.100000 -0.080820
v 0.183103 -0.100000 -0.080220
v 0.177912 -0.100000 -0.079754
v 0.172506 -0.100000 -0.079420
v 0.166886 -0.100000 -0.079220
v 0.161050 -0.100000 -0.079154
v 0.115987 -0.100000 -0.079154
v 0.150470 -0.100000 -0.208856
v 0.115204 -0.100000 -0.208856
v 0.115204 -0.100000 -0.149687
v 0.150470 -0.100000 -0.149687
v 0.152310 -0.100000 -0.149727
v 0.154040 -0.100000 -0.149850
v 0.155662 -0.100000 -0.150054
v 0.157175 -0.100000 -0.150340
v 0.158579 -0.100000 -0.150707
v 0.159875 -0.100000 -0.151156
v 0.161061 -0.100000 -0.151687
v 0.162139 -0.100000 -0.152299
v 0.163107 -0.100000 -0.152993
v 0.163967 -0.100000 -0.153768
v 0.164718 -0.100000 -0.154625
v 0.165360 -0.100000 -0.155564
v 0.165924 -0.100000 -0.156555
v 0.166438 -0.100000 -0.157567
v 0.166903 -0.100000 -0.158601
v 0.167320 -0.100000 -0.159657
v 0.167687 -0.100000 -0.160735
v 0.168005 -0.100000 -0.161834
v 0.168275 -0.100000 -0.162955
v 0.168495 -0.100000 -0.164098
v 0.168667 -0.100000 -0.165263
v 0.168789 -0.100000 -0.166449
v 0.168863 -0.100000 -0.167657
v 0.168887 -0.100000 -0.168887
v 0.168887 -0.100000 -0.189655
v 0.168863 -0.100000 -0.190946
v 0.168789 -0.100000 -0.192208
v 0.168667 -0.100000 -0.193439
v 0.168495 -0.100000 -0.194640
v 0.168275 -0.100000 -0.195812
v 0.168005 -0.100000 -0.196953
v 0.167687 -0.100000 -0.198065
v 0.167320 -0.100000 -0.199147
v 0.166903 -0.100000 -0.200198
v 0.166438 -0.100000 -0.201220
v 0.165924 -0.100000 -0.202212
v 0.165360 -0.100000 -0.203174
v 0.164718 -0.100000 -0.204081
v 0.163967 -0.100000 -0.204910
v 0.163107 -0.100000 -0.205660
v 0.162139 -0.100000 -0.206331
v 0.161061 -0.100000 -0.206922
v 0.159875 -0.100000 -0.207435
v 0.158579 -0.100000 -0.207869
v 0.157175 -0.100000 -0.208224
v 0.155662 -0.100000 -0.208501
v 0.154040 -0.100000 -0.208698
v 0.152310 -0.100000 -0.208816
v 0.115987 -0.100000 -0.014107
v 0.115987 0.100000 -0.014107
v 0.115889 -0.100000 -0.011853
v 0.115889 0.100000 -0.011853
v 0.115596 -0.100000 -0.009796
v 0.115596 0.100000 -0.009796
v 0.115106 -0.100000 -0.007935
v 0.115106 0.100000 -0.007935
v 0.114420 -0.100000 -0.006270
v 0.114420 0.100000 -0.006270
v 0.113538 -0.100000 -0.004800
v 0.113538 0.100000 -0.004800
v 0.112461 -0.100000 -0.003527
v 0.112461 0.100000 -0.003527
v 0.111187 -0.100000 -0.002449
v 0.111187 0.100000 -0.002449
v 0.109718 -0.100000 -0.001567
v 0.109718 0.100000 -0.001567
v 0.108053 -0.100000 -0.000882
v 0.108053 0.100000 -0.000882
v 0.106191 -0.100000 -0.000392
v 0.106191 0.100000 -0.000392
v 0.104134 -0.100000 -0.000098
v 0.104134 0.100000 -0.000098
v 0.101881 -0.100000 0.000000
v 0.101881 0.100000 0.000000
v 0.041144 -0.100000 0.000000
v 0.041144 0.100000 0.000000
v 0.038891 -0.100000 -0.000098
v 0.038891 0.100000 -0.000098
v 0.036834 -0.100000 -0.000392
v 0.036834 0.100000 -0.000392
v 0.034973 -0.100000 -0.000882
v 0.034973 0.100000 -0.000882
v 0.033307 -0.100000 -0.001567
v 0.033307 0.100000 -0.001567
v 0.031838 -0.100000 -0.002449
v 0.031838 0.100000 -0.002449
v 0.030564 -0.100000 -0.003527
v 0.030564 0.100000 -0.003527
v 0.029487 -0.100000 -0.004800
v 0.029487 0.100000 -0.004800
v 0.028605 -0.100000 -0.006270
v 0.028605 0.100000 -0.006270
v 0.027919 -0.100000 -0.007935
v 0.027919 0.100000 -0.007935
v 0.027429 -0.100000 -0.009796
v 0.027429 0.100000 -0.009796
v 0.027136 -0.100000 -0.011853
v 0.027136 0.100000 -0.011853
v 0.027038 -0.100000 -0.014107
v 0.027038 0.100000 -0.014107
v 0.027038 -0.100000 -0.268025
v 0.027038 0.100000 -0.268025
v 0.027136 -0.100000 -0.270278
v 0.027136 0.100000 -0.270278
v 0.027429 -0.100000 -0.272335
v 0.027429 0.100000 -0.272335
v 0.027919 -0.100000 -0.274197
v 0.027919 0.100000 -0.274197
v 0.028605 -0.100000 -0.275862
v 0.028605 0.100000 -0.275862
v 0.029487 -0.100000 -0.277331
v 0.029487 0.100000 -0.277331
v 0.030564 -0.100000 -0.278605
v 0.030564 0.100000 -0.278605
v 0.031838 -0.100000 -0.279683
v 0.031838 0.100000 -0.279683
v 0.033307 -0.100000 -0.280564
v 0.033307 0.100000 -0.280564
v 0.034973 -0.100000 -0.281250
v 0.034973 0.100000 -0.281250
v 0.036834 -0.100000 -0.281740
v 0.036834 0.100000 -0.281740
v 0.038891 -0.100000 -0.282034
v 0.038891 0.100000 -0.282034
v 0.041144 -0.100000 -0.282132
v 0.041144 0.100000 -0.282132
v 0.161050 -0.100000 -0.282132
v 0.161050 0.100000 -0.282132
v 0.166886 -0.100000 -0.282065
v 0.166886 0.100000 -0.282065
v 0.172506 -0.100000 -0.281865
v 0.172506 0.100000 -0.281865
v 0.177912 -0.100000 -0.281532
v 0.177912 0.100000 -0.281532
v 0.183103 -0.100000 -0.281065
v 0.183103 0.100000 -0.281065
v 0.188078 -0.100000 -0.280465
v 0.188078 0.100000 -0.280465
v 0.192839 -0.100000 -0.279732
v 0.192839 0.100000 -0.279732
v 0.197385 -0.100000 -0.278865
v 0.197385 0.100000 -0.278865
v 0.201715 -0.100000 -0.277865
v 0.201715 0.100000 -0.277865
v 0.205831 -0.100000 -0.276731
v 0.205831 0.100000 -0.276731
v 0.209732 -0.100000 -0.275465
v 0.209732 0.100000 -0.275465
v 0.213418 -0.100000 -0.274065
v 0.213418 0.100000 -0.274065
v 0.216889 -0.100000 -0.272531
v 0.216889 0.100000 -0.272531
v 0.220169 -0.100000 -0.270878
v 0.220169 0.100000 -0.270878
v 0.223283 -0.100000 -0.269119
v 0.223283 0.100000 -0.269119
v 0.226232 -0.100000 -0.267254
v 0.226232 0.100000 -0.267254
v 0.229014 -0.100000 -0.265282
v 0.229014 0.100000 -0.265282
v 0.231631 -0.100000 -0.263205
v 0.231631 0.100000 -0.263205
v 0.234081 -0.100000 -0.261021
v 0.234081 0.100000 -0.261021
v 0.236366 -0.100000 -0.258731
v 0.236366 0.100000 -0.258731
v 0.238484 -0.100000 -0.256335
v 0.238484 0.100000 -0.256335
v 0.240436 -0.100000 -0.253833
v 0.240436 0.100000 -0.253833
v 0.242223 -0.100000 -0.251225
v 0.242223 0.100000 -0.251225
v 0.243843 -0.100000 -0.248510
v 0.243843 0.100000 -0.248510
v 0.245298 -0.100000 -0.245690
v 0.245298 0.100000 -0.245690
v 0.246612 -0.100000 -0.242778
v 0.246612 0.100000 -0.242778
v 0.247812 -0.100000 -0.239790
v 0.247812 0.100000 -0.239790
v 0.248898 -0.100000 -0.236726
v 0.248898 0.100000 -0.236726
v 0.249869 -0.100000 -0.233586
v 0.249869 0.100000 -0.233586
v 0.250727 -0.100000 -0.230369
v 0.250727 0.100000 -0.230369
v 0.251469 -0.100000 -0.227077
v 0.251469 0.100000 -0.227077
v 0.252098 -0.100000 -0.223708
v 0.252098 0.100000 -0.223708
v 0.252612 -0.100000 -0.220263
v 0.252612 0.100000 -0.220263
v 0.253012 -0.100000 -0.216742
v 0.253012 0.100000 -0.216742
v 0.253298 -0.100000 -0.213144
v 0.253298 0.100000 -0.213144
v 0.253469 -0.100000 -0.209471
v 0.253469 0.100000 -0.209471
v 0.253527 -0.100000 -0.205721
v 0.253527 0.100000 -0.205721
v 0.253527 -0.100000 -0.155564
v 0.253527 0.100000 -0.155564
v 0.253469 -0.100000 -0.151814
v 0.253469 0.100000 -0.151814
v 0.253298 -0.100000 -0.148141
v 0.253298 0.100000 -0.148141
v 0.253012 -0.100000 -0.144543
v 0.253012 0.100000 -0.144543
v 0.252612 -0.100000 -0.141022
v 0.252612 0.100000 -0.141022
v 0.252098 -0.100000 -0.137577
v 0.252098 0.100000 -0.137577
v 0.251469 -0.100000 -0.134208
v 0.251469 0.100000 -0.134208
v 0.250727 -0.100000 -0.130916
v 0.250727 0.100000 -0.130916
v 0.249869 -0.100000 -0.127699
v 0.249869 0.100000 -0.127699
v 0.248898 -0.100000 -0.124559
v 0.248898 0.100000 -0.124559
v 0.247812 -0.100000 -0.121495
v 0.247812 0.100000 -0.121495
v 0.246612 -0.100000 -0.118507
v 0.246612 0.100000 -0.118507
v 0.245298 -0.100000 -0.115596
v 0.245298 0.100000 -0.115596
v 0.243843 -0.100000 -0.112775
v 0.243843 0.100000 -0.112775
v 0.242223 -0.100000 -0.110061
v 0.242223 0.100000 -0.110061
v 0.240436 -0.100000 -0.107452
v 0.240436 0.100000 -0.107452
v 0.238484 -0.100000 -0.104950
v 0.238484 0.100000 -0.104950
v 0.236366 -0.100000 -0.102554
v 0.236366 0.100000 -0.102554
v 0.234081 -0.100000 -0.100265
v 0.234081 0.100000 -0.100265
v 0.231631 -0.100000 -0.098081
v 0.231631 0.100000 -0.098081
v 0.229014 -0.100000 -0.096003
v 0.229014 0.100000 -0.096003
v 0.226232 -0.100000 -0.094032
v 0.226232 0.100000 -0.094032
v 0.223283 -0.100000 -0.092166
v 0.223283 0.100000 -0.092166
v 0.220169 -0.100000 -0.090407
v 0.220169 0.100000 -0.090407
v 0.216889 -0.100000 -0.088754
v 0.216889 0.100000 -0.088754
v 0.213418 -0.100000 -0.087221
v 0.213418 0.100000 -0.087221
v 0.209732 -0.100000 -0.085820
v 0.209732 0.100000 -0.085820
v 0.205831 -0.100000 -0.084554
v 0.205831 0.100000 -0.084554
v 0.201715 -0.100000 -0.083420
v 0.201715 0.100000 -0.083420
v 0.197385 -0.100000 -0.082420
v 0.197385 0.100000 -0.082420
v 0.192839 -0.100000 -0.081554
v 0.192839 0.100000 -0.081554
v 0.188078 -0.100000 -0.080820
v 0.188078 0.100000 -0.080820
v 0.183103 -0.100000 -0.080220
v 0.183103 0.100000 -0.080220
v 0.177912 -0.100000 -0.079754
v 0.177912 0.100000 -0.079754
v 0.172506 -0.100000 -0.079420
v 0.172506 0.100000 -0.079420
v 0.166886 -0.100000 -0.079220
v 0.166886 0.100000 -0.079220
v 0.161050 -0.100000 -0.079154
v 0.161050 0.100000 -0.079154
v 0.115987 -0.100000 -0.079154
v 0.115987 0.100000 -0.079154
v 0.150470 -0.100000 -0.208856
v 0.150470 0.100000 -0.208856
v 0.115204 -0.100000 -0.208856
v 0.115204 0.100000 -0.208856
v 0.115204 -0.100000 -0.149687
v 0.115204 0.100000 -0.149687
v 0.150470 -0.100000 -0.149687
v 0.150470 0.100000 -0.149687
v 0.152310 -0.100000 -0.149727
v 0.152310 0.100000 -0.149727
v 0.154040 -0.100000 -0.149850
v 0.154040 0.100000 -0.149850
v 0.155662 -0.100000 -0.150054
v 0.155662 0.100000 -0.150054
v 0.157175 -0.100000 -0.150340
v 0.157175 0.100000 -0.150340
v 0.158579 -0.100000 -0.150707
v 0.158579 0.100000 -0.150707
v 0.159875 -0.100000 -0.151156
v 0.159875 0.100000 -0.151156
v 0.161061 -0.100000 -0.151687
v 0.161061 0.100000 -0.151687
v 0.162139 -0.100000 -0.152299
v 0.162139 0.100000 -0.152299
v 0.163107 -0.100000 -0.152993
v 0.163107 0.100000 -0.152993
v 0.163967 -0.100000 -0.153768
v 0.163967 0.100000 -0.153768
v 0.164718 -0.100000 -0.154625
v 0.164718 0.100000 -0.154625
v 0.165360 -0.100000 -0.155564
v 0.165360 0.100000 -0.155564
v 0.165924 -0.100000 -0.156555
v 0.165924 0.100000 -0.156555
v 0.166438 -0.100000 -0.157567
v 0.166438 0.100000 -0.157567
v 0.166903 -0.100000 -0.158601
v 0.166903 0.100000 -0.158601
v 0.167320 -0.100000 -0.159657
v 0.167320 0.100000 -0.159657
v 0.167687 -0.100000 -0.160735
v 0.167687 0.100000 -0.160735
v 0.168005 -0.100000 -0.161834
v 0.168005 0.100000 -0.161834
v 0.168275 -0.100000 -0.162955
v 0.168275 0.100000 -0.162955
v 0.168495 -0.100000 -0.164098
v 0.168495 0.100000 -0.164098
v 0.168667 -0.100000 -0.165263
v 0.168667 0.100000 -0.165263
v 0.168789 -0.100000 -0.166449
v 0.168789 0.100000 -0.166449
v 0.168863 -0.100000 -0.167657
v 0.168863 0.100000 -0.167657
v 0.168887 -0.100000 -0.168887
v 0.168887 0.100000 -0.168887
v 0.168887 -0.100000 -0.189655
v 0.168887 0.100000 -0.189655
v 0.168863 -0.100000 -0.190946
v 0.168863 0.100000 -0.190946
v 0.168789 -0.100000 -0.192208
v 0.168789 0.100000 -0.192208
v 0.168667 -0.100000 -0.193439
v 0.168667 0.100000 -0.193439
v 0.168495 -0.100000 -0.194640
v 0.168495 0.100000 -0.194640
v 0.168275 -0.100000 -0.195812
v 0.168275 0.100000 -0.195812
v 0.168005 -0.100000 -0.196953
v 0.168005 0.100000 -0.196953
v 0.167687 -0.100000 -0.198065
v 0.167687 0.100000 -0.198065
v 0.167320 -0.100000 -0.199147
v 0.167320 0.100000 -0.199147
v 0.166903 -0.100000 -0.200198
v 0.166903 0.100000 -0.200198
v 0.166438 -0.100000 -0.201220
v 0.166438 0.100000 -0.201220
v 0.165924 -0.100000 -0.202212
v 0.165924 0.100000 -0.202212
v 0.165360 -0.100000 -0.203174
v 0.165360 0.100000 -0.203174
v 0.164718 -0.100000 -0.204081
v 0.164718 0.100000 -0.204081
v 0.163967 -0.100000 -0.204910
v 0.163967 0.100000 -0.204910
v 0.163107 -0.100000 -0.205660
v 0.163107 0.100000 -0.205660
v 0.162139 -0.100000 -0.206331
v 0.162139 0.100000 -0.206331
v 0.161061 -0.100000 -0.206922
v 0.161061 0.100000 -0.206922
v 0.159875 -0.100000 -0.207435
v 0.159875 0.100000 -0.207435
v 0.158579 -0.100000 -0.207869
v 0.158579 0.100000 -0.207869
v 0.157175 -0.100000 -0.208224
v 0.157175 0.100000 -0.208224
v 0.155662 -0.100000 -0.208501
v 0.155662 0.100000 -0.208501
v 0.154040 -0.100000 -0.208698
v 0.154040 0.100000 -0.208698
v 0.152310 -0.100000 -0.208816
v 0.152310 0.100000 -0.208816
v 0.382837 -0.100000 -0.014107
v 0.382837 0.100000 -0.014107
v 0.382739 -0.100000 -0.011853
v 0.382739 0.100000 -0.011853
v 0.382445 -0.100000 -0.009796
v 0.382445 0.100000 -0.009796
v 0.381955 -0.100000 -0.007935
v 0.381955 0.100000 -0.007935
v 0.381270 -0.100000 -0.006270
v 0.381270 0.100000 -0.006270
v 0.380388 -0.100000 -0.004800
v 0.380388 0.100000 -0.004800
v 0.379310 -0.100000 -0.003527
v 0.379310 0.100000 -0.003527
v 0.378037 -0.100000 -0.002449
v 0.378037 0.100000 -0.002449
v 0.376567 -0.100000 -0.001567
v 0.376567 0.100000 -0.001567
v 0.374902 -0.100000 -0.000882
v 0.374902 0.100000 -0.000882
v 0.373041 -0.100000 -0.000392
v 0.373041 0.100000 -0.000392
v 0.370984 -0.100000 -0.000098
v 0.370984 0.100000 -0.000098
v 0.368730 -0.100000 0.000000
v 0.368730 0.100000 0.000000
v 0.308386 -0.100000 0.000000
v 0.308386 0.100000 0.000000
v 0.306132 -0.100000 -0.000098
v 0.306132 0.100000 -0.000098
v 0.304075 -0.100000 -0.000392
v 0.304075 0.100000 -0.000392
v 0.302214 -0.100000 -0.000882
v 0.302214 0.100000 -0.000882
v 0.300549 -0.100000 -0.001567
v 0.300549 0.100000 -0.001567
v 0.299079 -0.100000 -0.002449
v 0.299079 0.100000 -0.002449
v 0.297806 -0.100000 -0.003527
v 0.297806 0.100000 -0.003527
v 0.296728 -0.100000 -0.004800
v 0.296728 0.100000 -0.004800
v 0.295846 -0.100000 -0.006270
v 0.295846 0.100000 -0.006270
v 0.295161 -0.100000 -0.007935
v 0.295161 0.100000 -0.007935
v 0.294671 -0.100000 -0.009796
v 0.294671 0.100000 -0.009796
v 0.294377 -0.100000 -0.011853
v 0.294377 0.100000 -0.011853
v 0.294279 -0.100000 -0.014107
v 0.294279 0.100000 -0.014107
v 0.294279 -0.100000 -0.268025
v 0.294279 0.100000 -0.268025
v 0.294377 -0.100000 -0.270278
v 0.294377 0.100000 -0.270278
v 0.294671 -0.100000 -0.272335
v 0.294671 0.100000 -0.272335
v 0.295161 -0.100000 -0.274197
v 0.295161 0.100000 -0.274197
v 0.295846 -0.100000 -0.275862
v 0.295846 0.100000 -0.275862
v 0.296728 -0.100000 -0.277331
v 0.296728 0.100000 -0.277331
v 0.297806 -0.100000 -0.278605
v 0.297806 0.100000 -0.278605
v 0.299079 -0.100000 -0.279683
v 0.299079 0.100000 -0.279683
v 0.300549 -0.100000 -0.280564
v 0.300549 0.100000 -0.280564
v 0.302214 -0.100000 -0.281250
v 0.302214 0.100000 -0.281250
v 0.304075 -0.100000 -0.281740
v 0.304075 0.100000 -0.281740
v 0.306132 -0.100000 -0.282034
v 0.306132 0.100000 -0.282034
v 0.308386 -0.100000 -0.282132
v 0.308386 0.100000 -0.282132
v 0.438871 -0.100000 -0.282132
v 0.438871 0.100000 -0.282132
v 0.443682 -0.100000 -0.282075
v 0.443682 0.100000 -0.282075
v 0.448319 -0.100000 -0.281903
v 0.448319 0.100000 -0.281903
v 0.452782 -0.100000 -0.281617
v 0.452782 0.100000 -0.281617
v 0.457071 -0.100000 -0.281217
v 0.457071 0.100000 -0.281217
v 0.461185 -0.100000 -0.280703
v 0.461185 0.100000 -0.280703
v 0.465125 -0.100000 -0.280074
v 0.465125 0.100000 -0.280074
v 0.468891 -0.100000 -0.279332
v 0.468891 0.100000 -0.279332
v 0.472483 -0.100000 -0.278474
v 0.472483 0.100000 -0.278474
v 0.475901 -0.100000 -0.277503
v 0.475901 0.100000 -0.277503
v 0.479145 -0.100000 -0.276417
v 0.479145 0.100000 -0.276417
v 0.482214 -0.100000 -0.275217
v 0.482214 0.100000 -0.275217
v 0.485110 -0.100000 -0.273903
v 0.485110 0.100000 -0.273903
v 0.487850 -0.100000 -0.272486
v 0.487850 0.100000 -0.272486
v 0.490454 -0.100000 -0.270980
v 0.490454 0.100000 -0.270980
v 0.492922 -0.100000 -0.269384
v 0.492922 0.100000 -0.269384
v 0.495254 -0.100000 -0.267698
v 0.495254 0.100000 -0.267698
v 0.497450 -0.100000 -0.265923
v 0.497450 0.100000 -0.265923
v 0.499510 -0.100000 -0.264058
v 0.499510 0.100000 -0.264058
v 0.501434 -0.100000 -0.262102
v 0.501434 0.100000 -0.262102
v 0.503222 -0.100000 -0.260057
v 0.503222 0.100000 -0.260057
v 0.504874 -0.100000 -0.257923
v 0.504874 0.100000 -0.257923
v 0.506389 -0.100000 -0.255698
v 0.506389 0.100000 -0.255698
v 0.507769 -0.100000 -0.253384
v 0.507769 0.100000 -0.253384
v 0.509013 -0.100000 -0.250980
v 0.509013 0.100000 -0.250980
v 0.510139 -0.100000 -0.248497
v 0.510139 0.100000 -0.248497
v 0.511168 -0.100000 -0.245945
v 0.511168 0.100000 -0.245945
v 0.512098 -0.100000 -0.243326
v 0.512098 0.100000 -0.243326
v 0.512931 -0.100000 -0.240639
v 0.512931 0.100000 -0.240639
v 0.513666 -0.100000 -0.237884
v 0.513666 0.100000 -0.237884
v 0.514302 -0.100000 -0.235061
v 0.514302 0.100000 -0.235061
v 0.514841 -0.100000 -0.232169
v 0.514841 0.100000 -0.232169
v 0.515282 -0.100000 -0.229210
v 0.515282 0.100000 -0.229210
v 0.515625 -0.100000 -0.226183
v 0.515625 0.100000 -0.226183
v 0.515870 -0.100000 -0.223088
v 0.515870 0.100000 -0.223088
v 0.516017 -0.100000 -0.219924
v 0.516017 0.100000 -0.219924
v 0.516066 -0.100000 -0.216693
v 0.516066 0.100000 -0.216693
v 0.516066 -0.100000 -0.198668
v 0.516066 0.100000 -0.198668
v 0.516033 -0.100000 -0.195960
v 0.516033 0.100000 -0.195960
v 0.515935 -0.100000 -0.193323
v 0.515935 0.100000 -0.193323
v 0.515772 -0.100000 -0.190757
v 0.515772 0.100000 -0.190757
v 0.515543 -0.100000 -0.188262
v 0.515543 0.100000 -0.188262
v 0.515249 -0.100000 -0.185837
v 0.515249 0.100000 -0.185837
v 0.514890 -0.100000 -0.183484
v 0.514890 0.100000 -0.183484
v 0.514466 -0.100000 -0.181200
v 0.514466 0.100000 -0.181200
v 0.513976 -0.100000 -0.178988
v 0.513976 0.100000 -0.178988
v 0.513421 -0.100000 -0.176847
v 0.513421 0.100000 -0.176847
v 0.512800 -0.100000 -0.174776
v 0.512800 0.100000 -0.174776
v 0.512115 -0.100000 -0.172776
v 0.512115 0.100000 -0.172776
v 0.511364 -0.100000 -0.170846
v 0.511364 0.100000 -0.170846
v 0.510526 -0.100000 -0.168993
v 0.510526 0.100000 -0.168993
v 0.509579 -0.100000 -0.167222
v 0.509579 0.100000 -0.167222
v 0.508523 -0.100000 -0.165532
v 0.508523 0.100000 -0.165532
v 0.507358 -0.100000 -0.163924
v 0.507358 0.100000 -0.163924
v 0.506085 -0.100000 -0.162397
v 0.506085 0.100000 -0.162397
v 0.504702 -0.100000 -0.160952
v 0.504702 0.100000 -0.160952
v 0.503211 -0.100000 -0.159589
v 0.503211 0.100000 -0.159589
v 0.501611 -0.100000 -0.158307
v 0.501611 0.100000 -0.158307
v 0.499902 -0.100000 -0.157107
v 0.499902 0.100000 -0.157107
v 0.498084 -0.100000 -0.155989
v 0.498084 0.100000 -0.155989
v 0.496158 -0.100000 -0.154952
v 0.496158 0.100000 -0.154952
v 0.494122 -0.100000 -0.153997
v 0.494122 0.100000 -0.153997
v 0.497654 -0.100000 -0.153518
v 0.497654 0.100000 -0.153518
v 0.501067 -0.100000 -0.152865
v 0.501067 0.100000 -0.152865
v 0.504359 -0.100000 -0.152038
v 0.504359 0.100000 -0.152038
v 0.507532 -0.100000 -0.151036
v 0.507532 0.100000 -0.151036
v 0.510585 -0.100000 -0.149861
v 0.510585 0.100000 -0.149861
v 0.513519 -0.100000 -0.148511
v 0.513519 0.100000 -0.148511
v 0.516333 -0.100000 -0.146987
v 0.516333 0.100000 -0.146987
v 0.519026 -0.100000 -0.145289
v 0.519026 0.100000 -0.145289
v 0.521601 -0.100000 -0.143417
v 0.521601 0.100000 -0.143417
v 0.524055 -0.100000 -0.141371
v 0.524055 0.100000 -0.141371
v 0.526390 -0.100000 -0.139150
v 0.526390 0.100000 -0.139150
v 0.528605 -0.100000 -0.136755
v 0.528605 0.100000 -0.136755
v 0.530670 -0.100000 -0.134206
v 0.530670 0.100000 -0.134206
v 0.532556 -0.100000 -0.131520
v 0.532556 0.100000 -0.131520
v 0.534262 -0.100000 -0.128698
v 0.534262 0.100000 -0.128698
v 0.535789 -0.100000 -0.125740
v 0.535789 0.100000 -0.125740
v 0.537136 -0.100000 -0.122646
v 0.537136 0.100000 -0.122646
v 0.538303 -0.100000 -0.119416
v 0.538303 0.100000 -0.119416
v 0.539291 -0.100000 -0.116050
v 0.539291 0.100000 -0.116050
v 0.540099 -0.100000 -0.112548
v 0.540099 0.100000 -0.112548
v 0.540728 -0.100000 -0.108910
v 0.540728 0.100000 -0.108910
v 0.541177 -0.100000 -0.105135
v 0.541177 0.100000 -0.105135
v 0.541446 -0.100000 -0.101225
v 0.541446 0.100000 -0.101225
v 0.541536 -0.100000 -0.097179
v 0.541536 0.100000 -0.097179
v 0.541536 -0.100000 -0.014107
v 0.541536 0.100000 -0.014107
v 0.541438 -0.100000 -0.011853
v 0.541438 0.100000 -0.011853
v 0.541144 -0.100000 -0.009796
v 0.541144 0.100000 -0.009796
v 0.540654 -0.100000 -0.007935
v 0.540654 0.100000 -0.007935
v 0.539969 -0.100000 -0.006270
v 0.539969 0.100000 -0.006270
v 0.539087 -0.100000 -0.004800
v 0.539087 0.100000 -0.004800
v 0.538009 -0.100000 -0.003527
v 0.538009 0.100000 -0.003527
v 0.536736 -0.100000 -0.002449
v 0.536736 0.100000 -0.002449
v 0.535266 -0.100000 -0.001567
v 0.535266 0.100000 -0.001567
v 0.533601 -0.100000 -0.000882
v 0.533601 0.100000 -0.000882
v 0.531740 -0.100000 -0.000392
v 0.531740 0.100000 -0.000392
v 0.529683 -0.100000 -0.000098
v 0.529683 0.100000 -0.000098
v 0.527429 -0.100000 0.000000
v 0.527429 0.100000 0.000000
v 0.466693 -0.100000 0.000000
v 0.466693 0.100000 0.000000
v 0.464440 -0.100000 -0.000098
v 0.464440 0.100000 -0.000098
v 0.462382 -0.100000 -0.000392
v 0.462382 0.100000 -0.000392
v 0.460521 -0.100000 -0.000882
v 0.460521 0.100000 -0.000882
v 0.458856 -0.100000 -0.001567
v 0.458856 0.100000 -0.001567
v 0.457386 -0.100000 -0.002449
v 0.457386 0.100000 -0.002449
v 0.456113 -0.100000 -0.003527
v 0.456113 0.100000 -0.003527
v 0.455035 -0.100000 -0.004800
v 0.455035 0.100000 -0.004800
v 0.454154 -0.100000 -0.006270
v 0.454154 0.100000 -0.006270
v 0.453468 -0.100000 -0.007935
v 0.453468 0.100000 -0.007935
v 0.452978 -0.100000 -0.009796
v 0.452978 0.100000 -0.009796
v 0.452684 -0.100000 -0.011853
v 0.452684 0.100000 -0.011853
v 0.452586 -0.100000 -0.014107
v 0.452586 0.100000 -0.014107
v 0.452586 -0.100000 -0.074060
v 0.452586 0.100000 -0.074060
v 0.452563 -0.100000 -0.075526
v 0.452563 0.100000 -0.075526
v 0.452494 -0.100000 -0.076922
v 0.452494 0.100000 -0.076922
v 0.452378 -0.100000 -0.078247
v 0.452378 0.100000 -0.078247
v 0.452216 -0.100000 -0.079502
v 0.452216 0.100000 -0.079502
v 0.452008 -0.100000 -0.080686
v 0.452008 0.100000 -0.080686
v 0.451753 -0.100000 -0.081799
v 0.451753 0.100000 -0.081799
v 0.451453 -0.100000 -0.082841
v 0.451453 0.100000 -0.082841
v 0.451106 -0.100000 -0.083812
v 0.451106 0.100000 -0.083812
v 0.450713 -0.100000 -0.084713
v 0.450713 0.100000 -0.084713
v 0.450273 -0.100000 -0.085543
v 0.450273 0.100000 -0.085543
v 0.449787 -0.100000 -0.086302
v 0.449787 0.100000 -0.086302
v 0.449255 -0.100000 -0.086991
v 0.449255 0.100000 -0.086991
v 0.448666 -0.100000 -0.087616
v 0.448666 0.100000 -0.087616
v 0.448009 -0.100000 -0.088188
v 0.448009 0.100000 -0.088188
v 0.447284 -0.100000 -0.088705
v 0.447284 0.100000 -0.088705
v 0.446491 -0.100000 -0.089168
v 0.446491 0.100000 -0.089168
v 0.445630 -0.100000 -0.089576
v 0.445630 0.100000 -0.089576
v 0.444700 -0.100000 -0.089929
v 0.444700 0.100000 -0.089929
v 0.443703 -0.100000 -0.090229
v 0.443703 0.100000 -0.090229
v 0.442638 -0.100000 -0.090474
v 0.442638 0.100000 -0.090474
v 0.441504 -0.100000 -0.090664
v 0.441504 0.100000 -0.090664
v 0.440303 -0.100000 -0.090800
v 0.440303 0.100000 -0.090800
v 0.439033 -0.100000 -0.090882
v 0.439033 0.100000 -0.090882
v 0.437696 -0.100000 -0.090909
v 0.437696 0.100000 -0.090909
v 0.382837 -0.100000 -0.090909
v 0.382837 0.100000 -0.090909
v 0.412226 -0.100000 -0.211599
v 0.412226 0.100000 -0.211599
v 0.382837 -0.100000 -0.211599
v 0.382837 0.100000 -0.211599
v 0.382837 -0.100000 -0.161442
v 0.382837 0.100000 -0.161442
v 0.412226 -0.100000 -0.161442
v 0.412226 0.100000 -0.161442
v 0.413877 -0.100000 -0.161479
v 0.413877 0.100000 -0.161479
v 0.415437 -0.100000 -0.161589
v 0.415437 0.100000 -0.161589
v 0.416903 -0.100000 -0.161773
v 0.416903 0.100000 -0.161773
v 0.418278 -0.100000 -0.162030
v 0.418278 0.100000 -0.162030
v 0.419559 -0.100000 -0.162360
v 0.419559 0.100000 -0.162360
v 0.420748 -0.100000 -0.162764
v 0.420748 0.100000 -0.162764
v 0.421845 -0.100000 -0.163242
v 0.421845 0.100000 -0.163242
v 0.422849 -0.100000 -0.163793
v 0.422849 0.100000 -0.163793
v 0.423761 -0.100000 -0.164418
v 0.423761 0.100000 -0.164418
v 0.424580 -0.100000 -0.165116
v 0.424580 0.100000 -0.165116
v 0.425306 -0.100000 -0.165887
v 0.425306 0.100000 -0.165887
v 0.425940 -0.100000 -0.166732
v 0.425940 0.100000 -0.166732
v 0.426504 -0.100000 -0.167631
v 0.426504 0.100000 -0.167631
v 0.427018 -0.100000 -0.168566
v 0.427018 0.100000 -0.168566
v 0.427483 -0.100000 -0.169536
v 0.427483 0.100000 -0.169536
v 0.427900 -0.100000 -0.170542
v 0.427900 0.100000 -0.170542
v 0.428267 -0.100000 -0.171582
v 0.428267 0.100000 -0.171582
v 0.428585 -0.100000 -0.172659
v 0.428585 0.100000 -0.172659
v 0.428855 -0.100000 -0.173770
v 0.428855 0.100000 -0.173770
v 0.429075 -0.100000 -0.174917
v 0.429075 0.100000 -0.174917
v 0.429247 -0.100000 -0.176100
v 0.429247 0.100000 -0.176100
v 0.429369 -0.100000 -0.177317
v 0.429369 0.100000 -0.177317
v 0.429443 -0.100000 -0.178570
v 0.429443 0.100000 -0.178570
v 0.429467 -0.100000 -0.179859
v 0.429467 0.100000 -0.179859
v 0.429467 -0.100000 -0.193182
v 0.429467 0.100000 -0.193182
v 0.429443 -0.100000 -0.194470
v 0.429443 0.100000 -0.194470
v 0.429369 -0.100000 -0.195723
v 0.429369 0.100000 -0.195723
v 0.429247 -0.100000 -0.196941
v 0.429247 0.100000 -0.196941
v 0.429075 -0.100000 -0.198123
v 0.429075 0.100000 -0.198123
v 0.428855 -0.100000 -0.199270
v 0.428855 0.100000 -0.199270
v 0.428585 -0.100000 -0.200382
v 0.428585 0.100000 -0.200382
v 0.428267 -0.100000 -0.201458
v 0.428267 0.100000 -0.201458
v 0.427900 -0.100000 -0.202499
v 0.427900 0.100000 -0.202499
v 0.427483 -0.100000 -0.203505
v 0.427483 0.100000 -0.203505
v 0.427018 -0.100000 -0.204475
v 0.427018 0.100000 -0.204475
v 0.426504 -0.100000 -0.205409
v 0.426504 0.100000 -0.205409
v 0.425940 -0.100000 -0.206309
v 0.425940 0.100000 -0.206309
v 0.425306 -0.100000 -0.207154
v 0.425306 0.100000 -0.207154
v 0.424580 -0.100000 -0.207925
v 0.424580 0.100000 -0.207925
v 0.423761 -0.100000 -0.208623
v 0.423761 0.100000 -0.208623
v 0.422849 -0.100000 -0.209248
v 0.422849 0.100000 -0.209248
v 0.421845 -0.100000 -0.209799
v 0.421845 0.100000 -0.209799
v 0.420748 -0.100000 -0.210276
v 0.420748 0.100000 -0.210276
v 0.419559 -0.100000 -0.210680
v 0.419559 0.100000 -0.210680
v 0.418278 -0.100000 -0.211011
v 0.418278 0.100000 -0.211011
v 0.416903 -0.100000 -0.211268
v 0.416903 0.100000 -0.211268
v 0.415437 -0.100000 -0.211452
v 0.415437 0.100000 -0.211452
v 0.413877 -0.100000 -0.211562
v 0.413877 0.100000 -0.211562
v 0.824451 -0.100000 -0.207680
v 0.824451 0.100000 -0.207680
v 0.824451 -0.100000 -0.074060
v 0.824451 0.100000 -0.074060
v 0.824415 -0.100000 -0.071079
v 0.824415 0.100000 -0.071079
v 0.824304 -0.100000 -0.068144
v 0.824304 0.100000 -0.068144
v 0.824121 -0.100000 -0.065255
v 0.824121 0.100000 -0.065255
v 0.823864 -0.100000 -0.062413
v 0.823864 0.100000 -0.062413
v 0.823533 -0.100000 -0.059617
v 0.823533 0.100000 -0.059617
v 0.823129 -0.100000 -0.056867
v 0.823129 0.100000 -0.056867
v 0.822651 -0.100000 -0.054164
v 0.822651 0.100000 -0.054164
v 0.822100 -0.100000 -0.051506
v 0.822100 0.100000 -0.051506
v 0.821476 -0.100000 -0.048895
v 0.821476 0.100000 -0.048895
v 0.820778 -0.100000 -0.046331
v 0.820778 0.100000 -0.046331
v 0.820006 -0.100000 -0.043812
v 0.820006 0.100000 -0.043812
v 0.819161 -0.100000 -0.041340
v 0.819161 0.100000 -0.041340
v 0.818224 -0.100000 -0.038920
v 0.818224 0.100000 -0.038920
v 0.817175 -0.100000 -0.036556
v 0.817175 0.100000 -0.036556
v 0.816014 -0.100000 -0.034250
v 0.816014 0.100000 -0.034250
v 0.814742 -0.100000 -0.032001
v 0.814742 0.100000 -0.032001
v 0.813358 -0.100000 -0.029809
v 0.813358 0.100000 -0.029809
v 0.811863 -0.100000 -0.027674
v 0.811863 0.100000 -0.027674
v 0.810256 -0.100000 -0.025597
v 0.810256 0.100000 -0.025597
v 0.808538 -0.100000 -0.023576
v 0.808538 0.100000 -0.023576
v 0.806708 -0.100000 -0.021613
v 0.806708 0.100000 -0.021613
v 0.804766 -0.100000 -0.019707
v 0.804766 0.100000 -0.019707
v 0.802713 -0.100000 -0.017858
v 0.802713 0.100000 -0.017858
v 0.800549 -0.100000 -0.016066
v 0.800549 0.100000 -0.016066
v 0.798256 -0.100000 -0.014337
v 0.798256 0.100000 -0.014337
v 0.795819 -0.100000 -0.012675
v 0.795819 0.100000 -0.012675
v 0.793238 -0.100000 -0.011082
v 0.793238 0.100000 -0.011082
v 0.790513 -0.100000 -0.009557
v 0.790513 0.100000 -0.009557
v 0.787643 -0.100000 -0.008100
v 0.787643 0.100000 -0.008100
v 0.784630 -0.100000 -0.006710
v 0.784630 0.100000 -0.006710
v 0.781472 -0.100000 -0.005389
v 0.781472 0.100000 -0.005389
v 0.778170 -0.100000 -0.004136
v 0.778170 0.100000 -0.004136
v 0.774723 -0.100000 -0.002951
v 0.774723 0.100000 -0.002951
v 0.771133 -0.100000 -0.001834
v 0.771133 0.100000 -0.001834
v 0.767398 -0.100000 -0.000785
v 0.767398 0.100000 -0.000785
v 0.763519 -0.100000 0.000196
v 0.763519 0.100000 0.000196
v 0.759476 -0.100000 0.001103
v 0.759476 0.100000 0.001103
v 0.755252 -0.100000 0.001932
v 0.755252 0.100000 0.001932
v 0.750845 -0.100000 0.002682
v 0.750845 0.100000 0.002682
v 0.746256 -0.100000 0.003352
v 0.746256 0.100000 0.003352
v 0.741484 -0.100000 0.003944
v 0.741484 0.100000 0.003944
v 0.736530 -0.100000 0.004457
v 0.736530 0.100000 0.004457
v 0.731394 -0.100000 0.004891
v 0.731394 0.100000 0.004891
v 0.726075 -0.100000 0.005246
v 0.726075 0.100000 0.005246
v 0.720574 -0.100000 0.005523
v 0.720574 0.100000 0.005523
v 0.714891 -0.100000 0.005720
v 0.714891 0.100000 0.005720
v 0.709026 -0.100000 0.005838
v 0.709026 0.100000 0.005838
v 0.702978 -0.100000 0.005878
v 0.702978 0.100000 0.005878
v 0.696930 -0.100000 0.005838
v 0.696930 0.100000 0.005838
v 0.691065 -0.100000 0.005720
v 0.691065 0.100000 0.005720
v 0.685381 -0.100000 0.005523
v 0.685381 0.100000 0.005523
v 0.679881 -0.100000 0.005246
v 0.679881 0.100000 0.005246
v 0.674562 -0.100000 0.004891
v 0.674562 0.100000 0.004891
v 0.669426 -0.100000 0.004457
v 0.669426 0.100000 0.004457
v 0.664472 -0.100000 0.003944
v 0.664472 0.100000 0.003944
v 0.659700 -0.100000 0.003352
v 0.659700 0.100000 0.003352
v 0.655111 -0.100000 0.002682
v 0.655111 0.100000 0.002682
v 0.650704 -0.100000 0.001932
v 0.650704 0.100000 0.001932
v 0.646480 -0.100000 0.001103
v 0.646480 0.100000 0.001103
v 0.642437 -0.100000 0.000196
v 0.642437 0.100000 0.000196
v 0.638558 -0.100000 -0.000785
v 0.638558 0.100000 -0.000785
v 0.634823 -0.100000 -0.001834
v 0.634823 0.100000 -0.001834
v 0.631233 -0.100000 -0.002951
v 0.631233 0.100000 -0.002951
v 0.627786 -0.100000 -0.004136
v 0.627786 0.100000 -0.004136
v 0.624484 -0.100000 -0.005389
v 0.624484 0.100000 -0.005389
v 0.621326 -0.100000 -0.006710
v 0.621326 0.100000 -0.006710
v 0.618313 -0.100000 -0.008100
v 0.618313 0.100000 -0.008100
v 0.615443 -0.100000 -0.009557
v 0.615443 0.100000 -0.009557
v 0.612718 -0.100000 -0.011082
v 0.612718 0.100000 -0.011082
v 0.610137 -0.100000 -0.012675
v 0.610137 0.100000 -0.012675
v 0.607700 -0.100000 -0.014337
v 0.607700 0.100000 -0.014337
v 0.605407 -0.100000 -0.016066
v 0.605407 0.100000 -0.016066
v 0.603241 -0.100000 -0.017858
v 0.603241 0.100000 -0.017858
v 0.601184 -0.100000 -0.019707
v 0.601184 0.100000 -0.019707
v 0.599236 -0.100000 -0.021613
v 0.599236 0.100000 -0.021613
v 0.597396 -0.100000 -0.023576
v 0.597396 0.100000 -0.023576
v 0.595666 -0.100000 -0.025597
v 0.595666 0.100000 -0.025597
v 0.594044 -0.100000 -0.027674
v 0.594044 0.100000 -0.027674
v 0.592531 -0.100000 -0.029809
v 0.592531 0.100000 -0.029809
v 0.591127 -0.100000 -0.032001
v 0.591127 0.100000 -0.032001
v 0.589832 -0.100000 -0.034250
v 0.589832 0.100000 -0.034250
v 0.588645 -0.100000 -0.036556
v 0.588645 0.100000 -0.036556
v 0.587568 -0.100000 -0.038920
v 0.587568 0.100000 -0.038920
v 0.586599 -0.100000 -0.041340
v 0.586599 0.100000 -0.041340
v 0.585723 -0.100000 -0.043812
v 0.585723 0.100000 -0.043812
v 0.584922 -0.100000 -0.046331
v 0.584922 0.100000 -0.046331
v 0.584199 -0.100000 -0.048895
v 0.584199 0.100000 -0.048895
v 0.583551 -0.100000 -0.051506
v 0.583551 0.100000 -0.051506
v 0.582980 -0.100000 -0.054164
v 0.582980 0.100000 -0.054164
v 0.582484 -0.100000 -0.056867
v 0.582484 0.100000 -0.056867
v 0.582065 -0.100000 -0.059617
v 0.582065 0.100000 -0.059617
v 0.581722 -0.100000 -0.062413
v 0.581722 0.100000 -0.062413
v 0.581456 -0.100000 -0.065255
v 0.581456 0.100000 -0.065255
v 0.581265 -0.100000 -0.068144
v 0.581265 0.100000 -0.068144
v 0.581151 -0.100000 -0.071079
v 0.581151 0.100000 -0.071079
v 0.581113 -0.100000 -0.074060
v 0.581113 0.100000 -0.074060
v 0.581113 -0.100000 -0.207680
v 0.581113 0.100000 -0.207680
v 0.581151 -0.100000 -0.210661
v 0.581151 0.100000 -0.210661
v 0.581265 -0.100000 -0.213596
v 0.581265 0.100000 -0.213596
v 0.581456 -0.100000 -0.216485
v 0.581456 0.100000 -0.216485
v 0.581722 -0.100000 -0.219327
v 0.581722 0.100000 -0.219327
v 0.582065 -0.100000 -0.222123
v 0.582065 0.100000 -0.222123
v 0.582484 -0.100000 -0.224873
v 0.582484 0.100000 -0.224873
v 0.582980 -0.100000 -0.227576
v 0.582980 0.100000 -0.227576
v 0.583551 -0.100000 -0.230233
v 0.583551 0.100000 -0.230233
v 0.584199 -0.100000 -0.232844
v 0.584199 0.100000 -0.232844
v 0.584922 -0.100000 -0.235409
v 0.584922 0.100000 -0.235409
v 0.585722 -0.100000 -0.237927
v 0.585722 0.100000 -0.237927
v 0.586599 -0.100000 -0.240400
v 0.586599 0.100000 -0.240400
v 0.587567 -0.100000 -0.242820
v 0.587567 0.100000 -0.242820
v 0.588645 -0.100000 -0.245183
v 0.588645 0.100000 -0.245183
v 0.589831 -0.100000 -0.247490
v 0.589831 0.100000 -0.247490
v 0.591127 -0.100000 -0.249739
v 0.591127 0.100000 -0.249739
v 0.592531 -0.100000 -0.251931
v 0.592531 0.100000 -0.251931
v 0.594044 -0.100000 -0.254065
v 0.594044 0.100000 -0.254065
v 0.595666 -0.100000 -0.256143
v 0.595666 0.100000 -0.256143
v 0.597396 -0.100000 -0.258164
v 0.597396 0.100000 -0.258164
v 0.599236 -0.100000 -0.260127
v 0.599236 0.100000 -0.260127
v 0.601184 -0.100000 -0.262033
v 0.601184 0.100000 -0.262033
v 0.603241 -0.100000 -0.263882
v 0.603241 0.100000 -0.263882
v 0.605407 -0.100000 -0.265674
v 0.605407 0.100000 -0.265674
v 0.607700 -0.100000 -0.267405
v 0.607700 0.100000 -0.267405
v 0.610137 -0.100000 -0.269070
v 0.610137 0.100000 -0.269070
v 0.612718 -0.100000 -0.270670
v 0.612718 0.100000 -0.270670
v 0.615443 -0.100000 -0.272205
v 0.615443 0.100000 -0.272205
v 0.618313 -0.100000 -0.273674
v 0.618313 0.100000 -0.273674
v 0.621326 -0.100000 -0.275078
v 0.621326 0.100000 -0.275078
v 0.624484 -0.100000 -0.276417
v 0.624484 0.100000 -0.276417
v 0.627786 -0.100000 -0.277691
v 0.627786 0.100000 -0.277691
v 0.631233 -0.100000 -0.278899
v 0.631233 0.100000 -0.278899
v 0.634823 -0.100000 -0.280042
v 0.634823 0.100000 -0.280042
v 0.638558 -0.100000 -0.281119
v 0.638558 0.100000 -0.281119
v 0.642437 -0.100000 -0.282132
v 0.642437 0.100000 -0.282132
v 0.646480 -0.100000 -0.283070
v 0.646480 0.100000 -0.283070
v 0.650704 -0.100000 -0.283928
v 0.650704 0.100000 -0.283928
v 0.655111 -0.100000 -0.284703
v 0.655111 0.100000 -0.284703
v 0.659700 -0.100000 -0.285397
v 0.659700 0.100000 -0.285397
v 0.664472 -0.100000 -0.286009
v 0.664472 0.100000 -0.286009
v 0.669426 -0.100000 -0.286540
v 0.669426 0.100000 -0.286540
v 0.674562 -0.100000 -0.286989
v 0.674562 0.100000 -0.286989
v 0.679881 -0.100000 -0.287356
v 0.679881 0.100000 -0.287356
v 0.685381 -0.100000 -0.287642
v 0.685381 0.100000 -0.287642
v 0.691065 -0.100000 -0.287846
v 0.691065 0.100000 -0.287846
v 0.696930 -0.100000 -0.287969
v 0.696930 0.100000 -0.287969
v 0.702978 -0.100000 -0.288009
v 0.702978 0.100000 -0.288009
v 0.709026 -0.100000 -0.287969
v 0.709026 0.100000 -0.287969
v 0.714891 -0.100000 -0.287846
v 0.714891 0.100000 -0.287846
v 0.720575 -0.100000 -0.287642
v 0.720575 0.100000 -0.287642
v 0.726075 -0.100000 -0.287356
v 0.726075 0.100000 -0.287356
v 0.731394 -0.100000 -0.286989
v 0.731394 0.100000 -0.286989
v 0.736530 -0.100000 -0.286540
v 0.736530 0.100000 -0.286540
v 0.741484 -0.100000 -0.286009
v 0.741484 0.100000 -0.286009
v 0.746256 -0.100000 -0.285397
v 0.746256 0.100000 -0.285397
v 0.750845 -0.100000 -0.284703
v 0.750845 0.100000 -0.284703
v 0.755252 -0.100000 -0.283928
v 0.755252 0.100000 -0.283928
v 0.759477 -0.100000 -0.283070
v 0.759477 0.100000 -0.283070
v 0.763519 -0.100000 -0.282132
v 0.763519 0.100000 -0.282132
v 0.767398 -0.100000 -0.281119
v 0.767398 0.100000 -0.281119
v 0.771133 -0.100000 -0.280042
v 0.771133 0.100000 -0.280042
v 0.774723 -0.100000 -0.278899
v 0.774723 0.100000 -0.278899
v 0.778170 -0.100000 -0.277691
v 0.778170 0.100000 -0.277691
v 0.781472 -0.100000 -0.276417
v 0.781472 0.100000 -0.276417
v 0.784630 -0.100000 -0.275078
v 0.784630 0.100000 -0.275078
v 0.787643 -0.100000 -0.273674
v 0.787643 0.100000 -0.273674
v 0.790513 -0.100000 -0.272205
v 0.790513 0.100000 -0.272205
v 0.793238 -0.100000 -0.270670
v 0.793238 0.100000 -0.270670
v 0.795819 -0.100000 -0.269070
v 0.795819 0.100000 -0.269070
v 0.798256 -0.100000 -0.267405
v 0.798256 0.100000 -0.267405
v 0.800549 -0.100000 -0.265674
v 0.800549 0.100000 -0.265674
v 0.802713 -0.100000 -0.263882
v 0.802713 0.100000 -0.263882
v 0.804766 -0.100000 -0.262033
v 0.804766 0.100000 -0.262033
v 0.806708 -0.100000 -0.260127
v 0.806708 0.100000 -0.260127
v 0.808538 -0.100000 -0.258164
v 0.808538 0.100000 -0.258164
v 0.810256 -0.100000 -0.256143
v 0.810256 0.100000 -0.256143
v 0.811863 -0.100000 -0.254065
v 0.811863 0.100000 -0.254065
v 0.813359 -0.100000 -0.251931
v 0.813359 0.100000 -0.251931
v 0.814742 -0.100000 -0.249739
v 0.814742 0.100000 -0.249739
v 0.816014 -0.100000 -0.247490
v 0.816014 0.100000 -0.247490
v 0.817175 -0.100000 -0.245183
v 0.817175 0.100000 -0.245183
v 0.818224 -0.100000 -0.242820
v 0.818224 0.100000 -0.242820
v 0.819161 -0.100000 -0.240400
v 0.819161 0.100000 -0.240400
v 0.820006 -0.100000 -0.237927
v 0.820006 0.100000 -0.237927
v 0.820778 -0.100000 -0.235409
v 0.820778 0.100000 -0.235409
v 0.821476 -0.100000 -0.232844
v 0.821476 0.100000 -0.232844
v 0.822100 -0.100000 -0.230233
v 0.822100 0.100000 -0.230233
v 0.822651 -0.100000 -0.227576
v 0.822651 0.100000 -0.227576
v 0.823129 -0.100000 -0.224873
v 0.823129 0.100000 -0.224873
v 0.823533 -0.100000 -0.222123
v 0.823533 0.100000 -0.222123
v 0.823864 -0.100000 -0.219327
v 0.823864 0.100000 -0.219327
v 0.824121 -0.100000 -0.216485
v 0.824121 0.100000 -0.216485
v 0.824304 -0.100000 -0.213596
v 0.824304 0.100000 -0.213596
v 0.824415 -0.100000 -0.210661
v 0.824415 0.100000 -0.210661
v 0.670063 -0.100000 -0.193574
v 0.670063 0.100000 -0.193574
v 0.670063 -0.100000 -0.088166
v 0.670063 0.100000 -0.088166
v 0.670103 -0.100000 -0.086878
v 0.670103 0.100000 -0.086878
v 0.670226 -0.100000 -0.085625
v 0.670226 0.100000 -0.085625
v 0.670430 -0.100000 -0.084407
v 0.670430 0.100000 -0.084407
v 0.670716 -0.100000 -0.083224
v 0.670716 0.100000 -0.083224
v 0.671083 -0.100000 -0.082078
v 0.671083 0.100000 -0.082078
v 0.671532 -0.100000 -0.080966
v 0.671532 0.100000 -0.080966
v 0.672063 -0.100000 -0.079890
v 0.672063 0.100000 -0.079890
v 0.672675 -0.100000 -0.078849
v 0.672675 0.100000 -0.078849
v 0.673369 -0.100000 -0.077843
v 0.673369 0.100000 -0.077843
v 0.674144 -0.100000 -0.076873
v 0.674144 0.100000 -0.076873
v 0.675002 -0.100000 -0.075939
v 0.675002 0.100000 -0.075939
v 0.675940 -0.100000 -0.075039
v 0.675940 0.100000 -0.075039
v 0.677026 -0.100000 -0.074194
v 0.677026 0.100000 -0.074194
v 0.678324 -0.100000 -0.073423
v 0.678324 0.100000 -0.073423
v 0.679834 -0.100000 -0.072725
v 0.679834 0.100000 -0.072725
v 0.681557 -0.100000 -0.072100
v 0.681557 0.100000 -0.072100
v 0.683492 -0.100000 -0.071549
v 0.683492 0.100000 -0.071549
v 0.685639 -0.100000 -0.071072
v 0.685639 0.100000 -0.071072
v 0.687998 -0.100000 -0.070668
v 0.687998 0.100000 -0.070668
v 0.690570 -0.100000 -0.070337
v 0.690570 0.100000 -0.070337
v 0.693353 -0.100000 -0.070080
v 0.693353 0.100000 -0.070080
v 0.696349 -0.100000 -0.069896
v 0.696349 0.100000 -0.069896
v 0.699558 -0.100000 -0.069786
v 0.699558 0.100000 -0.069786
v 0.702978 -0.100000 -0.069749
v 0.702978 0.100000 -0.069749
v 0.706460 -0.100000 -0.069786
v 0.706460 0.100000 -0.069786
v 0.709721 -0.100000 -0.069896
v 0.709721 0.100000 -0.069896
v 0.712762 -0.100000 -0.070080
v 0.712762 0.100000 -0.070080
v 0.715582 -0.100000 -0.070337
v 0.715582 0.100000 -0.070337
v 0.718183 -0.100000 -0.070668
v 0.718183 0.100000 -0.070668
v 0.720562 -0.100000 -0.071072
v 0.720562 0.100000 -0.071072
v 0.722721 -0.100000 -0.071549
v 0.722721 0.100000 -0.071549
v 0.724660 -0.100000 -0.072100
v 0.724660 0.100000 -0.072100
v 0.726379 -0.100000 -0.072725
v 0.726379 0.100000 -0.072725
v 0.727877 -0.100000 -0.073423
v 0.727877 0.100000 -0.073423
v 0.729154 -0.100000 -0.074194
v 0.729154 0.100000 -0.074194
v 0.730212 -0.100000 -0.075039
v 0.730212 0.100000 -0.075039
v 0.731119 -0.100000 -0.075939
v 0.731119 0.100000 -0.075939
v 0.731948 -0.100000 -0.076873
v 0.731948 0.100000 -0.076873
v 0.732697 -0.100000 -0.077843
v 0.732697 0.100000 -0.077843
v 0.733368 -0.100000 -0.078849
v 0.733368 0.100000 -0.078849
v 0.733960 -0.100000 -0.079890
v 0.733960 0.100000 -0.079890
v 0.734473 -0.100000 -0.080966
v 0.734473 0.100000 -0.080966
v 0.734907 -0.100000 -0.082077
v 0.734907 0.100000 -0.082077
v 0.735262 -0.100000 -0.083224
v 0.735262 0.100000 -0.083224
v 0.735538 -0.100000 -0.084407
v 0.735538 0.100000 -0.084407
v 0.735736 -0.100000 -0.085625
v 0.735736 0.100000 -0.085625
v 0.735854 -0.100000 -0.086878
v 0.735854 0.100000 -0.086878
v 0.735893 -0.100000 -0.088166
v 0.735893 0.100000 -0.088166
v 0.735893 -0.100000 -0.193574
v 0.735893 0.100000 -0.193574
v 0.735854 -0.100000 -0.194861
v 0.735854 0.100000 -0.194861
v 0.735736 -0.100000 -0.196110
v 0.735736 0.100000 -0.196110
v 0.735538 -0.100000 -0.197321
v 0.735538 0.100000 -0.197321
v 0.735262 -0.100000 -0.198494
v 0.735262 0.100000 -0.198494
v 0.734907 -0.100000 -0.199628
v 0.734907 0.100000 -0.199628
v 0.734473 -0.100000 -0.200725
v 0.734473 0.100000 -0.200725
v 0.733960 -0.100000 -0.201783
v 0.733960 0.100000 -0.201783
v 0.733368 -0.100000 -0.202804
v 0.733368 0.100000 -0.202804
v 0.732697 -0.100000 -0.203786
v 0.732697 0.100000 -0.203786
v 0.731948 -0.100000 -0.204730
v 0.731948 0.100000 -0.204730
v 0.731119 -0.100000 -0.205637
v 0.731119 0.100000 -0.205637
v 0.730212 -0.100000 -0.206505
v 0.730212 0.100000 -0.206505
v 0.729154 -0.100000 -0.207318
v 0.729154 0.100000 -0.207318
v 0.727877 -0.100000 -0.208061
v 0.727877 0.100000 -0.208061
v 0.726379 -0.100000 -0.208733
v 0.726379 0.100000 -0.208733
v 0.724660 -0.100000 -0.209335
v 0.724660 0.100000 -0.209335
v 0.722722 -0.100000 -0.209865
v 0.722722 0.100000 -0.209865
v 0.720562 -0.100000 -0.210325
v 0.720562 0.100000 -0.210325
v 0.718183 -0.100000 -0.210714
v 0.718183 0.100000 -0.210714
v 0.715583 -0.100000 -0.211033
v 0.715583 0.100000 -0.211033
v 0.712762 -0.100000 -0.211280
v 0.712762 0.100000 -0.211280
v 0.709721 -0.100000 -0.211457
v 0.709721 0.100000 -0.211457
v 0.706460 -0.100000 -0.211563
v 0.706460 0.100000 -0.211563
v 0.702978 -0.100000 -0.211599
v 0.702978 0.100000 -0.211599
v 0.699557 -0.100000 -0.211563
v 0.699557 0.100000 -0.211563
v 0.696349 -0.100000 -0.211457
v 0.696349 0.100000 -0.211457
v 0.693353 -0.100000 -0.211280
v 0.693353 0.100000 -0.211280
v 0.690569 -0.100000 -0.211033
v 0.690569 0.100000 -0.211033
v 0.687998 -0.100000 -0.210714
v 0.687998 0.100000 -0.210714
v 0.685639 -0.100000 -0.210325
v 0.685639 0.100000 -0.210325
v 0.683492 -0.100000 -0.209865
v 0.683492 0.100000 -0.209865
v 0.681557 -0.100000 -0.209335
v 0.681557 0.100000 -0.209335
v 0.679834 -0.100000 -0.208733
v 0.679834 0.100000 -0.208733
v 0.678324 -0.100000 -0.208061
v 0.678324 0.100000 -0.208061
v 0.677026 -0.100000 -0.207318
v 0.677026 0.100000 -0.207318
v 0.675940 -0.100000 -0.206505
v 0.675940 0.100000 -0.206505
v 0.675002 -0.100000 -0.205637
v 0.675002 0.100000 -0.205637
v 0.674144 -0.100000 -0.204730
v 0.674144 0.100000 -0.204730
v 0.673369 -0.100000 -0.203786
v 0.673369 0.100000 -0.203786
v 0.672675 -0.100000 -0.202804
v 0.672675 0.100000 -0.202804
v 0.672063 -0.100000 -0.201783
v 0.672063 0.100000 -0.201783
v 0.671532 -0.100000 -0.200725
v 0.671532 0.100000 -0.200725
v 0.671083 -0.100000 -0.199628
v 0.671083 0.100000 -0.199628
v 0.670716 -0.100000 -0.198494
v 0.670716 0.100000 -0.198494
v 0.670430 -0.100000 -0.197321
v 0.670430 0.100000 -0.197321
v 0.670226 -0.100000 -0.196110
v 0.670226 0.100000 -0.196110
v 0.670104 -0.100000 -0.194861
v 0.670104 0.100000 -0.194861
v 1.091693 -0.100000 -0.268025
v 1.091693 0.100000 -0.268025
v 1.091693 -0.100000 -0.074060
v 1.091693 0.100000 -0.074060
v 1.091626 -0.100000 -0.070117
v 1.091626 0.100000 -0.070117
v 1.091426 -0.100000 -0.066255
v 1.091426 0.100000 -0.066255
v 1.091093 -0.100000 -0.062476
v 1.091093 0.100000 -0.062476
v 1.090626 -0.100000 -0.058777
v 1.090626 0.100000 -0.058777
v 1.090026 -0.100000 -0.055161
v 1.090026 0.100000 -0.055161
v 1.089293 -0.100000 -0.051626
v 1.089293 0.100000 -0.051626
v 1.088426 -0.100000 -0.048173
v 1.088426 0.100000 -0.048173
v 1.087426 -0.100000 -0.044801
v 1.087426 0.100000 -0.044801
v 1.086293 -0.100000 -0.041512
v 1.086293 0.100000 -0.041512
v 1.085026 -0.100000 -0.038303
v 1.085026 0.100000 -0.038303
v 1.083626 -0.100000 -0.035177
v 1.083626 0.100000 -0.035177
v 1.082092 -0.100000 -0.032132
v 1.082092 0.100000 -0.032132
v 1.080388 -0.100000 -0.029183
v 1.080388 0.100000 -0.029183
v 1.078473 -0.100000 -0.026346
v 1.078473 0.100000 -0.026346
v 1.076349 -0.100000 -0.023621
v 1.076349 0.100000 -0.023621
v 1.074016 -0.100000 -0.021007
v 1.074016 0.100000 -0.021007
v 1.071473 -0.100000 -0.018505
v 1.071473 0.100000 -0.018505
v 1.068721 -0.100000 -0.016115
v 1.068721 0.100000 -0.016115
v 1.065759 -0.100000 -0.013836
v 1.065759 0.100000 -0.013836
v 1.062587 -0.100000 -0.011668
v 1.062587 0.100000 -0.011668
v 1.059206 -0.100000 -0.009613
v 1.059206 0.100000 -0.009613
v 1.055615 -0.100000 -0.007668
v 1.055615 0.100000 -0.007668
v 1.051815 -0.100000 -0.005836
v 1.051815 0.100000 -0.005836
v 1.047806 -0.100000 -0.004114
v 1.047806 0.100000 -0.004114
v 1.043541 -0.100000 -0.002518
v 1.043541 0.100000 -0.002518
v 1.038978 -0.100000 -0.001061
v 1.038978 0.100000 -0.001061
v 1.034115 -0.100000 0.000257
v 1.034115 0.100000 0.000257
v 1.028953 -0.100000 0.001437
v 1.028953 0.100000 0.001437
v 1.023492 -0.100000 0.002478
v 1.023492 0.100000 0.002478
v 1.017731 -0.100000 0.003380
v 1.017731 0.100000 0.003380
v 1.011671 -0.100000 0.004143
v 1.011671 0.100000 0.004143
v 1.005312 -0.100000 0.004768
v 1.005312 0.100000 0.004768
v 0.998653 -0.100000 0.005253
v 0.998653 0.100000 0.005253
v 0.991695 -0.100000 0.005600
v 0.991695 0.100000 0.005600
v 0.984437 -0.100000 0.005808
v 0.984437 0.100000 0.005808
v 0.976881 -0.100000 0.005878
v 0.976881 0.100000 0.005878
v 0.969449 -0.100000 0.005808
v 0.969449 0.100000 0.005808
v 0.962306 -0.100000 0.005600
v 0.962306 0.100000 0.005600
v 0.955452 -0.100000 0.005253
v 0.955452 0.100000 0.005253
v 0.948885 -0.100000 0.004768
v 0.948885 0.100000 0.004768
v 0.942608 -0.100000 0.004143
v 0.942608 0.100000 0.004143
v 0.936618 -0.100000 0.003380
v 0.936618 0.100000 0.003380
v 0.930917 -0.100000 0.002478
v 0.930917 0.100000 0.002478
v 0.925505 -0.100000 0.001437
v 0.925505 0.100000 0.001437
v 0.920381 -0.100000 0.000257
v 0.920381 0.100000 0.000257
v 0.915545 -0.100000 -0.001061
v 0.915545 0.100000 -0.001061
v 0.910998 -0.100000 -0.002518
v 0.910998 0.100000 -0.002518
v 0.906740 -0.100000 -0.004114
v 0.906740 0.100000 -0.004114
v 0.902731 -0.100000 -0.005836
v 0.902731 0.100000 -0.005836
v 0.898935 -0.100000 -0.007668
v 0.898935 0.100000 -0.007668
v 0.895352 -0.100000 -0.009613
v 0.895352 0.100000 -0.009613
v 0.891980 -0.100000 -0.011668
v 0.891980 0.100000 -0.011668
v 0.888821 -0.100000 -0.013836
v 0.888821 0.100000 -0.013836
v 0.885874 -0.100000 -0.016115
v 0.885874 0.100000 -0.016115
v 0.883139 -0.100000 -0.018505
v 0.883139 0.100000 -0.018505
v 0.880616 -0.100000 -0.021007
v 0.880616 0.100000 -0.021007
v 0.878306 -0.100000 -0.023621
v 0.878306 0.100000 -0.023621
v 0.876208 -0.100000 -0.026346
v 0.876208 0.100000 -0.026346
v 0.874322 -0.100000 -0.029183
v 0.874322 0.100000 -0.029183
v 0.872649 -0.100000 -0.032132
v 0.872649 0.100000 -0.032132
v 0.871147 -0.100000 -0.035177
v 0.871147 0.100000 -0.035177
v 0.869775 -0.100000 -0.038303
v 0.869775 0.100000 -0.038303
v 0.868534 -0.100000 -0.041512
v 0.868534 0.100000 -0.041512
v 0.867424 -0.100000 -0.044801
v 0.867424 0.100000 -0.044801
v 0.866445 -0.100000 -0.048173
v 0.866445 0.100000 -0.048173
v 0.865596 -0.100000 -0.051626
v 0.865596 0.100000 -0.051626
v 0.864877 -0.100000 -0.055161
v 0.864877 0.100000 -0.055161
v 0.864289 -0.100000 -0.058777
v 0.864289 0.100000 -0.058777
v 0.863832 -0.100000 -0.062476
v 0.863832 0.100000 -0.062476
v 0.863506 -0.100000 -0.066255
v 0.863506 0.100000 -0.066255
v 0.863310 -0.100000 -0.070117
v 0.863310 0.100000 -0.070117
v 0.863244 -0.100000 -0.074060
v 0.863244 0.100000 -0.074060
v 0.863244 -0.100000 -0.137539
v 0.863244 0.100000 -0.137539
v 0.863342 -0.100000 -0.139792
v 0.863342 0.100000 -0.139792
v 0.863636 -0.100000 -0.141850
v 0.863636 0.100000 -0.141850
v 0.864126 -0.100000 -0.143711
v 0.864126 0.100000 -0.143711
v 0.864812 -0.100000 -0.145376
v 0.864812 0.100000 -0.145376
v 0.865694 -0.100000 -0.146846
v 0.865694 0.100000 -0.146846
v 0.866771 -0.100000 -0.148119
v 0.866771 0.100000 -0.148119
v 0.868045 -0.100000 -0.149197
v 0.868045 0.100000 -0.149197
v 0.869514 -0.100000 -0.150078
v 0.869514 0.100000 -0.150078
v 0.871180 -0.100000 -0.150764
v 0.871180 0.100000 -0.150764
v 0.873041 -0.100000 -0.151254
v 0.873041 0.100000 -0.151254
v 0.875098 -0.100000 -0.151548
v 0.875098 0.100000 -0.151548
v 0.877351 -0.100000 -0.151646
v 0.877351 0.100000 -0.151646
v 0.934169 -0.100000 -0.151646
v 0.934169 0.100000 -0.151646
v 0.936422 -0.100000 -0.151548
v 0.936422 0.100000 -0.151548
v 0.938480 -0.100000 -0.151254
v 0.938480 0.100000 -0.151254
v 0.940341 -0.100000 -0.150764
v 0.940341 0.100000 -0.150764
v 0.942006 -0.100000 -0.150078
v 0.942006 0.100000 -0.150078
v 0.943476 -0.100000 -0.149197
v 0.943476 0.100000 -0.149197
v 0.944749 -0.100000 -0.148119
v 0.944749 0.100000 -0.148119
v 0.945827 -0.100000 -0.146846
v 0.945827 0.100000 -0.146846
v 0.946708 -0.100000 -0.145376
v 0.946708 0.100000 -0.145376
v 0.947394 -0.100000 -0.143711
v 0.947394 0.100000 -0.143711
v 0.947884 -0.100000 -0.141850
v 0.947884 0.100000 -0.141850
v 0.948178 -0.100000 -0.139792
v 0.948178 0.100000 -0.139792
v 0.948276 -0.100000 -0.137539
v 0.948276 0.100000 -0.137539
v 0.948276 -0.100000 -0.089734
v 0.948276 0.100000 -0.089734
v 0.948310 -0.100000 -0.088445
v 0.948310 0.100000 -0.088445
v 0.948412 -0.100000 -0.087192
v 0.948412 0.100000 -0.087192
v 0.948582 -0.100000 -0.085974
v 0.948582 0.100000 -0.085974
v 0.948820 -0.100000 -0.084792
v 0.948820 0.100000 -0.084792
v 0.949126 -0.100000 -0.083645
v 0.949126 0.100000 -0.083645
v 0.949500 -0.100000 -0.082533
v 0.949500 0.100000 -0.082533
v 0.949943 -0.100000 -0.081457
v 0.949943 0.100000 -0.081457
v 0.950453 -0.100000 -0.080416
v 0.950453 0.100000 -0.080416
v 0.951031 -0.100000 -0.079411
v 0.951031 0.100000 -0.079411
v 0.951677 -0.100000 -0.078441
v 0.951677 0.100000 -0.078441
v 0.952392 -0.100000 -0.077506
v 0.952392 0.100000 -0.077506
v 0.953174 -0.100000 -0.076607
v 0.953174 0.100000 -0.076607
v 0.954081 -0.100000 -0.075762
v 0.954081 0.100000 -0.075762
v 0.955171 -0.100000 -0.074990
v 0.955171 0.100000 -0.074990
v 0.956443 -0.100000 -0.074292
v 0.956443 0.100000 -0.074292
v 0.957898 -0.100000 -0.073668
v 0.957898 0.100000 -0.073668
v 0.959535 -0.100000 -0.073117
v 0.959535 0.100000 -0.073117
v 0.961354 -0.100000 -0.072639
v 0.961354 0.100000 -0.072639
v 0.963355 -0.100000 -0.072235
v 0.963355 0.100000 -0.072235
v 0.965539 -0.100000 -0.071904
v 0.965539 0.100000 -0.071904
v 0.967905 -0.100000 -0.071647
v 0.967905 0.100000 -0.071647
v 0.970453 -0.100000 -0.071464
v 0.970453 0.100000 -0.071464
v 0.973184 -0.100000 -0.071353
v 0.973184 0.100000 -0.071353
v 0.976097 -0.100000 -0.071317
v 0.976097 0.100000 -0.071317
v 0.978881 -0.100000 -0.071353
v 0.978881 0.100000 -0.071353
v 0.981485 -0.100000 -0.071464
v 0.981485 0.100000 -0.071464
v 0.983910 -0.100000 -0.071647
v 0.983910 0.100000 -0.071647
v 0.986155 -0.100000 -0.071904
v 0.986155 0.100000 -0.071904
v 0.988220 -0.100000 -0.072235
v 0.988220 0.100000 -0.072235
v 0.990106 -0.100000 -0.072639
v 0.990106 0.100000 -0.072639
v 0.991812 -0.100000 -0.073117
v 0.991812 0.100000 -0.073117
v 0.993339 -0.100000 -0.073668
v 0.993339 0.100000 -0.073668
v 0.994686 -0.100000 -0.074292
v 0.994686 0.100000 -0.074292
v 0.995853 -0.100000 -0.074990
v 0.995853 0.100000 -0.074990
v 0.996841 -0.100000 -0.075762
v 0.996841 0.100000 -0.075762
v 0.997649 -0.100000 -0.076607
v 0.997649 0.100000 -0.076607
v 0.998337 -0.100000 -0.077506
v 0.998337 0.100000 -0.077506
v 0.998966 -0.100000 -0.078441
v 0.998966 0.100000 -0.078441
v 0.999535 -0.100000 -0.079411
v 0.999535 0.100000 -0.079411
v 1.000044 -0.100000 -0.080416
v 1.000044 0.100000 -0.080416
v 1.000492 -0.100000 -0.081457
v 1.000492 0.100000 -0.081457
v 1.000882 -0.100000 -0.082533
v 1.000882 0.100000 -0.082533
v 1.001211 -0.100000 -0.083645
v 1.001211 0.100000 -0.083645
v 1.001480 -0.100000 -0.084792
v 1.001480 0.100000 -0.084792
v 1.001690 -0.100000 -0.085974
v 1.001690 0.100000 -0.085974
v 1.001840 -0.100000 -0.087192
v 1.001840 0.100000 -0.087192
v 1.001929 -0.100000 -0.088445
v 1.001929 0.100000 -0.088445
v 1.001959 -0.100000 -0.089734
v 1.001959 0.100000 -0.089734
v 1.001959 -0.100000 -0.268025
v 1.001959 0.100000 -0.268025
v 1.002057 -0.100000 -0.270278
v 1.002057 0.100000 -0.270278
v 1.002351 -0.100000 -0.272335
v 1.002351 0.100000 -0.272335
v 1.002841 -0.100000 -0.274197
v 1.002841 0.100000 -0.274197
v 1.003527 -0.100000 -0.275862
v 1.003527 0.100000 -0.275862
v 1.004408 -0.100000 -0.277331
v 1.004408 0.100000 -0.277331
v 1.005486 -0.100000 -0.278605
v 1.005486 0.100000 -0.278605
v 1.006759 -0.100000 -0.279683
v 1.006759 0.100000 -0.279683
v 1.008229 -0.100000 -0.280564
v 1.008229 0.100000 -0.280564
v 1.009894 -0.100000 -0.281250
v 1.009894 0.100000 -0.281250
v 1.011755 -0.100000 -0.281740
v 1.011755 0.100000 -0.281740
v 1.013813 -0.100000 -0.282034
v 1.013813 0.100000 -0.282034
v 1.016066 -0.100000 -0.282132
v 1.016066 0.100000 -0.282132
v 1.077586 -0.100000 -0.282132
v 1.077586 0.100000 -0.282132
v 1.079839 -0.100000 -0.282034
v 1.079839 0.100000 -0.282034
v 1.081897 -0.100000 -0.281740
v 1.081897 0.100000 -0.281740
v 1.083758 -0.100000 -0.281250
v 1.083758 0.100000 -0.281250
v 1.085423 -0.100000 -0.280564
v 1.085423 0.100000 -0.280564
v 1.086893 -0.100000 -0.279683
v 1.086893 0.100000 -0.279683
v 1.088166 -0.100000 -0.278605
v 1.088166 0.100000 -0.278605
v 1.089244 -0.100000 -0.277332
v 1.089244 0.100000 -0.277332
v 1.090125 -0.100000 -0.275862
v 1.090125 0.100000 -0.275862
v 1.090811 -0.100000 -0.274197
v 1.090811 0.100000 -0.274197
v 1.091301 -0.100000 -0.272335
v 1.091301 0.100000 -0.272335
v 1.091595 -0.100000 -0.270278
v 1.091595 0.100000 -0.270278
v 1.353840 -0.100000 -0.014107
v 1.353840 0.100000 -0.014107
v 1.353742 -0.100000 -0.011853
v 1.353742 0.100000 -0.011853
v 1.353448 -0.100000 -0.009796
v 1.353448 0.100000 -0.009796
v 1.352958 -0.100000 -0.007935
v 1.352958 0.100000 -0.007935
v 1.352273 -0.100000 -0.006270
v 1.352273 0.100000 -0.006270
v 1.351391 -0.100000 -0.004800
v 1.351391 0.100000 -0.004800
v 1.350314 -0.100000 -0.003527
v 1.350314 0.100000 -0.003527
v 1.349040 -0.100000 -0.002449
v 1.349040 0.100000 -0.002449
v 1.347571 -0.100000 -0.001567
v 1.347571 0.100000 -0.001567
v 1.345905 -0.100000 -0.000882
v 1.345905 0.100000 -0.000882
v 1.344044 -0.100000 -0.000392
v 1.344044 0.100000 -0.000392
v 1.341987 -0.100000 -0.000098
v 1.341987 0.100000 -0.000098
v 1.339733 -0.100000 0.000000
v 1.339733 0.100000 0.000000
v 1.157915 -0.100000 0.000000
v 1.157915 0.100000 0.000000
v 1.155662 -0.100000 -0.000098
v 1.155662 0.100000 -0.000098
v 1.153605 -0.100000 -0.000392
v 1.153605 0.100000 -0.000392
v 1.151744 -0.100000 -0.000882
v 1.151744 0.100000 -0.000882
v 1.150078 -0.100000 -0.001567
v 1.150078 0.100000 -0.001567
v 1.148609 -0.100000 -0.002449
v 1.148609 0.100000 -0.002449
v 1.147335 -0.100000 -0.003527
v 1.147335 0.100000 -0.003527
v 1.146258 -0.100000 -0.004800
v 1.146258 0.100000 -0.004800
v 1.145376 -0.100000 -0.006270
v 1.145376 0.100000 -0.006270
v 1.144690 -0.100000 -0.007935
v 1.144690 0.100000 -0.007935
v 1.144201 -0.100000 -0.009796
v 1.144201 0.100000 -0.009796
v 1.143907 -0.100000 -0.011853
v 1.143907 0.100000 -0.011853
v 1.143809 -0.100000 -0.014107
v 1.143809 0.100000 -0.014107
v 1.143809 -0.100000 -0.268025
v 1.143809 0.100000 -0.268025
v 1.143907 -0.100000 -0.270278
v 1.143907 0.100000 -0.270278
v 1.144201 -0.100000 -0.272335
v 1.144201 0.100000 -0.272335
v 1.144690 -0.100000 -0.274197
v 1.144690 0.100000 -0.274197
v 1.145376 -0.100000 -0.275862
v 1.145376 0.100000 -0.275862
v 1.146258 -0.100000 -0.277331
v 1.146258 0.100000 -0.277331
v 1.147335 -0.100000 -0.278605
v 1.147335 0.100000 -0.278605
v 1.148609 -0.100000 -0.279683
v 1.148609 0.100000 -0.279683
v 1.150078 -0.100000 -0.280564
v 1.150078 0.100000 -0.280564
v 1.151744 -0.100000 -0.281250
v 1.151744 0.100000 -0.281250
v 1.153605 -0.100000 -0.281740
v 1.153605 0.100000 -0.281740
v 1.155662 -0.100000 -0.282034
v 1.155662 0.100000 -0.282034
v 1.157915 -0.100000 -0.282132
v 1.157915 0.100000 -0.282132
v 1.339733 -0.100000 -0.282132
v 1.339733 0.100000 -0.282132
v 1.341987 -0.100000 -0.282034
v 1.341987 0.100000 -0.282034
v 1.344044 -0.100000 -0.281740
v 1.344044 0.100000 -0.281740
v 1.345905 -0.100000 -0.281250
v 1.345905 0.100000 -0.281250
v 1.347571 -0.100000 -0.280564
v 1.347571 0.100000 -0.280564
v 1.349040 -0.100000 -0.279683
v 1.349040 0.100000 -0.279683
v 1.350314 -0.100000 -0.278605
v 1.350314 0.100000 -0.278605
v 1.351391 -0.100000 -0.277332
v 1.351391 0.100000 -0.277332
v 1.352273 -0.100000 -0.275862
v 1.352273 0.100000 -0.275862
v 1.352958 -0.100000 -0.274197
v 1.352958 0.100000 -0.274197
v 1.353448 -0.100000 -0.272335
v 1.353448 0.100000 -0.272335
v 1.353742 -0.100000 -0.270278
v 1.353742 0.100000 -0.270278
v 1.353840 -0.100000 -0.268025
v 1.353840 0.100000 -0.268025
v 1.353840 -0.100000 -0.222179
v 1.353840 0.100000 -0.222179
v 1.353742 -0.100000 -0.219926
v 1.353742 0.100000 -0.219926
v 1.353448 -0.100000 -0.217868
v 1.353448 0.100000 -0.217868
v 1.352958 -0.100000 -0.216007
v 1.352958 0.100000 -0.216007
v 1.352273 -0.100000 -0.214342
v 1.352273 0.100000 -0.214342
v 1.351391 -0.100000 -0.212872
v 1.351391 0.100000 -0.212872
v 1.350314 -0.100000 -0.211599
v 1.350314 0.100000 -0.211599
v 1.349040 -0.100000 -0.210521
v 1.349040 0.100000 -0.210521
v 1.347571 -0.100000 -0.209639
v 1.347571 0.100000 -0.209639
v 1.345905 -0.100000 -0.208954
v 1.345905 0.100000 -0.208954
v 1.344044 -0.100000 -0.208464
v 1.344044 0.100000 -0.208464
v 1.341987 -0.100000 -0.208170
v 1.341987 0.100000 -0.208170
v 1.339733 -0.100000 -0.208072
v 1.339733 0.100000 -0.208072
v 1.231583 -0.100000 -0.208072
v 1.231583 0.100000 -0.208072
v 1.231583 -0.100000 -0.177900
v 1.231583 0.100000 -0.177900
v 1.307994 -0.100000 -0.177900
v 1.307994 0.100000 -0.177900
v 1.310247 -0.100000 -0.177802
v 1.310247 0.100000 -0.177802
v 1.312304 -0.100000 -0.177508
v 1.312304 0.100000 -0.177508
v 1.314165 -0.100000 -0.177018
v 1.314165 0.100000 -0.177018
v 1.315831 -0.100000 -0.176332
v 1.315831 0.100000 -0.176332
v 1.317300 -0.100000 -0.175451
v 1.317300 0.100000 -0.175451
v 1.318574 -0.100000 -0.174373
v 1.318574 0.100000 -0.174373
v 1.319651 -0.100000 -0.173100
v 1.319651 0.100000 -0.173100
v 1.320533 -0.100000 -0.171630
v 1.320533 0.100000 -0.171630
v 1.321219 -0.100000 -0.169965
v 1.321219 0.100000 -0.169965
v 1.321708 -0.100000 -0.168103
v 1.321708 0.100000 -0.168103
v 1.322002 -0.100000 -0.166046
v 1.322002 0.100000 -0.166046
v 1.322100 -0.100000 -0.163793
v 1.322100 0.100000 -0.163793
v 1.322100 -0.100000 -0.121865
v 1.322100 0.100000 -0.121865
v 1.322002 -0.100000 -0.119612
v 1.322002 0.100000 -0.119612
v 1.321708 -0.100000 -0.117555
v 1.321708 0.100000 -0.117555
v 1.321219 -0.100000 -0.115694
v 1.321219 0.100000 -0.115694
v 1.320533 -0.100000 -0.114028
v 1.320533 0.100000 -0.114028
v 1.319651 -0.100000 -0.112559
v 1.319651 0.100000 -0.112559
v 1.318574 -0.100000 -0.111285
v 1.318574 0.100000 -0.111285
v 1.317300 -0.100000 -0.110208
v 1.317300 0.100000 -0.110208
v 1.315831 -0.100000 -0.109326
v 1.315831 0.100000 -0.109326
v 1.314165 -0.100000 -0.108640
v 1.314165 0.100000 -0.108640
v 1.312304 -0.100000 -0.108150
v 1.312304 0.100000 -0.108150
v 1.310247 -0.100000 -0.107857
v 1.310247 0.100000 -0.107857
v 1.307994 -0.100000 -0.107759
v 1.307994 0.100000 -0.107759
v 1.231583 -0.100000 -0.107759
v 1.231583 0.100000 -0.107759
v 1.231583 -0.100000 -0.074060
v 1.231583 0.100000 -0.074060
v 1.339733 -0.100000 -0.074060
v 1.339733 0.100000 -0.074060
v 1.341987 -0.100000 -0.073962
v 1.341987 0.100000 -0.073962
v 1.344044 -0.100000 -0.073668
v 1.344044 0.100000 -0.073668
v 1.345905 -0.100000 -0.073178
v 1.345905 0.100000 -0.073178
v 1.347571 -0.100000 -0.072492
v 1.347571 0.100000 -0.072492
v 1.349040 -0.100000 -0.071611
v 1.349040 0.100000 -0.071611
v 1.350314 -0.100000 -0.070533
v 1.350314 0.100000 -0.070533
v 1.351391 -0.100000 -0.069259
v 1.351391 0.100000 -0.069259
v 1.352273 -0.100000 -0.067790
v 1.352273 0.100000 -0.067790
v 1.352958 -0.100000 -0.066125
v 1.352958 0.100000 -0.066125
v 1.353448 -0.100000 -0.064263
v 1.353448 0.100000 -0.064263
v 1.353742 -0.100000 -0.062206
v 1.353742 0.100000 -0.062206
v 1.353840 -0.100000 -0.059953
v 1.353840 0.100000 -0.059953
v 1.601881 -0.100000 -0.014107
v 1.601881 0.100000 -0.014107
v 1.601783 -0.100000 -0.011853
v 1.601783 0.100000 -0.011853
v 1.601489 -0.100000 -0.009796
v 1.601489 0.100000 -0.009796
v 1.600999 -0.100000 -0.007935
v 1.600999 0.100000 -0.007935
v 1.600313 -0.100000 -0.006270
v 1.600313 0.100000 -0.006270
v 1.599432 -0.100000 -0.004800
v 1.599432 0.100000 -0.004800
v 1.598354 -0.100000 -0.003527
v 1.598354 0.100000 -0.003527
v 1.597081 -0.100000 -0.002449
v 1.597081 0.100000 -0.002449
v 1.595611 -0.100000 -0.001567
v 1.595611 0.100000 -0.001567
v 1.593946 -0.100000 -0.000882
v 1.593946 0.100000 -0.000882
v 1.592085 -0.100000 -0.000392
v 1.592085 0.100000 -0.000392
v 1.590028 -0.100000 -0.000098
v 1.590028 0.100000 -0.000098
v 1.587774 -0.100000 0.000000
v 1.587774 0.100000 0.000000
v 1.492163 -0.100000 0.000000
v 1.492163 0.100000 0.000000
v 1.484114 -0.100000 -0.000136
v 1.484114 0.100000 -0.000136
v 1.476424 -0.100000 -0.000544
v 1.476424 0.100000 -0.000544
v 1.469093 -0.100000 -0.001225
v 1.469093 0.100000 -0.001225
v 1.462121 -0.100000 -0.002177
v 1.462121 0.100000 -0.002177
v 1.455509 -0.100000 -0.003401
v 1.455509 0.100000 -0.003401
v 1.449255 -0.100000 -0.004898
v 1.449255 0.100000 -0.004898
v 1.443361 -0.100000 -0.006667
v 1.443361 0.100000 -0.006667
v 1.437826 -0.100000 -0.008708
v 1.437826 0.100000 -0.008708
v 1.432651 -0.100000 -0.011021
v 1.432651 0.100000 -0.011021
v 1.427834 -0.100000 -0.013606
v 1.427834 0.100000 -0.013606
v 1.423377 -0.100000 -0.016463
v 1.423377 0.100000 -0.016463
v 1.419279 -0.100000 -0.019592
v 1.419279 0.100000 -0.019592
v 1.415524 -0.100000 -0.023005
v 1.415524 0.100000 -0.023005
v 1.412095 -0.100000 -0.026711
v 1.412095 0.100000 -0.026711
v 1.408993 -0.100000 -0.030711
v 1.408993 0.100000 -0.030711
v 1.406217 -0.100000 -0.035005
v 1.406217 0.100000 -0.035005
v 1.403768 -0.100000 -0.039593
v 1.403768 0.100000 -0.039593
v 1.401646 -0.100000 -0.044475
v 1.401646 0.100000 -0.044475
v 1.399850 -0.100000 -0.049651
v 1.399850 0.100000 -0.049651
v 1.398380 -0.100000 -0.055120
v 1.398380 0.100000 -0.055120
v 1.397237 -0.100000 -0.060884
v 1.397237 0.100000 -0.060884
v 1.396421 -0.100000 -0.066941
v 1.396421 0.100000 -0.066941
v 1.395931 -0.100000 -0.073292
v 1.395931 0.100000 -0.073292
v 1.395768 -0.100000 -0.079937
v 1.395768 0.100000 -0.079937
v 1.395768 -0.100000 -0.201803
v 1.395768 0.100000 -0.201803
v 1.395931 -0.100000 -0.208510
v 1.395931 0.100000 -0.208510
v 1.396421 -0.100000 -0.214919
v 1.396421 0.100000 -0.214919
v 1.397237 -0.100000 -0.221028
v 1.397237 0.100000 -0.221028
v 1.398380 -0.100000 -0.226837
v 1.398380 0.100000 -0.226837
v 1.399850 -0.100000 -0.232348
v 1.399850 0.100000 -0.232348
v 1.401646 -0.100000 -0.237559
v 1.401646 0.100000 -0.237559
v 1.403768 -0.100000 -0.242471
v 1.403768 0.100000 -0.242471
v 1.406217 -0.100000 -0.247083
v 1.406217 0.100000 -0.247083
v 1.408993 -0.100000 -0.251396
v 1.408993 0.100000 -0.251396
v 1.412095 -0.100000 -0.255410
v 1.412095 0.100000 -0.255410
v 1.415524 -0.100000 -0.259124
v 1.415524 0.100000 -0.259124
v 1.419279 -0.100000 -0.262539
v 1.419279 0.100000 -0.262539
v 1.423377 -0.100000 -0.265669
v 1.423377 0.100000 -0.265669
v 1.427834 -0.100000 -0.268526
v 1.427834 0.100000 -0.268526
v 1.432651 -0.100000 -0.271111
v 1.432651 0.100000 -0.271111
v 1.437826 -0.100000 -0.273424
v 1.437826 0.100000 -0.273424
v 1.443361 -0.100000 -0.275465
v 1.443361 0.100000 -0.275465
v 1.449255 -0.100000 -0.277234
v 1.449255 0.100000 -0.277234
v 1.455509 -0.100000 -0.278730
v 1.455509 0.100000 -0.278730
v 1.462121 -0.100000 -0.279955
v 1.462121 0.100000 -0.279955
v 1.469093 -0.100000 -0.280907
v 1.469093 0.100000 -0.280907
v 1.476424 -0.100000 -0.281587
v 1.476424 0.100000 -0.281587
v 1.484114 -0.100000 -0.281996
v 1.484114 0.100000 -0.281996
v 1.492163 -0.100000 -0.282132
v 1.492163 0.100000 -0.282132
v 1.587774 -0.100000 -0.282132
v 1.587774 0.100000 -0.282132
v 1.590027 -0.100000 -0.282034
v 1.590027 0.100000 -0.282034
v 1.592085 -0.100000 -0.281740
v 1.592085 0.100000 -0.281740
v 1.593946 -0.100000 -0.281250
v 1.593946 0.100000 -0.281250
v 1.595611 -0.100000 -0.280564
v 1.595611 0.100000 -0.280564
v 1.597080 -0.100000 -0.279683
v 1.597080 0.100000 -0.279683
v 1.598354 -0.100000 -0.278605
v 1.598354 0.100000 -0.278605
v 1.599432 -0.100000 -0.277332
v 1.599432 0.100000 -0.277332
v 1.600313 -0.100000 -0.275862
v 1.600313 0.100000 -0.275862
v 1.600999 -0.100000 -0.274197
v 1.600999 0.100000 -0.274197
v 1.601489 -0.100000 -0.272335
v 1.601489 0.100000 -0.272335
v 1.601783 -0.100000 -0.270278
v 1.601783 0.100000 -0.270278
v 1.601881 -0.100000 -0.268025
v 1.601881 0.100000 -0.268025
v 1.601881 -0.100000 -0.220611
v 1.601881 0.100000 -0.220611
v 1.601783 -0.100000 -0.218358
v 1.601783 0.100000 -0.218358
v 1.601489 -0.100000 -0.216301
v 1.601489 0.100000 -0.216301
v 1.600999 -0.100000 -0.214440
v 1.600999 0.100000 -0.214440
v 1.600313 -0.100000 -0.212774
v 1.600313 0.100000 -0.212774
v 1.599432 -0.100000 -0.211305
v 1.599432 0.100000 -0.211305
v 1.598354 -0.100000 -0.210031
v 1.598354 0.100000 -0.210031
v 1.597081 -0.100000 -0.208954
v 1.597081 0.100000 -0.208954
v 1.595611 -0.100000 -0.208072
v 1.595611 0.100000 -0.208072
v 1.593946 -0.100000 -0.207386
v 1.593946 0.100000 -0.207386
v 1.592085 -0.100000 -0.206897
v 1.592085 0.100000 -0.206897
v 1.590028 -0.100000 -0.206603
v 1.590028 0.100000 -0.206603
v 1.587774 -0.100000 -0.206505
v 1.587774 0.100000 -0.206505
v 1.509012 -0.100000 -0.206505
v 1.509012 0.100000 -0.206505
v 1.505195 -0.100000 -0.206369
v 1.505195 0.100000 -0.206369
v 1.501709 -0.100000 -0.205960
v 1.501709 0.100000 -0.205960
v 1.498555 -0.100000 -0.205280
v 1.498555 0.100000 -0.205280
v 1.495733 -0.100000 -0.204328
v 1.495733 0.100000 -0.204328
v 1.493243 -0.100000 -0.203103
v 1.493243 0.100000 -0.203103
v 1.491085 -0.100000 -0.201607
v 1.491085 0.100000 -0.201607
v 1.489259 -0.100000 -0.199838
v 1.489259 0.100000 -0.199838
v 1.487766 -0.100000 -0.197797
v 1.487766 0.100000 -0.197797
v 1.486604 -0.100000 -0.195484
v 1.486604 0.100000 -0.195484
v 1.485774 -0.100000 -0.192899
v 1.485774 0.100000 -0.192899
v 1.485276 -0.100000 -0.190042
v 1.485276 0.100000 -0.190042
v 1.485110 -0.100000 -0.186912
v 1.485110 0.100000 -0.186912
v 1.485110 -0.100000 -0.093652
v 1.485110 0.100000 -0.093652
v 1.485276 -0.100000 -0.090648
v 1.485276 0.100000 -0.090648
v 1.485774 -0.100000 -0.087905
v 1.485774 0.100000 -0.087905
v 1.486603 -0.100000 -0.085423
v 1.486603 0.100000 -0.085423
v 1.487765 -0.100000 -0.083203
v 1.487765 0.100000 -0.083203
v 1.489259 -0.100000 -0.081243
v 1.489259 0.100000 -0.081243
v 1.491085 -0.100000 -0.079545
v 1.491085 0.100000 -0.079545
v 1.493243 -0.100000 -0.078109
v 1.493243 0.100000 -0.078109
v 1.495733 -0.100000 -0.076933
v 1.495733 0.100000 -0.076933
v 1.498555 -0.100000 -0.076019
v 1.498555 0.100000 -0.076019
v 1.501709 -0.100000 -0.075366
v 1.501709 0.100000 -0.075366
v 1.505195 -0.100000 -0.074974
v 1.505195 0.100000 -0.074974
v 1.509012 -0.100000 -0.074843
v 1.509012 0.100000 -0.074843
v 1.587774 -0.100000 -0.074843
v 1.587774 0.100000 -0.074843
v 1.590027 -0.100000 -0.074745
v 1.590027 0.100000 -0.074745
v 1.592085 -0.100000 -0.074451
v 1.592085 0.100000 -0.074451
v 1.593946 -0.100000 -0.073962
v 1.593946 0.100000 -0.073962
v 1.595611 -0.100000 -0.073276
v 1.595611 0.100000 -0.073276
v 1.597080 -0.100000 -0.072394
v 1.597080 0.100000 -0.072394
v 1.598354 -0.100000 -0.071317
v 1.598354 0.100000 -0.071317
v 1.599432 -0.100000 -0.070043
v 1.599432 0.100000 -0.070043
v 1.600313 -0.100000 -0.068574
v 1.600313 0.100000 -0.068574
v 1.600999 -0.100000 -0.066908
v 1.600999 0.100000 -0.066908
v 1.601489 -0.100000 -0.065047
v 1.601489 0.100000 -0.065047
v 1.601783 -0.100000 -0.062990
v 1.601783 0.100000 -0.062990
v 1.601881 -0.100000 -0.060737
v 1.601881 0.100000 -0.060737
v 1.793495 -0.100000 -0.014107
v 1.793495 0.100000 -0.014107
v 1.793397 -0.100000 -0.011853
v 1.793397 0.100000 -0.011853
v 1.793103 -0.100000 -0.009796
v 1.793103 0.100000 -0.009796
v 1.792614 -0.100000 -0.007935
v 1.792614 0.100000 -0.007935
v 1.791928 -0.100000 -0.006270
v 1.791928 0.100000 -0.006270
v 1.791046 -0.100000 -0.004800
v 1.791046 0.100000 -0.004800
v 1.789969 -0.100000 -0.003527
v 1.789969 0.100000 -0.003527
v 1.788695 -0.100000 -0.002449
v 1.788695 0.100000 -0.002449
v 1.787226 -0.100000 -0.001567
v 1.787226 0.100000 -0.001567
v 1.785560 -0.100000 -0.000882
v 1.785560 0.100000 -0.000882
v 1.783699 -0.100000 -0.000392
v 1.783699 0.100000 -0.000392
v 1.781642 -0.100000 -0.000098
v 1.781642 0.100000 -0.000098
v 1.779389 -0.100000 0.000000
v 1.779389 0.100000 0.000000
v 1.715909 -0.100000 0.000000
v 1.715909 0.100000 0.000000
v 1.713656 -0.100000 -0.000098
v 1.713656 0.100000 -0.000098
v 1.711599 -0.100000 -0.000392
v 1.711599 0.100000 -0.000392
v 1.709737 -0.100000 -0.000882
v 1.709737 0.100000 -0.000882
v 1.708072 -0.100000 -0.001567
v 1.708072 0.100000 -0.001567
v 1.706602 -0.100000 -0.002449
v 1.706602 0.100000 -0.002449
v 1.705329 -0.100000 -0.003527
v 1.705329 0.100000 -0.003527
v 1.704251 -0.100000 -0.004800
v 1.704251 0.100000 -0.004800
v 1.703370 -0.100000 -0.006270
v 1.703370 0.100000 -0.006270
v 1.702684 -0.100000 -0.007935
v 1.702684 0.100000 -0.007935
v 1.702194 -0.100000 -0.009796
v 1.702194 0.100000 -0.009796
v 1.701900 -0.100000 -0.011853
v 1.701900 0.100000 -0.011853
v 1.701802 -0.100000 -0.014107
v 1.701802 0.100000 -0.014107
v 1.701802 -0.100000 -0.206505
v 1.701802 0.100000 -0.206505
v 1.644201 -0.100000 -0.206505
v 1.644201 0.100000 -0.206505
v 1.641947 -0.100000 -0.206603
v 1.641947 0.100000 -0.206603
v 1.639890 -0.100000 -0.206897
v 1.639890 0.100000 -0.206897
v 1.638029 -0.100000 -0.207386
v 1.638029 0.100000 -0.207386
v 1.636364 -0.100000 -0.208072
v 1.636364 0.100000 -0.208072
v 1.634894 -0.100000 -0.208954
v 1.634894 0.100000 -0.208954
v 1.633621 -0.100000 -0.210031
v 1.633621 0.100000 -0.210031
v 1.632543 -0.100000 -0.211305
v 1.632543 0.100000 -0.211305
v 1.631661 -0.100000 -0.212774
v 1.631661 0.100000 -0.212774
v 1.630976 -0.100000 -0.214440
v 1.630976 0.100000 -0.214440
v 1.630486 -0.100000 -0.216301
v 1.630486 0.100000 -0.216301
v 1.630192 -0.100000 -0.218358
v 1.630192 0.100000 -0.218358
v 1.630094 -0.100000 -0.220611
v 1.630094 0.100000 -0.220611
v 1.630094 -0.100000 -0.268025
v 1.630094 0.100000 -0.268025
v 1.630192 -0.100000 -0.270278
v 1.630192 0.100000 -0.270278
v 1.630486 -0.100000 -0.272335
v 1.630486 0.100000 -0.272335
v 1.630976 -0.100000 -0.274197
v 1.630976 0.100000 -0.274197
v 1.631661 -0.100000 -0.275862
v 1.631661 0.100000 -0.275862
v 1.632543 -0.100000 -0.277331
v 1.632543 0.100000 -0.277331
v 1.633621 -0.100000 -0.278605
v 1.633621 0.100000 -0.278605
v 1.634894 -0.100000 -0.279683
v 1.634894 0.100000 -0.279683
v 1.636364 -0.100000 -0.280564
v 1.636364 0.100000 -0.280564
v 1.638029 -0.100000 -0.281250
v 1.638029 0.100000 -0.281250
v 1.639890 -0.100000 -0.281740
v 1.639890 0.100000 -0.281740
v 1.641947 -0.100000 -0.282034
v 1.641947 0.100000 -0.282034
v 1.644201 -0.100000 -0.282132
v 1.644201 0.100000 -0.282132
v 1.851097 -0.100000 -0.282132
v 1.851097 0.100000 -0.282132
v 1.853350 -0.100000 -0.282034
v 1.853350 0.100000 -0.282034
v 1.855407 -0.100000 -0.281740
v 1.855407 0.100000 -0.281740
v 1.857269 -0.100000 -0.281250
v 1.857269 0.100000 -0.281250
v 1.858934 -0.100000 -0.280564
v 1.858934 0.100000 -0.280564
v 1.860403 -0.100000 -0.279683
v 1.860403 0.100000 -0.279683
v 1.861677 -0.100000 -0.278605
v 1.861677 0.100000 -0.278605
v 1.862754 -0.100000 -0.277332
v 1.862754 0.100000 -0.277332
v 1.863636 -0.100000 -0.275862
v 1.863636 0.100000 -0.275862
v 1.864322 -0.100000 -0.274197
v 1.864322 0.100000 -0.274197
v 1.864812 -0.100000 -0.272335
v 1.864812 0.100000 -0.272335
v 1.865105 -0.100000 -0.270278
v 1.865105 0.100000 -0.270278
v 1.865204 -0.100000 -0.268025
v 1.865204 0.100000 -0.268025
v 1.865204 -0.100000 -0.220611
v 1.865204 0.100000 -0.220611
v 1.865106 -0.100000 -0.218358
v 1.865106 0.100000 -0.218358
v 1.864812 -0.100000 -0.216301
v 1.864812 0.100000 -0.216301
v 1.864322 -0.100000 -0.214440
v 1.864322 0.100000 -0.214440
v 1.863636 -0.100000 -0.212774
v 1.863636 0.100000 -0.212774
v 1.862755 -0.100000 -0.211305
v 1.862755 0.100000 -0.211305
v 1.861677 -0.100000 -0.210031
v 1.861677 0.100000 -0.210031
v 1.860404 -0.100000 -0.208954
v 1.860404 0.100000 -0.208954
v 1.858934 -0.100000 -0.208072
v 1.858934 0.100000 -0.208072
v 1.857269 -0.100000 -0.207386
v 1.857269 0.100000 -0.207386
v 1.855408 -0.100000 -0.206897
v 1.855408 0.100000 -0.206897
v 1.853350 -0.100000 -0.206603
v 1.853350 0.100000 -0.206603
v 1.851097 -0.100000 -0.206505
v 1.851097 0.100000 -0.206505
v 1.793495 -0.100000 -0.206505
v 1.793495 0.100000 -0.206505
v 2.093652 -0.100000 -0.017829
v 2.093652 0.100000 -0.017829
v 2.089946 -0.100000 -0.014981
v 2.089946 0.100000 -0.014981
v 2.086011 -0.100000 -0.012381
v 2.086011 0.100000 -0.012381
v 2.081847 -0.100000 -0.010029
v 2.081847 0.100000 -0.010029
v 2.077456 -0.100000 -0.007924
v 2.077456 0.100000 -0.007924
v 2.072835 -0.100000 -0.006067
v 2.072835 0.100000 -0.006067
v 2.067986 -0.100000 -0.004457
v 2.067986 0.100000 -0.004457
v 2.062908 -0.100000 -0.003095
v 2.062908 0.100000 -0.003095
v 2.057602 -0.100000 -0.001981
v 2.057602 0.100000 -0.001981
v 2.052067 -0.100000 -0.001114
v 2.052067 0.100000 -0.001114
v 2.046304 -0.100000 -0.000495
v 2.046304 0.100000 -0.000495
v 2.040312 -0.100000 -0.000124
v 2.040312 0.100000 -0.000124
v 2.034091 -0.100000 0.000000
v 2.034091 0.100000 0.000000
v 1.910266 -0.100000 0.000000
v 1.910266 0.100000 0.000000
v 1.908013 -0.100000 -0.000098
v 1.908013 0.100000 -0.000098
v 1.905956 -0.100000 -0.000392
v 1.905956 0.100000 -0.000392
v 1.904095 -0.100000 -0.000882
v 1.904095 0.100000 -0.000882
v 1.902429 -0.100000 -0.001567
v 1.902429 0.100000 -0.001567
v 1.900960 -0.100000 -0.002449
v 1.900960 0.100000 -0.002449
v 1.899686 -0.100000 -0.003527
v 1.899686 0.100000 -0.003527
v 1.898609 -0.100000 -0.004800
v 1.898609 0.100000 -0.004800
v 1.897727 -0.100000 -0.006270
v 1.897727 0.100000 -0.006270
v 1.897042 -0.100000 -0.007935
v 1.897042 0.100000 -0.007935
v 1.896552 -0.100000 -0.009796
v 1.896552 0.100000 -0.009796
v 1.896258 -0.100000 -0.011853
v 1.896258 0.100000 -0.011853
v 1.896160 -0.100000 -0.014107
v 1.896160 0.100000 -0.014107
v 1.896160 -0.100000 -0.059953
v 1.896160 0.100000 -0.059953
v 1.896258 -0.100000 -0.062206
v 1.896258 0.100000 -0.062206
v 1.896552 -0.100000 -0.064263
v 1.896552 0.100000 -0.064263
v 1.897041 -0.100000 -0.066125
v 1.897041 0.100000 -0.066125
v 1.897727 -0.100000 -0.067790
v 1.897727 0.100000 -0.067790
v 1.898609 -0.100000 -0.069259
v 1.898609 0.100000 -0.069259
v 1.899686 -0.100000 -0.070533
v 1.899686 0.100000 -0.070533
v 1.900960 -0.100000 -0.071610
v 1.900960 0.100000 -0.071610
v 1.902429 -0.100000 -0.072492
v 1.902429 0.100000 -0.072492
v 1.904095 -0.100000 -0.073178
v 1.904095 0.100000 -0.073178
v 1.905956 -0.100000 -0.073668
v 1.905956 0.100000 -0.073668
v 1.908013 -0.100000 -0.073962
v 1.908013 0.100000 -0.073962
v 1.910266 -0.100000 -0.074060
v 1.910266 0.100000 -0.074060
v 2.015674 -0.100000 -0.074060
v 2.015674 0.100000 -0.074060
v 2.016505 -0.100000 -0.074083
v 2.016505 0.100000 -0.074083
v 2.017301 -0.100000 -0.074152
v 2.017301 0.100000 -0.074152
v 2.018062 -0.100000 -0.074268
v 2.018062 0.100000 -0.074268
v 2.018787 -0.100000 -0.074430
v 2.018787 0.100000 -0.074430
v 2.019477 -0.100000 -0.074638
v 2.019477 0.100000 -0.074638
v 2.020131 -0.100000 -0.074892
v 2.020131 0.100000 -0.074892
v 2.020750 -0.100000 -0.075193
v 2.020750 0.100000 -0.075193
v 2.021334 -0.100000 -0.075540
v 2.021334 0.100000 -0.075540
v 2.021882 -0.100000 -0.075933
v 2.021882 0.100000 -0.075933
v 2.022395 -0.100000 -0.076373
v 2.022395 0.100000 -0.076373
v 2.022873 -0.100000 -0.076858
v 2.022873 0.100000 -0.076858
v 2.023315 -0.100000 -0.077390
v 2.023315 0.100000 -0.077390
v 2.023722 -0.100000 -0.077955
v 2.023722 0.100000 -0.077955
v 2.024093 -0.100000 -0.078539
v 2.024093 0.100000 -0.078539
v 2.024429 -0.100000 -0.079141
v 2.024429 0.100000 -0.079141
v 2.024730 -0.100000 -0.079763
v 2.024730 0.100000 -0.079763
v 2.024995 -0.100000 -0.080404
v 2.024995 0.100000 -0.080404
v 2.025225 -0.100000 -0.081064
v 2.025225 0.100000 -0.081064
v 2.025420 -0.100000 -0.081743
v 2.025420 0.100000 -0.081743
v 2.025579 -0.100000 -0.082441
v 2.025579 0.100000 -0.082441
v 2.025703 -0.100000 -0.083158
v 2.025703 0.100000 -0.083158
v 2.025791 -0.100000 -0.083894
v 2.025791 0.100000 -0.083894
v 2.025844 -0.100000 -0.084649
v 2.025844 0.100000 -0.084649
v 2.025862 -0.100000 -0.085423
v 2.025862 0.100000 -0.085423
v 2.025844 -0.100000 -0.086509
v 2.025844 0.100000 -0.086509
v 2.025791 -0.100000 -0.087546
v 2.025791 0.100000 -0.087546
v 2.025703 -0.100000 -0.088534
v 2.025703 0.100000 -0.088534
v 2.025579 -0.100000 -0.089472
v 2.025579 0.100000 -0.089472
v 2.025420 -0.100000 -0.090362
v 2.025420 0.100000 -0.090362
v 2.025225 -0.100000 -0.091203
v 2.025225 0.100000 -0.091203
v 2.024995 -0.100000 -0.091995
v 2.024995 0.100000 -0.091995
v 2.024730 -0.100000 -0.092738
v 2.024730 0.100000 -0.092738
v 2.024429 -0.100000 -0.093432
v 2.024429 0.100000 -0.093432
v 2.024093 -0.100000 -0.094077
v 2.024093 0.100000 -0.094077
v 2.023722 -0.100000 -0.094672
v 2.023722 0.100000 -0.094672
v 2.023315 -0.100000 -0.095219
v 2.023315 0.100000 -0.095219
v 2.022873 -0.100000 -0.095723
v 2.022873 0.100000 -0.095723
v 2.022395 -0.100000 -0.096188
v 2.022395 0.100000 -0.096188
v 2.021882 -0.100000 -0.096615
v 2.021882 0.100000 -0.096615
v 2.021334 -0.100000 -0.097005
v 2.021334 0.100000 -0.097005
v 2.020750 -0.100000 -0.097356
v 2.020750 0.100000 -0.097356
v 2.020131 -0.100000 -0.097668
v 2.020131 0.100000 -0.097668
v 2.019477 -0.100000 -0.097943
v 2.019477 0.100000 -0.097943
v 2.018787 -0.100000 -0.098180
v 2.018787 0.100000 -0.098180
v 2.018062 -0.100000 -0.098379
v 2.018062 0.100000 -0.098379
v 2.017301 -0.100000 -0.098539
v 2.017301 0.100000 -0.098539
v 2.016505 -0.100000 -0.098662
v 2.016505 0.100000 -0.098662
v 2.015674 -0.100000 -0.098746
v 2.015674 0.100000 -0.098746
v 1.956896 -0.100000 -0.106975
v 1.956896 0.100000 -0.106975
v 1.952400 -0.100000 -0.107760
v 1.952400 0.100000 -0.107760
v 1.948053 -0.100000 -0.108678
v 1.948053 0.100000 -0.108678
v 1.943855 -0.100000 -0.109730
v 1.943855 0.100000 -0.109730
v 1.939807 -0.100000 -0.110915
v 1.939807 0.100000 -0.110915
v 1.935909 -0.100000 -0.112234
v 1.935909 0.100000 -0.112234
v 1.932161 -0.100000 -0.113685
v 1.932161 0.100000 -0.113685
v 1.928562 -0.100000 -0.115270
v 1.928562 0.100000 -0.115270
v 1.925113 -0.100000 -0.116989
v 1.925113 0.100000 -0.116989
v 1.921813 -0.100000 -0.118841
v 1.921813 0.100000 -0.118841
v 1.918664 -0.100000 -0.120826
v 1.918664 0.100000 -0.120826
v 1.915664 -0.100000 -0.122944
v 1.915664 0.100000 -0.122944
v 1.912813 -0.100000 -0.125196
v 1.912813 0.100000 -0.125196
v 1.910153 -0.100000 -0.127646
v 1.910153 0.100000 -0.127646
v 1.907725 -0.100000 -0.130361
v 1.907725 0.100000 -0.130361
v 1.905527 -0.100000 -0.133339
v 1.905527 0.100000 -0.133339
v 1.903561 -0.100000 -0.136581
v 1.903561 0.100000 -0.136581
v 1.901827 -0.100000 -0.140088
v 1.901827 0.100000 -0.140088
v 1.900323 -0.100000 -0.143858
v 1.900323 0.100000 -0.143858
v 1.899051 -0.100000 -0.147892
v 1.899051 0.100000 -0.147892
v 1.898010 -0.100000 -0.152190
v 1.898010 0.100000 -0.152190
v 1.897201 -0.100000 -0.156752
v 1.897201 0.100000 -0.156752
v 1.896622 -0.100000 -0.161578
v 1.896622 0.100000 -0.161578
v 1.896275 -0.100000 -0.166668
v 1.896275 0.100000 -0.166668
v 1.896160 -0.100000 -0.172022
v 1.896160 0.100000 -0.172022
v 1.896160 -0.100000 -0.213166
v 1.896160 0.100000 -0.213166
v 1.896309 -0.100000 -0.218671
v 1.896309 0.100000 -0.218671
v 1.896758 -0.100000 -0.223953
v 1.896758 0.100000 -0.223953
v 1.897507 -0.100000 -0.229012
v 1.897507 0.100000 -0.229012
v 1.898554 -0.100000 -0.233847
v 1.898554 0.100000 -0.233847
v 1.899901 -0.100000 -0.238459
v 1.899901 0.100000 -0.238459
v 1.901547 -0.100000 -0.242849
v 1.901547 0.100000 -0.242849
v 1.903493 -0.100000 -0.247015
v 1.903493 0.100000 -0.247015
v 1.905738 -0.100000 -0.250958
v 1.905738 0.100000 -0.250958
v 1.908282 -0.100000 -0.254678
v 1.908282 0.100000 -0.254678
v 1.911126 -0.100000 -0.258174
v 1.911126 0.100000 -0.258174
v 1.914269 -0.100000 -0.261448
v 1.914269 0.100000 -0.261448
v 1.917711 -0.100000 -0.264498
v 1.917711 0.100000 -0.264498
v 1.921418 -0.100000 -0.267315
v 1.921418 0.100000 -0.267315
v 1.925353 -0.100000 -0.269886
v 1.925353 0.100000 -0.269886
v 1.929516 -0.100000 -0.272213
v 1.929516 0.100000 -0.272213
v 1.933908 -0.100000 -0.274295
v 1.933908 0.100000 -0.274295
v 1.938529 -0.100000 -0.276131
v 1.938529 0.100000 -0.276131
v 1.943378 -0.100000 -0.277723
v 1.943378 0.100000 -0.277723
v 1.948455 -0.100000 -0.279070
v 1.948455 0.100000 -0.279070
v 1.953762 -0.100000 -0.280172
v 1.953762 0.100000 -0.280172
v 1.959297 -0.100000 -0.281030
v 1.959297 0.100000 -0.281030
v 1.965060 -0.100000 -0.281642
v 1.965060 0.100000 -0.281642
v 1.971052 -0.100000 -0.282009
v 1.971052 0.100000 -0.282009
v 1.977273 -0.100000 -0.282132
v 1.977273 0.100000 -0.282132
v 2.086990 -0.100000 -0.282132
v 2.086990 0.100000 -0.282132
v 2.089243 -0.100000 -0.282034
v 2.089243 0.100000 -0.282034
v 2.091301 -0.100000 -0.281740
v 2.091301 0.100000 -0.281740
v 2.093162 -0.100000 -0.281250
v 2.093162 0.100000 -0.281250
v 2.094827 -0.100000 -0.280564
v 2.094827 0.100000 -0.280564
v 2.096297 -0.100000 -0.279683
v 2.096297 0.100000 -0.279683
v 2.097570 -0.100000 -0.278605
v 2.097570 0.100000 -0.278605
v 2.098648 -0.100000 -0.277332
v 2.098648 0.100000 -0.277332
v 2.099530 -0.100000 -0.275862
v 2.099530 0.100000 -0.275862
v 2.100215 -0.100000 -0.274197
v 2.100215 0.100000 -0.274197
v 2.100705 -0.100000 -0.272335
v 2.100705 0.100000 -0.272335
v 2.100999 -0.100000 -0.270278
v 2.100999 0.100000 -0.270278
v 2.101097 -0.100000 -0.268025
v 2.101097 0.100000 -0.268025
v 2.101097 -0.100000 -0.221395
v 2.101097 0.100000 -0.221395
v 2.100999 -0.100000 -0.219142
v 2.100999 0.100000 -0.219142
v 2.100705 -0.100000 -0.217085
v 2.100705 0.100000 -0.217085
v 2.100215 -0.100000 -0.215223
v 2.100215 0.100000 -0.215223
v 2.099530 -0.100000 -0.213558
v 2.099530 0.100000 -0.213558
v 2.098648 -0.100000 -0.212089
v 2.098648 0.100000 -0.212089
v 2.097570 -0.100000 -0.210815
v 2.097570 0.100000 -0.210815
v 2.096297 -0.100000 -0.209737
v 2.096297 0.100000 -0.209737
v 2.094827 -0.100000 -0.208856
v 2.094827 0.100000 -0.208856
v 2.093162 -0.100000 -0.208170
v 2.093162 0.100000 -0.208170
v 2.091301 -0.100000 -0.207680
v 2.091301 0.100000 -0.207680
v 2.089243 -0.100000 -0.207386
v 2.089243 0.100000 -0.207386
v 2.086990 -0.100000 -0.207288
v 2.086990 0.100000 -0.207288
v 1.995690 -0.100000 -0.207288
v 1.995690 0.100000 -0.207288
v 1.994000 -0.100000 -0.207207
v 1.994000 0.100000 -0.207207
v 1.992457 -0.100000 -0.206962
v 1.992457 0.100000 -0.206962
v 1.991061 -0.100000 -0.206554
v 1.991061 0.100000 -0.206554
v 1.989812 -0.100000 -0.205982
v 1.989812 0.100000 -0.205982
v 1.988710 -0.100000 -0.205248
v 1.988710 0.100000 -0.205248
v 1.987755 -0.100000 -0.204350
v 1.987755 0.100000 -0.204350
v 1.986946 -0.100000 -0.203288
v 1.986946 0.100000 -0.203288
v 1.986285 -0.100000 -0.202064
v 1.986285 0.100000 -0.202064
v 1.985771 -0.100000 -0.200676
v 1.985771 0.100000 -0.200676
v 1.985403 -0.100000 -0.199125
v 1.985403 0.100000 -0.199125
v 1.985183 -0.100000 -0.197411
v 1.985183 0.100000 -0.197411
v 1.985110 -0.100000 -0.195533
v 1.985110 0.100000 -0.195533
v 1.985183 -0.100000 -0.193710
v 1.985183 0.100000 -0.193710
v 1.985403 -0.100000 -0.192028
v 1.985403 0.100000 -0.192028
v 1.985771 -0.100000 -0.190488
v 1.985771 0.100000 -0.190488
v 1.986285 -0.100000 -0.189089
v 1.986285 0.100000 -0.189089
v 1.986946 -0.100000 -0.187832
v 1.986946 0.100000 -0.187832
v 1.987755 -0.100000 -0.186716
v 1.987755 0.100000 -0.186716
v 1.988710 -0.100000 -0.185742
v 1.988710 0.100000 -0.185742
v 1.989812 -0.100000 -0.184909
v 1.989812 0.100000 -0.184909
v 1.991061 -0.100000 -0.184218
v 1.991061 0.100000 -0.184218
v 1.992457 -0.100000 -0.183669
v 1.992457 0.100000 -0.183669
v 1.994000 -0.100000 -0.183260
v 1.994000 0.100000 -0.183260
v 1.995690 -0.100000 -0.182994
v 1.995690 0.100000 -0.182994
v 2.054075 -0.100000 -0.175157
v 2.054075 0.100000 -0.175157
v 2.057112 -0.100000 -0.174671
v 2.057112 0.100000 -0.174671
v 2.060084 -0.100000 -0.174128
v 2.060084 0.100000 -0.174128
v 2.062990 -0.100000 -0.173528
v 2.062990 0.100000 -0.173528
v 2.065831 -0.100000 -0.172871
v 2.065831 0.100000 -0.172871
v 2.068607 -0.100000 -0.172157
v 2.068607 0.100000 -0.172157
v 2.071317 -0.100000 -0.171385
v 2.071317 0.100000 -0.171385
v 2.073962 -0.100000 -0.170557
v 2.073962 0.100000 -0.170557
v 2.076542 -0.100000 -0.169671
v 2.076542 0.100000 -0.169671
v 2.079056 -0.100000 -0.168728
v 2.079056 0.100000 -0.168728
v 2.081505 -0.100000 -0.167728
v 2.081505 0.100000 -0.167728
v 2.083889 -0.100000 -0.166671
v 2.083889 0.100000 -0.166671
v 2.086207 -0.100000 -0.165556
v 2.086207 0.100000 -0.165556
v 2.088450 -0.100000 -0.164369
v 2.088450 0.100000 -0.164369
v 2.090610 -0.100000 -0.163091
v 2.090610 0.100000 -0.163091
v 2.092685 -0.100000 -0.161724
v 2.092685 0.100000 -0.161724
v 2.094675 -0.100000 -0.160266
v 2.094675 0.100000 -0.160266
v 2.096581 -0.100000 -0.158719
v 2.096581 0.100000 -0.158719
v 2.098403 -0.100000 -0.157083
v 2.098403 0.100000 -0.157083
v 2.100141 -0.100000 -0.155356
v 2.100141 0.100000 -0.155356
v 2.101794 -0.100000 -0.153540
v 2.101794 0.100000 -0.153540
v 2.103363 -0.100000 -0.151634
v 2.103363 0.100000 -0.151634
v 2.104847 -0.100000 -0.149638
v 2.104847 0.100000 -0.149638
v 2.106247 -0.100000 -0.147552
v 2.106247 0.100000 -0.147552
v 2.107563 -0.100000 -0.145376
v 2.107563 0.100000 -0.145376
v 2.108783 -0.100000 -0.143096
v 2.108783 0.100000 -0.143096
v 2.109897 -0.100000 -0.140696
v 2.109897 0.100000 -0.140696
v 2.110906 -0.100000 -0.138176
v 2.110906 0.100000 -0.138176
v 2.111808 -0.100000 -0.135536
v 2.111808 0.100000 -0.135536
v 2.112604 -0.100000 -0.132777
v 2.112604 0.100000 -0.132777
v 2.113293 -0.100000 -0.129898
v 2.113293 0.100000 -0.129898
v 2.113877 -0.100000 -0.126899
v 2.113877 0.100000 -0.126899
v 2.114355 -0.100000 -0.123781
v 2.114355 0.100000 -0.123781
v 2.114726 -0.100000 -0.120543
v 2.114726 0.100000 -0.120543
v 2.114991 -0.100000 -0.117185
v 2.114991 0.100000 -0.117185
v 2.115151 -0.100000 -0.113707
v 2.115151 0.100000 -0.113707
v 2.115204 -0.100000 -0.110110
v 2.115204 0.100000 -0.110110
v 2.115204 -0.100000 -0.068966
v 2.115204 0.100000 -0.068966
v 2.115054 -0.100000 -0.063522
v 2.115054 0.100000 -0.063522
v 2.114605 -0.100000 -0.058293
v 2.114605 0.100000 -0.058293
v 2.113857 -0.100000 -0.053279
v 2.113857 0.100000 -0.053279
v 2.112809 -0.100000 -0.048480
v 2.112809 0.100000 -0.048480
v 2.111462 -0.100000 -0.043897
v 2.111462 0.100000 -0.043897
v 2.109816 -0.100000 -0.039528
v 2.109816 0.100000 -0.039528
v 2.107870 -0.100000 -0.035374
v 2.107870 0.100000 -0.035374
v 2.105625 -0.100000 -0.031435
v 2.105625 0.100000 -0.031435
v 2.103081 -0.100000 -0.027711
v 2.103081 0.100000 -0.027711
v 2.100237 -0.100000 -0.024202
v 2.100237 0.100000 -0.024202
v 2.097094 -0.100000 -0.020908
v 2.097094 0.100000 -0.020908
vn -0.0000 1.0000 -0.0000
vn 0.0001 1.0000 -0.0000
vn -0.0001 1.0000 -0.0000
vn -0.0012 1.0000 -0.0000
vn -0.0000 -1.0000 -0.0000
vn 0.0001 -1.0000 -0.0000
vn -0.0001 -1.0000 -0.0000
vn -0.0012 -1.0000 -0.0000
vn 0.9998 -0.0000 0.0217
vn 0.9957 -0.0000 0.0925
vn 0.9801 -0.0000 0.1983
vn 0.9480 -0.0000 0.3183
vn 0.8936 -0.0000 0.4489
vn 0.8131 -0.0000 0.5821
vn 0.7071 -0.0000 0.7071
vn 0.5821 -0.0000 0.8131
vn 0.4489 -0.0000 0.8936
vn 0.3183 -0.0000 0.9480
vn 0.1983 -0.0000 0.9801
vn 0.0925 -0.0000 0.9957
vn 0.0217 -0.0000 0.9998
vn -0.0217 -0.0000 0.9998
vn -0.0925 -0.0000 0.9957
vn -0.1983 -0.0000 0.9801
vn -0.3183 -0.0000 0.9480
vn -0.4489 -0.0000 0.8936
vn -0.5821 -0.0000 0.8131
vn -0.7071 -0.0000 0.7071
vn -0.8131 -0.0000 0.5821
vn -0.8936 -0.0000 0.4489
vn -0.9480 -0.0000 0.3183
vn -0.9801 -0.0000 0.1983
vn -0.9957 -0.0000 0.0925
vn -0.9998 -0.0000 0.0217
vn -0.9998 -0.0000 -0.0217
vn -0.9957 -0.0000 -0.0925
vn -0.9801 -0.0000 -0.1983
vn -0.9480 -0.0000 -0.3183
vn -0.8936 -0.0000 -0.4489
vn -0.8131 -0.0000 -0.5821
vn -0.7071 -0.0000 -0.7071
vn -0.5821 -0.0000 -0.8131
vn -0.4489 -0.0000 -0.8936
vn -0.3183 -0.0000 -0.9480
vn -0.1983 -0.0000 -0.9801
vn -0.0925 -0.0000 -0.9957
vn -0.0217 -0.0000 -0.9998
vn 0.0057 -0.0000 -1.0000
vn 0.0235 -0.0000 -0.9997
vn 0.0486 -0.0000 -0.9988
vn 0.0756 -0.0000 -0.9971
vn 0.1046 -0.0000 -0.9945
vn 0.1360 -0.0000 -0.9907
vn 0.1698 -0.0000 -0.9855
vn 0.2062 -0.0000 -0.9785
vn 0.2453 -0.0000 -0.9694
vn 0.2872 -0.0000 -0.9579
vn 0.3321 -0.0000 -0.9433
vn 0.3797 -0.0000 -0.9251
vn 0.4272 -0.0000 -0.9042
vn 0.4711 -0.0000 -0.8821
vn 0.5134 -0.0000 -0.8581
vn 0.5566 -0.0000 -0.8308
vn 0.6002 -0.0000 -0.7998
vn 0.6438 -0.0000 -0.7652
vn 0.6869 -0.0000 -0.7267
vn 0.7289 -0.0000 -0.6846
vn 0.7691 -0.0000 -0.6391
vn 0.8071 -0.0000 -0.5904
vn 0.8422 -0.0000 -0.5391
vn 0.8741 -0.0000 -0.4857
vn 0.9004 -0.0000 -0.4350
vn 0.9199 -0.0000 -0.3922
vn 0.9355 -0.0000 -0.3534
vn 0.9491 -0.0000 -0.3148
vn 0.9610 -0.0000 -0.2766
vn 0.9711 -0.0000 -0.2388
vn 0.9794 -0.0000 -0.2018
vn 0.9862 -0.0000 -0.1656
vn 0.9915 -0.0000 -0.1303
vn 0.9954 -0.0000 -0.0960
vn 0.9980 -0.0000 -0.0629
vn 0.9995 -0.0000 -0.0309
vn 1.0000 -0.0000 -0.0076
vn 1.0000 -0.0000 0.0076
vn 0.9995 -0.0000 0.0309
vn 0.9980 -0.0000 0.0629
vn 0.9954 -0.0000 0.0960
vn 0.9915 -0.0000 0.1303
vn 0.9862 -0.0000 0.1656
vn 0.9794 -0.0000 0.2018
vn 0.9711 -0.0000 0.2388
vn 0.9610 -0.0000 0.2766
vn 0.9491 -0.0000 0.3148
vn 0.9355 -0.0000 0.3534
vn 0.9199 -0.0000 0.3922
vn 0.9004 -0.0000 0.4350
vn 0.8741 -0.0000 0.4857
vn 0.8422 -0.0000 0.5391
vn 0.8071 -0.0000 0.5904
vn 0.7691 -0.0000 0.6391
vn 0.7289 -0.0000 0.6846
vn 0.6869 -0.0000 0.7267
vn 0.6438 -0.0000 0.7652
vn 0.6002 -0.0000 0.7998
vn 0.5566 -0.0000 0.8308
vn 0.5134 -0.0000 0.8581
vn 0.4711 -0.0000 0.8821
vn 0.4272 -0.0000 0.9042
vn 0.3797 -0.0000 0.9251
vn 0.3321 -0.0000 0.9433
vn 0.2872 -0.0000 0.9579
vn 0.2453 -0.0000 0.9694
vn 0.2062 -0.0000 0.9785
vn 0.1698 -0.0000 0.9855
vn 0.1360 -0.0000 0.9907
vn 0.1046 -0.0000 0.9945
vn 0.0756 -0.0000 0.9971
vn 0.0486 -0.0000 0.9988
vn 0.0235 -0.0000 0.9997
vn 0.0057 -0.0000 1.0000
vn -0.0107 -0.0000 0.9999
vn 0.7071 -0.0000 -0.7071
vn -0.0111 -0.0000 -0.9999
vn -0.0464 -0.0000 -0.9989
vn -0.0978 -0.0000 -0.9952
vn -0.1553 -0.0000 -0.9879
vn -0.2195 -0.0000 -0.9756
vn -0.2905 -0.0000 -0.9569
vn -0.3682 -0.0000 -0.9297
vn -0.4517 -0.0000 -0.8922
vn -0.5389 -0.0000 -0.8424
vn -0.6270 -0.0000 -0.7790
vn -0.7122 -0.0000 -0.7020
vn -0.7902 -0.0000 -0.6129
vn -0.8480 -0.0000 -0.5299
vn -0.8806 -0.0000 -0.4738
vn -0.9020 -0.0000 -0.4318
vn -0.9214 -0.0000 -0.3887
vn -0.9387 -0.0000 -0.3448
vn -0.9538 -0.0000 -0.3005
vn -0.9667 -0.0000 -0.2560
vn -0.9774 -0.0000 -0.2116
vn -0.9859 -0.0000 -0.1675
vn -0.9923 -0.0000 -0.1242
vn -0.9967 -0.0000 -0.0817
vn -0.9992 -0.0000 -0.0403
vn -1.0000 -0.0000 -0.0099
vn -1.0000 -0.0000 0.0095
vn -0.9993 -0.0000 0.0386
vn -0.9969 -0.0000 0.0786
vn -0.9928 -0.0000 0.1201
vn -0.9866 -0.0000 0.1631
vn -0.9783 -0.0000 0.2074
vn -0.9676 -0.0000 0.2526
vn -0.9544 -0.0000 0.2985
vn -0.9386 -0.0000 0.3449
vn -0.9202 -0.0000 0.3914
vn -0.8992 -0.0000 0.4375
vn -0.8756 -0.0000 0.4830
vn -0.8404 -0.0000 0.5420
vn -0.7800 -0.0000 0.6257
vn -0.7002 -0.0000 0.7139
vn -0.6142 -0.0000 0.7892
vn -0.5260 -0.0000 0.8505
vn -0.4396 -0.0000 0.8982
vn -0.3576 -0.0000 0.9339
vn -0.2817 -0.0000 0.9595
vn -0.2125 -0.0000 0.9772
vn -0.1502 -0.0000 0.9887
vn -0.0945 -0.0000 0.9955
vn -0.0449 -0.0000 0.9990
vn 0.0059 -0.0000 -1.0000
vn 0.0244 -0.0000 -0.9997
vn 0.0504 -0.0000 -0.9987
vn 0.0784 -0.0000 -0.9969
vn 0.1085 -0.0000 -0.9941
vn 0.1408 -0.0000 -0.9900
vn 0.1756 -0.0000 -0.9845
vn 0.2129 -0.0000 -0.9771
vn 0.2528 -0.0000 -0.9675
vn 0.2955 -0.0000 -0.9553
vn 0.3409 -0.0000 -0.9401
vn 0.3889 -0.0000 -0.9213
vn 0.4364 -0.0000 -0.8998
vn 0.4801 -0.0000 -0.8772
vn 0.5220 -0.0000 -0.8529
vn 0.5646 -0.0000 -0.8254
vn 0.6075 -0.0000 -0.7943
vn 0.6502 -0.0000 -0.7597
vn 0.6923 -0.0000 -0.7216
vn 0.7331 -0.0000 -0.6801
vn 0.7722 -0.0000 -0.6354
vn 0.8090 -0.0000 -0.5878
vn 0.8431 -0.0000 -0.5378
vn 0.8740 -0.0000 -0.4860
vn 0.8997 -0.0000 -0.4365
vn 0.9193 -0.0000 -0.3936
vn 0.9351 -0.0000 -0.3545
vn 0.9489 -0.0000 -0.3155
vn 0.9609 -0.0000 -0.2769
vn 0.9710 -0.0000 -0.2389
vn 0.9795 -0.0000 -0.2016
vn 0.9862 -0.0000 -0.1653
vn 0.9915 -0.0000 -0.1300
vn 0.9954 -0.0000 -0.0957
vn 0.9980 -0.0000 -0.0626
vn 0.9995 -0.0000 -0.0308
vn 1.0000 -0.0000 0.0060
vn 0.9997 -0.0000 0.0246
vn 0.9987 -0.0000 0.0503
vn 0.9970 -0.0000 0.0774
vn 0.9944 -0.0000 0.1058
vn 0.9908 -0.0000 0.1356
vn 0.9860 -0.0000 0.1668
vn 0.9799 -0.0000 0.1995
vn 0.9723 -0.0000 0.2336
vn 0.9631 -0.0000 0.2690
vn 0.9521 -0.0000 0.3057
vn 0.9391 -0.0000 0.3436
vn 0.9218 -0.0000 0.3876
vn 0.8970 -0.0000 0.4420
vn 0.8655 -0.0000 0.5009
vn 0.8295 -0.0000 0.5585
vn 0.7894 -0.0000 0.6139
vn 0.7457 -0.0000 0.6663
vn 0.6991 -0.0000 0.7151
vn 0.6503 -0.0000 0.7597
vn 0.5496 -0.0000 0.8354
vn 0.4992 -0.0000 0.8665
vn 0.4495 -0.0000 0.8933
vn 0.9885 -0.0000 -0.1514
vn 0.1612 -0.0000 -0.9869
vn 0.2159 -0.0000 -0.9764
vn 0.2724 -0.0000 -0.9622
vn 0.3303 -0.0000 -0.9439
vn 0.3888 -0.0000 -0.9213
vn 0.4473 -0.0000 -0.8944
vn 0.5050 -0.0000 -0.8631
vn 0.5610 -0.0000 -0.8278
vn 0.6146 -0.0000 -0.7888
vn 0.6651 -0.0000 -0.7468
vn 0.7120 -0.0000 -0.7022
vn 0.7560 -0.0000 -0.6546
vn 0.7982 -0.0000 -0.6024
vn 0.8376 -0.0000 -0.5463
vn 0.8727 -0.0000 -0.4883
vn 0.9032 -0.0000 -0.4291
vn 0.9291 -0.0000 -0.3697
vn 0.9505 -0.0000 -0.3109
vn 0.9674 -0.0000 -0.2533
vn 0.9803 -0.0000 -0.1976
vn 0.9895 -0.0000 -0.1442
vn 0.9956 -0.0000 -0.0935
vn 0.9990 -0.0000 -0.0455
vn 0.9999 -0.0000 -0.0111
vn 0.9957 -0.0000 0.0926
vn -1.0000 -0.0000 0.0079
vn -0.9995 -0.0000 0.0327
vn -0.9977 -0.0000 0.0683
vn -0.9942 -0.0000 0.1075
vn -0.9886 -0.0000 0.1507
vn -0.9802 -0.0000 0.1981
vn -0.9682 -0.0000 0.2501
vn -0.9517 -0.0000 0.3069
vn -0.9297 -0.0000 0.3684
vn -0.9008 -0.0000 0.4343
vn -0.8638 -0.0000 0.5039
vn -0.8176 -0.0000 0.5757
vn -0.7606 -0.0000 0.6492
vn -0.6930 -0.0000 0.7209
vn -0.6191 -0.0000 0.7853
vn -0.5427 -0.0000 0.8399
vn -0.4665 -0.0000 0.8845
vn -0.3923 -0.0000 0.9198
vn -0.3218 -0.0000 0.9468
vn -0.2559 -0.0000 0.9667
vn -0.1950 -0.0000 0.9808
vn -0.1392 -0.0000 0.9903
vn -0.0884 -0.0000 0.9961
vn -0.0423 -0.0000 0.9991
vn -0.0102 -0.0000 0.9999
vn -0.0111 -0.0000 0.9999
vn -0.0974 -0.0000 -0.9952
vn -0.1542 -0.0000 -0.9880
vn -0.2170 -0.0000 -0.9762
vn -0.2860 -0.0000 -0.9582
vn -0.3608 -0.0000 -0.9326
vn -0.4406 -0.0000 -0.8977
vn -0.5238 -0.0000 -0.8519
vn -0.6077 -0.0000 -0.7941
vn -0.6893 -0.0000 -0.7245
vn -0.7651 -0.0000 -0.6439
vn -0.8244 -0.0000 -0.5660
vn -0.8622 -0.0000 -0.5066
vn -0.8892 -0.0000 -0.4575
vn -0.9131 -0.0000 -0.4077
vn -0.9338 -0.0000 -0.3578
vn -0.9513 -0.0000 -0.3084
vn -0.9657 -0.0000 -0.2597
vn -0.9772 -0.0000 -0.2122
vn -0.9861 -0.0000 -0.1662
vn -0.9926 -0.0000 -0.1218
vn -0.9969 -0.0000 -0.0793
vn -0.9992 -0.0000 -0.0388
vn -1.0000 -0.0000 -0.0095
vn -0.9992 -0.0000 0.0388
vn -0.9969 -0.0000 0.0793
vn -0.9926 -0.0000 0.1218
vn -0.9861 -0.0000 0.1662
vn -0.9772 -0.0000 0.2122
vn -0.9657 -0.0000 0.2597
vn -0.9513 -0.0000 0.3084
vn -0.9338 -0.0000 0.3578
vn -0.9131 -0.0000 0.4077
vn -0.8892 -0.0000 0.4575
vn -0.8622 -0.0000 0.5066
vn -0.8244 -0.0000 0.5660
vn -0.7651 -0.0000 0.6439
vn -0.6893 -0.0000 0.7245
vn -0.6077 -0.0000 0.7941
vn -0.5238 -0.0000 0.8519
vn -0.4406 -0.0000 0.8977
vn -0.3608 -0.0000 0.9326
vn -0.2860 -0.0000 0.9582
vn -0.2170 -0.0000 0.9762
vn -0.1542 -0.0000 0.9880
vn -0.0974 -0.0000 0.9952
vn -0.0464 -0.0000 0.9989
vn 1.0000 -0.0000 -0.0062
vn 1.0000 -0.0000 0.0062
vn 0.9997 -0.0000 0.0249
vn 0.9987 -0.0000 0.0505
vn 0.9970 -0.0000 0.0768
vn 0.9946 -0.0000 0.1038
vn 0.9913 -0.0000 0.1314
vn 0.9872 -0.0000 0.1597
vn 0.9821 -0.0000 0.1885
vn 0.9760 -0.0000 0.2179
vn 0.9689 -0.0000 0.2476
vn 0.9606 -0.0000 0.2778
vn 0.9513 -0.0000 0.3082
vn 0.9396 -0.0000 0.3424
vn 0.9235 -0.0000 0.3836
vn 0.9039 -0.0000 0.4277
vn 0.8821 -0.0000 0.4711
vn 0.8583 -0.0000 0.5132
vn 0.8326 -0.0000 0.5539
vn 0.8053 -0.0000 0.5929
vn 0.7766 -0.0000 0.6300
vn 0.7468 -0.0000 0.6650
vn 0.7162 -0.0000 0.6979
vn 0.6850 -0.0000 0.7285
vn 0.6536 -0.0000 0.7569
vn 0.6201 -0.0000 0.7845
vn 0.5829 -0.0000 0.8125
vn 0.5444 -0.0000 0.8388
vn 0.5069 -0.0000 0.8620
vn 0.4707 -0.0000 0.8823
vn 0.4358 -0.0000 0.9001
vn 0.4023 -0.0000 0.9155
vn 0.3704 -0.0000 0.9289
vn 0.3400 -0.0000 0.9404
vn 0.3112 -0.0000 0.9504
vn 0.2838 -0.0000 0.9589
vn 0.2578 -0.0000 0.9662
vn 0.2321 -0.0000 0.9727
vn 0.2058 -0.0000 0.9786
vn 0.1801 -0.0000 0.9836
vn 0.1562 -0.0000 0.9877
vn 0.1339 -0.0000 0.9910
vn 0.1130 -0.0000 0.9936
vn 0.0936 -0.0000 0.9956
vn 0.0754 -0.0000 0.9972
vn 0.0584 -0.0000 0.9983
vn 0.0424 -0.0000 0.9991
vn 0.0274 -0.0000 0.9996
vn 0.0134 -0.0000 0.9999
vn -0.0000 -0.0000 1.0000
vn -0.0134 -0.0000 0.9999
vn -0.0274 -0.0000 0.9996
vn -0.0424 -0.0000 0.9991
vn -0.0584 -0.0000 0.9983
vn -0.0754 -0.0000 0.9972
vn -0.0936 -0.0000 0.9956
vn -0.1130 -0.0000 0.9936
vn -0.1339 -0.0000 0.9910
vn -0.1562 -0.0000 0.9877
vn -0.1801 -0.0000 0.9836
vn -0.2058 -0.0000 0.9786
vn -0.2321 -0.0000 0.9727
vn -0.2578 -0.0000 0.9662
vn -0.2838 -0.0000 0.9589
vn -0.3111 -0.0000 0.9504
vn -0.3400 -0.0000 0.9404
vn -0.3704 -0.0000 0.9289
vn -0.4023 -0.0000 0.9155
vn -0.4358 -0.0000 0.9001
vn -0.4707 -0.0000 0.8823
vn -0.5069 -0.0000 0.8620
vn -0.5444 -0.0000 0.8388
vn -0.5829 -0.0000 0.8125
vn -0.6200 -0.0000 0.7846
vn -0.6531 -0.0000 0.7573
vn -0.6841 -0.0000 0.7294
vn -0.7147 -0.0000 0.6994
vn -0.7448 -0.0000 0.6673
vn -0.7741 -0.0000 0.6331
vn -0.8023 -0.0000 0.5969
vn -0.8292 -0.0000 0.5590
vn -0.8545 -0.0000 0.5194
vn -0.8781 -0.0000 0.4784
vn -0.8998 -0.0000 0.4363
vn -0.9194 -0.0000 0.3933
vn -0.9357 -0.0000 0.3529
vn -0.9479 -0.0000 0.3184
vn -0.9579 -0.0000 0.2872
vn -0.9666 -0.0000 0.2562
vn -0.9742 -0.0000 0.2255
vn -0.9808 -0.0000 0.1952
vn -0.9862 -0.0000 0.1654
vn -0.9907 -0.0000 0.1362
vn -0.9942 -0.0000 0.1076
vn -0.9968 -0.0000 0.0796
vn -0.9986 -0.0000 0.0524
vn -0.9997 -0.0000 0.0259
vn -1.0000 -0.0000 0.0064
vn -1.0000 -0.0000 -0.0064
vn -0.9997 -0.0000 -0.0258
vn -0.9986 -0.0000 -0.0524
vn -0.9968 -0.0000 -0.0796
vn -0.9942 -0.0000 -0.1076
vn -0.9907 -0.0000 -0.1362
vn -0.9862 -0.0000 -0.1654
vn -0.9808 -0.0000 -0.1952
vn -0.9742 -0.0000 -0.2255
vn -0.9666 -0.0000 -0.2562
vn -0.9579 -0.0000 -0.2872
vn -0.9479 -0.0000 -0.3185
vn -0.9357 -0.0000 -0.3529
vn -0.9194 -0.0000 -0.3933
vn -0.8998 -0.0000 -0.4363
vn -0.8781 -0.0000 -0.4784
vn -0.8545 -0.0000 -0.5194
vn -0.8292 -0.0000 -0.5590
vn -0.8023 -0.0000 -0.5969
vn -0.7741 -0.0000 -0.6331
vn -0.7448 -0.0000 -0.6673
vn -0.7147 -0.0000 -0.6994
vn -0.6841 -0.0000 -0.7294
vn -0.6531 -0.0000 -0.7573
vn -0.6201 -0.0000 -0.7845
vn -0.5835 -0.0000 -0.8121
vn -0.5457 -0.0000 -0.8380
vn -0.5089 -0.0000 -0.8608
vn -0.4733 -0.0000 -0.8809
vn -0.4391 -0.0000 -0.8984
vn -0.4064 -0.0000 -0.9137
vn -0.3751 -0.0000 -0.9270
vn -0.3454 -0.0000 -0.9385
vn -0.3171 -0.0000 -0.9484
vn -0.2903 -0.0000 -0.9569
vn -0.2649 -0.0000 -0.9643
vn -0.2394 -0.0000 -0.9709
vn -0.2126 -0.0000 -0.9771
vn -0.1861 -0.0000 -0.9825
vn -0.1614 -0.0000 -0.9869
vn -0.1384 -0.0000 -0.9904
vn -0.1169 -0.0000 -0.9931
vn -0.0968 -0.0000 -0.9953
vn -0.0780 -0.0000 -0.9970
vn -0.0604 -0.0000 -0.9982
vn -0.0439 -0.0000 -0.9990
vn -0.0284 -0.0000 -0.9996
vn -0.0138 -0.0000 -0.9999
vn -0.0000 -0.0000 -1.0000
vn 0.0138 -0.0000 -0.9999
vn 0.0284 -0.0000 -0.9996
vn 0.0439 -0.0000 -0.9990
vn 0.0604 -0.0000 -0.9982
vn 0.0780 -0.0000 -0.9970
vn 0.0968 -0.0000 -0.9953
vn 0.1169 -0.0000 -0.9931
vn 0.1384 -0.0000 -0.9904
vn 0.1614 -0.0000 -0.9869
vn 0.1861 -0.0000 -0.9825
vn 0.2126 -0.0000 -0.9771
vn 0.2394 -0.0000 -0.9709
vn 0.2649 -0.0000 -0.9643
vn 0.2903 -0.0000 -0.9569
vn 0.3171 -0.0000 -0.9484
vn 0.3454 -0.0000 -0.9385
vn 0.3751 -0.0000 -0.9270
vn 0.4064 -0.0000 -0.9137
vn 0.4391 -0.0000 -0.8984
vn 0.4733 -0.0000 -0.8809
vn 0.5089 -0.0000 -0.8608
vn 0.5457 -0.0000 -0.8380
vn 0.5835 -0.0000 -0.8121
vn 0.6202 -0.0000 -0.7844
vn 0.6536 -0.0000 -0.7569
vn 0.6850 -0.0000 -0.7285
vn 0.7162 -0.0000 -0.6979
vn 0.7468 -0.0000 -0.6650
vn 0.7766 -0.0000 -0.6300
vn 0.8053 -0.0000 -0.5929
vn 0.8326 -0.0000 -0.5539
vn 0.8583 -0.0000 -0.5132
vn 0.8821 -0.0000 -0.4711
vn 0.9039 -0.0000 -0.4277
vn 0.9235 -0.0000 -0.3835
vn 0.9396 -0.0000 -0.3423
vn 0.9513 -0.0000 -0.3082
vn 0.9606 -0.0000 -0.2778
vn 0.9689 -0.0000 -0.2476
vn 0.9760 -0.0000 -0.2179
vn 0.9821 -0.0000 -0.1885
vn 0.9872 -0.0000 -0.1597
vn 0.9913 -0.0000 -0.1314
vn 0.9946 -0.0000 -0.1038
vn 0.9970 -0.0000 -0.0768
vn 0.9987 -0.0000 -0.0505
vn 0.9997 -0.0000 -0.0249
vn 0.9999 -0.0000 0.0159
vn 0.9999 -0.0000 -0.0158
vn 0.9979 -0.0000 -0.0645
vn 0.9913 -0.0000 -0.1313
vn 0.9797 -0.0000 -0.2002
vn 0.9628 -0.0000 -0.2702
vn 0.9404 -0.0000 -0.3400
vn 0.9127 -0.0000 -0.4086
vn 0.8800 -0.0000 -0.4750
vn 0.8430 -0.0000 -0.5379
vn 0.8026 -0.0000 -0.5966
vn 0.7595 -0.0000 -0.6505
vn 0.7148 -0.0000 -0.6994
vn 0.6538 -0.0000 -0.7566
vn 0.5636 -0.0000 -0.8260
vn 0.4658 -0.0000 -0.8849
vn 0.3805 -0.0000 -0.9248
vn 0.3076 -0.0000 -0.9515
vn 0.2456 -0.0000 -0.9694
vn 0.1930 -0.0000 -0.9812
vn 0.1482 -0.0000 -0.9890
vn 0.1098 -0.0000 -0.9940
vn 0.0766 -0.0000 -0.9971
vn 0.0478 -0.0000 -0.9989
vn 0.0225 -0.0000 -0.9997
vn 0.0001 -0.0000 -1.0000
vn -0.0222 -0.0000 -0.9998
vn -0.0470 -0.0000 -0.9989
vn -0.0756 -0.0000 -0.9971
vn -0.1085 -0.0000 -0.9941
vn -0.1468 -0.0000 -0.9892
vn -0.1917 -0.0000 -0.9814
vn -0.2448 -0.0000 -0.9696
vn -0.3077 -0.0000 -0.9515
vn -0.3823 -0.0000 -0.9240
vn -0.4703 -0.0000 -0.8825
vn -0.5718 -0.0000 -0.8204
vn -0.6650 -0.0000 -0.7468
vn -0.7265 -0.0000 -0.6872
vn -0.7702 -0.0000 -0.6378
vn -0.8120 -0.0000 -0.5836
vn -0.8511 -0.0000 -0.5250
vn -0.8866 -0.0000 -0.4626
vn -0.9177 -0.0000 -0.3972
vn -0.9440 -0.0000 -0.3300
vn -0.9651 -0.0000 -0.2618
vn -0.9810 -0.0000 -0.1938
vn -0.9919 -0.0000 -0.1271
vn -0.9981 -0.0000 -0.0623
vn -0.9999 -0.0000 -0.0152
vn -0.9999 -0.0000 0.0153
vn -0.9980 -0.0000 0.0625
vn -0.9918 -0.0000 0.1277
vn -0.9808 -0.0000 0.1951
vn -0.9645 -0.0000 0.2641
vn -0.9427 -0.0000 0.3336
vn -0.9155 -0.0000 0.4023
vn -0.8831 -0.0000 0.4692
vn -0.8460 -0.0000 0.5332
vn -0.8050 -0.0000 0.5932
vn -0.7610 -0.0000 0.6487
vn -0.7150 -0.0000 0.6991
vn -0.6515 -0.0000 0.7586
vn -0.5575 -0.0000 0.8302
vn -0.4567 -0.0000 0.8896
vn -0.3702 -0.0000 0.9290
vn -0.2973 -0.0000 0.9548
vn -0.2362 -0.0000 0.9717
vn -0.1849 -0.0000 0.9828
vn -0.1415 -0.0000 0.9899
vn -0.1045 -0.0000 0.9945
vn -0.0728 -0.0000 0.9973
vn -0.0453 -0.0000 0.9990
vn -0.0213 -0.0000 0.9998
vn 0.0001 -0.0000 1.0000
vn 0.0460 -0.0000 0.9989
vn 0.0738 -0.0000 0.9973
vn 0.1058 -0.0000 0.9944
vn 0.1428 -0.0000 0.9897
vn 0.1861 -0.0000 0.9825
vn 0.2371 -0.0000 0.9715
vn 0.2972 -0.0000 0.9548
vn 0.3684 -0.0000 0.9297
vn 0.4522 -0.0000 0.8919
vn 0.5493 -0.0000 0.8356
vn 0.6402 -0.0000 0.7682
vn 0.7031 -0.0000 0.7111
vn 0.7501 -0.0000 0.6614
vn 0.7953 -0.0000 0.6062
vn 0.8377 -0.0000 0.5461
vn 0.8764 -0.0000 0.4816
vn 0.9104 -0.0000 0.4138
vn 0.9391 -0.0000 0.3437
vn 0.9621 -0.0000 0.2726
vn 0.9795 -0.0000 0.2016
vn 0.9913 -0.0000 0.1319
vn 0.9979 -0.0000 0.0647
vn 0.9998 -0.0000 -0.0217
vn 1.0000 -0.0000 0.0084
vn 0.9994 -0.0000 0.0343
vn 0.9976 -0.0000 0.0698
vn 0.9943 -0.0000 0.1065
vn 0.9895 -0.0000 0.1445
vn 0.9830 -0.0000 0.1834
vn 0.9747 -0.0000 0.2233
vn 0.9645 -0.0000 0.2640
vn 0.9523 -0.0000 0.3051
vn 0.9380 -0.0000 0.3466
vn 0.9216 -0.0000 0.3881
vn 0.9031 -0.0000 0.4293
vn 0.8798 -0.0000 0.4754
vn 0.8478 -0.0000 0.5303
vn 0.8093 -0.0000 0.5874
vn 0.7678 -0.0000 0.6407
vn 0.7240 -0.0000 0.6898
vn 0.6789 -0.0000 0.7343
vn 0.6330 -0.0000 0.7741
vn 0.5872 -0.0000 0.8094
vn 0.5421 -0.0000 0.8403
vn 0.4980 -0.0000 0.8672
vn 0.4554 -0.0000 0.8903
vn 0.4145 -0.0000 0.9100
vn 0.3726 -0.0000 0.9280
vn 0.3275 -0.0000 0.9449
vn 0.2830 -0.0000 0.9591
vn 0.2423 -0.0000 0.9702
vn 0.2050 -0.0000 0.9788
vn 0.1710 -0.0000 0.9853
vn 0.1399 -0.0000 0.9902
vn 0.1114 -0.0000 0.9938
vn 0.0852 -0.0000 0.9964
vn 0.0613 -0.0000 0.9981
vn 0.0392 -0.0000 0.9992
vn 0.0189 -0.0000 0.9998
vn -0.0001 -0.0000 1.0000
vn -0.0192 -0.0000 0.9998
vn -0.0398 -0.0000 0.9992
vn -0.0622 -0.0000 0.9981
vn -0.0864 -0.0000 0.9963
vn -0.1127 -0.0000 0.9936
vn -0.1414 -0.0000 0.9900
vn -0.1726 -0.0000 0.9850
vn -0.2066 -0.0000 0.9784
vn -0.2437 -0.0000 0.9698
vn -0.2842 -0.0000 0.9588
vn -0.3282 -0.0000 0.9446
vn -0.3728 -0.0000 0.9279
vn -0.4148 -0.0000 0.9099
vn -0.4559 -0.0000 0.8900
vn -0.4989 -0.0000 0.8667
vn -0.5434 -0.0000 0.8395
vn -0.5890 -0.0000 0.8082
vn -0.6352 -0.0000 0.7723
vn -0.6815 -0.0000 0.7318
vn -0.7271 -0.0000 0.6865
vn -0.7713 -0.0000 0.6365
vn -0.8131 -0.0000 0.5822
vn -0.8518 -0.0000 0.5239
vn -0.8836 -0.0000 0.4682
vn -0.9065 -0.0000 0.4222
vn -0.9244 -0.0000 0.3813
vn -0.9403 -0.0000 0.3403
vn -0.9541 -0.0000 0.2994
vn -0.9659 -0.0000 0.2589
vn -0.9757 -0.0000 0.2190
vn -0.9837 -0.0000 0.1798
vn -0.9899 -0.0000 0.1416
vn -0.9945 -0.0000 0.1044
vn -0.9977 -0.0000 0.0684
vn -0.9994 -0.0000 0.0336
vn -1.0000 -0.0000 0.0083
vn -0.9957 -0.0000 -0.0926
vn 0.0217 -0.0000 -0.9998
vn 0.0925 -0.0000 -0.9957
vn 0.1983 -0.0000 -0.9801
vn 0.3183 -0.0000 -0.9480
vn 0.4489 -0.0000 -0.8936
vn 0.5821 -0.0000 -0.8131
vn 0.8131 -0.0000 -0.5821
vn 0.8936 -0.0000 -0.4489
vn 0.9480 -0.0000 -0.3183
vn 0.9801 -0.0000 -0.1983
vn 0.9957 -0.0000 -0.0926
vn 0.9999 -0.0000 -0.0132
vn 0.9986 -0.0000 -0.0538
vn 0.9940 -0.0000 -0.1098
vn 0.9858 -0.0000 -0.1679
vn 0.9737 -0.0000 -0.2278
vn 0.9575 -0.0000 -0.2886
vn 0.9369 -0.0000 -0.3497
vn 0.9119 -0.0000 -0.4103
vn 0.8829 -0.0000 -0.4696
vn 0.8500 -0.0000 -0.5268
vn 0.8138 -0.0000 -0.5811
vn 0.7749 -0.0000 -0.6321
vn 0.7189 -0.0000 -0.6951
vn 0.6310 -0.0000 -0.7758
vn 0.5303 -0.0000 -0.8478
vn 0.4383 -0.0000 -0.8988
vn 0.3571 -0.0000 -0.9341
vn 0.2867 -0.0000 -0.9580
vn 0.2260 -0.0000 -0.9741
vn 0.1739 -0.0000 -0.9848
vn 0.1289 -0.0000 -0.9917
vn 0.0900 -0.0000 -0.9959
vn 0.0561 -0.0000 -0.9984
vn 0.0265 -0.0000 -0.9996
vn -0.0003 -0.0000 -1.0000
vn -0.0277 -0.0000 -0.9996
vn -0.0589 -0.0000 -0.9983
vn -0.0947 -0.0000 -0.9955
vn -0.1360 -0.0000 -0.9907
vn -0.1839 -0.0000 -0.9830
vn -0.2396 -0.0000 -0.9709
vn -0.3047 -0.0000 -0.9524
vn -0.3804 -0.0000 -0.9248
vn -0.4675 -0.0000 -0.8840
vn -0.5654 -0.0000 -0.8248
vn -0.6708 -0.0000 -0.7416
vn -0.7595 -0.0000 -0.6505
vn -0.8123 -0.0000 -0.5832
vn -0.8466 -0.0000 -0.5322
vn -0.8779 -0.0000 -0.4789
vn -0.9057 -0.0000 -0.4240
vn -0.9297 -0.0000 -0.3682
vn -0.9500 -0.0000 -0.3121
vn -0.9666 -0.0000 -0.2564
vn -0.9795 -0.0000 -0.2017
vn -0.9889 -0.0000 -0.1484
vn -0.9953 -0.0000 -0.0968
vn -0.9989 -0.0000 -0.0473
vn -0.9999 -0.0000 -0.0116
vn 0.9957 -0.0000 -0.0925
vn -0.0085 -0.0000 1.0000
vn -0.0350 -0.0000 0.9994
vn -0.0727 -0.0000 0.9974
vn -0.1139 -0.0000 0.9935
vn -0.1588 -0.0000 0.9873
vn -0.2075 -0.0000 0.9782
vn -0.2602 -0.0000 0.9656
vn -0.3168 -0.0000 0.9485
vn -0.3772 -0.0000 0.9261
vn -0.4407 -0.0000 0.8976
vn -0.5067 -0.0000 0.8621
vn -0.5738 -0.0000 0.8190
vn -0.6403 -0.0000 0.7681
vn -0.7039 -0.0000 0.7103
vn -0.7629 -0.0000 0.6466
vn -0.8158 -0.0000 0.5784
vn -0.8618 -0.0000 0.5073
vn -0.9004 -0.0000 0.4352
vn -0.9316 -0.0000 0.3635
vn -0.9559 -0.0000 0.2938
vn -0.9739 -0.0000 0.2271
vn -0.9864 -0.0000 0.1641
vn -0.9944 -0.0000 0.1053
vn -0.9987 -0.0000 0.0507
vn -0.9999 -0.0000 0.0123
vn -0.9999 -0.0000 -0.0122
vn -0.9987 -0.0000 -0.0503
vn -0.9945 -0.0000 -0.1044
vn -0.9867 -0.0000 -0.1628
vn -0.9743 -0.0000 -0.2255
vn -0.9564 -0.0000 -0.2920
vn -0.9324 -0.0000 -0.3615
vn -0.9013 -0.0000 -0.4332
vn -0.8628 -0.0000 -0.5055
vn -0.8168 -0.0000 -0.5769
vn -0.7637 -0.0000 -0.6455
vn -0.7045 -0.0000 -0.7097
vn -0.6404 -0.0000 -0.7680
vn -0.5738 -0.0000 -0.8190
vn -0.5067 -0.0000 -0.8621
vn -0.4407 -0.0000 -0.8976
vn -0.3772 -0.0000 -0.9261
vn -0.3168 -0.0000 -0.9485
vn -0.2602 -0.0000 -0.9656
vn -0.2075 -0.0000 -0.9782
vn -0.1588 -0.0000 -0.9873
vn -0.1139 -0.0000 -0.9935
vn -0.0727 -0.0000 -0.9974
vn -0.0350 -0.0000 -0.9994
vn -0.0085 -0.0000 -1.0000
vn 0.9998 -0.0000 -0.0218
vn 0.0178 -0.0000 0.9998
vn 0.0760 -0.0000 0.9971
vn 0.1638 -0.0000 0.9865
vn 0.2657 -0.0000 0.9640
vn 0.3814 -0.0000 0.9244
vn 0.5070 -0.0000 0.8619
vn 0.6349 -0.0000 0.7726
vn 0.7541 -0.0000 0.6568
vn 0.8532 -0.0000 0.5216
vn 0.9256 -0.0000 0.3784
vn 0.9710 -0.0000 0.2392
vn 0.9936 -0.0000 0.1125
vn 0.9996 -0.0000 0.0265
vn 0.9996 -0.0000 -0.0276
vn 0.9931 -0.0000 -0.1171
vn 0.9686 -0.0000 -0.2485
vn 0.9201 -0.0000 -0.3916
vn 0.8436 -0.0000 -0.5369
vn 0.7408 -0.0000 -0.6717
vn 0.6196 -0.0000 -0.7849
vn 0.4919 -0.0000 -0.8707
vn 0.3683 -0.0000 -0.9297
vn 0.2559 -0.0000 -0.9667
vn 0.1574 -0.0000 -0.9875
vn 0.0730 -0.0000 -0.9973
vn 0.0171 -0.0000 -0.9999
vn -0.9957 -0.0000 0.0926
vn 0.6384 -0.0000 0.7697
vn 0.5807 -0.0000 0.8141
vn 0.5219 -0.0000 0.8530
vn 0.4623 -0.0000 0.8867
vn 0.4028 -0.0000 0.9153
vn 0.3442 -0.0000 0.9389
vn 0.2324 -0.0000 0.9726
vn 0.1802 -0.0000 0.9836
vn 0.1308 -0.0000 0.9914
vn 0.0844 -0.0000 0.9964
vn 0.0409 -0.0000 0.9992
vn 0.0099 -0.0000 1.0000
vn -0.0139 -0.0000 -0.9999
vn -0.0574 -0.0000 -0.9984
vn -0.1187 -0.0000 -0.9929
vn -0.1842 -0.0000 -0.9829
vn -0.2536 -0.0000 -0.9673
vn -0.3259 -0.0000 -0.9454
vn -0.3999 -0.0000 -0.9165
vn -0.4743 -0.0000 -0.8803
vn -0.5474 -0.0000 -0.8369
vn -0.6173 -0.0000 -0.7867
vn -0.6825 -0.0000 -0.7309
vn -0.7417 -0.0000 -0.6708
vn -0.7906 -0.0000 -0.6123
vn -0.8279 -0.0000 -0.5609
vn -0.8589 -0.0000 -0.5121
vn -0.8872 -0.0000 -0.4614
vn -0.9125 -0.0000 -0.4092
vn -0.9345 -0.0000 -0.3559
vn -0.9532 -0.0000 -0.3023
vn -0.9685 -0.0000 -0.2491
vn -0.9805 -0.0000 -0.1963
vn -0.9895 -0.0000 -0.1447
vn -0.9955 -0.0000 -0.0948
vn -0.9989 -0.0000 -0.0465
vn -1.0000 -0.0000 -0.0033
vn -0.9994 -0.0000 0.0337
vn -0.9975 -0.0000 0.0702
vn -0.9939 -0.0000 0.1100
vn -0.9882 -0.0000 0.1535
vn -0.9796 -0.0000 0.2009
vn -0.9677 -0.0000 0.2522
vn -0.9515 -0.0000 0.3077
vn -0.9301 -0.0000 0.3672
vn -0.9027 -0.0000 0.4302
vn -0.8684 -0.0000 0.4959
vn -0.8263 -0.0000 0.5633
vn -0.7775 -0.0000 0.6289
vn -0.7251 -0.0000 0.6886
vn -0.6695 -0.0000 0.7428
vn -0.6099 -0.0000 0.7925
vn -0.5474 -0.0000 0.8368
vn -0.4836 -0.0000 0.8753
vn -0.4194 -0.0000 0.9078
vn -0.3561 -0.0000 0.9344
vn -0.2945 -0.0000 0.9556
vn -0.2355 -0.0000 0.9719
vn -0.1794 -0.0000 0.9838
vn -0.1266 -0.0000 0.9920
vn -0.1198 -0.0000 0.9928
vn -0.1553 -0.0000 0.9879
vn -0.1894 -0.0000 0.9819
vn -0.2249 -0.0000 0.9744
vn -0.2621 -0.0000 0.9651
vn -0.3007 -0.0000 0.9537
vn -0.3409 -0.0000 0.9401
vn -0.3822 -0.0000 0.9241
vn -0.4246 -0.0000 0.9054
vn -0.4678 -0.0000 0.8838
vn -0.5115 -0.0000 0.8593
vn -0.5552 -0.0000 0.8317
vn -0.5986 -0.0000 0.8011
vn -0.6492 -0.0000 0.7606
vn -0.7122 -0.0000 0.7020
vn -0.7758 -0.0000 0.6309
vn -0.8307 -0.0000 0.5567
vn -0.8765 -0.0000 0.4814
vn -0.9133 -0.0000 0.4073
vn -0.9419 -0.0000 0.3358
vn -0.9634 -0.0000 0.2682
vn -0.9787 -0.0000 0.2051
vn -0.9891 -0.0000 0.1469
vn -0.9956 -0.0000 0.0935
vn -0.9990 -0.0000 0.0448
vn -0.9999 -0.0000 0.0108
vn -0.9999 -0.0000 -0.0136
vn -0.9984 -0.0000 -0.0560
vn -0.9933 -0.0000 -0.1156
vn -0.9838 -0.0000 -0.1791
vn -0.9692 -0.0000 -0.2462
vn -0.9488 -0.0000 -0.3160
vn -0.9219 -0.0000 -0.3875
vn -0.8883 -0.0000 -0.4593
vn -0.8479 -0.0000 -0.5301
vn -0.8013 -0.0000 -0.5983
vn -0.7492 -0.0000 -0.6623
vn -0.6928 -0.0000 -0.7211
vn -0.6346 -0.0000 -0.7729
vn -0.5764 -0.0000 -0.8172
vn -0.5177 -0.0000 -0.8555
vn -0.4583 -0.0000 -0.8888
vn -0.3991 -0.0000 -0.9169
vn -0.3408 -0.0000 -0.9401
vn -0.2843 -0.0000 -0.9587
vn -0.2300 -0.0000 -0.9732
vn -0.1783 -0.0000 -0.9840
vn -0.1294 -0.0000 -0.9916
vn -0.0834 -0.0000 -0.9965
vn -0.0404 -0.0000 -0.9992
vn -0.0098 -0.0000 -1.0000
vn 0.0241 -0.0000 0.9997
vn 0.1027 -0.0000 0.9947
vn 0.2191 -0.0000 0.9757
vn 0.3493 -0.0000 0.9370
vn 0.4869 -0.0000 0.8735
vn 0.6220 -0.0000 0.7830
vn 0.7428 -0.0000 0.6695
vn 0.8403 -0.0000 0.5421
vn 0.9111 -0.0000 0.4123
vn 0.9572 -0.0000 0.2895
vn 0.9838 -0.0000 0.1793
vn 0.9965 -0.0000 0.0834
vn 1.0000 -0.0000 -0.0006
vn 0.9964 -0.0000 -0.0852
vn 0.9834 -0.0000 -0.1812
vn 0.9573 -0.0000 -0.2891
vn 0.9138 -0.0000 -0.4062
vn 0.8496 -0.0000 -0.5274
vn 0.7640 -0.0000 -0.6452
vn 0.6602 -0.0000 -0.7510
vn 0.5449 -0.0000 -0.8385
vn 0.4262 -0.0000 -0.9046
vn 0.3116 -0.0000 -0.9502
vn 0.2061 -0.0000 -0.9785
vn 0.1445 -0.0000 -0.9895
vn 0.1455 -0.0000 -0.9894
vn 0.1688 -0.0000 -0.9856
vn 0.1910 -0.0000 -0.9816
vn 0.2138 -0.0000 -0.9769
vn 0.2373 -0.0000 -0.9714
vn 0.2615 -0.0000 -0.9652
vn 0.2864 -0.0000 -0.9581
vn 0.3119 -0.0000 -0.9501
vn 0.3380 -0.0000 -0.9412
vn 0.3646 -0.0000 -0.9312
vn 0.3918 -0.0000 -0.9201
vn 0.4194 -0.0000 -0.9078
vn 0.4507 -0.0000 -0.8927
vn 0.4887 -0.0000 -0.8725
vn 0.5299 -0.0000 -0.8481
vn 0.5706 -0.0000 -0.8212
vn 0.6106 -0.0000 -0.7919
vn 0.6495 -0.0000 -0.7604
vn 0.6868 -0.0000 -0.7268
vn 0.7224 -0.0000 -0.6914
vn 0.7561 -0.0000 -0.6545
vn 0.7875 -0.0000 -0.6163
vn 0.8166 -0.0000 -0.5772
vn 0.8432 -0.0000 -0.5375
vn 0.8690 -0.0000 -0.4948
vn 0.8947 -0.0000 -0.4467
vn 0.9181 -0.0000 -0.3965
vn 0.9377 -0.0000 -0.3476
vn 0.9538 -0.0000 -0.3004
vn 0.9669 -0.0000 -0.2551
vn 0.9773 -0.0000 -0.2121
vn 0.9852 -0.0000 -0.1713
vn 0.9912 -0.0000 -0.1327
vn 0.9953 -0.0000 -0.0964
vn 0.9981 -0.0000 -0.0623
vn 0.9995 -0.0000 -0.0302
vn 1.0000 -0.0000 -0.0074
vn 0.9999 -0.0000 0.0137
vn 0.9984 -0.0000 0.0565
vn 0.9932 -0.0000 0.1167
vn 0.9836 -0.0000 0.1806
vn 0.9688 -0.0000 0.2478
vn 0.9483 -0.0000 0.3175
vn 0.9214 -0.0000 0.3887
vn 0.8879 -0.0000 0.4600
vn 0.8479 -0.0000 0.5301
vn 0.8020 -0.0000 0.5974
vn 0.7508 -0.0000 0.6605
vn 0.6956 -0.0000 0.7184
vt 0.573840 0.000000
vt 0.582278 0.000000
vt 0.578059 0.000000
vt 0.586498 0.000000
vt 0.590717 0.000000
vt 0.569620 0.000000
vt 0.594937 0.000000
vt 0.565401 0.000000
vt 0.599156 0.000000
vt 0.561181 0.000000
vt 0.603376 0.000000
vt 0.556962 0.000000
vt 0.607595 0.000000
vt 0.552743 0.000000
vt 0.611814 0.000000
vt 0.548523 0.000000
vt 0.616034 0.000000
vt 0.544304 0.000000
vt 0.620253 0.000000
vt 0.540084 0.000000
vt 0.624473 0.000000
vt 0.628692 0.000000
vt 0.535865 0.000000
vt 0.632911 0.000000
vt 0.531646 0.000000
vt 0.637131 0.000000
vt 0.527426 0.000000
vt 0.523207 0.000000
vt 0.518987 0.000000
vt 0.514768 0.000000
vt 0.510549 0.000000
vt 0.506329 0.000000
vt 0.502110 0.000000
vt 0.497890 0.000000
vt 0.493671 0.000000
vt 0.489451 0.000000
vt 0.485232 0.000000
vt 0.481013 0.000000
vt 0.641350 0.000000
vt 0.645570 0.000000
vt 0.476793 0.000000
vt 0.649789 0.000000
vt 0.654008 0.000000
vt 0.658228 0.000000
vt 0.472574 0.000000
vt 0.704641 0.000000
vt 0.700422 0.000000
vt 0.696203 0.000000
vt 0.691983 0.000000
vt 0.662447 0.000000
vt 0.666667 0.000000
vt 0.670886 0.000000
vt 0.675106 0.000000
vt 0.679325 0.000000
vt 0.683544 0.000000
vt 0.687764 0.000000
vt 0.708861 0.000000
vt 0.713080 0.000000
vt 0.717300 0.000000
vt 0.721519 0.000000
vt 0.725738 0.000000
vt 0.729958 0.000000
vt 0.734177 0.000000
vt 0.738397 0.000000
vt 0.742616 0.000000
vt 0.746835 0.000000
vt 0.751055 0.000000
vt 0.755274 0.000000
vt 0.759494 0.000000
vt 0.763713 0.000000
vt 0.767932 0.000000
vt 0.772152 0.000000
vt 0.776371 0.000000
vt 0.780591 0.000000
vt 0.784810 0.000000
vt 0.789030 0.000000
vt 0.793249 0.000000
vt 0.797468 0.000000
vt 0.801688 0.000000
vt 0.805907 0.000000
vt 0.810127 0.000000
vt 0.814346 0.000000
vt 0.818565 0.000000
vt 0.822785 0.000000
vt 0.468354 0.000000
vt 0.827004 0.000000
vt 0.831224 0.000000
vt 0.835443 0.000000
vt 0.839662 0.000000
vt 0.843882 0.000000
vt 0.848101 0.000000
vt 0.464135 0.000000
vt 0.852321 0.000000
vt 0.856540 0.000000
vt 0.860759 0.000000
vt 0.864979 0.000000
vt 0.459916 0.000000
vt 0.869198 0.000000
vt 0.873418 0.000000
vt 0.877637 0.000000
vt 0.455696 0.000000
vt 0.881857 0.000000
vt 0.886076 0.000000
vt 0.451477 0.000000
vt 0.890295 0.000000
vt 0.894515 0.000000
vt 0.447257 0.000000
vt 0.898734 0.000000
vt 0.902954 0.000000
vt 0.443038 0.000000
vt 0.907173 0.000000
vt 0.911392 0.000000
vt 0.438819 0.000000
vt 0.915612 0.000000
vt 0.434599 0.000000
vt 0.919831 0.000000
vt 0.430380 0.000000
vt 0.924051 0.000000
vt 0.426160 0.000000
vt 0.928270 0.000000
vt 0.421941 0.000000
vt 0.932489 0.000000
vt 0.417722 0.000000
vt 0.936709 0.000000
vt 0.413502 0.000000
vt 0.409283 0.000000
vt 0.940928 0.000000
vt 0.405063 0.000000
vt 0.945148 0.000000
vt 0.400844 0.000000
vt 0.396624 0.000000
vt 0.949367 0.000000
vt 0.392405 0.000000
vt 0.388186 0.000000
vt 0.383966 0.000000
vt 0.362869 0.000000
vt 0.358650 0.000000
vt 0.354430 0.000000
vt 0.350211 0.000000
vt 0.953587 0.000000
vt 0.379747 0.000000
vt 0.375527 0.000000
vt 0.371308 0.000000
vt 0.367089 0.000000
vt 0.345992 0.000000
vt 0.341772 0.000000
vt 0.337553 0.000000
vt 0.333333 0.000000
vt 0.329114 0.000000
vt 0.324895 0.000000
vt 0.320675 0.000000
vt 0.316456 0.000000
vt 0.312236 0.000000
vt 0.308017 0.000000
vt 0.303797 0.000000
vt 0.299578 0.000000
vt 0.295359 0.000000
vt 0.291139 0.000000
vt 0.286920 0.000000
vt 0.282700 0.000000
vt 0.278481 0.000000
vt 0.274262 0.000000
vt 0.270042 0.000000
vt 0.265823 0.000000
vt 0.261603 0.000000
vt 0.257384 0.000000
vt 0.253165 0.000000
vt 0.248945 0.000000
vt 0.244726 0.000000
vt 0.240506 0.000000
vt 0.236287 0.000000
vt 0.232068 0.000000
vt 0.227848 0.000000
vt 0.223629 0.000000
vt 0.219409 0.000000
vt 0.215190 0.000000
vt 0.210970 0.000000
vt 0.206751 0.000000
vt 0.202532 0.000000
vt 0.198312 0.000000
vt 0.194093 0.000000
vt 0.189873 0.000000
vt 0.185654 0.000000
vt 0.181435 0.000000
vt 0.177215 0.000000
vt 0.172996 0.000000
vt 0.168776 0.000000
vt 0.164557 0.000000
vt 0.156118 0.000000
vt 0.160338 0.000000
vt 0.151899 0.000000
vt 0.147679 0.000000
vt 0.143460 0.000000
vt 0.139241 0.000000
vt 0.135021 0.000000
vt 0.130802 0.000000
vt 0.126582 0.000000
vt 0.957806 0.000000
vt 0.122363 0.000000
vt 0.118143 0.000000
vt 0.113924 0.000000
vt 0.962025 0.000000
vt 0.109705 0.000000
vt 0.105485 0.000000
vt 0.966245 0.000000
vt 0.970464 0.000000
vt 0.974684 0.000000
vt 0.978903 0.000000
vt 0.983122 0.000000
vt 0.987342 0.000000
vt 0.991561 0.000000
vt 0.995781 0.000000
vt 1.000000 0.000000
vt 0.000000 0.000000
vt 0.004219 0.000000
vt 0.008439 0.000000
vt 0.101266 0.000000
vt 0.012658 0.000000
vt 0.097046 0.000000
vt 0.016878 0.000000
vt 0.092827 0.000000
vt 0.088608 0.000000
vt 0.021097 0.000000
vt 0.084388 0.000000
vt 0.025316 0.000000
vt 0.080169 0.000000
vt 0.029536 0.000000
vt 0.075949 0.000000
vt 0.033755 0.000000
vt 0.071730 0.000000
vt 0.037975 0.000000
vt 0.067511 0.000000
vt 0.042194 0.000000
vt 0.063291 0.000000
vt 0.046414 0.000000
vt 0.059072 0.000000
vt 0.050633 0.000000
vt 0.054852 0.000000
vt 0.480315 0.000000
vt 0.496063 0.000000
vt 0.488189 0.000000
vt 0.503937 0.000000
vt 0.511811 0.000000
vt 0.472441 0.000000
vt 0.519685 0.000000
vt 0.464567 0.000000
vt 0.527559 0.000000
vt 0.456693 0.000000
vt 0.535433 0.000000
vt 0.448819 0.000000
vt 0.543307 0.000000
vt 0.440945 0.000000
vt 0.551181 0.000000
vt 0.559055 0.000000
vt 0.433071 0.000000
vt 0.566929 0.000000
vt 0.425197 0.000000
vt 0.574803 0.000000
vt 0.417323 0.000000
vt 0.582677 0.000000
vt 0.409449 0.000000
vt 0.590551 0.000000
vt 0.401575 0.000000
vt 0.598425 0.000000
vt 0.393701 0.000000
vt 0.385827 0.000000
vt 0.377953 0.000000
vt 0.370079 0.000000
vt 0.362205 0.000000
vt 0.354331 0.000000
vt 0.346457 0.000000
vt 0.338583 0.000000
vt 0.330709 0.000000
vt 0.322835 0.000000
vt 0.314961 0.000000
vt 0.606299 0.000000
vt 0.614173 0.000000
vt 0.622047 0.000000
vt 0.307087 0.000000
vt 0.629921 0.000000
vt 0.637795 0.000000
vt 0.645669 0.000000
vt 0.653543 0.000000
vt 0.661417 0.000000
vt 0.299213 0.000000
vt 0.708661 0.000000
vt 0.700787 0.000000
vt 0.669291 0.000000
vt 0.677165 0.000000
vt 0.685039 0.000000
vt 0.692913 0.000000
vt 0.716535 0.000000
vt 0.724409 0.000000
vt 0.732283 0.000000
vt 0.740157 0.000000
vt 0.748031 0.000000
vt 0.291339 0.000000
vt 0.755906 0.000000
vt 0.763780 0.000000
vt 0.771654 0.000000
vt 0.779528 0.000000
vt 0.787402 0.000000
vt 0.795276 0.000000
vt 0.803150 0.000000
vt 0.811024 0.000000
vt 0.818898 0.000000
vt 0.826772 0.000000
vt 0.834646 0.000000
vt 0.842520 0.000000
vt 0.850394 0.000000
vt 0.283465 0.000000
vt 0.858268 0.000000
vt 0.866142 0.000000
vt 0.874016 0.000000
vt 0.881890 0.000000
vt 0.889764 0.000000
vt 0.897638 0.000000
vt 0.905512 0.000000
vt 0.913386 0.000000
vt 0.921260 0.000000
vt 0.929134 0.000000
vt 0.937008 0.000000
vt 0.275591 0.000000
vt 0.944882 0.000000
vt 0.952756 0.000000
vt 0.960630 0.000000
vt 0.968504 0.000000
vt 0.976378 0.000000
vt 0.267717 0.000000
vt 0.984252 0.000000
vt 0.992126 0.000000
vt 0.259843 0.000000
vt 0.251969 0.000000
vt 0.244094 0.000000
vt 0.236220 0.000000
vt 0.228346 0.000000
vt 0.220472 0.000000
vt 0.212598 0.000000
vt 0.204724 0.000000
vt 0.196850 0.000000
vt 0.188976 0.000000
vt 0.181102 0.000000
vt 0.007874 0.000000
vt 0.173228 0.000000
vt 0.015748 0.000000
vt 0.165354 0.000000
vt 0.023622 0.000000
vt 0.157480 0.000000
vt 0.031496 0.000000
vt 0.149606 0.000000
vt 0.039370 0.000000
vt 0.141732 0.000000
vt 0.047244 0.000000
vt 0.055118 0.000000
vt 0.133858 0.000000
vt 0.062992 0.000000
vt 0.125984 0.000000
vt 0.070866 0.000000
vt 0.118110 0.000000
vt 0.078740 0.000000
vt 0.110236 0.000000
vt 0.086614 0.000000
vt 0.102362 0.000000
vt 0.094488 0.000000
vt 0.345794 0.000000
vt 0.364486 0.000000
vt 0.355140 0.000000
vt 0.373832 0.000000
vt 0.383178 0.000000
vt 0.336449 0.000000
vt 0.392523 0.000000
vt 0.327103 0.000000
vt 0.401869 0.000000
vt 0.317757 0.000000
vt 0.411215 0.000000
vt 0.308411 0.000000
vt 0.420561 0.000000
vt 0.299065 0.000000
vt 0.429907 0.000000
vt 0.289720 0.000000
vt 0.439252 0.000000
vt 0.280374 0.000000
vt 0.448598 0.000000
vt 0.271028 0.000000
vt 0.457944 0.000000
vt 0.261682 0.000000
vt 0.467290 0.000000
vt 0.252336 0.000000
vt 0.242991 0.000000
vt 0.476636 0.000000
vt 0.233645 0.000000
vt 0.607477 0.000000
vt 0.485981 0.000000
vt 0.495327 0.000000
vt 0.504673 0.000000
vt 0.514019 0.000000
vt 0.523364 0.000000
vt 0.532710 0.000000
vt 0.542056 0.000000
vt 0.551402 0.000000
vt 0.560748 0.000000
vt 0.570093 0.000000
vt 0.579439 0.000000
vt 0.588785 0.000000
vt 0.598131 0.000000
vt 0.616822 0.000000
vt 0.869159 0.000000
vt 0.626168 0.000000
vt 0.635514 0.000000
vt 0.644860 0.000000
vt 0.654206 0.000000
vt 0.663551 0.000000
vt 0.672897 0.000000
vt 0.682243 0.000000
vt 0.691589 0.000000
vt 0.700935 0.000000
vt 0.710280 0.000000
vt 0.719626 0.000000
vt 0.728972 0.000000
vt 0.738318 0.000000
vt 0.747664 0.000000
vt 0.757009 0.000000
vt 0.766355 0.000000
vt 0.775701 0.000000
vt 0.785047 0.000000
vt 0.794393 0.000000
vt 0.803738 0.000000
vt 0.813084 0.000000
vt 0.822430 0.000000
vt 0.831776 0.000000
vt 0.841121 0.000000
vt 0.850467 0.000000
vt 0.859813 0.000000
vt 0.878505 0.000000
vt 0.887850 0.000000
vt 0.897196 0.000000
vt 0.906542 0.000000
vt 0.915888 0.000000
vt 0.925234 0.000000
vt 0.934579 0.000000
vt 0.943925 0.000000
vt 0.953271 0.000000
vt 0.962617 0.000000
vt 0.971963 0.000000
vt 0.981308 0.000000
vt 0.990654 0.000000
vt 0.224299 0.000000
vt 0.009346 0.000000
vt 0.214953 0.000000
vt 0.018692 0.000000
vt 0.205607 0.000000
vt 0.028037 0.000000
vt 0.196262 0.000000
vt 0.037383 0.000000
vt 0.186916 0.000000
vt 0.046729 0.000000
vt 0.177570 0.000000
vt 0.056075 0.000000
vt 0.168224 0.000000
vt 0.065421 0.000000
vt 0.158879 0.000000
vt 0.074766 0.000000
vt 0.149533 0.000000
vt 0.084112 0.000000
vt 0.140187 0.000000
vt 0.093458 0.000000
vt 0.130841 0.000000
vt 0.102804 0.000000
vt 0.121495 0.000000
vt 0.112150 0.000000
vt 0.924855 0.000000
vt 0.936416 0.000000
vt 0.930636 0.000000
vt 0.942197 0.000000
vt 0.947977 0.000000
vt 0.919075 0.000000
vt 0.953757 0.000000
vt 0.913295 0.000000
vt 0.959538 0.000000
vt 0.907514 0.000000
vt 0.965318 0.000000
vt 0.901734 0.000000
vt 0.971098 0.000000
vt 0.895954 0.000000
vt 0.976879 0.000000
vt 0.890173 0.000000
vt 0.982659 0.000000
vt 0.884393 0.000000
vt 0.988439 0.000000
vt 0.878613 0.000000
vt 0.994220 0.000000
vt 0.872832 0.000000
vt 0.867052 0.000000
vt 0.861272 0.000000
vt 0.855491 0.000000
vt 0.005780 0.000000
vt 0.491329 0.000000
vt 0.502890 0.000000
vt 0.497110 0.000000
vt 0.508671 0.000000
vt 0.514451 0.000000
vt 0.485549 0.000000
vt 0.520231 0.000000
vt 0.479769 0.000000
vt 0.526012 0.000000
vt 0.473988 0.000000
vt 0.531792 0.000000
vt 0.468208 0.000000
vt 0.537572 0.000000
vt 0.462428 0.000000
vt 0.543353 0.000000
vt 0.456647 0.000000
vt 0.549133 0.000000
vt 0.450867 0.000000
vt 0.554913 0.000000
vt 0.445087 0.000000
vt 0.560694 0.000000
vt 0.439306 0.000000
vt 0.566474 0.000000
vt 0.433526 0.000000
vt 0.572254 0.000000
vt 0.427746 0.000000
vt 0.421965 0.000000
vt 0.578035 0.000000
vt 0.583815 0.000000
vt 0.849711 0.000000
vt 0.843931 0.000000
vt 0.589595 0.000000
vt 0.838150 0.000000
vt 0.595376 0.000000
vt 0.832370 0.000000
vt 0.601156 0.000000
vt 0.826590 0.000000
vt 0.606936 0.000000
vt 0.820809 0.000000
vt 0.612717 0.000000
vt 0.815029 0.000000
vt 0.618497 0.000000
vt 0.809249 0.000000
vt 0.624277 0.000000
vt 0.803468 0.000000
vt 0.630058 0.000000
vt 0.797688 0.000000
vt 0.635838 0.000000
vt 0.791907 0.000000
vt 0.641618 0.000000
vt 0.786127 0.000000
vt 0.647399 0.000000
vt 0.653179 0.000000
vt 0.780347 0.000000
vt 0.658960 0.000000
vt 0.774566 0.000000
vt 0.664740 0.000000
vt 0.768786 0.000000
vt 0.670520 0.000000
vt 0.763006 0.000000
vt 0.416185 0.000000
vt 0.011561 0.000000
vt 0.676301 0.000000
vt 0.757225 0.000000
vt 0.682081 0.000000
vt 0.751445 0.000000
vt 0.687861 0.000000
vt 0.745665 0.000000
vt 0.693642 0.000000
vt 0.739884 0.000000
vt 0.699422 0.000000
vt 0.734104 0.000000
vt 0.705202 0.000000
vt 0.728324 0.000000
vt 0.710983 0.000000
vt 0.722543 0.000000
vt 0.716763 0.000000
vt 0.410405 0.000000
vt 0.017341 0.000000
vt 0.404624 0.000000
vt 0.023121 0.000000
vt 0.398844 0.000000
vt 0.028902 0.000000
vt 0.393064 0.000000
vt 0.034682 0.000000
vt 0.387283 0.000000
vt 0.040462 0.000000
vt 0.381503 0.000000
vt 0.046243 0.000000
vt 0.375723 0.000000
vt 0.052023 0.000000
vt 0.369942 0.000000
vt 0.057803 0.000000
vt 0.364162 0.000000
vt 0.063584 0.000000
vt 0.358382 0.000000
vt 0.069364 0.000000
vt 0.352601 0.000000
vt 0.075145 0.000000
vt 0.346821 0.000000
vt 0.080925 0.000000
vt 0.341040 0.000000
vt 0.086705 0.000000
vt 0.335260 0.000000
vt 0.092486 0.000000
vt 0.329480 0.000000
vt 0.098266 0.000000
vt 0.323699 0.000000
vt 0.104046 0.000000
vt 0.317919 0.000000
vt 0.109827 0.000000
vt 0.312139 0.000000
vt 0.115607 0.000000
vt 0.121387 0.000000
vt 0.306358 0.000000
vt 0.127168 0.000000
vt 0.300578 0.000000
vt 0.132948 0.000000
vt 0.294798 0.000000
vt 0.138728 0.000000
vt 0.289017 0.000000
vt 0.144509 0.000000
vt 0.283237 0.000000
vt 0.277457 0.000000
vt 0.150289 0.000000
vt 0.156069 0.000000
vt 0.271676 0.000000
vt 0.161850 0.000000
vt 0.265896 0.000000
vt 0.167630 0.000000
vt 0.260116 0.000000
vt 0.173410 0.000000
vt 0.254335 0.000000
vt 0.179191 0.000000
vt 0.248555 0.000000
vt 0.184971 0.000000
vt 0.242775 0.000000
vt 0.190751 0.000000
vt 0.236994 0.000000
vt 0.196532 0.000000
vt 0.231214 0.000000
vt 0.202312 0.000000
vt 0.225434 0.000000
vt 0.208092 0.000000
vt 0.219653 0.000000
vt 0.213873 0.000000
vt 0.498282 0.000000
vt 0.505155 0.000000
vt 0.501718 0.000000
vt 0.494845 0.000000
vt 0.508591 0.000000
vt 0.491409 0.000000
vt 0.512028 0.000000
vt 0.487972 0.000000
vt 0.515464 0.000000
vt 0.484536 0.000000
vt 0.518900 0.000000
vt 0.481100 0.000000
vt 0.522337 0.000000
vt 0.477663 0.000000
vt 0.525773 0.000000
vt 0.474227 0.000000
vt 0.529210 0.000000
vt 0.470790 0.000000
vt 0.532646 0.000000
vt 0.467354 0.000000
vt 0.536082 0.000000
vt 0.463918 0.000000
vt 0.539519 0.000000
vt 0.460481 0.000000
vt 0.542955 0.000000
vt 0.457045 0.000000
vt 0.546392 0.000000
vt 0.453608 0.000000
vt 0.549828 0.000000
vt 0.450172 0.000000
vt 0.553265 0.000000
vt 0.446735 0.000000
vt 0.556701 0.000000
vt 0.443299 0.000000
vt 0.560137 0.000000
vt 0.439863 0.000000
vt 0.563574 0.000000
vt 0.436426 0.000000
vt 0.567010 0.000000
vt 0.432990 0.000000
vt 0.570447 0.000000
vt 0.429553 0.000000
vt 0.573883 0.000000
vt 0.426117 0.000000
vt 0.577320 0.000000
vt 0.422680 0.000000
vt 0.580756 0.000000
vt 0.419244 0.000000
vt 0.584192 0.000000
vt 0.415808 0.000000
vt 0.587629 0.000000
vt 0.591065 0.000000
vt 0.412371 0.000000
vt 0.594502 0.000000
vt 0.408935 0.000000
vt 0.597938 0.000000
vt 0.405498 0.000000
vt 0.601375 0.000000
vt 0.402062 0.000000
vt 0.604811 0.000000
vt 0.398625 0.000000
vt 0.608247 0.000000
vt 0.395189 0.000000
vt 0.611684 0.000000
vt 0.391753 0.000000
vt 0.615120 0.000000
vt 0.388316 0.000000
vt 0.618557 0.000000
vt 0.384880 0.000000
vt 0.381443 0.000000
vt 0.621993 0.000000
vt 0.378007 0.000000
vt 0.625430 0.000000
vt 0.374570 0.000000
vt 0.628866 0.000000
vt 0.371134 0.000000
vt 0.632302 0.000000
vt 0.367698 0.000000
vt 0.635739 0.000000
vt 0.364261 0.000000
vt 0.639175 0.000000
vt 0.360825 0.000000
vt 0.642612 0.000000
vt 0.357388 0.000000
vt 0.646048 0.000000
vt 0.353952 0.000000
vt 0.649485 0.000000
vt 0.350515 0.000000
vt 0.652921 0.000000
vt 0.347079 0.000000
vt 0.656357 0.000000
vt 0.343643 0.000000
vt 0.659794 0.000000
vt 0.340206 0.000000
vt 0.920962 0.000000
vt 0.663230 0.000000
vt 0.924399 0.000000
vt 0.917526 0.000000
vt 0.914089 0.000000
vt 0.927835 0.000000
vt 0.910653 0.000000
vt 0.931271 0.000000
vt 0.907216 0.000000
vt 0.934708 0.000000
vt 0.903780 0.000000
vt 0.938144 0.000000
vt 0.900344 0.000000
vt 0.941581 0.000000
vt 0.336770 0.000000
vt 0.896907 0.000000
vt 0.945017 0.000000
vt 0.893471 0.000000
vt 0.948454 0.000000
vt 0.890034 0.000000
vt 0.951890 0.000000
vt 0.886598 0.000000
vt 0.955326 0.000000
vt 0.883161 0.000000
vt 0.958763 0.000000
vt 0.972509 0.000000
vt 0.969072 0.000000
vt 0.965636 0.000000
vt 0.962199 0.000000
vt 0.879725 0.000000
vt 0.876289 0.000000
vt 0.872852 0.000000
vt 0.869416 0.000000
vt 0.003436 0.000000
vt 0.975945 0.000000
vt 0.865979 0.000000
vt 0.979381 0.000000
vt 0.862543 0.000000
vt 0.982818 0.000000
vt 0.859107 0.000000
vt 0.986254 0.000000
vt 0.855670 0.000000
vt 0.989691 0.000000
vt 0.852234 0.000000
vt 0.993127 0.000000
vt 0.848797 0.000000
vt 0.996564 0.000000
vt 0.845361 0.000000
vt 0.841924 0.000000
vt 0.838488 0.000000
vt 0.670103 0.000000
vt 0.835052 0.000000
vt 0.673540 0.000000
vt 0.831615 0.000000
vt 0.676976 0.000000
vt 0.828179 0.000000
vt 0.680412 0.000000
vt 0.824742 0.000000
vt 0.683849 0.000000
vt 0.821306 0.000000
vt 0.687285 0.000000
vt 0.817869 0.000000
vt 0.690722 0.000000
vt 0.814433 0.000000
vt 0.694158 0.000000
vt 0.810997 0.000000
vt 0.697595 0.000000
vt 0.807560 0.000000
vt 0.701031 0.000000
vt 0.804124 0.000000
vt 0.704467 0.000000
vt 0.800687 0.000000
vt 0.707904 0.000000
vt 0.797251 0.000000
vt 0.711340 0.000000
vt 0.793814 0.000000
vt 0.714777 0.000000
vt 0.790378 0.000000
vt 0.786942 0.000000
vt 0.718213 0.000000
vt 0.329897 0.000000
vt 0.006873 0.000000
vt 0.783505 0.000000
vt 0.721649 0.000000
vt 0.780069 0.000000
vt 0.725086 0.000000
vt 0.776632 0.000000
vt 0.728522 0.000000
vt 0.773196 0.000000
vt 0.731959 0.000000
vt 0.326460 0.000000
vt 0.010309 0.000000
vt 0.769759 0.000000
vt 0.735395 0.000000
vt 0.766323 0.000000
vt 0.738832 0.000000
vt 0.762887 0.000000
vt 0.742268 0.000000
vt 0.759450 0.000000
vt 0.745704 0.000000
vt 0.756014 0.000000
vt 0.749141 0.000000
vt 0.752577 0.000000
vt 0.323024 0.000000
vt 0.013746 0.000000
vt 0.319588 0.000000
vt 0.017182 0.000000
vt 0.316151 0.000000
vt 0.020619 0.000000
vt 0.312715 0.000000
vt 0.024055 0.000000
vt 0.309278 0.000000
vt 0.027491 0.000000
vt 0.305842 0.000000
vt 0.030928 0.000000
vt 0.302406 0.000000
vt 0.034364 0.000000
vt 0.298969 0.000000
vt 0.037801 0.000000
vt 0.295533 0.000000
vt 0.041237 0.000000
vt 0.292096 0.000000
vt 0.044674 0.000000
vt 0.288660 0.000000
vt 0.048110 0.000000
vt 0.285223 0.000000
vt 0.051546 0.000000
vt 0.281787 0.000000
vt 0.054983 0.000000
vt 0.278351 0.000000
vt 0.058419 0.000000
vt 0.274914 0.000000
vt 0.061856 0.000000
vt 0.271478 0.000000
vt 0.065292 0.000000
vt 0.268041 0.000000
vt 0.068729 0.000000
vt 0.264605 0.000000
vt 0.072165 0.000000
vt 0.261168 0.000000
vt 0.075601 0.000000
vt 0.257732 0.000000
vt 0.079038 0.000000
vt 0.254296 0.000000
vt 0.082474 0.000000
vt 0.250859 0.000000
vt 0.085911 0.000000
vt 0.247423 0.000000
vt 0.089347 0.000000
vt 0.092784 0.000000
vt 0.243986 0.000000
vt 0.096220 0.000000
vt 0.240550 0.000000
vt 0.099656 0.000000
vt 0.237113 0.000000
vt 0.103093 0.000000
vt 0.233677 0.000000
vt 0.106529 0.000000
vt 0.230241 0.000000
vt 0.109966 0.000000
vt 0.226804 0.000000
vt 0.113402 0.000000
vt 0.223368 0.000000
vt 0.116838 0.000000
vt 0.219931 0.000000
vt 0.120275 0.000000
vt 0.216495 0.000000
vt 0.123711 0.000000
vt 0.213058 0.000000
vt 0.127148 0.000000
vt 0.209622 0.000000
vt 0.206186 0.000000
vt 0.130584 0.000000
vt 0.202749 0.000000
vt 0.134021 0.000000
vt 0.199313 0.000000
vt 0.137457 0.000000
vt 0.195876 0.000000
vt 0.140893 0.000000
vt 0.192440 0.000000
vt 0.144330 0.000000
vt 0.189003 0.000000
vt 0.147766 0.000000
vt 0.185567 0.000000
vt 0.151203 0.000000
vt 0.154639 0.000000
vt 0.182131 0.000000
vt 0.158076 0.000000
vt 0.178694 0.000000
vt 0.161512 0.000000
vt 0.175258 0.000000
vt 0.164948 0.000000
vt 0.171821 0.000000
vt 0.168385 0.000000
vt 0.162281 0.000000
vt 0.171053 0.000000
vt 0.166667 0.000000
vt 0.175439 0.000000
vt 0.179825 0.000000
vt 0.157895 0.000000
vt 0.184211 0.000000
vt 0.153509 0.000000
vt 0.188596 0.000000
vt 0.149123 0.000000
vt 0.192982 0.000000
vt 0.197368 0.000000
vt 0.144737 0.000000
vt 0.201754 0.000000
vt 0.140351 0.000000
vt 0.206140 0.000000
vt 0.135965 0.000000
vt 0.210526 0.000000
vt 0.214912 0.000000
vt 0.131579 0.000000
vt 0.219298 0.000000
vt 0.127193 0.000000
vt 0.223684 0.000000
vt 0.122807 0.000000
vt 0.228070 0.000000
vt 0.232456 0.000000
vt 0.118421 0.000000
vt 0.236842 0.000000
vt 0.114035 0.000000
vt 0.241228 0.000000
vt 0.109649 0.000000
vt 0.780702 0.000000
vt 0.245614 0.000000
vt 0.250000 0.000000
vt 0.254386 0.000000
vt 0.258772 0.000000
vt 0.263158 0.000000
vt 0.267544 0.000000
vt 0.271930 0.000000
vt 0.276316 0.000000
vt 0.280702 0.000000
vt 0.285088 0.000000
vt 0.289474 0.000000
vt 0.293860 0.000000
vt 0.298246 0.000000
vt 0.302632 0.000000
vt 0.307018 0.000000
vt 0.311404 0.000000
vt 0.315789 0.000000
vt 0.320175 0.000000
vt 0.324561 0.000000
vt 0.328947 0.000000
vt 0.776316 0.000000
vt 0.995614 0.000000
vt 0.991228 0.000000
vt 0.785088 0.000000
vt 0.986842 0.000000
vt 0.982456 0.000000
vt 0.978070 0.000000
vt 0.973684 0.000000
vt 0.969298 0.000000
vt 0.964912 0.000000
vt 0.960526 0.000000
vt 0.956140 0.000000
vt 0.951754 0.000000
vt 0.947368 0.000000
vt 0.942982 0.000000
vt 0.938596 0.000000
vt 0.934211 0.000000
vt 0.929825 0.000000
vt 0.925439 0.000000
vt 0.921053 0.000000
vt 0.916667 0.000000
vt 0.337719 0.000000
vt 0.912281 0.000000
vt 0.907895 0.000000
vt 0.342105 0.000000
vt 0.903509 0.000000
vt 0.899123 0.000000
vt 0.346491 0.000000
vt 0.894737 0.000000
vt 0.350877 0.000000
vt 0.355263 0.000000
vt 0.359649 0.000000
vt 0.364035 0.000000
vt 0.368421 0.000000
vt 0.890351 0.000000
vt 0.372807 0.000000
vt 0.885965 0.000000
vt 0.881579 0.000000
vt 0.377193 0.000000
vt 0.877193 0.000000
vt 0.872807 0.000000
vt 0.381579 0.000000
vt 0.868421 0.000000
vt 0.385965 0.000000
vt 0.864035 0.000000
vt 0.859649 0.000000
vt 0.390351 0.000000
vt 0.855263 0.000000
vt 0.850877 0.000000
vt 0.394737 0.000000
vt 0.846491 0.000000
vt 0.842105 0.000000
vt 0.399123 0.000000
vt 0.837719 0.000000
vt 0.833333 0.000000
vt 0.403509 0.000000
vt 0.828947 0.000000
vt 0.824561 0.000000
vt 0.407895 0.000000
vt 0.820175 0.000000
vt 0.815789 0.000000
vt 0.811404 0.000000
vt 0.412281 0.000000
vt 0.807018 0.000000
vt 0.802632 0.000000
vt 0.798246 0.000000
vt 0.793860 0.000000
vt 0.789474 0.000000
vt 0.771930 0.000000
vt 0.416667 0.000000
vt 0.421053 0.000000
vt 0.438596 0.000000
vt 0.425439 0.000000
vt 0.429825 0.000000
vt 0.434211 0.000000
vt 0.442982 0.000000
vt 0.447368 0.000000
vt 0.451754 0.000000
vt 0.456140 0.000000
vt 0.460526 0.000000
vt 0.464912 0.000000
vt 0.469298 0.000000
vt 0.473684 0.000000
vt 0.478070 0.000000
vt 0.482456 0.000000
vt 0.486842 0.000000
vt 0.491228 0.000000
vt 0.495614 0.000000
vt 0.500000 0.000000
vt 0.504386 0.000000
vt 0.508772 0.000000
vt 0.513158 0.000000
vt 0.517544 0.000000
vt 0.521930 0.000000
vt 0.526316 0.000000
vt 0.530702 0.000000
vt 0.535088 0.000000
vt 0.539474 0.000000
vt 0.543860 0.000000
vt 0.767544 0.000000
vt 0.763158 0.000000
vt 0.758772 0.000000
vt 0.754386 0.000000
vt 0.750000 0.000000
vt 0.745614 0.000000
vt 0.741228 0.000000
vt 0.736842 0.000000
vt 0.732456 0.000000
vt 0.728070 0.000000
vt 0.723684 0.000000
vt 0.548246 0.000000
vt 0.719298 0.000000
vt 0.714912 0.000000
vt 0.710526 0.000000
vt 0.706140 0.000000
vt 0.701754 0.000000
vt 0.697368 0.000000
vt 0.692982 0.000000
vt 0.688596 0.000000
vt 0.684211 0.000000
vt 0.679825 0.000000
vt 0.675439 0.000000
vt 0.671053 0.000000
vt 0.662281 0.000000
vt 0.657895 0.000000
vt 0.105263 0.000000
vt 0.004386 0.000000
vt 0.653509 0.000000
vt 0.552632 0.000000
vt 0.100877 0.000000
vt 0.649123 0.000000
vt 0.008772 0.000000
vt 0.557018 0.000000
vt 0.096491 0.000000
vt 0.644737 0.000000
vt 0.013158 0.000000
vt 0.561404 0.000000
vt 0.092105 0.000000
vt 0.640351 0.000000
vt 0.017544 0.000000
vt 0.565789 0.000000
vt 0.087719 0.000000
vt 0.635965 0.000000
vt 0.021930 0.000000
vt 0.570175 0.000000
vt 0.083333 0.000000
vt 0.631579 0.000000
vt 0.026316 0.000000
vt 0.574561 0.000000
vt 0.078947 0.000000
vt 0.627193 0.000000
vt 0.030702 0.000000
vt 0.578947 0.000000
vt 0.074561 0.000000
vt 0.622807 0.000000
vt 0.035088 0.000000
vt 0.583333 0.000000
vt 0.070175 0.000000
vt 0.618421 0.000000
vt 0.039474 0.000000
vt 0.587719 0.000000
vt 0.065789 0.000000
vt 0.614035 0.000000
vt 0.043860 0.000000
vt 0.592105 0.000000
vt 0.061404 0.000000
vt 0.609649 0.000000
vt 0.048246 0.000000
vt 0.596491 0.000000
vt 0.057018 0.000000
vt 0.605263 0.000000
vt 0.052632 0.000000
vt 0.600877 0.000000
vt 0.224242 0.000000
vt 0.236364 0.000000
vt 0.230303 0.000000
vt 0.242424 0.000000
vt 0.248485 0.000000
vt 0.218182 0.000000
vt 0.254545 0.000000
vt 0.212121 0.000000
vt 0.260606 0.000000
vt 0.206061 0.000000
vt 0.266667 0.000000
vt 0.200000 0.000000
vt 0.272727 0.000000
vt 0.278788 0.000000
vt 0.193939 0.000000
vt 0.284848 0.000000
vt 0.187879 0.000000
vt 0.290909 0.000000
vt 0.181818 0.000000
vt 0.296970 0.000000
vt 0.175758 0.000000
vt 0.303030 0.000000
vt 0.169697 0.000000
vt 0.309091 0.000000
vt 0.315152 0.000000
vt 0.163636 0.000000
vt 0.321212 0.000000
vt 0.157576 0.000000
vt 0.327273 0.000000
vt 0.151515 0.000000
vt 0.696970 0.000000
vt 0.339394 0.000000
vt 0.345455 0.000000
vt 0.351515 0.000000
vt 0.357576 0.000000
vt 0.363636 0.000000
vt 0.369697 0.000000
vt 0.375758 0.000000
vt 0.381818 0.000000
vt 0.387879 0.000000
vt 0.393939 0.000000
vt 0.400000 0.000000
vt 0.406061 0.000000
vt 0.412121 0.000000
vt 0.418182 0.000000
vt 0.424242 0.000000
vt 0.430303 0.000000
vt 0.436364 0.000000
vt 0.442424 0.000000
vt 0.448485 0.000000
vt 0.690909 0.000000
vt 0.454545 0.000000
vt 0.703030 0.000000
vt 0.993939 0.000000
vt 0.987879 0.000000
vt 0.981818 0.000000
vt 0.975758 0.000000
vt 0.969697 0.000000
vt 0.963636 0.000000
vt 0.957576 0.000000
vt 0.951515 0.000000
vt 0.460606 0.000000
vt 0.945455 0.000000
vt 0.939394 0.000000
vt 0.933333 0.000000
vt 0.927273 0.000000
vt 0.921212 0.000000
vt 0.915152 0.000000
vt 0.909091 0.000000
vt 0.903030 0.000000
vt 0.896970 0.000000
vt 0.890909 0.000000
vt 0.884848 0.000000
vt 0.878788 0.000000
vt 0.872727 0.000000
vt 0.866667 0.000000
vt 0.860606 0.000000
vt 0.854545 0.000000
vt 0.848485 0.000000
vt 0.842424 0.000000
vt 0.836364 0.000000
vt 0.830303 0.000000
vt 0.824242 0.000000
vt 0.818182 0.000000
vt 0.812121 0.000000
vt 0.806061 0.000000
vt 0.800000 0.000000
vt 0.793939 0.000000
vt 0.787879 0.000000
vt 0.781818 0.000000
vt 0.775758 0.000000
vt 0.466667 0.000000
vt 0.769697 0.000000
vt 0.763636 0.000000
vt 0.757576 0.000000
vt 0.751515 0.000000
vt 0.472727 0.000000
vt 0.745455 0.000000
vt 0.739394 0.000000
vt 0.733333 0.000000
vt 0.727273 0.000000
vt 0.721212 0.000000
vt 0.715151 0.000000
vt 0.709091 0.000000
vt 0.684848 0.000000
vt 0.478788 0.000000
vt 0.484848 0.000000
vt 0.490909 0.000000
vt 0.496970 0.000000
vt 0.503030 0.000000
vt 0.509091 0.000000
vt 0.515152 0.000000
vt 0.521212 0.000000
vt 0.527273 0.000000
vt 0.533333 0.000000
vt 0.539394 0.000000
vt 0.545455 0.000000
vt 0.551515 0.000000
vt 0.557576 0.000000
vt 0.563636 0.000000
vt 0.569697 0.000000
vt 0.575758 0.000000
vt 0.581818 0.000000
vt 0.587879 0.000000
vt 0.593939 0.000000
vt 0.600000 0.000000
vt 0.606061 0.000000
vt 0.612121 0.000000
vt 0.618182 0.000000
vt 0.624242 0.000000
vt 0.630303 0.000000
vt 0.636364 0.000000
vt 0.642424 0.000000
vt 0.648485 0.000000
vt 0.654545 0.000000
vt 0.660606 0.000000
vt 0.672727 0.000000
vt 0.678788 0.000000
vt 0.145455 0.000000
vt 0.006061 0.000000
vt 0.139394 0.000000
vt 0.012121 0.000000
vt 0.133333 0.000000
vt 0.018182 0.000000
vt 0.127273 0.000000
vt 0.024242 0.000000
vt 0.121212 0.000000
vt 0.030303 0.000000
vt 0.115152 0.000000
vt 0.036364 0.000000
vt 0.109091 0.000000
vt 0.042424 0.000000
vt 0.103030 0.000000
vt 0.048485 0.000000
vt 0.096970 0.000000
vt 0.054545 0.000000
vt 0.090909 0.000000
vt 0.060606 0.000000
vt 0.084848 0.000000
vt 0.066667 0.000000
vt 0.078788 0.000000
vt 0.072727 0.000000
vt 0.000000 1.000000
vt 0.008772 1.000000
vt 0.017544 1.000000
vt 0.026316 1.000000
vt 0.035088 1.000000
vt 0.043860 1.000000
vt 0.052632 1.000000
vt 0.061404 1.000000
vt 0.070175 1.000000
vt 0.078947 1.000000
vt 0.087719 1.000000
vt 0.096491 1.000000
vt 0.105263 1.000000
vt 0.114035 1.000000
vt 0.122807 1.000000
vt 0.131579 1.000000
vt 0.140351 1.000000
vt 0.149123 1.000000
vt 0.157895 1.000000
vt 0.166667 1.000000
vt 0.175439 1.000000
vt 0.184211 1.000000
vt 0.192982 1.000000
vt 0.201754 1.000000
vt 0.210526 1.000000
vt 0.219298 1.000000
vt 0.228070 1.000000
vt 0.236842 1.000000
vt 0.245614 1.000000
vt 0.254386 1.000000
vt 0.263158 1.000000
vt 0.271930 1.000000
vt 0.280702 1.000000
vt 0.289474 1.000000
vt 0.298246 1.000000
vt 0.307018 1.000000
vt 0.315789 1.000000
vt 0.324561 1.000000
vt 0.333333 1.000000
vt 0.342105 1.000000
vt 0.350877 1.000000
vt 0.359649 1.000000
vt 0.368421 1.000000
vt 0.377193 1.000000
vt 0.385965 1.000000
vt 0.394737 1.000000
vt 0.403509 1.000000
vt 0.412281 1.000000
vt 0.421053 1.000000
vt 0.429825 1.000000
vt 0.438596 1.000000
vt 0.447368 1.000000
vt 0.456140 1.000000
vt 0.464912 1.000000
vt 0.473684 1.000000
vt 0.482456 1.000000
vt 0.491228 1.000000
vt 0.500000 1.000000
vt 0.508772 1.000000
vt 0.517544 1.000000
vt 0.526316 1.000000
vt 0.535088 1.000000
vt 0.543860 1.000000
vt 0.552632 1.000000
vt 0.561404 1.000000
vt 0.570175 1.000000
vt 0.578947 1.000000
vt 0.587719 1.000000
vt 0.596491 1.000000
vt 0.605263 1.000000
vt 0.614035 1.000000
vt 0.622807 1.000000
vt 0.631579 1.000000
vt 0.640351 1.000000
vt 0.649123 1.000000
vt 0.657895 1.000000
vt 0.666667 1.000000
vt 0.675439 1.000000
vt 0.684211 1.000000
vt 0.692982 1.000000
vt 0.701754 1.000000
vt 0.710526 1.000000
vt 0.719298 1.000000
vt 0.728070 1.000000
vt 0.736842 1.000000
vt 0.745614 1.000000
vt 0.754386 1.000000
vt 0.763158 1.000000
vt 0.771930 1.000000
vt 0.780702 1.000000
vt 0.789474 1.000000
vt 0.798246 1.000000
vt 0.807018 1.000000
vt 0.815789 1.000000
vt 0.824561 1.000000
vt 0.833333 1.000000
vt 0.842105 1.000000
vt 0.850877 1.000000
vt 0.859649 1.000000
vt 0.868421 1.000000
vt 0.877193 1.000000
vt 0.885965 1.000000
vt 0.894737 1.000000
vt 0.903509 1.000000
vt 0.912281 1.000000
vt 0.921053 1.000000
vt 0.929825 1.000000
vt 0.938596 1.000000
vt 0.947368 1.000000
vt 0.956140 1.000000
vt 0.964912 1.000000
vt 0.973684 1.000000
vt 0.982456 1.000000
vt 0.991228 1.000000
vt 1.000000 1.000000
vt 0.019231 1.000000
vt 0.019231 0.000000
vt 0.038462 1.000000
vt 0.038462 0.000000
vt 0.057692 1.000000
vt 0.057692 0.000000
vt 0.076923 1.000000
vt 0.076923 0.000000
vt 0.096154 1.000000
vt 0.096154 0.000000
vt 0.115385 1.000000
vt 0.115385 0.000000
vt 0.134615 1.000000
vt 0.134615 0.000000
vt 0.153846 1.000000
vt 0.153846 0.000000
vt 0.173077 1.000000
vt 0.173077 0.000000
vt 0.192308 1.000000
vt 0.192308 0.000000
vt 0.211538 1.000000
vt 0.211538 0.000000
vt 0.230769 1.000000
vt 0.230769 0.000000
vt 0.250000 1.000000
vt 0.269231 1.000000
vt 0.269231 0.000000
vt 0.288462 1.000000
vt 0.288462 0.000000
vt 0.307692 1.000000
vt 0.307692 0.000000
vt 0.326923 1.000000
vt 0.326923 0.000000
vt 0.346154 1.000000
vt 0.346154 0.000000
vt 0.365385 1.000000
vt 0.365385 0.000000
vt 0.384615 1.000000
vt 0.384615 0.000000
vt 0.403846 1.000000
vt 0.403846 0.000000
vt 0.423077 1.000000
vt 0.423077 0.000000
vt 0.442308 1.000000
vt 0.442308 0.000000
vt 0.461538 1.000000
vt 0.461538 0.000000
vt 0.480769 1.000000
vt 0.480769 0.000000
vt 0.519231 1.000000
vt 0.519231 0.000000
vt 0.538462 1.000000
vt 0.538462 0.000000
vt 0.557692 1.000000
vt 0.557692 0.000000
vt 0.576923 1.000000
vt 0.576923 0.000000
vt 0.596154 1.000000
vt 0.596154 0.000000
vt 0.615385 1.000000
vt 0.615385 0.000000
vt 0.634615 1.000000
vt 0.634615 0.000000
vt 0.653846 1.000000
vt 0.653846 0.000000
vt 0.673077 1.000000
vt 0.673077 0.000000
vt 0.692308 1.000000
vt 0.692308 0.000000
vt 0.711538 1.000000
vt 0.711538 0.000000
vt 0.730769 1.000000
vt 0.730769 0.000000
vt 0.750000 1.000000
vt 0.769231 1.000000
vt 0.769231 0.000000
vt 0.788462 1.000000
vt 0.788462 0.000000
vt 0.807692 1.000000
vt 0.807692 0.000000
vt 0.826923 1.000000
vt 0.826923 0.000000
vt 0.846154 1.000000
vt 0.846154 0.000000
vt 0.865385 1.000000
vt 0.865385 0.000000
vt 0.884615 1.000000
vt 0.884615 0.000000
vt 0.903846 1.000000
vt 0.903846 0.000000
vt 0.923077 1.000000
vt 0.923077 0.000000
vt 0.942308 1.000000
vt 0.942308 0.000000
vt 0.961538 1.000000
vt 0.961538 0.000000
vt 0.980769 1.000000
vt 0.980769 0.000000
vt 0.005650 1.000000
vt 0.005650 0.000000
vt 0.011299 1.000000
vt 0.011299 0.000000
vt 0.016949 1.000000
vt 0.016949 0.000000
vt 0.022599 1.000000
vt 0.022599 0.000000
vt 0.028249 1.000000
vt 0.028249 0.000000
vt 0.033898 1.000000
vt 0.033898 0.000000
vt 0.039548 1.000000
vt 0.039548 0.000000
vt 0.045198 1.000000
vt 0.045198 0.000000
vt 0.050847 1.000000
vt 0.050847 0.000000
vt 0.056497 1.000000
vt 0.056497 0.000000
vt 0.062147 1.000000
vt 0.062147 0.000000
vt 0.067797 1.000000
vt 0.067797 0.000000
vt 0.073446 1.000000
vt 0.073446 0.000000
vt 0.079096 1.000000
vt 0.079096 0.000000
vt 0.084746 1.000000
vt 0.084746 0.000000
vt 0.090395 1.000000
vt 0.090395 0.000000
vt 0.096045 1.000000
vt 0.096045 0.000000
vt 0.101695 1.000000
vt 0.101695 0.000000
vt 0.107345 1.000000
vt 0.107345 0.000000
vt 0.112994 1.000000
vt 0.112994 0.000000
vt 0.118644 1.000000
vt 0.118644 0.000000
vt 0.124294 1.000000
vt 0.124294 0.000000
vt 0.129944 1.000000
vt 0.129944 0.000000
vt 0.135593 1.000000
vt 0.135593 0.000000
vt 0.141243 1.000000
vt 0.141243 0.000000
vt 0.146893 1.000000
vt 0.146893 0.000000
vt 0.152542 1.000000
vt 0.152542 0.000000
vt 0.158192 1.000000
vt 0.158192 0.000000
vt 0.163842 1.000000
vt 0.163842 0.000000
vt 0.169492 1.000000
vt 0.169492 0.000000
vt 0.175141 1.000000
vt 0.175141 0.000000
vt 0.180791 1.000000
vt 0.180791 0.000000
vt 0.186441 1.000000
vt 0.186441 0.000000
vt 0.192090 1.000000
vt 0.192090 0.000000
vt 0.197740 1.000000
vt 0.197740 0.000000
vt 0.203390 1.000000
vt 0.203390 0.000000
vt 0.209040 1.000000
vt 0.209040 0.000000
vt 0.214689 1.000000
vt 0.214689 0.000000
vt 0.220339 1.000000
vt 0.220339 0.000000
vt 0.225989 1.000000
vt 0.225989 0.000000
vt 0.231638 1.000000
vt 0.231638 0.000000
vt 0.237288 1.000000
vt 0.237288 0.000000
vt 0.242938 1.000000
vt 0.242938 0.000000
vt 0.248588 1.000000
vt 0.248588 0.000000
vt 0.254237 1.000000
vt 0.254237 0.000000
vt 0.259887 1.000000
vt 0.259887 0.000000
vt 0.265537 1.000000
vt 0.265537 0.000000
vt 0.271186 1.000000
vt 0.271186 0.000000
vt 0.276836 1.000000
vt 0.276836 0.000000
vt 0.282486 1.000000
vt 0.282486 0.000000
vt 0.288136 1.000000
vt 0.288136 0.000000
vt 0.293785 1.000000
vt 0.293785 0.000000
vt 0.299435 1.000000
vt 0.299435 0.000000
vt 0.305085 1.000000
vt 0.305085 0.000000
vt 0.310734 1.000000
vt 0.310734 0.000000
vt 0.316384 1.000000
vt 0.316384 0.000000
vt 0.322034 1.000000
vt 0.322034 0.000000
vt 0.327684 1.000000
vt 0.327684 0.000000
vt 0.338983 1.000000
vt 0.338983 0.000000
vt 0.344633 1.000000
vt 0.344633 0.000000
vt 0.350282 1.000000
vt 0.350282 0.000000
vt 0.355932 1.000000
vt 0.355932 0.000000
vt 0.361582 1.000000
vt 0.361582 0.000000
vt 0.367232 1.000000
vt 0.367232 0.000000
vt 0.372881 1.000000
vt 0.372881 0.000000
vt 0.378531 1.000000
vt 0.378531 0.000000
vt 0.384181 1.000000
vt 0.384181 0.000000
vt 0.389830 1.000000
vt 0.389830 0.000000
vt 0.395480 1.000000
vt 0.395480 0.000000
vt 0.401130 1.000000
vt 0.401130 0.000000
vt 0.406780 1.000000
vt 0.406780 0.000000
vt 0.412429 1.000000
vt 0.412429 0.000000
vt 0.418079 1.000000
vt 0.418079 0.000000
vt 0.423729 1.000000
vt 0.423729 0.000000
vt 0.429379 1.000000
vt 0.429379 0.000000
vt 0.435028 1.000000
vt 0.435028 0.000000
vt 0.440678 1.000000
vt 0.440678 0.000000
vt 0.446328 1.000000
vt 0.446328 0.000000
vt 0.451977 1.000000
vt 0.451977 0.000000
vt 0.457627 1.000000
vt 0.457627 0.000000
vt 0.463277 1.000000
vt 0.463277 0.000000
vt 0.468927 1.000000
vt 0.468927 0.000000
vt 0.474576 1.000000
vt 0.474576 0.000000
vt 0.480226 1.000000
vt 0.480226 0.000000
vt 0.485876 1.000000
vt 0.485876 0.000000
vt 0.491525 1.000000
vt 0.491525 0.000000
vt 0.497175 1.000000
vt 0.497175 0.000000
vt 0.502825 1.000000
vt 0.502825 0.000000
vt 0.508475 1.000000
vt 0.508475 0.000000
vt 0.514124 1.000000
vt 0.514124 0.000000
vt 0.519774 1.000000
vt 0.519774 0.000000
vt 0.525424 1.000000
vt 0.525424 0.000000
vt 0.531073 1.000000
vt 0.531073 0.000000
vt 0.536723 1.000000
vt 0.536723 0.000000
vt 0.542373 1.000000
vt 0.542373 0.000000
vt 0.548023 1.000000
vt 0.548023 0.000000
vt 0.553672 1.000000
vt 0.553672 0.000000
vt 0.559322 1.000000
vt 0.559322 0.000000
vt 0.564972 1.000000
vt 0.564972 0.000000
vt 0.570621 1.000000
vt 0.570621 0.000000
vt 0.576271 1.000000
vt 0.576271 0.000000
vt 0.581921 1.000000
vt 0.581921 0.000000
vt 0.587571 1.000000
vt 0.587571 0.000000
vt 0.593220 1.000000
vt 0.593220 0.000000
vt 0.598870 1.000000
vt 0.598870 0.000000
vt 0.604520 1.000000
vt 0.604520 0.000000
vt 0.610169 1.000000
vt 0.610169 0.000000
vt 0.615819 1.000000
vt 0.615819 0.000000
vt 0.621469 1.000000
vt 0.621469 0.000000
vt 0.627119 1.000000
vt 0.627119 0.000000
vt 0.632768 1.000000
vt 0.632768 0.000000
vt 0.638418 1.000000
vt 0.638418 0.000000
vt 0.644068 1.000000
vt 0.644068 0.000000
vt 0.649718 1.000000
vt 0.649718 0.000000
vt 0.655367 1.000000
vt 0.655367 0.000000
vt 0.661017 1.000000
vt 0.661017 0.000000
vt 0.672316 1.000000
vt 0.672316 0.000000
vt 0.677966 1.000000
vt 0.677966 0.000000
vt 0.683616 1.000000
vt 0.683616 0.000000
vt 0.689266 1.000000
vt 0.689266 0.000000
vt 0.694915 1.000000
vt 0.694915 0.000000
vt 0.700565 1.000000
vt 0.700565 0.000000
vt 0.706215 1.000000
vt 0.706215 0.000000
vt 0.711864 1.000000
vt 0.711864 0.000000
vt 0.717514 1.000000
vt 0.717514 0.000000
vt 0.723164 1.000000
vt 0.723164 0.000000
vt 0.728814 1.000000
vt 0.728814 0.000000
vt 0.734463 1.000000
vt 0.734463 0.000000
vt 0.740113 1.000000
vt 0.740113 0.000000
vt 0.745763 1.000000
vt 0.745763 0.000000
vt 0.751412 1.000000
vt 0.751412 0.000000
vt 0.757062 1.000000
vt 0.757062 0.000000
vt 0.762712 1.000000
vt 0.762712 0.000000
vt 0.768362 1.000000
vt 0.768362 0.000000
vt 0.774011 1.000000
vt 0.774011 0.000000
vt 0.779661 1.000000
vt 0.779661 0.000000
vt 0.785311 1.000000
vt 0.785311 0.000000
vt 0.790960 1.000000
vt 0.790960 0.000000
vt 0.796610 1.000000
vt 0.796610 0.000000
vt 0.802260 1.000000
vt 0.802260 0.000000
vt 0.807910 1.000000
vt 0.807910 0.000000
vt 0.813559 1.000000
vt 0.813559 0.000000
vt 0.819209 1.000000
vt 0.819209 0.000000
vt 0.824859 1.000000
vt 0.824859 0.000000
vt 0.830508 1.000000
vt 0.830508 0.000000
vt 0.836158 1.000000
vt 0.836158 0.000000
vt 0.841808 1.000000
vt 0.841808 0.000000
vt 0.847458 1.000000
vt 0.847458 0.000000
vt 0.853107 1.000000
vt 0.853107 0.000000
vt 0.858757 1.000000
vt 0.858757 0.000000
vt 0.864407 1.000000
vt 0.864407 0.000000
vt 0.870057 1.000000
vt 0.870057 0.000000
vt 0.875706 1.000000
vt 0.875706 0.000000
vt 0.881356 1.000000
vt 0.881356 0.000000
vt 0.887006 1.000000
vt 0.887006 0.000000
vt 0.892655 1.000000
vt 0.892655 0.000000
vt 0.898305 1.000000
vt 0.898305 0.000000
vt 0.903955 1.000000
vt 0.903955 0.000000
vt 0.909605 1.000000
vt 0.909605 0.000000
vt 0.915254 1.000000
vt 0.915254 0.000000
vt 0.920904 1.000000
vt 0.920904 0.000000
vt 0.926554 1.000000
vt 0.926554 0.000000
vt 0.932203 1.000000
vt 0.932203 0.000000
vt 0.937853 1.000000
vt 0.937853 0.000000
vt 0.943503 1.000000
vt 0.943503 0.000000
vt 0.949153 1.000000
vt 0.949153 0.000000
vt 0.954802 1.000000
vt 0.954802 0.000000
vt 0.960452 1.000000
vt 0.960452 0.000000
vt 0.966102 1.000000
vt 0.966102 0.000000
vt 0.971751 1.000000
vt 0.971751 0.000000
vt 0.977401 1.000000
vt 0.977401 0.000000
vt 0.983051 1.000000
vt 0.983051 0.000000
vt 0.988701 1.000000
vt 0.988701 0.000000
vt 0.994350 1.000000
vt 0.994350 0.000000
vt 0.005155 1.000000
vt 0.005155 0.000000
vt 0.010309 1.000000
vt 0.015464 1.000000
vt 0.015464 0.000000
vt 0.020619 1.000000
vt 0.025773 1.000000
vt 0.025773 0.000000
vt 0.030928 1.000000
vt 0.036082 1.000000
vt 0.036082 0.000000
vt 0.041237 1.000000
vt 0.046392 1.000000
vt 0.046392 0.000000
vt 0.051546 1.000000
vt 0.056701 1.000000
vt 0.056701 0.000000
vt 0.061856 1.000000
vt 0.067010 1.000000
vt 0.067010 0.000000
vt 0.072165 1.000000
vt 0.077320 1.000000
vt 0.077320 0.000000
vt 0.082474 1.000000
vt 0.087629 1.000000
vt 0.087629 0.000000
vt 0.092784 1.000000
vt 0.097938 1.000000
vt 0.097938 0.000000
vt 0.103093 1.000000
vt 0.108247 1.000000
vt 0.108247 0.000000
vt 0.113402 1.000000
vt 0.118557 1.000000
vt 0.118557 0.000000
vt 0.123711 1.000000
vt 0.128866 1.000000
vt 0.128866 0.000000
vt 0.134021 1.000000
vt 0.139175 1.000000
vt 0.139175 0.000000
vt 0.144330 1.000000
vt 0.149485 1.000000
vt 0.149485 0.000000
vt 0.154639 1.000000
vt 0.159794 1.000000
vt 0.159794 0.000000
vt 0.164948 1.000000
vt 0.170103 1.000000
vt 0.170103 0.000000
vt 0.175258 1.000000
vt 0.180412 1.000000
vt 0.180412 0.000000
vt 0.185567 1.000000
vt 0.190722 1.000000
vt 0.190722 0.000000
vt 0.195876 1.000000
vt 0.201031 1.000000
vt 0.201031 0.000000
vt 0.206186 1.000000
vt 0.211340 1.000000
vt 0.211340 0.000000
vt 0.216495 1.000000
vt 0.221649 1.000000
vt 0.221649 0.000000
vt 0.226804 1.000000
vt 0.231959 1.000000
vt 0.231959 0.000000
vt 0.237113 1.000000
vt 0.242268 1.000000
vt 0.242268 0.000000
vt 0.247423 1.000000
vt 0.252577 1.000000
vt 0.252577 0.000000
vt 0.257732 1.000000
vt 0.262887 1.000000
vt 0.262887 0.000000
vt 0.268041 1.000000
vt 0.273196 1.000000
vt 0.273196 0.000000
vt 0.278351 1.000000
vt 0.283505 1.000000
vt 0.283505 0.000000
vt 0.288660 1.000000
vt 0.293814 1.000000
vt 0.293814 0.000000
vt 0.298969 1.000000
vt 0.304124 1.000000
vt 0.304124 0.000000
vt 0.309278 1.000000
vt 0.314433 1.000000
vt 0.314433 0.000000
vt 0.319588 1.000000
vt 0.324742 1.000000
vt 0.324742 0.000000
vt 0.329897 1.000000
vt 0.335052 1.000000
vt 0.335052 0.000000
vt 0.340206 1.000000
vt 0.345361 1.000000
vt 0.345361 0.000000
vt 0.350515 1.000000
vt 0.355670 1.000000
vt 0.355670 0.000000
vt 0.360825 1.000000
vt 0.365979 1.000000
vt 0.365979 0.000000
vt 0.371134 1.000000
vt 0.376289 1.000000
vt 0.376289 0.000000
vt 0.381443 1.000000
vt 0.386598 1.000000
vt 0.386598 0.000000
vt 0.391753 1.000000
vt 0.396907 1.000000
vt 0.396907 0.000000
vt 0.402062 1.000000
vt 0.407216 1.000000
vt 0.407216 0.000000
vt 0.412371 1.000000
vt 0.417526 1.000000
vt 0.417526 0.000000
vt 0.422680 1.000000
vt 0.427835 1.000000
vt 0.427835 0.000000
vt 0.432990 1.000000
vt 0.438144 1.000000
vt 0.438144 0.000000
vt 0.443299 1.000000
vt 0.448454 1.000000
vt 0.448454 0.000000
vt 0.453608 1.000000
vt 0.458763 1.000000
vt 0.458763 0.000000
vt 0.463918 1.000000
vt 0.469072 1.000000
vt 0.469072 0.000000
vt 0.474227 1.000000
vt 0.479381 1.000000
vt 0.479381 0.000000
vt 0.484536 1.000000
vt 0.489691 1.000000
vt 0.489691 0.000000
vt 0.494845 1.000000
vt 0.505155 1.000000
vt 0.510309 1.000000
vt 0.510309 0.000000
vt 0.515464 1.000000
vt 0.520619 1.000000
vt 0.520619 0.000000
vt 0.525773 1.000000
vt 0.530928 1.000000
vt 0.530928 0.000000
vt 0.536082 1.000000
vt 0.541237 1.000000
vt 0.541237 0.000000
vt 0.546392 1.000000
vt 0.551546 1.000000
vt 0.551546 0.000000
vt 0.556701 1.000000
vt 0.561856 1.000000
vt 0.561856 0.000000
vt 0.567010 1.000000
vt 0.572165 1.000000
vt 0.572165 0.000000
vt 0.577320 1.000000
vt 0.582474 1.000000
vt 0.582474 0.000000
vt 0.587629 1.000000
vt 0.592784 1.000000
vt 0.592784 0.000000
vt 0.597938 1.000000
vt 0.603093 1.000000
vt 0.603093 0.000000
vt 0.608247 1.000000
vt 0.613402 1.000000
vt 0.613402 0.000000
vt 0.618557 1.000000
vt 0.623711 1.000000
vt 0.623711 0.000000
vt 0.628866 1.000000
vt 0.634021 1.000000
vt 0.634021 0.000000
vt 0.639175 1.000000
vt 0.644330 1.000000
vt 0.644330 0.000000
vt 0.649485 1.000000
vt 0.654639 1.000000
vt 0.654639 0.000000
vt 0.659794 1.000000
vt 0.664948 1.000000
vt 0.664948 0.000000
vt 0.670103 1.000000
vt 0.675258 1.000000
vt 0.675258 0.000000
vt 0.680412 1.000000
vt 0.685567 1.000000
vt 0.685567 0.000000
vt 0.690722 1.000000
vt 0.695876 1.000000
vt 0.695876 0.000000
vt 0.701031 1.000000
vt 0.706186 1.000000
vt 0.706186 0.000000
vt 0.711340 1.000000
vt 0.716495 1.000000
vt 0.716495 0.000000
vt 0.721649 1.000000
vt 0.726804 1.000000
vt 0.726804 0.000000
vt 0.731959 1.000000
vt 0.737113 1.000000
vt 0.737113 0.000000
vt 0.742268 1.000000
vt 0.747423 1.000000
vt 0.747423 0.000000
vt 0.752577 1.000000
vt 0.757732 1.000000
vt 0.757732 0.000000
vt 0.762887 1.000000
vt 0.768041 1.000000
vt 0.768041 0.000000
vt 0.773196 1.000000
vt 0.778351 1.000000
vt 0.778351 0.000000
vt 0.783505 1.000000
vt 0.788660 1.000000
vt 0.788660 0.000000
vt 0.793814 1.000000
vt 0.798969 1.000000
vt 0.798969 0.000000
vt 0.804124 1.000000
vt 0.809278 1.000000
vt 0.809278 0.000000
vt 0.814433 1.000000
vt 0.819588 1.000000
vt 0.819588 0.000000
vt 0.824742 1.000000
vt 0.829897 1.000000
vt 0.829897 0.000000
vt 0.835052 1.000000
vt 0.840206 1.000000
vt 0.840206 0.000000
vt 0.845361 1.000000
vt 0.850515 1.000000
vt 0.850515 0.000000
vt 0.855670 1.000000
vt 0.860825 1.000000
vt 0.860825 0.000000
vt 0.865979 1.000000
vt 0.871134 1.000000
vt 0.871134 0.000000
vt 0.876289 1.000000
vt 0.881443 1.000000
vt 0.881443 0.000000
vt 0.886598 1.000000
vt 0.891753 1.000000
vt 0.891753 0.000000
vt 0.896907 1.000000
vt 0.902062 1.000000
vt 0.902062 0.000000
vt 0.907216 1.000000
vt 0.912371 1.000000
vt 0.912371 0.000000
vt 0.917526 1.000000
vt 0.922680 1.000000
vt 0.922680 0.000000
vt 0.927835 1.000000
vt 0.932990 1.000000
vt 0.932990 0.000000
vt 0.938144 1.000000
vt 0.943299 1.000000
vt 0.943299 0.000000
vt 0.948454 1.000000
vt 0.953608 1.000000
vt 0.953608 0.000000
vt 0.958763 1.000000
vt 0.963918 1.000000
vt 0.963918 0.000000
vt 0.969072 1.000000
vt 0.974227 1.000000
vt 0.974227 0.000000
vt 0.979381 1.000000
vt 0.984536 1.000000
vt 0.984536 0.000000
vt 0.989691 1.000000
vt 0.994845 1.000000
vt 0.994845 0.000000
vt 0.010204 1.000000
vt 0.010204 0.000000
vt 0.020408 1.000000
vt 0.020408 0.000000
vt 0.030612 1.000000
vt 0.030612 0.000000
vt 0.040816 1.000000
vt 0.040816 0.000000
vt 0.051020 1.000000
vt 0.051020 0.000000
vt 0.061224 1.000000
vt 0.061224 0.000000
vt 0.071429 1.000000
vt 0.071429 0.000000
vt 0.081633 1.000000
vt 0.081633 0.000000
vt 0.091837 1.000000
vt 0.091837 0.000000
vt 0.102041 1.000000
vt 0.102041 0.000000
vt 0.112245 1.000000
vt 0.112245 0.000000
vt 0.122449 1.000000
vt 0.122449 0.000000
vt 0.132653 1.000000
vt 0.132653 0.000000
vt 0.142857 1.000000
vt 0.142857 0.000000
vt 0.153061 1.000000
vt 0.153061 0.000000
vt 0.163265 1.000000
vt 0.163265 0.000000
vt 0.173469 1.000000
vt 0.173469 0.000000
vt 0.183673 1.000000
vt 0.183673 0.000000
vt 0.193878 1.000000
vt 0.193878 0.000000
vt 0.204082 1.000000
vt 0.204082 0.000000
vt 0.214286 1.000000
vt 0.214286 0.000000
vt 0.224490 1.000000
vt 0.224490 0.000000
vt 0.234694 1.000000
vt 0.234694 0.000000
vt 0.244898 1.000000
vt 0.244898 0.000000
vt 0.255102 1.000000
vt 0.255102 0.000000
vt 0.265306 1.000000
vt 0.265306 0.000000
vt 0.275510 1.000000
vt 0.275510 0.000000
vt 0.285714 1.000000
vt 0.285714 0.000000
vt 0.295918 1.000000
vt 0.295918 0.000000
vt 0.306122 1.000000
vt 0.306122 0.000000
vt 0.316327 1.000000
vt 0.316327 0.000000
vt 0.326531 1.000000
vt 0.326531 0.000000
vt 0.336735 1.000000
vt 0.336735 0.000000
vt 0.346939 1.000000
vt 0.346939 0.000000
vt 0.357143 1.000000
vt 0.357143 0.000000
vt 0.367347 1.000000
vt 0.367347 0.000000
vt 0.377551 1.000000
vt 0.377551 0.000000
vt 0.387755 1.000000
vt 0.387755 0.000000
vt 0.397959 1.000000
vt 0.397959 0.000000
vt 0.408163 1.000000
vt 0.408163 0.000000
vt 0.418367 1.000000
vt 0.418367 0.000000
vt 0.428571 1.000000
vt 0.428571 0.000000
vt 0.438776 1.000000
vt 0.438776 0.000000
vt 0.448980 1.000000
vt 0.448980 0.000000
vt 0.459184 1.000000
vt 0.459184 0.000000
vt 0.469388 1.000000
vt 0.469388 0.000000
vt 0.479592 1.000000
vt 0.479592 0.000000
vt 0.489796 1.000000
vt 0.489796 0.000000
vt 0.510204 1.000000
vt 0.510204 0.000000
vt 0.520408 1.000000
vt 0.520408 0.000000
vt 0.530612 1.000000
vt 0.530612 0.000000
vt 0.540816 1.000000
vt 0.540816 0.000000
vt 0.551020 1.000000
vt 0.551020 0.000000
vt 0.561224 1.000000
vt 0.561224 0.000000
vt 0.571429 1.000000
vt 0.571429 0.000000
vt 0.581633 1.000000
vt 0.581633 0.000000
vt 0.591837 1.000000
vt 0.591837 0.000000
vt 0.602041 1.000000
vt 0.602041 0.000000
vt 0.612245 1.000000
vt 0.612245 0.000000
vt 0.622449 1.000000
vt 0.622449 0.000000
vt 0.632653 1.000000
vt 0.632653 0.000000
vt 0.642857 1.000000
vt 0.642857 0.000000
vt 0.653061 1.000000
vt 0.653061 0.000000
vt 0.663265 1.000000
vt 0.663265 0.000000
vt 0.673469 1.000000
vt 0.673469 0.000000
vt 0.683673 1.000000
vt 0.683673 0.000000
vt 0.693878 1.000000
vt 0.693878 0.000000
vt 0.704082 1.000000
vt 0.704082 0.000000
vt 0.714286 1.000000
vt 0.714286 0.000000
vt 0.724490 1.000000
vt 0.724490 0.000000
vt 0.734694 1.000000
vt 0.734694 0.000000
vt 0.744898 1.000000
vt 0.744898 0.000000
vt 0.755102 1.000000
vt 0.755102 0.000000
vt 0.765306 1.000000
vt 0.765306 0.000000
vt 0.775510 1.000000
vt 0.775510 0.000000
vt 0.785714 1.000000
vt 0.785714 0.000000
vt 0.795918 1.000000
vt 0.795918 0.000000
vt 0.806122 1.000000
vt 0.806122 0.000000
vt 0.816327 1.000000
vt 0.816327 0.000000
vt 0.826531 1.000000
vt 0.826531 0.000000
vt 0.836735 1.000000
vt 0.836735 0.000000
vt 0.846939 1.000000
vt 0.846939 0.000000
vt 0.857143 1.000000
vt 0.857143 0.000000
vt 0.867347 1.000000
vt 0.867347 0.000000
vt 0.877551 1.000000
vt 0.877551 0.000000
vt 0.887755 1.000000
vt 0.887755 0.000000
vt 0.897959 1.000000
vt 0.897959 0.000000
vt 0.908163 1.000000
vt 0.908163 0.000000
vt 0.918367 1.000000
vt 0.918367 0.000000
vt 0.928571 1.000000
vt 0.928571 0.000000
vt 0.938776 1.000000
vt 0.938776 0.000000
vt 0.948980 1.000000
vt 0.948980 0.000000
vt 0.959184 1.000000
vt 0.959184 0.000000
vt 0.969388 1.000000
vt 0.969388 0.000000
vt 0.979592 1.000000
vt 0.979592 0.000000
vt 0.989796 1.000000
vt 0.989796 0.000000
vt 0.005747 1.000000
vt 0.005747 0.000000
vt 0.011494 1.000000
vt 0.011494 0.000000
vt 0.017241 1.000000
vt 0.017241 0.000000
vt 0.022989 1.000000
vt 0.022989 0.000000
vt 0.028736 1.000000
vt 0.028736 0.000000
vt 0.034483 1.000000
vt 0.034483 0.000000
vt 0.040230 1.000000
vt 0.040230 0.000000
vt 0.045977 1.000000
vt 0.045977 0.000000
vt 0.051724 1.000000
vt 0.051724 0.000000
vt 0.057471 1.000000
vt 0.057471 0.000000
vt 0.063218 1.000000
vt 0.063218 0.000000
vt 0.068966 1.000000
vt 0.068966 0.000000
vt 0.074713 1.000000
vt 0.074713 0.000000
vt 0.080460 1.000000
vt 0.080460 0.000000
vt 0.086207 1.000000
vt 0.086207 0.000000
vt 0.091954 1.000000
vt 0.091954 0.000000
vt 0.097701 1.000000
vt 0.097701 0.000000
vt 0.103448 1.000000
vt 0.103448 0.000000
vt 0.109195 1.000000
vt 0.109195 0.000000
vt 0.114943 1.000000
vt 0.114943 0.000000
vt 0.120690 1.000000
vt 0.120690 0.000000
vt 0.126437 1.000000
vt 0.126437 0.000000
vt 0.132184 1.000000
vt 0.132184 0.000000
vt 0.137931 1.000000
vt 0.137931 0.000000
vt 0.143678 1.000000
vt 0.143678 0.000000
vt 0.149425 1.000000
vt 0.149425 0.000000
vt 0.155172 1.000000
vt 0.155172 0.000000
vt 0.160920 1.000000
vt 0.160920 0.000000
vt 0.172414 1.000000
vt 0.172414 0.000000
vt 0.178161 1.000000
vt 0.178161 0.000000
vt 0.183908 1.000000
vt 0.183908 0.000000
vt 0.189655 1.000000
vt 0.189655 0.000000
vt 0.195402 1.000000
vt 0.195402 0.000000
vt 0.201149 1.000000
vt 0.201149 0.000000
vt 0.206897 1.000000
vt 0.206897 0.000000
vt 0.212644 1.000000
vt 0.212644 0.000000
vt 0.218391 1.000000
vt 0.218391 0.000000
vt 0.224138 1.000000
vt 0.224138 0.000000
vt 0.229885 1.000000
vt 0.229885 0.000000
vt 0.235632 1.000000
vt 0.235632 0.000000
vt 0.241379 1.000000
vt 0.241379 0.000000
vt 0.247126 1.000000
vt 0.247126 0.000000
vt 0.252874 1.000000
vt 0.252874 0.000000
vt 0.258621 1.000000
vt 0.258621 0.000000
vt 0.264368 1.000000
vt 0.264368 0.000000
vt 0.270115 1.000000
vt 0.270115 0.000000
vt 0.275862 1.000000
vt 0.275862 0.000000
vt 0.281609 1.000000
vt 0.281609 0.000000
vt 0.287356 1.000000
vt 0.287356 0.000000
vt 0.293103 1.000000
vt 0.293103 0.000000
vt 0.298851 1.000000
vt 0.298851 0.000000
vt 0.304598 1.000000
vt 0.304598 0.000000
vt 0.310345 1.000000
vt 0.310345 0.000000
vt 0.316092 1.000000
vt 0.316092 0.000000
vt 0.321839 1.000000
vt 0.321839 0.000000
vt 0.327586 1.000000
vt 0.327586 0.000000
vt 0.339080 1.000000
vt 0.339080 0.000000
vt 0.344828 1.000000
vt 0.344828 0.000000
vt 0.350575 1.000000
vt 0.350575 0.000000
vt 0.356322 1.000000
vt 0.356322 0.000000
vt 0.362069 1.000000
vt 0.362069 0.000000
vt 0.367816 1.000000
vt 0.367816 0.000000
vt 0.373563 1.000000
vt 0.373563 0.000000
vt 0.379310 1.000000
vt 0.379310 0.000000
vt 0.385057 1.000000
vt 0.385057 0.000000
vt 0.390805 1.000000
vt 0.390805 0.000000
vt 0.396552 1.000000
vt 0.396552 0.000000
vt 0.402299 1.000000
vt 0.402299 0.000000
vt 0.408046 1.000000
vt 0.408046 0.000000
vt 0.413793 1.000000
vt 0.413793 0.000000
vt 0.419540 1.000000
vt 0.419540 0.000000
vt 0.425287 1.000000
vt 0.425287 0.000000
vt 0.431034 1.000000
vt 0.431034 0.000000
vt 0.436782 1.000000
vt 0.436782 0.000000
vt 0.442529 1.000000
vt 0.442529 0.000000
vt 0.448276 1.000000
vt 0.448276 0.000000
vt 0.454023 1.000000
vt 0.454023 0.000000
vt 0.459770 1.000000
vt 0.459770 0.000000
vt 0.465517 1.000000
vt 0.465517 0.000000
vt 0.471264 1.000000
vt 0.471264 0.000000
vt 0.477012 1.000000
vt 0.477012 0.000000
vt 0.482759 1.000000
vt 0.482759 0.000000
vt 0.488506 1.000000
vt 0.488506 0.000000
vt 0.494253 1.000000
vt 0.494253 0.000000
vt 0.505747 1.000000
vt 0.505747 0.000000
vt 0.511494 1.000000
vt 0.511494 0.000000
vt 0.517241 1.000000
vt 0.517241 0.000000
vt 0.522988 1.000000
vt 0.522988 0.000000
vt 0.528736 1.000000
vt 0.528736 0.000000
vt 0.534483 1.000000
vt 0.534483 0.000000
vt 0.540230 1.000000
vt 0.540230 0.000000
vt 0.545977 1.000000
vt 0.545977 0.000000
vt 0.551724 1.000000
vt 0.551724 0.000000
vt 0.557471 1.000000
vt 0.557471 0.000000
vt 0.563218 1.000000
vt 0.563218 0.000000
vt 0.568965 1.000000
vt 0.568965 0.000000
vt 0.574713 1.000000
vt 0.574713 0.000000
vt 0.580460 1.000000
vt 0.580460 0.000000
vt 0.586207 1.000000
vt 0.586207 0.000000
vt 0.591954 1.000000
vt 0.591954 0.000000
vt 0.597701 1.000000
vt 0.597701 0.000000
vt 0.603448 1.000000
vt 0.603448 0.000000
vt 0.609195 1.000000
vt 0.609195 0.000000
vt 0.614943 1.000000
vt 0.614943 0.000000
vt 0.620690 1.000000
vt 0.620690 0.000000
vt 0.626437 1.000000
vt 0.626437 0.000000
vt 0.632184 1.000000
vt 0.632184 0.000000
vt 0.637931 1.000000
vt 0.637931 0.000000
vt 0.643678 1.000000
vt 0.643678 0.000000
vt 0.649425 1.000000
vt 0.649425 0.000000
vt 0.655172 1.000000
vt 0.655172 0.000000
vt 0.660920 1.000000
vt 0.660920 0.000000
vt 0.672414 1.000000
vt 0.672414 0.000000
vt 0.678161 1.000000
vt 0.678161 0.000000
vt 0.683908 1.000000
vt 0.683908 0.000000
vt 0.689655 1.000000
vt 0.689655 0.000000
vt 0.695402 1.000000
vt 0.695402 0.000000
vt 0.701149 1.000000
vt 0.701149 0.000000
vt 0.706897 1.000000
vt 0.706897 0.000000
vt 0.712644 1.000000
vt 0.712644 0.000000
vt 0.718391 1.000000
vt 0.718391 0.000000
vt 0.724138 1.000000
vt 0.724138 0.000000
vt 0.729885 1.000000
vt 0.729885 0.000000
vt 0.735632 1.000000
vt 0.735632 0.000000
vt 0.741379 1.000000
vt 0.741379 0.000000
vt 0.747126 1.000000
vt 0.747126 0.000000
vt 0.752874 1.000000
vt 0.752874 0.000000
vt 0.758621 1.000000
vt 0.758621 0.000000
vt 0.764368 1.000000
vt 0.764368 0.000000
vt 0.770115 1.000000
vt 0.770115 0.000000
vt 0.775862 1.000000
vt 0.775862 0.000000
vt 0.781609 1.000000
vt 0.781609 0.000000
vt 0.787356 1.000000
vt 0.787356 0.000000
vt 0.793103 1.000000
vt 0.793103 0.000000
vt 0.798851 1.000000
vt 0.798851 0.000000
vt 0.804598 1.000000
vt 0.804598 0.000000
vt 0.810345 1.000000
vt 0.810345 0.000000
vt 0.816092 1.000000
vt 0.816092 0.000000
vt 0.821839 1.000000
vt 0.821839 0.000000
vt 0.827586 1.000000
vt 0.827586 0.000000
vt 0.839080 1.000000
vt 0.839080 0.000000
vt 0.844828 1.000000
vt 0.844828 0.000000
vt 0.850575 1.000000
vt 0.850575 0.000000
vt 0.856322 1.000000
vt 0.856322 0.000000
vt 0.862069 1.000000
vt 0.862069 0.000000
vt 0.867816 1.000000
vt 0.867816 0.000000
vt 0.873563 1.000000
vt 0.873563 0.000000
vt 0.879310 1.000000
vt 0.879310 0.000000
vt 0.885057 1.000000
vt 0.885057 0.000000
vt 0.890805 1.000000
vt 0.890805 0.000000
vt 0.896552 1.000000
vt 0.896552 0.000000
vt 0.902299 1.000000
vt 0.902299 0.000000
vt 0.908046 1.000000
vt 0.908046 0.000000
vt 0.913793 1.000000
vt 0.913793 0.000000
vt 0.919540 1.000000
vt 0.919540 0.000000
vt 0.925287 1.000000
vt 0.925287 0.000000
vt 0.931035 1.000000
vt 0.931035 0.000000
vt 0.936782 1.000000
vt 0.936782 0.000000
vt 0.942529 1.000000
vt 0.942529 0.000000
vt 0.948276 1.000000
vt 0.948276 0.000000
vt 0.954023 1.000000
vt 0.954023 0.000000
vt 0.959770 1.000000
vt 0.959770 0.000000
vt 0.965517 1.000000
vt 0.965517 0.000000
vt 0.971264 1.000000
vt 0.971264 0.000000
vt 0.977012 1.000000
vt 0.977012 0.000000
vt 0.982759 1.000000
vt 0.982759 0.000000
vt 0.988506 1.000000
vt 0.988506 0.000000
vt 0.994253 1.000000
vt 0.994253 0.000000
vt 0.009259 1.000000
vt 0.009259 0.000000
vt 0.018519 1.000000
vt 0.018519 0.000000
vt 0.027778 1.000000
vt 0.027778 0.000000
vt 0.037037 1.000000
vt 0.037037 0.000000
vt 0.046296 1.000000
vt 0.046296 0.000000
vt 0.055556 1.000000
vt 0.055556 0.000000
vt 0.064815 1.000000
vt 0.064815 0.000000
vt 0.074074 1.000000
vt 0.074074 0.000000
vt 0.083333 1.000000
vt 0.092593 1.000000
vt 0.092593 0.000000
vt 0.101852 1.000000
vt 0.101852 0.000000
vt 0.111111 1.000000
vt 0.111111 0.000000
vt 0.120370 1.000000
vt 0.120370 0.000000
vt 0.129630 1.000000
vt 0.129630 0.000000
vt 0.138889 1.000000
vt 0.138889 0.000000
vt 0.148148 1.000000
vt 0.148148 0.000000
vt 0.157407 1.000000
vt 0.157407 0.000000
vt 0.175926 1.000000
vt 0.175926 0.000000
vt 0.185185 1.000000
vt 0.185185 0.000000
vt 0.194444 1.000000
vt 0.194444 0.000000
vt 0.203704 1.000000
vt 0.203704 0.000000
vt 0.212963 1.000000
vt 0.212963 0.000000
vt 0.222222 1.000000
vt 0.222222 0.000000
vt 0.231481 1.000000
vt 0.231481 0.000000
vt 0.240741 1.000000
vt 0.240741 0.000000
vt 0.259259 1.000000
vt 0.259259 0.000000
vt 0.268519 1.000000
vt 0.268519 0.000000
vt 0.277778 1.000000
vt 0.277778 0.000000
vt 0.287037 1.000000
vt 0.287037 0.000000
vt 0.296296 1.000000
vt 0.296296 0.000000
vt 0.305556 1.000000
vt 0.305556 0.000000
vt 0.314815 1.000000
vt 0.314815 0.000000
vt 0.324074 1.000000
vt 0.324074 0.000000
vt 0.342593 1.000000
vt 0.342593 0.000000
vt 0.351852 1.000000
vt 0.351852 0.000000
vt 0.361111 1.000000
vt 0.361111 0.000000
vt 0.370370 1.000000
vt 0.370370 0.000000
vt 0.379630 1.000000
vt 0.379630 0.000000
vt 0.388889 1.000000
vt 0.388889 0.000000
vt 0.398148 1.000000
vt 0.398148 0.000000
vt 0.407407 1.000000
vt 0.407407 0.000000
vt 0.416667 1.000000
vt 0.425926 1.000000
vt 0.425926 0.000000
vt 0.435185 1.000000
vt 0.435185 0.000000
vt 0.444444 1.000000
vt 0.444444 0.000000
vt 0.453704 1.000000
vt 0.453704 0.000000
vt 0.462963 1.000000
vt 0.462963 0.000000
vt 0.472222 1.000000
vt 0.472222 0.000000
vt 0.481481 1.000000
vt 0.481481 0.000000
vt 0.490741 1.000000
vt 0.490741 0.000000
vt 0.509259 1.000000
vt 0.509259 0.000000
vt 0.518519 1.000000
vt 0.518519 0.000000
vt 0.527778 1.000000
vt 0.527778 0.000000
vt 0.537037 1.000000
vt 0.537037 0.000000
vt 0.546296 1.000000
vt 0.546296 0.000000
vt 0.555556 1.000000
vt 0.555556 0.000000
vt 0.564815 1.000000
vt 0.564815 0.000000
vt 0.574074 1.000000
vt 0.574074 0.000000
vt 0.583333 1.000000
vt 0.592593 1.000000
vt 0.592593 0.000000
vt 0.601852 1.000000
vt 0.601852 0.000000
vt 0.611111 1.000000
vt 0.611111 0.000000
vt 0.620370 1.000000
vt 0.620370 0.000000
vt 0.629630 1.000000
vt 0.629630 0.000000
vt 0.638889 1.000000
vt 0.638889 0.000000
vt 0.648148 1.000000
vt 0.648148 0.000000
vt 0.657407 1.000000
vt 0.657407 0.000000
vt 0.675926 1.000000
vt 0.675926 0.000000
vt 0.685185 1.000000
vt 0.685185 0.000000
vt 0.694444 1.000000
vt 0.694444 0.000000
vt 0.703704 1.000000
vt 0.703704 0.000000
vt 0.712963 1.000000
vt 0.712963 0.000000
vt 0.722222 1.000000
vt 0.722222 0.000000
vt 0.731481 1.000000
vt 0.731481 0.000000
vt 0.740741 1.000000
vt 0.740741 0.000000
vt 0.759259 1.000000
vt 0.759259 0.000000
vt 0.768519 1.000000
vt 0.768519 0.000000
vt 0.777778 1.000000
vt 0.777778 0.000000
vt 0.787037 1.000000
vt 0.787037 0.000000
vt 0.796296 1.000000
vt 0.796296 0.000000
vt 0.805556 1.000000
vt 0.805556 0.000000
vt 0.814815 1.000000
vt 0.814815 0.000000
vt 0.824074 1.000000
vt 0.824074 0.000000
vt 0.842593 1.000000
vt 0.842593 0.000000
vt 0.851852 1.000000
vt 0.851852 0.000000
vt 0.861111 1.000000
vt 0.861111 0.000000
vt 0.870370 1.000000
vt 0.870370 0.000000
vt 0.879630 1.000000
vt 0.879630 0.000000
vt 0.888889 1.000000
vt 0.888889 0.000000
vt 0.898148 1.000000
vt 0.898148 0.000000
vt 0.907407 1.000000
vt 0.907407 0.000000
vt 0.916667 1.000000
vt 0.925926 1.000000
vt 0.925926 0.000000
vt 0.935185 1.000000
vt 0.935185 0.000000
vt 0.944444 1.000000
vt 0.944444 0.000000
vt 0.953704 1.000000
vt 0.953704 0.000000
vt 0.962963 1.000000
vt 0.962963 0.000000
vt 0.972222 1.000000
vt 0.972222 0.000000
vt 0.981481 1.000000
vt 0.981481 0.000000
vt 0.990741 1.000000
vt 0.990741 0.000000
vt 0.007812 1.000000
vt 0.007812 0.000000
vt 0.015625 1.000000
vt 0.015625 0.000000
vt 0.023438 1.000000
vt 0.023438 0.000000
vt 0.031250 1.000000
vt 0.031250 0.000000
vt 0.039062 1.000000
vt 0.039062 0.000000
vt 0.046875 1.000000
vt 0.046875 0.000000
vt 0.054688 1.000000
vt 0.054688 0.000000
vt 0.062500 1.000000
vt 0.062500 0.000000
vt 0.070312 1.000000
vt 0.070312 0.000000
vt 0.078125 1.000000
vt 0.078125 0.000000
vt 0.085938 1.000000
vt 0.085938 0.000000
vt 0.093750 1.000000
vt 0.093750 0.000000
vt 0.101562 1.000000
vt 0.101562 0.000000
vt 0.109375 1.000000
vt 0.109375 0.000000
vt 0.117188 1.000000
vt 0.117188 0.000000
vt 0.125000 1.000000
vt 0.125000 0.000000
vt 0.132812 1.000000
vt 0.132812 0.000000
vt 0.140625 1.000000
vt 0.140625 0.000000
vt 0.148438 1.000000
vt 0.148438 0.000000
vt 0.156250 1.000000
vt 0.156250 0.000000
vt 0.164062 1.000000
vt 0.164062 0.000000
vt 0.171875 1.000000
vt 0.171875 0.000000
vt 0.179688 1.000000
vt 0.179688 0.000000
vt 0.187500 1.000000
vt 0.187500 0.000000
vt 0.195312 1.000000
vt 0.195312 0.000000
vt 0.203125 1.000000
vt 0.203125 0.000000
vt 0.210938 1.000000
vt 0.210938 0.000000
vt 0.218750 1.000000
vt 0.218750 0.000000
vt 0.226562 1.000000
vt 0.226562 0.000000
vt 0.234375 1.000000
vt 0.234375 0.000000
vt 0.242188 1.000000
vt 0.242188 0.000000
vt 0.257812 1.000000
vt 0.257812 0.000000
vt 0.265625 1.000000
vt 0.265625 0.000000
vt 0.273438 1.000000
vt 0.273438 0.000000
vt 0.281250 1.000000
vt 0.281250 0.000000
vt 0.289062 1.000000
vt 0.289062 0.000000
vt 0.296875 1.000000
vt 0.296875 0.000000
vt 0.304688 1.000000
vt 0.304688 0.000000
vt 0.312500 1.000000
vt 0.312500 0.000000
vt 0.320312 1.000000
vt 0.320312 0.000000
vt 0.328125 1.000000
vt 0.328125 0.000000
vt 0.335938 1.000000
vt 0.335938 0.000000
vt 0.343750 1.000000
vt 0.343750 0.000000
vt 0.351562 1.000000
vt 0.351562 0.000000
vt 0.359375 1.000000
vt 0.359375 0.000000
vt 0.367188 1.000000
vt 0.367188 0.000000
vt 0.375000 1.000000
vt 0.375000 0.000000
vt 0.382812 1.000000
vt 0.382812 0.000000
vt 0.390625 1.000000
vt 0.390625 0.000000
vt 0.398438 1.000000
vt 0.398438 0.000000
vt 0.406250 1.000000
vt 0.406250 0.000000
vt 0.414062 1.000000
vt 0.414062 0.000000
vt 0.421875 1.000000
vt 0.421875 0.000000
vt 0.429688 1.000000
vt 0.429688 0.000000
vt 0.437500 1.000000
vt 0.437500 0.000000
vt 0.445312 1.000000
vt 0.445312 0.000000
vt 0.453125 1.000000
vt 0.453125 0.000000
vt 0.460938 1.000000
vt 0.460938 0.000000
vt 0.468750 1.000000
vt 0.468750 0.000000
vt 0.476562 1.000000
vt 0.476562 0.000000
vt 0.484375 1.000000
vt 0.484375 0.000000
vt 0.492188 1.000000
vt 0.492188 0.000000
vt 0.507812 1.000000
vt 0.507812 0.000000
vt 0.515625 1.000000
vt 0.515625 0.000000
vt 0.523438 1.000000
vt 0.523438 0.000000
vt 0.531250 1.000000
vt 0.531250 0.000000
vt 0.539062 1.000000
vt 0.539062 0.000000
vt 0.546875 1.000000
vt 0.546875 0.000000
vt 0.554688 1.000000
vt 0.554688 0.000000
vt 0.562500 1.000000
vt 0.562500 0.000000
vt 0.570312 1.000000
vt 0.570312 0.000000
vt 0.578125 1.000000
vt 0.578125 0.000000
vt 0.585938 1.000000
vt 0.585938 0.000000
vt 0.593750 1.000000
vt 0.593750 0.000000
vt 0.601562 1.000000
vt 0.601562 0.000000
vt 0.609375 1.000000
vt 0.609375 0.000000
vt 0.617188 1.000000
vt 0.617188 0.000000
vt 0.625000 1.000000
vt 0.625000 0.000000
vt 0.632812 1.000000
vt 0.632812 0.000000
vt 0.640625 1.000000
vt 0.640625 0.000000
vt 0.648438 1.000000
vt 0.648438 0.000000
vt 0.656250 1.000000
vt 0.656250 0.000000
vt 0.664062 1.000000
vt 0.664062 0.000000
vt 0.671875 1.000000
vt 0.671875 0.000000
vt 0.679688 1.000000
vt 0.679688 0.000000
vt 0.687500 1.000000
vt 0.687500 0.000000
vt 0.695312 1.000000
vt 0.695312 0.000000
vt 0.703125 1.000000
vt 0.703125 0.000000
vt 0.710938 1.000000
vt 0.710938 0.000000
vt 0.718750 1.000000
vt 0.718750 0.000000
vt 0.726562 1.000000
vt 0.726562 0.000000
vt 0.734375 1.000000
vt 0.734375 0.000000
vt 0.742188 1.000000
vt 0.742188 0.000000
vt 0.757812 1.000000
vt 0.757812 0.000000
vt 0.765625 1.000000
vt 0.765625 0.000000
vt 0.773438 1.000000
vt 0.773438 0.000000
vt 0.781250 1.000000
vt 0.781250 0.000000
vt 0.789062 1.000000
vt 0.789062 0.000000
vt 0.796875 1.000000
vt 0.796875 0.000000
vt 0.804688 1.000000
vt 0.804688 0.000000
vt 0.812500 1.000000
vt 0.812500 0.000000
vt 0.820312 1.000000
vt 0.820312 0.000000
vt 0.828125 1.000000
vt 0.828125 0.000000
vt 0.835938 1.000000
vt 0.835938 0.000000
vt 0.843750 1.000000
vt 0.843750 0.000000
vt 0.851562 1.000000
vt 0.851562 0.000000
vt 0.859375 1.000000
vt 0.859375 0.000000
vt 0.867188 1.000000
vt 0.867188 0.000000
vt 0.875000 1.000000
vt 0.875000 0.000000
vt 0.882812 1.000000
vt 0.882812 0.000000
vt 0.890625 1.000000
vt 0.890625 0.000000
vt 0.898438 1.000000
vt 0.898438 0.000000
vt 0.906250 1.000000
vt 0.906250 0.000000
vt 0.914062 1.000000
vt 0.914062 0.000000
vt 0.921875 1.000000
vt 0.921875 0.000000
vt 0.929688 1.000000
vt 0.929688 0.000000
vt 0.937500 1.000000
vt 0.937500 0.000000
vt 0.945312 1.000000
vt 0.945312 0.000000
vt 0.953125 1.000000
vt 0.953125 0.000000
vt 0.960938 1.000000
vt 0.960938 0.000000
vt 0.968750 1.000000
vt 0.968750 0.000000
vt 0.976562 1.000000
vt 0.976562 0.000000
vt 0.984375 1.000000
vt 0.984375 0.000000
vt 0.992188 1.000000
vt 0.992188 0.000000
vt 0.012500 1.000000
vt 0.012500 0.000000
vt 0.025000 1.000000
vt 0.025000 0.000000
vt 0.037500 1.000000
vt 0.037500 0.000000
vt 0.050000 1.000000
vt 0.050000 0.000000
vt 0.075000 1.000000
vt 0.075000 0.000000
vt 0.087500 1.000000
vt 0.087500 0.000000
vt 0.100000 1.000000
vt 0.100000 0.000000
vt 0.112500 1.000000
vt 0.112500 0.000000
vt 0.137500 1.000000
vt 0.137500 0.000000
vt 0.150000 1.000000
vt 0.150000 0.000000
vt 0.162500 1.000000
vt 0.162500 0.000000
vt 0.175000 1.000000
vt 0.175000 0.000000
vt 0.200000 1.000000
vt 0.212500 1.000000
vt 0.212500 0.000000
vt 0.225000 1.000000
vt 0.225000 0.000000
vt 0.237500 1.000000
vt 0.237500 0.000000
vt 0.262500 1.000000
vt 0.262500 0.000000
vt 0.275000 1.000000
vt 0.275000 0.000000
vt 0.287500 1.000000
vt 0.287500 0.000000
vt 0.300000 1.000000
vt 0.300000 0.000000
vt 0.325000 1.000000
vt 0.325000 0.000000
vt 0.337500 1.000000
vt 0.337500 0.000000
vt 0.350000 1.000000
vt 0.350000 0.000000
vt 0.362500 1.000000
vt 0.362500 0.000000
vt 0.387500 1.000000
vt 0.387500 0.000000
vt 0.400000 1.000000
vt 0.412500 1.000000
vt 0.412500 0.000000
vt 0.425000 1.000000
vt 0.425000 0.000000
vt 0.450000 1.000000
vt 0.450000 0.000000
vt 0.462500 1.000000
vt 0.462500 0.000000
vt 0.475000 1.000000
vt 0.475000 0.000000
vt 0.487500 1.000000
vt 0.487500 0.000000
vt 0.512500 1.000000
vt 0.512500 0.000000
vt 0.525000 1.000000
vt 0.525000 0.000000
vt 0.537500 1.000000
vt 0.537500 0.000000
vt 0.550000 1.000000
vt 0.550000 0.000000
vt 0.575000 1.000000
vt 0.575000 0.000000
vt 0.587500 1.000000
vt 0.587500 0.000000
vt 0.600000 1.000000
vt 0.612500 1.000000
vt 0.612500 0.000000
vt 0.637500 1.000000
vt 0.637500 0.000000
vt 0.650000 1.000000
vt 0.650000 0.000000
vt 0.662500 1.000000
vt 0.662500 0.000000
vt 0.675000 1.000000
vt 0.675000 0.000000
vt 0.700000 1.000000
vt 0.700000 0.000000
vt 0.712500 1.000000
vt 0.712500 0.000000
vt 0.725000 1.000000
vt 0.725000 0.000000
vt 0.737500 1.000000
vt 0.737500 0.000000
vt 0.762500 1.000000
vt 0.762500 0.000000
vt 0.775000 1.000000
vt 0.775000 0.000000
vt 0.787500 1.000000
vt 0.787500 0.000000
vt 0.800000 1.000000
vt 0.825000 1.000000
vt 0.825000 0.000000
vt 0.837500 1.000000
vt 0.837500 0.000000
vt 0.850000 1.000000
vt 0.850000 0.000000
vt 0.862500 1.000000
vt 0.862500 0.000000
vt 0.887500 1.000000
vt 0.887500 0.000000
vt 0.900000 1.000000
vt 0.900000 0.000000
vt 0.912500 1.000000
vt 0.912500 0.000000
vt 0.925000 1.000000
vt 0.925000 0.000000
vt 0.950000 1.000000
vt 0.950000 0.000000
vt 0.962500 1.000000
vt 0.962500 0.000000
vt 0.975000 1.000000
vt 0.975000 0.000000
vt 0.987500 1.000000
vt 0.987500 0.000000
vt 0.004202 1.000000
vt 0.004202 0.000000
vt 0.008403 1.000000
vt 0.008403 0.000000
vt 0.012605 1.000000
vt 0.012605 0.000000
vt 0.016807 1.000000
vt 0.016807 0.000000
vt 0.021008 1.000000
vt 0.021008 0.000000
vt 0.025210 1.000000
vt 0.025210 0.000000
vt 0.029412 1.000000
vt 0.029412 0.000000
vt 0.033613 1.000000
vt 0.033613 0.000000
vt 0.037815 1.000000
vt 0.037815 0.000000
vt 0.042017 1.000000
vt 0.042017 0.000000
vt 0.046218 1.000000
vt 0.046218 0.000000
vt 0.050420 1.000000
vt 0.050420 0.000000
vt 0.054622 1.000000
vt 0.054622 0.000000
vt 0.058824 1.000000
vt 0.058824 0.000000
vt 0.063025 1.000000
vt 0.063025 0.000000
vt 0.067227 1.000000
vt 0.067227 0.000000
vt 0.075630 1.000000
vt 0.075630 0.000000
vt 0.079832 1.000000
vt 0.079832 0.000000
vt 0.084034 1.000000
vt 0.084034 0.000000
vt 0.088235 1.000000
vt 0.088235 0.000000
vt 0.092437 1.000000
vt 0.092437 0.000000
vt 0.096639 1.000000
vt 0.096639 0.000000
vt 0.100840 1.000000
vt 0.100840 0.000000
vt 0.105042 1.000000
vt 0.105042 0.000000
vt 0.109244 1.000000
vt 0.109244 0.000000
vt 0.113445 1.000000
vt 0.113445 0.000000
vt 0.117647 1.000000
vt 0.117647 0.000000
vt 0.121849 1.000000
vt 0.121849 0.000000
vt 0.126050 1.000000
vt 0.126050 0.000000
vt 0.130252 1.000000
vt 0.130252 0.000000
vt 0.134454 1.000000
vt 0.134454 0.000000
vt 0.138655 1.000000
vt 0.138655 0.000000
vt 0.147059 1.000000
vt 0.147059 0.000000
vt 0.151261 1.000000
vt 0.151261 0.000000
vt 0.155462 1.000000
vt 0.155462 0.000000
vt 0.159664 1.000000
vt 0.159664 0.000000
vt 0.163866 1.000000
vt 0.163866 0.000000
vt 0.168067 1.000000
vt 0.168067 0.000000
vt 0.172269 1.000000
vt 0.172269 0.000000
vt 0.176471 1.000000
vt 0.176471 0.000000
vt 0.180672 1.000000
vt 0.180672 0.000000
vt 0.184874 1.000000
vt 0.184874 0.000000
vt 0.189076 1.000000
vt 0.189076 0.000000
vt 0.193277 1.000000
vt 0.193277 0.000000
vt 0.197479 1.000000
vt 0.197479 0.000000
vt 0.201681 1.000000
vt 0.201681 0.000000
vt 0.205882 1.000000
vt 0.205882 0.000000
vt 0.210084 1.000000
vt 0.210084 0.000000
vt 0.218487 1.000000
vt 0.218487 0.000000
vt 0.222689 1.000000
vt 0.222689 0.000000
vt 0.226891 1.000000
vt 0.226891 0.000000
vt 0.231092 1.000000
vt 0.231092 0.000000
vt 0.235294 1.000000
vt 0.235294 0.000000
vt 0.239496 1.000000
vt 0.239496 0.000000
vt 0.243697 1.000000
vt 0.243697 0.000000
vt 0.247899 1.000000
vt 0.247899 0.000000
vt 0.252101 1.000000
vt 0.252101 0.000000
vt 0.256303 1.000000
vt 0.256303 0.000000
vt 0.260504 1.000000
vt 0.260504 0.000000
vt 0.264706 1.000000
vt 0.264706 0.000000
vt 0.268908 1.000000
vt 0.268908 0.000000
vt 0.273109 1.000000
vt 0.273109 0.000000
vt 0.277311 1.000000
vt 0.277311 0.000000
vt 0.281513 1.000000
vt 0.281513 0.000000
vt 0.289916 1.000000
vt 0.289916 0.000000
vt 0.294118 1.000000
vt 0.294118 0.000000
vt 0.298319 1.000000
vt 0.298319 0.000000
vt 0.302521 1.000000
vt 0.302521 0.000000
vt 0.306723 1.000000
vt 0.306723 0.000000
vt 0.310924 1.000000
vt 0.310924 0.000000
vt 0.315126 1.000000
vt 0.315126 0.000000
vt 0.319328 1.000000
vt 0.319328 0.000000
vt 0.323529 1.000000
vt 0.323529 0.000000
vt 0.327731 1.000000
vt 0.327731 0.000000
vt 0.331933 1.000000
vt 0.331933 0.000000
vt 0.336134 1.000000
vt 0.336134 0.000000
vt 0.340336 1.000000
vt 0.340336 0.000000
vt 0.344538 1.000000
vt 0.344538 0.000000
vt 0.348740 1.000000
vt 0.348740 0.000000
vt 0.352941 1.000000
vt 0.352941 0.000000
vt 0.361345 1.000000
vt 0.361345 0.000000
vt 0.365546 1.000000
vt 0.365546 0.000000
vt 0.369748 1.000000
vt 0.369748 0.000000
vt 0.373950 1.000000
vt 0.373950 0.000000
vt 0.378151 1.000000
vt 0.378151 0.000000
vt 0.382353 1.000000
vt 0.382353 0.000000
vt 0.386555 1.000000
vt 0.386555 0.000000
vt 0.390756 1.000000
vt 0.390756 0.000000
vt 0.394958 1.000000
vt 0.394958 0.000000
vt 0.399160 1.000000
vt 0.399160 0.000000
vt 0.403361 1.000000
vt 0.403361 0.000000
vt 0.407563 1.000000
vt 0.407563 0.000000
vt 0.411765 1.000000
vt 0.411765 0.000000
vt 0.415966 1.000000
vt 0.415966 0.000000
vt 0.420168 1.000000
vt 0.420168 0.000000
vt 0.424370 1.000000
vt 0.424370 0.000000
vt 0.432773 1.000000
vt 0.432773 0.000000
vt 0.436975 1.000000
vt 0.436975 0.000000
vt 0.441176 1.000000
vt 0.441176 0.000000
vt 0.445378 1.000000
vt 0.445378 0.000000
vt 0.449580 1.000000
vt 0.449580 0.000000
vt 0.453782 1.000000
vt 0.453782 0.000000
vt 0.457983 1.000000
vt 0.457983 0.000000
vt 0.462185 1.000000
vt 0.462185 0.000000
vt 0.466387 1.000000
vt 0.466387 0.000000
vt 0.470588 1.000000
vt 0.470588 0.000000
vt 0.474790 1.000000
vt 0.474790 0.000000
vt 0.478992 1.000000
vt 0.478992 0.000000
vt 0.483193 1.000000
vt 0.483193 0.000000
vt 0.487395 1.000000
vt 0.487395 0.000000
vt 0.491597 1.000000
vt 0.491597 0.000000
vt 0.495798 1.000000
vt 0.495798 0.000000
vt 0.504202 1.000000
vt 0.504202 0.000000
vt 0.508403 1.000000
vt 0.508403 0.000000
vt 0.512605 1.000000
vt 0.512605 0.000000
vt 0.516807 1.000000
vt 0.516807 0.000000
vt 0.521008 1.000000
vt 0.521008 0.000000
vt 0.525210 1.000000
vt 0.525210 0.000000
vt 0.529412 1.000000
vt 0.529412 0.000000
vt 0.533613 1.000000
vt 0.533613 0.000000
vt 0.537815 1.000000
vt 0.537815 0.000000
vt 0.542017 1.000000
vt 0.542017 0.000000
vt 0.546219 1.000000
vt 0.546219 0.000000
vt 0.550420 1.000000
vt 0.550420 0.000000
vt 0.554622 1.000000
vt 0.554622 0.000000
vt 0.558824 1.000000
vt 0.558824 0.000000
vt 0.563025 1.000000
vt 0.563025 0.000000
vt 0.567227 1.000000
vt 0.567227 0.000000
vt 0.575630 1.000000
vt 0.575630 0.000000
vt 0.579832 1.000000
vt 0.579832 0.000000
vt 0.584034 1.000000
vt 0.584034 0.000000
vt 0.588235 1.000000
vt 0.588235 0.000000
vt 0.592437 1.000000
vt 0.592437 0.000000
vt 0.596639 1.000000
vt 0.596639 0.000000
vt 0.600840 1.000000
vt 0.600840 0.000000
vt 0.605042 1.000000
vt 0.605042 0.000000
vt 0.609244 1.000000
vt 0.609244 0.000000
vt 0.613445 1.000000
vt 0.613445 0.000000
vt 0.617647 1.000000
vt 0.617647 0.000000
vt 0.621849 1.000000
vt 0.621849 0.000000
vt 0.626050 1.000000
vt 0.626050 0.000000
vt 0.630252 1.000000
vt 0.630252 0.000000
vt 0.634454 1.000000
vt 0.634454 0.000000
vt 0.638655 1.000000
vt 0.638655 0.000000
vt 0.647059 1.000000
vt 0.647059 0.000000
vt 0.651260 1.000000
vt 0.651260 0.000000
vt 0.655462 1.000000
vt 0.655462 0.000000
vt 0.659664 1.000000
vt 0.659664 0.000000
vt 0.663866 1.000000
vt 0.663866 0.000000
vt 0.668067 1.000000
vt 0.668067 0.000000
vt 0.672269 1.000000
vt 0.672269 0.000000
vt 0.676471 1.000000
vt 0.676471 0.000000
vt 0.680672 1.000000
vt 0.680672 0.000000
vt 0.684874 1.000000
vt 0.684874 0.000000
vt 0.689076 1.000000
vt 0.689076 0.000000
vt 0.693277 1.000000
vt 0.693277 0.000000
vt 0.697479 1.000000
vt 0.697479 0.000000
vt 0.701681 1.000000
vt 0.701681 0.000000
vt 0.705882 1.000000
vt 0.705882 0.000000
vt 0.710084 1.000000
vt 0.710084 0.000000
vt 0.718487 1.000000
vt 0.718487 0.000000
vt 0.722689 1.000000
vt 0.722689 0.000000
vt 0.726891 1.000000
vt 0.726891 0.000000
vt 0.731092 1.000000
vt 0.731092 0.000000
vt 0.735294 1.000000
vt 0.735294 0.000000
vt 0.739496 1.000000
vt 0.739496 0.000000
vt 0.743697 1.000000
vt 0.743697 0.000000
vt 0.747899 1.000000
vt 0.747899 0.000000
vt 0.752101 1.000000
vt 0.752101 0.000000
vt 0.756303 1.000000
vt 0.756303 0.000000
vt 0.760504 1.000000
vt 0.760504 0.000000
vt 0.764706 1.000000
vt 0.764706 0.000000
vt 0.768908 1.000000
vt 0.768908 0.000000
vt 0.773109 1.000000
vt 0.773109 0.000000
vt 0.777311 1.000000
vt 0.777311 0.000000
vt 0.781513 1.000000
vt 0.781513 0.000000
vt 0.789916 1.000000
vt 0.789916 0.000000
vt 0.794118 1.000000
vt 0.794118 0.000000
vt 0.798319 1.000000
vt 0.798319 0.000000
vt 0.802521 1.000000
vt 0.802521 0.000000
vt 0.806723 1.000000
vt 0.806723 0.000000
vt 0.810924 1.000000
vt 0.810924 0.000000
vt 0.815126 1.000000
vt 0.815126 0.000000
vt 0.819328 1.000000
vt 0.819328 0.000000
vt 0.823529 1.000000
vt 0.823529 0.000000
vt 0.827731 1.000000
vt 0.827731 0.000000
vt 0.831933 1.000000
vt 0.831933 0.000000
vt 0.836134 1.000000
vt 0.836134 0.000000
vt 0.840336 1.000000
vt 0.840336 0.000000
vt 0.844538 1.000000
vt 0.844538 0.000000
vt 0.848740 1.000000
vt 0.848740 0.000000
vt 0.852941 1.000000
vt 0.852941 0.000000
vt 0.861345 1.000000
vt 0.861345 0.000000
vt 0.865546 1.000000
vt 0.865546 0.000000
vt 0.869748 1.000000
vt 0.869748 0.000000
vt 0.873950 1.000000
vt 0.873950 0.000000
vt 0.878151 1.000000
vt 0.878151 0.000000
vt 0.882353 1.000000
vt 0.882353 0.000000
vt 0.886555 1.000000
vt 0.886555 0.000000
vt 0.890756 1.000000
vt 0.890756 0.000000
vt 0.894958 1.000000
vt 0.894958 0.000000
vt 0.899160 1.000000
vt 0.899160 0.000000
vt 0.903361 1.000000
vt 0.903361 0.000000
vt 0.907563 1.000000
vt 0.907563 0.000000
vt 0.911765 1.000000
vt 0.911765 0.000000
vt 0.915966 1.000000
vt 0.915966 0.000000
vt 0.920168 1.000000
vt 0.920168 0.000000
vt 0.924370 1.000000
vt 0.924370 0.000000
vt 0.932773 1.000000
vt 0.932773 0.000000
vt 0.936975 1.000000
vt 0.936975 0.000000
vt 0.941176 1.000000
vt 0.941176 0.000000
vt 0.945378 1.000000
vt 0.945378 0.000000
vt 0.949580 1.000000
vt 0.949580 0.000000
vt 0.953781 1.000000
vt 0.953781 0.000000
vt 0.957983 1.000000
vt 0.957983 0.000000
vt 0.962185 1.000000
vt 0.962185 0.000000
vt 0.966387 1.000000
vt 0.966387 0.000000
vt 0.970588 1.000000
vt 0.970588 0.000000
vt 0.974790 1.000000
vt 0.974790 0.000000
vt 0.978992 1.000000
vt 0.978992 0.000000
vt 0.983193 1.000000
vt 0.983193 0.000000
vt 0.987395 1.000000
vt 0.987395 0.000000
vt 0.991597 1.000000
vt 0.991597 0.000000
vt 0.995798 1.000000
vt 0.995798 0.000000
s 0
f 137/1/1 139/2/1 138/3/1
f 137/1/1 140/4/1 139/2/1
f 137/1/1 141/5/1 140/4/1
f 136/6/1 141/5/1 137/1/1
f 136/6/1 142/7/1 141/5/1
f 135/8/1 142/7/1 136/6/1
f 135/8/1 143/9/1 142/7/1
f 134/10/1 143/9/1 135/8/1
f 134/10/1 144/11/1 143/9/1
f 133/12/1 144/11/1 134/10/1
f 133/12/1 145/13/1 144/11/1
f 132/14/1 145/13/1 133/12/1
f 132/14/1 146/15/1 145/13/1
f 131/16/1 146/15/1 132/14/1
f 131/16/1 147/17/1 146/15/1
f 130/18/1 147/17/1 131/16/1
f 130/18/1 148/19/1 147/17/1
f 129/20/1 148/19/1 130/18/1
f 129/20/1 149/21/1 148/19/1
f 129/20/1 150/22/1 149/21/1
f 128/23/1 150/22/1 129/20/1
f 128/23/1 151/24/1 150/22/1
f 127/25/1 151/24/1 128/23/1
f 127/25/1 152/26/1 151/24/1
f 126/27/1 152/26/1 127/25/1
f 125/28/1 152/26/1 126/27/1
f 124/29/1 152/26/1 125/28/1
f 123/30/1 152/26/1 124/29/1
f 122/31/1 152/26/1 123/30/1
f 121/32/1 152/26/1 122/31/1
f 120/33/1 152/26/1 121/32/1
f 119/34/1 152/26/1 120/33/1
f 118/35/1 152/26/1 119/34/1
f 117/36/1 152/26/1 118/35/1
f 116/37/1 152/26/1 117/36/1
f 115/38/1 152/26/1 116/37/1
f 115/38/1 153/39/1 152/26/1
f 115/38/1 154/40/1 153/39/1
f 114/41/1 154/40/1 115/38/1
f 114/41/1 155/42/1 154/40/1
f 114/41/1 156/43/1 155/42/1
f 114/41/1 157/44/1 156/43/1
f 113/45/1 168/46/1 114/41/1
f 168/46/1 167/47/1 114/41/1
f 167/47/1 166/48/1 114/41/1
f 166/48/1 165/49/1 114/41/1
f 165/49/1 157/44/1 114/41/1
f 165/49/1 158/50/1 157/44/1
f 165/49/1 159/51/1 158/50/1
f 165/49/1 160/52/1 159/51/1
f 165/49/1 161/53/1 160/52/1
f 165/49/1 162/54/1 161/53/1
f 165/49/1 163/55/1 162/54/1
f 165/49/1 164/56/1 163/55/1
f 113/45/1 169/57/1 168/46/1
f 113/45/1 170/58/1 169/57/1
f 113/45/1 171/59/1 170/58/1
f 113/45/1 172/60/1 171/59/1
f 113/45/1 173/61/1 172/60/1
f 113/45/1 174/62/1 173/61/1
f 113/45/1 175/63/1 174/62/1
f 113/45/1 176/64/1 175/63/1
f 113/45/1 177/65/1 176/64/1
f 113/45/1 178/66/1 177/65/1
f 113/45/1 179/67/1 178/66/1
f 113/45/1 180/68/1 179/67/1
f 113/45/1 181/69/1 180/68/1
f 113/45/1 182/70/1 181/69/1
f 113/45/1 183/71/1 182/70/1
f 113/45/1 184/72/1 183/71/1
f 113/45/1 185/73/1 184/72/1
f 113/45/1 186/74/1 185/73/1
f 113/45/1 187/75/1 186/74/1
f 113/45/1 188/76/1 187/75/1
f 113/45/1 189/77/1 188/76/1
f 113/45/1 190/78/1 189/77/1
f 113/45/1 191/79/1 190/78/1
f 113/45/1 192/80/1 191/79/1
f 113/45/1 193/81/1 192/80/1
f 113/45/1 194/82/1 193/81/1
f 113/45/1 195/83/1 194/82/1
f 113/45/1 196/84/1 195/83/1
f 112/85/1 196/84/1 113/45/1
f 112/85/1 197/86/1 196/84/1
f 112/85/1 198/87/1 197/86/1
f 112/85/1 199/88/1 198/87/1
f 112/85/1 200/89/1 199/88/1
f 112/85/1 201/90/1 200/89/1
f 112/85/1 202/91/1 201/90/1
f 111/92/1 202/91/1 112/85/1
f 111/92/1 203/93/1 202/91/1
f 111/92/1 204/94/1 203/93/1
f 111/92/1 205/95/1 204/94/1
f 111/92/1 206/96/1 205/95/1
f 110/97/1 206/96/1 111/92/1
f 110/97/1 207/98/1 206/96/1
f 110/97/1 208/99/1 207/98/1
f 110/97/1 209/100/1 208/99/1
f 109/101/1 209/100/1 110/97/1
f 109/101/1 210/102/1 209/100/1
f 109/101/1 211/103/1 210/102/1
f 108/104/1 211/103/1 109/101/1
f 108/104/1 212/105/1 211/103/1
f 108/104/1 213/106/1 212/105/1
f 107/107/1 213/106/1 108/104/1
f 107/107/1 214/108/1 213/106/1
f 107/107/1 215/109/1 214/108/1
f 106/110/1 215/109/1 107/107/1
f 106/110/1 216/111/1 215/109/1
f 106/110/1 217/112/1 216/111/1
f 105/113/1 217/112/1 106/110/1
f 105/113/1 218/114/1 217/112/1
f 104/115/1 218/114/1 105/113/1
f 104/115/1 219/116/1 218/114/1
f 103/117/1 219/116/1 104/115/1
f 103/117/1 220/118/1 219/116/1
f 102/119/1 220/118/1 103/117/1
f 102/119/1 221/120/1 220/118/1
f 101/121/1 221/120/1 102/119/1
f 101/121/1 222/122/1 221/120/1
f 100/123/1 222/122/1 101/121/1
f 100/123/1 223/124/1 222/122/1
f 99/125/1 223/124/1 100/123/1
f 98/126/1 223/124/1 99/125/1
f 98/126/1 224/127/1 223/124/1
f 97/128/1 224/127/1 98/126/1
f 97/128/1 225/129/1 224/127/1
f 96/130/1 225/129/1 97/128/1
f 95/131/1 225/129/1 96/130/1
f 95/131/1 226/132/1 225/129/1
f 94/133/1 226/132/1 95/131/1
f 93/134/1 226/132/1 94/133/1
f 92/135/1 226/132/1 93/134/1
f 92/135/1 87/136/1 226/132/1
f 87/136/1 86/137/1 226/132/1
f 86/137/1 85/138/1 226/132/1
f 85/138/1 84/139/1 226/132/1
f 84/139/1 227/140/1 226/132/1
f 91/141/1 87/136/1 92/135/1
f 90/142/1 87/136/1 91/141/1
f 89/143/1 87/136/1 90/142/1
f 88/144/1 87/136/1 89/143/1
f 83/145/1 227/140/1 84/139/1
f 82/146/2 227/140/2 83/145/2
f 81/147/1 227/140/1 82/146/1
f 80/148/1 227/140/1 81/147/1
f 79/149/1 227/140/1 80/148/1
f 78/150/1 227/140/1 79/149/1
f 77/151/1 227/140/1 78/150/1
f 76/152/1 227/140/1 77/151/1
f 75/153/1 227/140/1 76/152/1
f 74/154/1 227/140/1 75/153/1
f 73/155/1 227/140/1 74/154/1
f 72/156/1 227/140/1 73/155/1
f 71/157/1 227/140/1 72/156/1
f 70/158/1 227/140/1 71/157/1
f 69/159/1 227/140/1 70/158/1
f 68/160/1 227/140/1 69/159/1
f 67/161/1 227/140/1 68/160/1
f 66/162/1 227/140/1 67/161/1
f 65/163/1 227/140/1 66/162/1
f 64/164/1 227/140/1 65/163/1
f 63/165/1 227/140/1 64/164/1
f 62/166/1 227/140/1 63/165/1
f 61/167/1 227/140/1 62/166/1
f 60/168/1 227/140/1 61/167/1
f 59/169/1 227/140/1 60/168/1
f 58/170/1 227/140/1 59/169/1
f 57/171/1 227/140/1 58/170/1
f 56/172/1 227/140/1 57/171/1
f 55/173/1 227/140/1 56/172/1
f 54/174/1 227/140/1 55/173/1
f 53/175/1 227/140/1 54/174/1
f 52/176/1 227/140/1 53/175/1
f 51/177/1 227/140/1 52/176/1
f 50/178/1 227/140/1 51/177/1
f 49/179/1 227/140/1 50/178/1
f 48/180/1 227/140/1 49/179/1
f 47/181/1 227/140/1 48/180/1
f 46/182/1 227/140/1 47/181/1
f 45/183/1 227/140/1 46/182/1
f 44/184/1 227/140/1 45/183/1
f 43/185/1 227/140/1 44/184/1
f 42/186/1 227/140/1 43/185/1
f 41/187/1 227/140/1 42/186/1
f 40/188/1 227/140/1 41/187/1
f 38/189/1 40/188/1 39/190/1
f 38/189/1 227/140/1 40/188/1
f 37/191/1 227/140/1 38/189/1
f 36/192/1 227/140/1 37/191/1
f 35/193/1 227/140/1 36/192/1
f 34/194/1 227/140/1 35/193/1
f 33/195/1 227/140/1 34/194/1
f 32/196/1 227/140/1 33/195/1
f 31/197/1 227/140/1 32/196/1
f 31/197/1 228/198/1 227/140/1
f 30/199/1 228/198/1 31/197/1
f 29/200/1 228/198/1 30/199/1
f 28/201/1 228/198/1 29/200/1
f 28/201/1 229/202/1 228/198/1
f 27/203/1 229/202/1 28/201/1
f 26/204/1 229/202/1 27/203/1
f 26/204/1 230/205/1 229/202/1
f 26/204/1 231/206/1 230/205/1
f 26/204/1 232/207/1 231/206/1
f 26/204/1 233/208/1 232/207/1
f 26/204/1 234/209/1 233/208/1
f 26/204/1 235/210/1 234/209/1
f 26/204/1 236/211/1 235/210/1
f 26/204/1 237/212/1 236/211/1
f 26/204/1 238/213/1 237/212/1
f 26/204/1 1/214/1 238/213/1
f 26/204/1 2/215/1 1/214/1
f 26/204/1 3/216/1 2/215/1
f 25/217/1 3/216/1 26/204/1
f 25/217/1 4/218/1 3/216/1
f 24/219/1 4/218/1 25/217/1
f 24/219/1 5/220/1 4/218/1
f 23/221/1 5/220/1 24/219/1
f 22/222/1 5/220/1 23/221/1
f 22/222/1 6/223/1 5/220/1
f 21/224/1 6/223/1 22/222/1
f 21/224/1 7/225/1 6/223/1
f 20/226/1 7/225/1 21/224/1
f 20/226/1 8/227/1 7/225/1
f 19/228/1 8/227/1 20/226/1
f 19/228/1 9/229/1 8/227/1
f 18/230/1 9/229/1 19/228/1
f 18/230/1 10/231/1 9/229/1
f 17/232/1 10/231/1 18/230/1
f 17/232/1 11/233/1 10/231/1
f 16/234/1 11/233/1 17/232/1
f 16/234/1 12/235/1 11/233/1
f 15/236/1 12/235/1 16/234/1
f 15/236/1 13/237/1 12/235/1
f 14/238/1 13/237/1 15/236/1
f 290/40/1 292/52/1 291/44/1
f 290/40/1 293/55/1 292/52/1
f 290/40/1 294/48/1 293/55/1
f 289/24/1 294/48/1 290/40/1
f 289/24/1 295/57/1 294/48/1
f 288/19/1 295/57/1 289/24/1
f 288/19/1 296/60/1 295/57/1
f 287/13/1 296/60/1 288/19/1
f 287/13/1 297/63/1 296/60/1
f 286/7/1 297/63/1 287/13/1
f 286/7/1 298/66/1 297/63/1
f 285/2/1 298/66/1 286/7/1
f 285/2/1 299/69/1 298/66/1
f 284/6/1 299/69/1 285/2/1
f 284/6/1 300/72/1 299/69/1
f 283/12/1 300/72/1 284/6/1
f 283/12/1 301/75/1 300/72/1
f 282/18/1 301/75/1 283/12/1
f 282/18/1 302/78/1 301/75/1
f 281/25/1 302/78/1 282/18/1
f 281/25/1 303/81/1 302/78/1
f 280/29/1 303/81/1 281/25/1
f 279/32/1 303/81/1 280/29/1
f 279/32/1 304/84/1 303/81/1
f 278/35/1 304/84/1 279/32/1
f 278/35/1 305/88/1 304/84/1
f 277/38/1 305/88/1 278/35/1
f 277/38/1 306/91/1 305/88/1
f 276/85/1 306/91/1 277/38/1
f 276/85/1 307/95/1 306/91/1
f 275/101/1 307/95/1 276/85/1
f 275/101/1 308/99/1 307/95/1
f 274/110/1 308/99/1 275/101/1
f 274/110/1 309/103/1 308/99/1
f 273/117/1 309/103/1 274/110/1
f 273/117/1 310/108/1 309/103/1
f 272/123/1 310/108/1 273/117/1
f 272/123/1 311/112/1 310/108/1
f 271/128/1 311/112/1 272/123/1
f 271/128/1 312/118/1 311/112/1
f 270/133/1 312/118/1 271/128/1
f 270/133/1 313/124/1 312/118/1
f 269/141/1 313/124/1 270/133/1
f 269/141/1 314/132/1 313/124/1
f 268/144/1 314/132/1 269/141/1
f 268/144/1 315/202/1 314/132/1
f 267/138/1 315/202/1 268/144/1
f 267/138/1 316/207/1 315/202/1
f 266/146/1 316/207/1 267/138/1
f 266/146/1 317/210/1 316/207/1
f 265/149/1 317/210/1 266/146/1
f 264/152/1 318/213/1 265/149/1
f 318/213/1 317/210/1 265/149/1
f 264/152/1 239/214/1 318/213/1
f 263/155/1 239/214/1 264/152/1
f 263/155/1 240/218/1 239/214/1
f 262/158/1 240/218/1 263/155/1
f 262/158/1 241/225/1 240/218/1
f 261/161/1 241/225/1 262/158/1
f 261/161/1 242/231/1 241/225/1
f 260/164/1 242/231/1 261/161/1
f 260/164/1 243/237/1 242/231/1
f 259/167/1 243/237/1 260/164/1
f 259/167/1 244/234/1 243/237/1
f 258/170/1 244/234/1 259/167/1
f 258/170/1 245/228/1 244/234/1
f 257/173/1 245/228/1 258/170/1
f 257/173/1 246/222/1 245/228/1
f 256/176/1 246/222/1 257/173/1
f 256/176/1 247/217/1 246/222/1
f 255/179/1 247/217/1 256/176/1
f 255/179/1 248/201/1 247/217/1
f 254/182/1 248/201/1 255/179/1
f 254/182/1 249/197/1 248/201/1
f 253/185/1 249/197/1 254/182/1
f 253/185/1 250/194/1 249/197/1
f 252/188/1 250/194/1 253/185/1
f 252/188/1 251/191/1 250/194/1
f 380/239/1 382/240/1 381/241/1
f 380/239/1 383/242/1 382/240/1
f 380/239/1 384/243/1 383/242/1
f 379/244/1 384/243/1 380/239/1
f 379/244/1 385/245/1 384/243/1
f 378/246/1 385/245/1 379/244/1
f 378/246/1 386/247/1 385/245/1
f 377/248/1 386/247/1 378/246/1
f 377/248/1 387/249/1 386/247/1
f 376/250/1 387/249/1 377/248/1
f 376/250/1 388/251/1 387/249/1
f 375/252/1 388/251/1 376/250/1
f 375/252/1 389/253/1 388/251/1
f 375/252/1 390/254/1 389/253/1
f 374/255/1 390/254/1 375/252/1
f 374/255/1 391/256/1 390/254/1
f 373/257/1 391/256/1 374/255/1
f 373/257/1 392/258/1 391/256/1
f 372/259/1 392/258/1 373/257/1
f 372/259/1 393/260/1 392/258/1
f 371/261/1 393/260/1 372/259/1
f 371/261/1 394/262/1 393/260/1
f 370/263/1 394/262/1 371/261/1
f 370/263/1 395/264/1 394/262/1
f 369/265/1 395/264/1 370/263/1
f 368/266/1 395/264/1 369/265/1
f 367/267/1 395/264/1 368/266/1
f 366/268/1 395/264/1 367/267/1
f 365/269/1 395/264/1 366/268/1
f 364/270/1 395/264/1 365/269/1
f 363/271/1 395/264/1 364/270/1
f 362/272/1 395/264/1 363/271/1
f 361/273/1 395/264/1 362/272/1
f 360/274/1 395/264/1 361/273/1
f 359/275/1 395/264/1 360/274/1
f 359/275/1 396/276/1 395/264/1
f 359/275/1 397/277/1 396/276/1
f 359/275/1 398/278/1 397/277/1
f 358/279/1 398/278/1 359/275/1
f 358/279/1 399/280/1 398/278/1
f 358/279/1 400/281/1 399/280/1
f 358/279/1 401/282/1 400/281/1
f 358/279/1 402/283/1 401/282/1
f 358/279/1 403/284/1 402/283/1
f 357/285/1 409/286/1 358/279/1
f 409/286/1 408/287/1 358/279/1
f 408/287/1 403/284/1 358/279/1
f 408/287/1 404/288/1 403/284/1
f 408/287/1 405/289/1 404/288/1
f 408/287/1 406/290/1 405/289/1
f 408/287/1 407/291/1 406/290/1
f 357/285/1 410/292/1 409/286/1
f 357/285/1 411/293/1 410/292/1
f 357/285/1 412/294/1 411/293/1
f 357/285/1 413/295/1 412/294/1
f 357/285/1 414/296/1 413/295/1
f 356/297/1 415/298/1 357/285/1
f 415/298/1 414/296/1 357/285/1
f 356/297/3 416/299/3 415/298/3
f 356/297/1 417/300/1 416/299/1
f 356/297/1 418/301/1 417/300/1
f 356/297/1 419/302/1 418/301/1
f 356/297/1 420/303/1 419/302/1
f 356/297/1 421/304/1 420/303/1
f 356/297/1 422/305/1 421/304/1
f 356/297/1 423/306/1 422/305/1
f 356/297/1 424/307/1 423/306/1
f 356/297/1 425/308/1 424/307/1
f 356/297/1 426/309/1 425/308/1
f 356/297/1 427/310/1 426/309/1
f 355/311/1 427/310/1 356/297/1
f 355/311/1 428/312/1 427/310/1
f 355/311/1 429/313/1 428/312/1
f 355/311/1 430/314/1 429/313/1
f 355/311/1 431/315/1 430/314/1
f 355/311/1 432/316/1 431/315/1
f 355/311/1 433/317/1 432/316/1
f 355/311/1 434/318/1 433/317/1
f 355/311/1 435/319/1 434/318/1
f 355/311/1 436/320/1 435/319/1
f 355/311/1 437/321/1 436/320/1
f 355/311/1 438/322/1 437/321/1
f 354/323/1 438/322/1 355/311/1
f 354/323/1 439/324/1 438/322/1
f 354/323/1 440/325/1 439/324/1
f 354/323/1 441/326/1 440/325/1
f 354/323/1 442/327/1 441/326/1
f 354/323/1 443/328/1 442/327/1
f 353/329/1 443/328/1 354/323/1
f 353/329/1 444/330/1 443/328/1
f 353/329/1 445/331/1 444/330/1
f 353/329/1 446/213/1 445/331/1
f 352/332/1 446/213/1 353/329/1
f 352/332/1 319/214/1 446/213/1
f 351/333/1 319/214/1 352/332/1
f 350/334/1 319/214/1 351/333/1
f 349/335/1 319/214/1 350/334/1
f 348/336/1 319/214/1 349/335/1
f 347/337/1 319/214/1 348/336/1
f 346/338/1 319/214/1 347/337/1
f 345/339/1 319/214/1 346/338/1
f 344/340/1 319/214/1 345/339/1
f 343/341/1 319/214/1 344/340/1
f 342/342/1 319/214/1 343/341/1
f 342/342/1 320/343/1 319/214/1
f 341/344/1 320/343/1 342/342/1
f 341/344/1 321/345/1 320/343/1
f 340/346/1 321/345/1 341/344/1
f 340/346/1 322/347/1 321/345/1
f 339/348/1 322/347/1 340/346/1
f 339/348/1 323/349/1 322/347/1
f 338/350/1 323/349/1 339/348/1
f 338/350/1 324/351/1 323/349/1
f 337/352/1 324/351/1 338/350/1
f 337/352/1 325/353/1 324/351/1
f 337/352/1 326/354/1 325/353/1
f 336/355/1 326/354/1 337/352/1
f 336/355/1 327/356/1 326/354/1
f 335/357/1 327/356/1 336/355/1
f 335/357/1 328/358/1 327/356/1
f 334/359/1 328/358/1 335/357/1
f 334/359/1 329/360/1 328/358/1
f 333/361/1 329/360/1 334/359/1
f 333/361/1 330/362/1 329/360/1
f 332/363/1 330/362/1 333/361/1
f 332/363/1 331/364/1 330/362/1
f 484/365/1 486/366/1 485/367/1
f 484/365/1 487/368/1 486/366/1
f 484/365/1 488/369/1 487/368/1
f 483/370/1 488/369/1 484/365/1
f 483/370/1 489/371/1 488/369/1
f 482/372/1 489/371/1 483/370/1
f 482/372/1 490/373/1 489/371/1
f 481/374/1 490/373/1 482/372/1
f 481/374/1 491/375/1 490/373/1
f 480/376/1 491/375/1 481/374/1
f 480/376/1 492/377/1 491/375/1
f 479/378/1 492/377/1 480/376/1
f 479/378/1 493/379/1 492/377/1
f 478/380/1 493/379/1 479/378/1
f 478/380/1 494/381/1 493/379/1
f 477/382/1 494/381/1 478/380/1
f 477/382/1 495/383/1 494/381/1
f 476/384/1 495/383/1 477/382/1
f 476/384/1 496/385/1 495/383/1
f 475/386/1 496/385/1 476/384/1
f 475/386/1 497/387/1 496/385/1
f 474/388/1 497/387/1 475/386/1
f 473/389/1 497/387/1 474/388/1
f 473/389/1 498/390/1 497/387/1
f 472/391/1 512/392/1 473/389/1
f 512/392/1 498/390/1 473/389/1
f 512/392/1 499/393/1 498/390/1
f 512/392/1 500/394/1 499/393/1
f 512/392/1 501/395/1 500/394/1
f 512/392/1 502/396/1 501/395/1
f 512/392/1 503/397/1 502/396/1
f 512/392/1 504/398/1 503/397/1
f 512/392/1 505/399/1 504/398/1
f 512/392/1 506/400/1 505/399/1
f 512/392/1 507/401/1 506/400/1
f 512/392/1 508/402/1 507/401/1
f 512/392/1 509/403/1 508/402/1
f 512/392/1 510/404/1 509/403/1
f 512/392/1 511/405/1 510/404/1
f 472/391/1 513/406/1 512/392/1
f 472/391/1 540/407/1 513/406/1
f 540/407/1 514/408/1 513/406/1
f 540/407/1 515/409/1 514/408/1
f 540/407/1 516/410/1 515/409/1
f 540/407/1 517/411/1 516/410/1
f 540/407/1 518/412/1 517/411/1
f 540/407/1 519/413/1 518/412/1
f 540/407/1 520/414/1 519/413/1
f 540/407/1 521/415/1 520/414/1
f 540/407/1 522/416/1 521/415/1
f 540/407/1 523/417/1 522/416/1
f 540/407/1 524/418/1 523/417/1
f 540/407/1 525/419/1 524/418/1
f 540/407/1 526/420/1 525/419/1
f 540/407/1 527/421/1 526/420/1
f 540/407/1 528/422/1 527/421/1
f 540/407/1 529/423/1 528/422/1
f 540/407/1 530/424/1 529/423/1
f 540/407/1 531/425/1 530/424/1
f 540/407/1 532/426/1 531/425/1
f 540/407/1 533/427/1 532/426/1
f 540/407/1 534/428/1 533/427/1
f 540/407/1 535/429/1 534/428/1
f 540/407/1 536/430/1 535/429/1
f 540/407/1 537/431/1 536/430/1
f 540/407/1 538/432/1 537/431/1
f 540/407/1 539/433/1 538/432/1
f 472/391/1 541/434/1 540/407/1
f 472/391/1 542/435/1 541/434/1
f 472/391/1 543/436/1 542/435/1
f 472/391/1 544/437/1 543/436/1
f 472/391/1 545/438/1 544/437/1
f 472/391/1 546/439/1 545/438/1
f 472/391/1 547/440/1 546/439/1
f 472/391/1 548/441/1 547/440/1
f 472/391/1 549/442/1 548/441/1
f 472/391/1 550/443/1 549/442/1
f 472/391/1 551/444/1 550/443/1
f 472/391/1 552/445/1 551/444/1
f 472/391/1 553/446/1 552/445/1
f 472/391/1 554/213/1 553/446/1
f 472/391/1 447/214/1 554/213/1
f 471/447/1 447/214/1 472/391/1
f 471/447/1 448/448/1 447/214/1
f 470/449/1 448/448/1 471/447/1
f 470/449/1 449/450/1 448/448/1
f 469/451/1 449/450/1 470/449/1
f 469/451/1 450/452/1 449/450/1
f 468/453/1 450/452/1 469/451/1
f 468/453/1 451/454/1 450/452/1
f 467/455/1 451/454/1 468/453/1
f 467/455/1 452/456/1 451/454/1
f 466/457/1 452/456/1 467/455/1
f 466/457/1 453/458/1 452/456/1
f 465/459/1 453/458/1 466/457/1
f 465/459/1 454/460/1 453/458/1
f 464/461/1 454/460/1 465/459/1
f 464/461/1 455/462/1 454/460/1
f 463/463/1 455/462/1 464/461/1
f 463/463/1 456/464/1 455/462/1
f 462/465/1 456/464/1 463/463/1
f 462/465/1 457/466/1 456/464/1
f 461/467/1 457/466/1 462/465/1
f 461/467/1 458/468/1 457/466/1
f 460/469/1 458/468/1 461/467/1
f 460/469/1 459/470/1 458/468/1
f 715/471/1 717/472/1 716/473/1
f 715/471/1 718/474/1 717/472/1
f 715/471/1 719/475/1 718/474/1
f 714/476/1 719/475/1 715/471/1
f 714/476/1 720/477/1 719/475/1
f 713/478/1 720/477/1 714/476/1
f 713/478/1 721/479/1 720/477/1
f 712/480/1 721/479/1 713/478/1
f 712/480/1 722/481/1 721/479/1
f 711/482/1 722/481/1 712/480/1
f 711/482/1 723/483/1 722/481/1
f 710/484/1 723/483/1 711/482/1
f 710/484/1 724/485/1 723/483/1
f 709/486/1 724/485/1 710/484/1
f 709/486/1 725/487/1 724/485/1
f 708/488/1 725/487/1 709/486/1
f 708/488/1 726/489/1 725/487/1
f 707/490/1 726/489/1 708/488/1
f 707/490/1 727/491/1 726/489/1
f 706/492/1 727/491/1 707/490/1
f 706/492/1 728/213/1 727/491/1
f 705/493/1 728/213/1 706/492/1
f 704/494/1 728/213/1 705/493/1
f 704/494/1 555/214/1 728/213/1
f 703/495/1 555/214/1 704/494/1
f 703/495/1 556/496/1 555/214/1
f 640/497/1 642/498/1 641/499/1
f 640/497/1 643/500/1 642/498/1
f 640/497/1 644/501/1 643/500/1
f 639/502/1 644/501/1 640/497/1
f 639/502/1 645/503/1 644/501/1
f 638/504/1 645/503/1 639/502/1
f 638/504/1 646/505/1 645/503/1
f 637/506/1 646/505/1 638/504/1
f 637/506/1 647/507/1 646/505/1
f 636/508/1 647/507/1 637/506/1
f 636/508/1 648/509/1 647/507/1
f 635/510/1 648/509/1 636/508/1
f 635/510/1 649/511/1 648/509/1
f 634/512/1 649/511/1 635/510/1
f 634/512/1 650/513/1 649/511/1
f 633/514/1 650/513/1 634/512/1
f 633/514/1 651/515/1 650/513/1
f 632/516/1 651/515/1 633/514/1
f 632/516/1 652/517/1 651/515/1
f 631/518/1 652/517/1 632/516/1
f 631/518/1 653/519/1 652/517/1
f 630/520/1 653/519/1 631/518/1
f 630/520/1 654/521/1 653/519/1
f 629/522/1 654/521/1 630/520/1
f 628/523/1 654/521/1 629/522/1
f 628/523/1 655/524/1 654/521/1
f 628/523/1 656/525/1 655/524/1
f 702/526/1 556/496/1 703/495/1
f 701/527/1 556/496/1 702/526/1
f 628/523/1 657/528/1 656/525/1
f 700/529/1 556/496/1 701/527/1
f 628/523/1 658/530/1 657/528/1
f 699/531/1 556/496/1 700/529/1
f 628/523/1 659/532/1 658/530/1
f 698/533/1 556/496/1 699/531/1
f 628/523/1 660/534/1 659/532/1
f 697/535/1 556/496/1 698/533/1
f 628/523/1 661/536/1 660/534/1
f 696/537/1 556/496/1 697/535/1
f 628/523/1 662/538/1 661/536/1
f 695/539/1 556/496/1 696/537/1
f 628/523/1 663/540/1 662/538/1
f 694/541/1 556/496/1 695/539/1
f 628/523/1 664/542/1 663/540/1
f 693/543/1 556/496/1 694/541/1
f 628/523/1 665/544/1 664/542/1
f 692/545/1 556/496/1 693/543/1
f 628/523/1 666/546/1 665/544/1
f 691/547/1 556/496/1 692/545/1
f 628/523/1 667/548/1 666/546/1
f 628/523/1 668/549/1 667/548/1
f 690/550/1 556/496/1 691/547/1
f 628/523/1 669/551/1 668/549/1
f 689/552/1 556/496/1 690/550/1
f 628/523/1 670/553/1 669/551/1
f 688/554/1 556/496/1 689/552/1
f 628/523/1 671/555/1 670/553/1
f 687/556/1 556/496/1 688/554/1
f 627/557/1 671/555/1 628/523/1
f 687/556/1 557/558/1 556/496/1
f 627/557/1 672/559/1 671/555/1
f 686/560/1 557/558/1 687/556/1
f 627/557/1 673/561/1 672/559/1
f 685/562/1 557/558/1 686/560/1
f 627/557/1 674/563/1 673/561/1
f 684/564/1 557/558/1 685/562/1
f 627/557/1 675/565/1 674/563/1
f 683/566/1 557/558/1 684/564/1
f 627/557/1 676/567/1 675/565/1
f 682/568/1 557/558/1 683/566/1
f 627/557/1 677/569/1 676/567/1
f 681/570/1 557/558/1 682/568/1
f 627/557/1 678/571/1 677/569/1
f 680/572/1 557/558/1 681/570/1
f 627/557/1 679/573/1 678/571/1
f 679/573/1 557/558/1 680/572/1
f 627/557/1 557/558/1 679/573/1
f 626/574/1 557/558/1 627/557/1
f 626/574/1 558/575/1 557/558/1
f 625/576/1 558/575/1 626/574/1
f 625/576/1 559/577/1 558/575/1
f 624/578/1 559/577/1 625/576/1
f 624/578/1 560/579/1 559/577/1
f 623/580/1 560/579/1 624/578/1
f 623/580/1 561/581/1 560/579/1
f 622/582/1 561/581/1 623/580/1
f 622/582/1 562/583/1 561/581/1
f 621/584/1 562/583/1 622/582/1
f 621/584/1 563/585/1 562/583/1
f 620/586/1 563/585/1 621/584/1
f 620/586/1 564/587/1 563/585/1
f 619/588/1 564/587/1 620/586/1
f 619/588/1 565/589/1 564/587/1
f 618/590/1 565/589/1 619/588/1
f 618/590/1 566/591/1 565/589/1
f 617/592/1 566/591/1 618/590/1
f 617/592/1 567/593/1 566/591/1
f 616/594/1 567/593/1 617/592/1
f 616/594/1 568/595/1 567/593/1
f 615/596/1 568/595/1 616/594/1
f 615/596/1 569/597/1 568/595/1
f 614/598/1 569/597/1 615/596/1
f 614/598/1 570/599/1 569/597/1
f 613/600/1 570/599/1 614/598/1
f 613/600/1 571/601/1 570/599/1
f 612/602/1 571/601/1 613/600/1
f 612/602/1 572/603/1 571/601/1
f 611/604/1 572/603/1 612/602/1
f 611/604/1 573/605/1 572/603/1
f 610/606/1 573/605/1 611/604/1
f 610/606/1 574/607/1 573/605/1
f 609/608/1 574/607/1 610/606/1
f 609/608/1 575/609/1 574/607/1
f 609/608/1 576/610/1 575/609/1
f 608/611/1 576/610/1 609/608/1
f 608/611/1 577/612/1 576/610/1
f 607/613/1 577/612/1 608/611/1
f 607/613/1 578/614/1 577/612/1
f 606/615/1 578/614/1 607/613/1
f 606/615/1 579/616/1 578/614/1
f 605/617/1 579/616/1 606/615/1
f 605/617/1 580/618/1 579/616/1
f 604/619/1 580/618/1 605/617/1
f 603/620/1 580/618/1 604/619/1
f 603/620/1 581/621/1 580/618/1
f 603/620/1 582/622/1 581/621/1
f 602/623/1 582/622/1 603/620/1
f 602/623/1 583/624/1 582/622/1
f 601/625/1 583/624/1 602/623/1
f 601/625/1 584/626/1 583/624/1
f 600/627/1 584/626/1 601/625/1
f 600/627/1 585/628/1 584/626/1
f 599/629/1 585/628/1 600/627/1
f 599/629/1 586/630/1 585/628/1
f 598/631/1 586/630/1 599/629/1
f 598/631/1 587/632/1 586/630/1
f 597/633/1 587/632/1 598/631/1
f 597/633/1 588/634/1 587/632/1
f 596/635/1 588/634/1 597/633/1
f 596/635/1 589/636/1 588/634/1
f 595/637/1 589/636/1 596/635/1
f 595/637/1 590/638/1 589/636/1
f 594/639/1 590/638/1 595/637/1
f 594/639/1 591/640/1 590/638/1
f 593/641/1 591/640/1 594/639/1
f 593/641/1 592/642/1 591/640/1
f 874/643/1 876/644/1 875/645/1
f 873/646/1 876/644/1 874/643/1
f 873/646/1 877/647/1 876/644/1
f 872/648/1 877/647/1 873/646/1
f 872/648/1 878/649/1 877/647/1
f 871/650/1 878/649/1 872/648/1
f 871/650/1 879/651/1 878/649/1
f 870/652/1 879/651/1 871/650/1
f 870/652/1 880/653/1 879/651/1
f 869/654/1 880/653/1 870/652/1
f 869/654/1 881/655/1 880/653/1
f 868/656/1 881/655/1 869/654/1
f 868/656/1 882/657/1 881/655/1
f 867/658/1 882/657/1 868/656/1
f 867/658/1 883/659/1 882/657/1
f 866/660/1 883/659/1 867/658/1
f 866/660/1 884/661/1 883/659/1
f 865/662/1 884/661/1 866/660/1
f 865/662/1 885/663/1 884/661/1
f 864/664/1 885/663/1 865/662/1
f 864/664/1 886/665/1 885/663/1
f 863/666/1 886/665/1 864/664/1
f 863/666/1 887/667/1 886/665/1
f 862/668/1 887/667/1 863/666/1
f 862/668/1 888/669/1 887/667/1
f 861/670/1 888/669/1 862/668/1
f 861/670/1 889/671/1 888/669/1
f 860/672/1 889/671/1 861/670/1
f 860/672/1 890/673/1 889/671/1
f 859/674/1 890/673/1 860/672/1
f 859/674/1 891/675/1 890/673/1
f 858/676/1 891/675/1 859/674/1
f 858/676/1 892/677/1 891/675/1
f 857/678/1 892/677/1 858/676/1
f 857/678/1 893/679/1 892/677/1
f 856/680/1 893/679/1 857/678/1
f 856/680/1 894/681/1 893/679/1
f 855/682/1 894/681/1 856/680/1
f 855/682/1 895/683/1 894/681/1
f 854/684/1 895/683/1 855/682/1
f 854/684/1 896/685/1 895/683/1
f 853/686/1 896/685/1 854/684/1
f 853/686/1 897/687/1 896/685/1
f 852/688/1 897/687/1 853/686/1
f 852/688/1 898/689/1 897/687/1
f 851/690/1 898/689/1 852/688/1
f 851/690/1 899/691/1 898/689/1
f 850/692/1 899/691/1 851/690/1
f 850/692/1 900/693/1 899/691/1
f 850/692/1 901/694/1 900/693/1
f 849/695/1 901/694/1 850/692/1
f 849/695/1 902/696/1 901/694/1
f 848/697/1 902/696/1 849/695/1
f 848/697/1 903/698/1 902/696/1
f 847/699/1 903/698/1 848/697/1
f 847/699/1 904/700/1 903/698/1
f 846/701/1 904/700/1 847/699/1
f 846/701/1 905/702/1 904/700/1
f 845/703/1 905/702/1 846/701/1
f 845/703/1 906/704/1 905/702/1
f 844/705/1 906/704/1 845/703/1
f 844/705/1 907/706/1 906/704/1
f 843/707/1 907/706/1 844/705/1
f 843/707/1 908/708/1 907/706/1
f 842/709/1 908/708/1 843/707/1
f 842/709/1 909/710/1 908/708/1
f 841/711/1 909/710/1 842/709/1
f 840/712/1 909/710/1 841/711/1
f 840/712/1 910/713/1 909/710/1
f 839/714/1 910/713/1 840/712/1
f 839/714/1 911/715/1 910/713/1
f 838/716/1 911/715/1 839/714/1
f 838/716/1 912/717/1 911/715/1
f 837/718/1 912/717/1 838/716/1
f 837/718/1 913/719/1 912/717/1
f 836/720/1 913/719/1 837/718/1
f 836/720/1 914/721/1 913/719/1
f 835/722/1 914/721/1 836/720/1
f 835/722/1 915/723/1 914/721/1
f 834/724/1 915/723/1 835/722/1
f 834/724/1 916/725/1 915/723/1
f 833/726/1 916/725/1 834/724/1
f 833/726/1 917/727/1 916/725/1
f 832/728/1 917/727/1 833/726/1
f 832/728/1 918/729/1 917/727/1
f 831/730/1 918/729/1 832/728/1
f 831/730/1 919/731/1 918/729/1
f 830/732/1 919/731/1 831/730/1
f 830/732/1 920/733/1 919/731/1
f 829/734/1 920/733/1 830/732/1
f 829/734/1 921/735/1 920/733/1
f 828/736/1 921/735/1 829/734/1
f 828/736/1 997/737/1 921/735/1
f 997/737/1 922/738/1 921/735/1
f 828/736/1 998/739/1 997/737/1
f 996/740/1 922/738/1 997/737/1
f 995/741/1 922/738/1 996/740/1
f 828/736/1 999/742/1 998/739/1
f 994/743/1 922/738/1 995/741/1
f 828/736/1 1000/744/1 999/742/1
f 993/745/1 922/738/1 994/743/1
f 828/736/1 1001/746/1 1000/744/1
f 992/747/1 922/738/1 993/745/1
f 828/736/1 1002/748/1 1001/746/1
f 991/749/1 922/738/1 992/747/1
f 828/736/1 1003/750/1 1002/748/1
f 827/751/1 1003/750/1 828/736/1
f 991/749/1 729/214/1 922/738/1
f 990/752/1 729/214/1 991/749/1
f 827/751/1 1004/753/1 1003/750/1
f 989/754/1 729/214/1 990/752/1
f 827/751/1 1005/755/1 1004/753/1
f 988/756/1 729/214/1 989/754/1
f 827/751/1 1006/757/1 1005/755/1
f 987/758/1 729/214/1 988/756/1
f 827/751/1 1007/759/1 1006/757/1
f 986/760/1 729/214/1 987/758/1
f 827/751/1 1008/761/1 1007/759/1
f 826/148/1 1012/762/1 827/751/1
f 1012/762/1 1011/763/1 827/751/1
f 1011/763/1 1010/764/1 827/751/1
f 1010/764/1 1009/765/1 827/751/1
f 1009/765/1 1008/761/1 827/751/1
f 986/760/1 985/766/1 729/214/1
f 985/766/1 984/767/1 729/214/1
f 984/767/1 983/768/1 729/214/1
f 983/768/1 982/769/1 729/214/1
f 982/769/1 730/770/1 729/214/1
f 826/148/4 1013/771/4 1012/762/4
f 981/772/1 730/770/1 982/769/1
f 826/148/2 1014/773/2 1013/771/2
f 980/774/1 730/770/1 981/772/1
f 826/148/1 1015/775/1 1014/773/1
f 979/776/1 730/770/1 980/774/1
f 826/148/1 1016/777/1 1015/775/1
f 978/778/1 730/770/1 979/776/1
f 826/148/1 1017/779/1 1016/777/1
f 977/780/1 730/770/1 978/778/1
f 826/148/1 1018/781/1 1017/779/1
f 976/782/1 730/770/1 977/780/1
f 826/148/1 1019/783/1 1018/781/1
f 975/784/1 730/770/1 976/782/1
f 826/148/1 1020/213/1 1019/783/1
f 974/785/1 730/770/1 975/784/1
f 826/148/1 923/51/1 1020/213/1
f 973/786/1 730/770/1 974/785/1
f 826/148/1 924/787/1 923/51/1
f 972/788/1 730/770/1 973/786/1
f 826/148/1 925/789/1 924/787/1
f 971/790/1 730/770/1 972/788/1
f 826/148/1 926/791/1 925/789/1
f 970/792/1 730/770/1 971/790/1
f 826/148/1 927/793/1 926/791/1
f 969/794/1 730/770/1 970/792/1
f 826/148/1 928/795/1 927/793/1
f 968/796/1 730/770/1 969/794/1
f 826/148/1 929/797/1 928/795/1
f 967/798/1 730/770/1 968/796/1
f 826/148/1 930/799/1 929/797/1
f 966/800/1 730/770/1 967/798/1
f 826/148/1 931/801/1 930/799/1
f 965/802/1 730/770/1 966/800/1
f 826/148/1 932/803/1 931/801/1
f 964/804/1 730/770/1 965/802/1
f 826/148/1 933/805/1 932/803/1
f 963/806/1 730/770/1 964/804/1
f 826/148/1 934/807/1 933/805/1
f 962/808/1 730/770/1 963/806/1
f 826/148/1 935/809/1 934/807/1
f 961/810/1 730/770/1 962/808/1
f 826/148/1 936/811/1 935/809/1
f 960/812/1 730/770/1 961/810/1
f 826/148/1 937/813/1 936/811/1
f 959/814/1 730/770/1 960/812/1
f 958/815/1 730/770/1 959/814/1
f 826/148/1 938/816/1 937/813/1
f 825/817/1 938/816/1 826/148/1
f 958/815/1 731/818/1 730/770/1
f 957/819/1 731/818/1 958/815/1
f 825/817/1 939/820/1 938/816/1
f 956/821/1 731/818/1 957/819/1
f 825/817/1 940/822/1 939/820/1
f 955/823/1 731/818/1 956/821/1
f 825/817/1 941/824/1 940/822/1
f 954/825/1 731/818/1 955/823/1
f 825/817/1 942/826/1 941/824/1
f 824/827/1 942/826/1 825/817/1
f 954/825/1 732/828/1 731/818/1
f 953/829/1 732/828/1 954/825/1
f 824/827/1 943/830/1 942/826/1
f 952/831/1 732/828/1 953/829/1
f 824/827/1 944/832/1 943/830/1
f 951/833/1 732/828/1 952/831/1
f 824/827/1 945/834/1 944/832/1
f 950/835/1 732/828/1 951/833/1
f 824/827/1 946/836/1 945/834/1
f 949/837/1 732/828/1 950/835/1
f 824/827/1 947/838/1 946/836/1
f 948/839/1 732/828/1 949/837/1
f 824/827/1 948/839/1 947/838/1
f 824/827/1 732/828/1 948/839/1
f 823/840/1 732/828/1 824/827/1
f 823/840/1 733/841/1 732/828/1
f 822/842/1 733/841/1 823/840/1
f 822/842/1 734/843/1 733/841/1
f 821/844/1 734/843/1 822/842/1
f 821/844/1 735/845/1 734/843/1
f 820/846/1 735/845/1 821/844/1
f 820/846/1 736/847/1 735/845/1
f 819/848/1 736/847/1 820/846/1
f 819/848/1 737/849/1 736/847/1
f 818/850/1 737/849/1 819/848/1
f 818/850/1 738/851/1 737/849/1
f 817/852/1 738/851/1 818/850/1
f 817/852/1 739/853/1 738/851/1
f 816/854/1 739/853/1 817/852/1
f 816/854/1 740/855/1 739/853/1
f 815/856/1 740/855/1 816/854/1
f 815/856/1 741/857/1 740/855/1
f 814/858/1 741/857/1 815/856/1
f 814/858/1 742/859/1 741/857/1
f 813/860/1 742/859/1 814/858/1
f 813/860/1 743/861/1 742/859/1
f 812/862/1 743/861/1 813/860/1
f 812/862/1 744/863/1 743/861/1
f 811/864/1 744/863/1 812/862/1
f 811/864/1 745/865/1 744/863/1
f 810/866/1 745/865/1 811/864/1
f 810/866/1 746/867/1 745/865/1
f 809/868/1 746/867/1 810/866/1
f 809/868/1 747/869/1 746/867/1
f 808/870/1 747/869/1 809/868/1
f 808/870/1 748/871/1 747/869/1
f 807/872/1 748/871/1 808/870/1
f 807/872/1 749/873/1 748/871/1
f 806/874/1 749/873/1 807/872/1
f 806/874/1 750/875/1 749/873/1
f 805/876/1 750/875/1 806/874/1
f 805/876/1 751/877/1 750/875/1
f 804/878/1 751/877/1 805/876/1
f 804/878/1 752/879/1 751/877/1
f 803/880/1 752/879/1 804/878/1
f 803/880/1 753/881/1 752/879/1
f 802/882/1 753/881/1 803/880/1
f 802/882/1 754/883/1 753/881/1
f 801/884/1 754/883/1 802/882/1
f 801/884/1 755/885/1 754/883/1
f 801/884/1 756/886/1 755/885/1
f 800/887/1 756/886/1 801/884/1
f 800/887/1 757/888/1 756/886/1
f 799/889/1 757/888/1 800/887/1
f 799/889/1 758/890/1 757/888/1
f 798/891/1 758/890/1 799/889/1
f 798/891/1 759/892/1 758/890/1
f 797/893/1 759/892/1 798/891/1
f 797/893/1 760/894/1 759/892/1
f 796/895/1 760/894/1 797/893/1
f 796/895/1 761/896/1 760/894/1
f 795/897/1 761/896/1 796/895/1
f 795/897/1 762/898/1 761/896/1
f 794/899/1 762/898/1 795/897/1
f 794/899/1 763/900/1 762/898/1
f 793/901/1 763/900/1 794/899/1
f 793/901/1 764/902/1 763/900/1
f 792/903/1 764/902/1 793/901/1
f 792/903/1 765/904/1 764/902/1
f 791/905/1 765/904/1 792/903/1
f 791/905/1 766/906/1 765/904/1
f 790/907/1 766/906/1 791/905/1
f 789/908/1 766/906/1 790/907/1
f 789/908/1 767/909/1 766/906/1
f 788/910/1 767/909/1 789/908/1
f 788/910/1 768/911/1 767/909/1
f 787/912/1 768/911/1 788/910/1
f 787/912/1 769/913/1 768/911/1
f 786/914/1 769/913/1 787/912/1
f 786/914/1 770/915/1 769/913/1
f 785/916/1 770/915/1 786/914/1
f 785/916/1 771/917/1 770/915/1
f 784/918/1 771/917/1 785/916/1
f 784/918/1 772/919/1 771/917/1
f 783/920/1 772/919/1 784/918/1
f 783/920/1 773/921/1 772/919/1
f 783/920/1 774/922/1 773/921/1
f 782/923/1 774/922/1 783/920/1
f 782/923/1 775/924/1 774/922/1
f 781/925/1 775/924/1 782/923/1
f 781/925/1 776/926/1 775/924/1
f 780/927/1 776/926/1 781/925/1
f 780/927/1 777/928/1 776/926/1
f 779/929/1 777/928/1 780/927/1
f 778/930/1 777/928/1 779/929/1
f 1058/931/1 1060/932/1 1059/933/1
f 1058/931/1 1061/934/1 1060/932/1
f 1058/931/1 1062/935/1 1061/934/1
f 1057/936/1 1062/935/1 1058/931/1
f 1057/936/1 1063/937/1 1062/935/1
f 1056/938/1 1063/937/1 1057/936/1
f 1056/938/1 1064/939/1 1063/937/1
f 1055/940/1 1064/939/1 1056/938/1
f 1055/940/1 1065/941/1 1064/939/1
f 1055/940/1 1066/942/1 1065/941/1
f 1054/943/1 1066/942/1 1055/940/1
f 1054/943/1 1067/944/1 1066/942/1
f 1053/945/1 1067/944/1 1054/943/1
f 1053/945/1 1068/946/1 1067/944/1
f 1052/947/1 1068/946/1 1053/945/1
f 1052/947/1 1069/948/1 1068/946/1
f 1052/947/1 1070/949/1 1069/948/1
f 1051/950/1 1070/949/1 1052/947/1
f 1051/950/1 1071/951/1 1070/949/1
f 1050/952/1 1071/951/1 1051/950/1
f 1050/952/1 1072/953/1 1071/951/1
f 1049/954/1 1072/953/1 1050/952/1
f 1049/954/1 1073/955/1 1072/953/1
f 1049/954/1 1074/956/1 1073/955/1
f 1048/957/1 1074/956/1 1049/954/1
f 1048/957/1 1075/958/1 1074/956/1
f 1047/959/1 1075/958/1 1048/957/1
f 1047/959/1 1076/960/1 1075/958/1
f 1046/961/1 1199/962/1 1047/959/1
f 1199/962/1 1076/960/1 1047/959/1
f 1199/962/1 1077/963/1 1076/960/1
f 1199/962/1 1078/964/1 1077/963/1
f 1199/962/1 1079/965/1 1078/964/1
f 1199/962/1 1080/966/1 1079/965/1
f 1199/962/1 1081/967/1 1080/966/1
f 1199/962/1 1082/968/1 1081/967/1
f 1199/962/1 1083/969/1 1082/968/1
f 1199/962/1 1084/970/1 1083/969/1
f 1199/962/1 1085/971/1 1084/970/1
f 1199/962/1 1086/972/1 1085/971/1
f 1199/962/1 1087/973/1 1086/972/1
f 1199/962/1 1088/974/1 1087/973/1
f 1199/962/1 1089/975/1 1088/974/1
f 1199/962/1 1090/976/1 1089/975/1
f 1199/962/1 1091/977/1 1090/976/1
f 1199/962/1 1092/978/1 1091/977/1
f 1199/962/1 1093/979/1 1092/978/1
f 1199/962/1 1094/980/1 1093/979/1
f 1199/962/1 1095/981/1 1094/980/1
f 1199/962/1 1096/982/1 1095/981/1
f 1199/962/1 1198/983/1 1096/982/1
f 1198/983/1 1249/213/1 1096/982/1
f 1249/213/1 1248/984/1 1096/982/1
f 1248/984/1 1247/985/1 1096/982/1
f 1247/985/1 1097/148/1 1096/982/1
f 1046/961/1 1200/986/1 1199/962/1
f 1246/987/1 1097/148/1 1247/985/1
f 1245/988/1 1097/148/1 1246/987/1
f 1244/989/1 1097/148/1 1245/988/1
f 1243/990/1 1097/148/1 1244/989/1
f 1242/991/1 1097/148/1 1243/990/1
f 1241/992/1 1097/148/1 1242/991/1
f 1240/993/1 1097/148/1 1241/992/1
f 1239/994/1 1097/148/1 1240/993/1
f 1238/995/1 1097/148/1 1239/994/1
f 1237/996/1 1097/148/1 1238/995/1
f 1236/997/1 1097/148/1 1237/996/1
f 1235/998/1 1097/148/1 1236/997/1
f 1234/999/1 1097/148/1 1235/998/1
f 1233/1000/1 1097/148/1 1234/999/1
f 1232/1001/1 1097/148/1 1233/1000/1
f 1231/1002/1 1097/148/1 1232/1001/1
f 1230/1003/1 1097/148/1 1231/1002/1
f 1230/1003/1 1098/1004/1 1097/148/1
f 1229/1005/1 1098/1004/1 1230/1003/1
f 1228/1006/1 1098/1004/1 1229/1005/1
f 1228/1006/1 1099/1007/1 1098/1004/1
f 1227/1008/1 1099/1007/1 1228/1006/1
f 1226/1009/1 1099/1007/1 1227/1008/1
f 1226/1009/1 1100/1010/1 1099/1007/1
f 1225/1011/1 1100/1010/1 1226/1009/1
f 1225/1011/1 1101/1012/1 1100/1010/1
f 1225/1011/1 1102/1013/1 1101/1012/1
f 1225/1011/1 1103/1014/1 1102/1013/1
f 1225/1011/1 1104/1015/1 1103/1014/1
f 1225/1011/1 1105/1016/1 1104/1015/1
f 1224/1017/1 1105/1016/1 1225/1011/1
f 1224/1017/1 1106/1018/1 1105/1016/1
f 1223/1019/1 1106/1018/1 1224/1017/1
f 1222/1020/1 1106/1018/1 1223/1019/1
f 1222/1020/1 1107/1021/1 1106/1018/1
f 1221/1022/1 1107/1021/1 1222/1020/1
f 1220/1023/1 1107/1021/1 1221/1022/1
f 1220/1023/1 1108/1024/1 1107/1021/1
f 1219/1025/1 1108/1024/1 1220/1023/1
f 1219/1025/1 1109/1026/1 1108/1024/1
f 1218/1027/1 1109/1026/1 1219/1025/1
f 1217/1028/1 1109/1026/1 1218/1027/1
f 1217/1028/1 1110/1029/1 1109/1026/1
f 1216/1030/1 1110/1029/1 1217/1028/1
f 1215/1031/1 1110/1029/1 1216/1030/1
f 1215/1031/1 1111/1032/1 1110/1029/1
f 1214/1033/1 1111/1032/1 1215/1031/1
f 1213/1034/1 1111/1032/1 1214/1033/1
f 1213/1034/1 1112/1035/1 1111/1032/1
f 1212/1036/1 1112/1035/1 1213/1034/1
f 1211/1037/1 1112/1035/1 1212/1036/1
f 1211/1037/1 1113/1038/1 1112/1035/1
f 1210/1039/1 1113/1038/1 1211/1037/1
f 1209/1040/1 1113/1038/1 1210/1039/1
f 1209/1040/1 1114/1041/1 1113/1038/1
f 1208/1042/1 1114/1041/1 1209/1040/1
f 1207/1043/1 1114/1041/1 1208/1042/1
f 1206/1044/1 1114/1041/1 1207/1043/1
f 1206/1044/1 1115/1045/1 1114/1041/1
f 1205/1046/1 1115/1045/1 1206/1044/1
f 1204/1047/1 1115/1045/1 1205/1046/1
f 1203/1048/1 1115/1045/1 1204/1047/1
f 1202/1049/1 1115/1045/1 1203/1048/1
f 1201/1050/1 1115/1045/1 1202/1049/1
f 1046/961/1 1201/1050/1 1200/986/1
f 1046/961/1 1197/1051/1 1201/1050/1
f 1197/1051/1 1115/1045/1 1201/1050/1
f 1197/1051/1 1116/1052/1 1115/1045/1
f 1197/1051/1 1117/1053/1 1116/1052/1
f 1197/1051/2 1121/1054/2 1117/1053/2
f 1121/1054/1 1118/1055/1 1117/1053/1
f 1121/1054/1 1119/1056/1 1118/1055/1
f 1121/1054/1 1120/1057/1 1119/1056/1
f 1197/1051/1 1122/1058/1 1121/1054/1
f 1197/1051/1 1123/1059/1 1122/1058/1
f 1197/1051/1 1124/1060/1 1123/1059/1
f 1197/1051/1 1125/1061/1 1124/1060/1
f 1197/1051/1 1126/1062/1 1125/1061/1
f 1197/1051/1 1127/1063/1 1126/1062/1
f 1197/1051/1 1128/1064/1 1127/1063/1
f 1197/1051/1 1129/1065/1 1128/1064/1
f 1197/1051/1 1130/1066/1 1129/1065/1
f 1197/1051/1 1131/1067/1 1130/1066/1
f 1197/1051/1 1132/1068/1 1131/1067/1
f 1197/1051/1 1133/1069/1 1132/1068/1
f 1197/1051/1 1134/1070/1 1133/1069/1
f 1197/1051/1 1135/1071/1 1134/1070/1
f 1197/1051/1 1136/1072/1 1135/1071/1
f 1197/1051/1 1137/1073/1 1136/1072/1
f 1197/1051/1 1138/1074/1 1137/1073/1
f 1197/1051/1 1139/1075/1 1138/1074/1
f 1197/1051/1 1140/1076/1 1139/1075/1
f 1197/1051/1 1141/1077/1 1140/1076/1
f 1197/1051/1 1142/1078/1 1141/1077/1
f 1197/1051/1 1143/1079/1 1142/1078/1
f 1197/1051/1 1144/1080/1 1143/1079/1
f 1197/1051/1 1145/1081/1 1144/1080/1
f 1197/1051/1 1196/1082/1 1145/1081/1
f 1196/1082/1 1195/1083/1 1145/1081/1
f 1195/1083/1 1194/1084/1 1145/1081/1
f 1194/1084/1 1193/1085/1 1145/1081/1
f 1193/1085/1 1192/1086/1 1145/1081/1
f 1192/1086/1 1191/1087/1 1145/1081/1
f 1191/1087/1 1190/1088/1 1145/1081/1
f 1190/1088/1 1189/1089/1 1145/1081/1
f 1189/1089/1 1188/1090/1 1145/1081/1
f 1188/1090/1 1187/1091/1 1145/1081/1
f 1187/1091/1 1186/1092/1 1145/1081/1
f 1186/1092/1 1146/1093/1 1145/1081/1
f 1046/961/1 1021/214/1 1197/1051/1
f 1185/1094/1 1146/1093/1 1186/1092/1
f 1184/1095/3 1146/1093/3 1185/1094/3
f 1183/1096/1 1146/1093/1 1184/1095/1
f 1182/1097/3 1146/1093/3 1183/1096/3
f 1181/1098/1 1146/1093/1 1182/1097/1
f 1180/1099/1 1146/1093/1 1181/1098/1
f 1179/1100/1 1146/1093/1 1180/1099/1
f 1178/1101/1 1146/1093/1 1179/1100/1
f 1177/1102/1 1146/1093/1 1178/1101/1
f 1176/1103/1 1146/1093/1 1177/1102/1
f 1175/1104/1 1146/1093/1 1176/1103/1
f 1174/1105/1 1146/1093/1 1175/1104/1
f 1173/51/1 1146/1093/1 1174/1105/1
f 1172/1106/1 1146/1093/1 1173/51/1
f 1171/1107/1 1146/1093/1 1172/1106/1
f 1045/1108/1 1021/214/1 1046/961/1
f 1045/1108/1 1022/1109/1 1021/214/1
f 1170/1110/1 1146/1093/1 1171/1107/1
f 1170/1110/1 1147/1111/1 1146/1093/1
f 1044/1112/1 1022/1109/1 1045/1108/1
f 1169/1113/1 1147/1111/1 1170/1110/1
f 1044/1112/1 1023/1114/1 1022/1109/1
f 1169/1113/1 1148/1115/1 1147/1111/1
f 1043/1116/1 1023/1114/1 1044/1112/1
f 1168/1117/1 1148/1115/1 1169/1113/1
f 1043/1116/1 1024/1118/1 1023/1114/1
f 1168/1117/1 1149/1119/1 1148/1115/1
f 1042/1120/1 1024/1118/1 1043/1116/1
f 1167/1121/1 1149/1119/1 1168/1117/1
f 1042/1120/1 1025/1122/1 1024/1118/1
f 1167/1121/1 1150/1123/1 1149/1119/1
f 1041/1124/1 1025/1122/1 1042/1120/1
f 1166/1125/1 1150/1123/1 1167/1121/1
f 1041/1124/1 1026/1126/1 1025/1122/1
f 1166/1125/1 1151/1127/1 1150/1123/1
f 1040/1128/1 1026/1126/1 1041/1124/1
f 1165/1129/1 1151/1127/1 1166/1125/1
f 1040/1128/1 1027/1130/1 1026/1126/1
f 1165/1129/1 1152/1131/1 1151/1127/1
f 1039/1132/1 1027/1130/1 1040/1128/1
f 1164/1133/1 1152/1131/1 1165/1129/1
f 1039/1132/1 1028/1134/1 1027/1130/1
f 1164/1133/1 1153/1135/1 1152/1131/1
f 1038/1136/1 1028/1134/1 1039/1132/1
f 1163/1137/1 1153/1135/1 1164/1133/1
f 1038/1136/1 1029/1138/1 1028/1134/1
f 1163/1137/1 1154/1139/1 1153/1135/1
f 1037/1140/1 1029/1138/1 1038/1136/1
f 1162/1141/1 1154/1139/1 1163/1137/1
f 1037/1140/1 1030/1142/1 1029/1138/1
f 1162/1141/1 1155/1143/1 1154/1139/1
f 1036/1144/1 1030/1142/1 1037/1140/1
f 1161/1145/1 1155/1143/1 1162/1141/1
f 1036/1144/1 1031/1146/1 1030/1142/1
f 1161/1145/1 1156/1147/1 1155/1143/1
f 1035/1148/1 1031/1146/1 1036/1144/1
f 1160/1149/1 1156/1147/1 1161/1145/1
f 1035/1148/1 1032/1150/1 1031/1146/1
f 1160/1149/1 1157/1151/1 1156/1147/1
f 1034/1152/1 1032/1150/1 1035/1148/1
f 1159/1153/1 1157/1151/1 1160/1149/1
f 1034/1152/1 1033/1154/1 1032/1150/1
f 1159/1153/1 1158/1155/1 1157/1151/1
f 1287/1156/1 1289/1157/1 1288/1158/1
f 1287/1156/1 1290/1159/1 1289/1157/1
f 1287/1156/1 1291/1160/1 1290/1159/1
f 1286/1161/1 1291/1160/1 1287/1156/1
f 1286/1161/1 1292/1162/1 1291/1160/1
f 1285/1163/1 1292/1162/1 1286/1161/1
f 1285/1163/1 1293/1164/1 1292/1162/1
f 1284/1165/1 1293/1164/1 1285/1163/1
f 1284/1165/1 1294/1166/1 1293/1164/1
f 1283/1167/1 1294/1166/1 1284/1165/1
f 1283/1167/1 1295/1168/1 1294/1166/1
f 1283/1167/1 1296/1169/1 1295/1168/1
f 1282/1170/1 1296/1169/1 1283/1167/1
f 1282/1170/1 1297/1171/1 1296/1169/1
f 1281/1172/1 1297/1171/1 1282/1170/1
f 1281/1172/1 1298/1173/1 1297/1171/1
f 1280/1174/1 1298/1173/1 1281/1172/1
f 1280/1174/1 1299/1175/1 1298/1173/1
f 1279/1176/1 1299/1175/1 1280/1174/1
f 1279/1176/1 1300/1177/1 1299/1175/1
f 1278/1178/1 1300/1177/1 1279/1176/1
f 1278/1178/1 1301/1179/1 1300/1177/1
f 1278/1178/1 1302/1180/1 1301/1179/1
f 1277/1181/1 1302/1180/1 1278/1178/1
f 1277/1181/1 1303/1182/1 1302/1180/1
f 1276/1183/1 1303/1182/1 1277/1181/1
f 1276/1183/1 1304/1184/1 1303/1182/1
f 1275/1185/1 1365/1186/1 1276/1183/1
f 1365/1186/1 1304/1184/1 1276/1183/1
f 1365/1186/1 1305/148/1 1304/1184/1
f 1365/1186/1 1306/1187/1 1305/148/1
f 1365/1186/1 1307/1188/1 1306/1187/1
f 1365/1186/1 1308/1189/1 1307/1188/1
f 1365/1186/1 1309/1190/1 1308/1189/1
f 1365/1186/1 1310/1191/1 1309/1190/1
f 1365/1186/1 1311/1192/1 1310/1191/1
f 1365/1186/1 1312/1193/1 1311/1192/1
f 1365/1186/1 1313/1194/1 1312/1193/1
f 1365/1186/1 1314/1195/1 1313/1194/1
f 1365/1186/1 1315/1196/1 1314/1195/1
f 1365/1186/1 1316/1197/1 1315/1196/1
f 1365/1186/1 1317/1198/1 1316/1197/1
f 1365/1186/1 1318/1199/1 1317/1198/1
f 1365/1186/1 1319/1200/1 1318/1199/1
f 1365/1186/1 1320/1201/1 1319/1200/1
f 1365/1186/1 1321/1202/1 1320/1201/1
f 1365/1186/1 1322/1203/1 1321/1202/1
f 1365/1186/1 1323/1204/1 1322/1203/1
f 1365/1186/1 1324/1205/1 1323/1204/1
f 1365/1186/1 1364/1206/1 1324/1205/1
f 1364/1206/1 1415/213/1 1324/1205/1
f 1415/213/1 1325/1207/1 1324/1205/1
f 1275/1185/1 1366/1208/1 1365/1186/1
f 1414/1209/1 1325/1207/1 1415/213/1
f 1413/1210/1 1325/1207/1 1414/1209/1
f 1412/1211/1 1325/1207/1 1413/1210/1
f 1411/1212/1 1325/1207/1 1412/1211/1
f 1410/1213/1 1325/1207/1 1411/1212/1
f 1409/1214/1 1325/1207/1 1410/1213/1
f 1408/1215/1 1325/1207/1 1409/1214/1
f 1407/1216/1 1325/1207/1 1408/1215/1
f 1407/1216/1 1326/1217/1 1325/1207/1
f 1406/1218/1 1326/1217/1 1407/1216/1
f 1405/1219/1 1326/1217/1 1406/1218/1
f 1404/1220/1 1326/1217/1 1405/1219/1
f 1403/1221/1 1326/1217/1 1404/1220/1
f 1402/1222/1 1326/1217/1 1403/1221/1
f 1401/1223/1 1326/1217/1 1402/1222/1
f 1400/1224/1 1326/1217/1 1401/1223/1
f 1399/1225/1 1326/1217/1 1400/1224/1
f 1398/1226/1 1326/1217/1 1399/1225/1
f 1397/1227/1 1326/1217/1 1398/1226/1
f 1396/1228/1 1326/1217/1 1397/1227/1
f 1395/1229/1 1326/1217/1 1396/1228/1
f 1394/1230/1 1326/1217/1 1395/1229/1
f 1393/1231/1 1326/1217/1 1394/1230/1
f 1392/1232/1 1326/1217/1 1393/1231/1
f 1391/1233/1 1326/1217/1 1392/1232/1
f 1390/1234/1 1326/1217/1 1391/1233/1
f 1389/1235/1 1326/1217/1 1390/1234/1
f 1388/1236/1 1326/1217/1 1389/1235/1
f 1387/1237/1 1326/1217/1 1388/1236/1
f 1386/1238/1 1326/1217/1 1387/1237/1
f 1385/1239/1 1326/1217/1 1386/1238/1
f 1384/1240/1 1326/1217/1 1385/1239/1
f 1383/1241/1 1326/1217/1 1384/1240/1
f 1382/1242/1 1326/1217/1 1383/1241/1
f 1381/1243/1 1326/1217/1 1382/1242/1
f 1380/1244/1 1326/1217/1 1381/1243/1
f 1379/1245/1 1326/1217/1 1380/1244/1
f 1378/1246/1 1326/1217/1 1379/1245/1
f 1378/1246/1 1327/1247/1 1326/1217/1
f 1377/1248/1 1327/1247/1 1378/1246/1
f 1376/1249/1 1327/1247/1 1377/1248/1
f 1375/1250/1 1327/1247/1 1376/1249/1
f 1374/1251/1 1327/1247/1 1375/1250/1
f 1374/1251/1 1328/1252/1 1327/1247/1
f 1373/1253/1 1328/1252/1 1374/1251/1
f 1372/1254/1 1328/1252/1 1373/1253/1
f 1371/1255/1 1328/1252/1 1372/1254/1
f 1370/1256/1 1328/1252/1 1371/1255/1
f 1369/1257/1 1328/1252/1 1370/1256/1
f 1368/1258/1 1328/1252/1 1369/1257/1
f 1367/1259/1 1328/1252/1 1368/1258/1
f 1275/1185/1 1367/1259/1 1366/1208/1
f 1275/1185/1 1363/1260/1 1367/1259/1
f 1363/1260/1 1328/1252/1 1367/1259/1
f 1363/1260/1 1329/1261/1 1328/1252/1
f 1363/1260/1 1330/1262/1 1329/1261/1
f 1363/1260/1 1331/1263/1 1330/1262/1
f 1363/1260/1 1332/1264/1 1331/1263/1
f 1363/1260/1 1333/1265/1 1332/1264/1
f 1363/1260/1 1334/1266/1 1333/1265/1
f 1363/1260/1 1335/1267/1 1334/1266/1
f 1363/1260/1 1336/1268/1 1335/1267/1
f 1363/1260/1 1337/1269/1 1336/1268/1
f 1363/1260/1 1338/1270/1 1337/1269/1
f 1363/1260/1 1339/1271/1 1338/1270/1
f 1363/1260/1 1340/1272/1 1339/1271/1
f 1363/1260/1 1341/1273/1 1340/1272/1
f 1363/1260/1 1342/1274/1 1341/1273/1
f 1363/1260/1 1343/1275/1 1342/1274/1
f 1363/1260/1 1344/1276/1 1343/1275/1
f 1363/1260/1 1345/1277/1 1344/1276/1
f 1363/1260/1 1346/1278/1 1345/1277/1
f 1363/1260/1 1347/1279/1 1346/1278/1
f 1363/1260/1 1348/1280/1 1347/1279/1
f 1363/1260/1 1349/1281/1 1348/1280/1
f 1363/1260/1 1350/1282/1 1349/1281/1
f 1363/1260/1 1351/1283/1 1350/1282/1
f 1363/1260/1 1352/1284/1 1351/1283/1
f 1363/1260/1 1353/1285/1 1352/1284/1
f 1363/1260/1 1354/1286/1 1353/1285/1
f 1363/1260/1 1355/1287/1 1354/1286/1
f 1363/1260/1 1356/1288/1 1355/1287/1
f 1363/1260/1 1357/1289/1 1356/1288/1
f 1363/1260/1 1358/1290/1 1357/1289/1
f 1363/1260/1 1359/1291/1 1358/1290/1
f 1363/1260/1 1360/51/1 1359/1291/1
f 1363/1260/1 1361/1292/1 1360/51/1
f 1363/1260/1 1362/1293/1 1361/1292/1
f 1275/1185/1 1250/214/1 1363/1260/1
f 1274/1294/1 1250/214/1 1275/1185/1
f 1274/1294/1 1251/1295/1 1250/214/1
f 1273/1296/1 1251/1295/1 1274/1294/1
f 1273/1296/1 1252/1297/1 1251/1295/1
f 1272/1298/1 1252/1297/1 1273/1296/1
f 1272/1298/1 1253/1299/1 1252/1297/1
f 1271/1300/1 1253/1299/1 1272/1298/1
f 1271/1300/1 1254/1301/1 1253/1299/1
f 1270/1302/1 1254/1301/1 1271/1300/1
f 1270/1302/1 1255/1303/1 1254/1301/1
f 1269/1304/1 1255/1303/1 1270/1302/1
f 1269/1304/1 1256/1305/1 1255/1303/1
f 1268/1306/1 1256/1305/1 1269/1304/1
f 1268/1306/1 1257/1307/1 1256/1305/1
f 1267/1308/1 1257/1307/1 1268/1306/1
f 1267/1308/1 1258/1309/1 1257/1307/1
f 1266/1310/1 1258/1309/1 1267/1308/1
f 1266/1310/1 1259/1311/1 1258/1309/1
f 1265/1312/1 1259/1311/1 1266/1310/1
f 1265/1312/1 1260/1313/1 1259/1311/1
f 1264/1314/1 1260/1313/1 1265/1312/1
f 1264/1314/1 1261/1315/1 1260/1313/1
f 1263/1316/1 1261/1315/1 1264/1314/1
f 1263/1316/1 1262/1317/1 1261/1315/1
f 1552/1/5 1553/3/5 1554/2/5
f 1552/1/5 1554/2/5 1555/4/5
f 1552/1/5 1555/4/5 1556/5/5
f 1551/6/5 1552/1/5 1556/5/5
f 1551/6/5 1556/5/5 1557/7/5
f 1550/8/5 1551/6/5 1557/7/5
f 1550/8/5 1557/7/5 1558/9/5
f 1549/10/5 1550/8/5 1558/9/5
f 1549/10/5 1558/9/5 1559/11/5
f 1548/12/5 1549/10/5 1559/11/5
f 1548/12/5 1559/11/5 1560/13/5
f 1547/14/5 1548/12/5 1560/13/5
f 1547/14/5 1560/13/5 1561/15/5
f 1546/16/5 1547/14/5 1561/15/5
f 1546/16/5 1561/15/5 1562/17/5
f 1545/18/5 1546/16/5 1562/17/5
f 1545/18/5 1562/17/5 1563/19/5
f 1544/20/5 1545/18/5 1563/19/5
f 1544/20/5 1563/19/5 1564/21/5
f 1544/20/5 1564/21/5 1565/22/5
f 1543/23/5 1544/20/5 1565/22/5
f 1543/23/5 1565/22/5 1566/24/5
f 1542/25/5 1543/23/5 1566/24/5
f 1542/25/5 1566/24/5 1567/26/5
f 1541/27/5 1542/25/5 1567/26/5
f 1540/28/5 1541/27/5 1567/26/5
f 1539/29/5 1540/28/5 1567/26/5
f 1538/30/5 1539/29/5 1567/26/5
f 1537/31/5 1538/30/5 1567/26/5
f 1536/32/5 1537/31/5 1567/26/5
f 1535/33/5 1536/32/5 1567/26/5
f 1534/34/5 1535/33/5 1567/26/5
f 1533/35/5 1534/34/5 1567/26/5
f 1532/36/5 1533/35/5 1567/26/5
f 1531/37/5 1532/36/5 1567/26/5
f 1530/38/5 1531/37/5 1567/26/5
f 1530/38/5 1567/26/5 1568/39/5
f 1530/38/5 1568/39/5 1569/40/5
f 1529/41/5 1530/38/5 1569/40/5
f 1529/41/5 1569/40/5 1570/42/5
f 1529/41/5 1570/42/5 1571/43/5
f 1529/41/5 1571/43/5 1572/44/5
f 1528/45/5 1529/41/5 1583/46/5
f 1583/46/5 1529/41/5 1582/47/5
f 1582/47/5 1529/41/5 1581/48/5
f 1581/48/5 1529/41/5 1580/49/5
f 1580/49/5 1529/41/5 1572/44/5
f 1580/49/5 1572/44/5 1573/50/5
f 1580/49/5 1573/50/5 1574/51/5
f 1580/49/5 1574/51/5 1575/52/5
f 1580/49/5 1575/52/5 1576/53/5
f 1580/49/5 1576/53/5 1577/54/5
f 1580/49/5 1577/54/5 1578/55/5
f 1580/49/5 1578/55/5 1579/56/5
f 1528/45/5 1583/46/5 1584/57/5
f 1528/45/5 1584/57/5 1585/58/5
f 1528/45/5 1585/58/5 1586/59/5
f 1528/45/5 1586/59/5 1587/60/5
f 1528/45/5 1587/60/5 1588/61/5
f 1528/45/5 1588/61/5 1589/62/5
f 1528/45/5 1589/62/5 1590/63/5
f 1528/45/5 1590/63/5 1591/64/5
f 1528/45/5 1591/64/5 1592/65/5
f 1528/45/5 1592/65/5 1593/66/5
f 1528/45/5 1593/66/5 1594/67/5
f 1528/45/5 1594/67/5 1595/68/5
f 1528/45/5 1595/68/5 1596/69/5
f 1528/45/5 1596/69/5 1597/70/5
f 1528/45/5 1597/70/5 1598/71/5
f 1528/45/5 1598/71/5 1599/72/5
f 1528/45/5 1599/72/5 1600/73/5
f 1528/45/5 1600/73/5 1601/74/5
f 1528/45/5 1601/74/5 1602/75/5
f 1528/45/5 1602/75/5 1603/76/5
f 1528/45/5 1603/76/5 1604/77/5
f 1528/45/5 1604/77/5 1605/78/5
f 1528/45/5 1605/78/5 1606/79/5
f 1528/45/5 1606/79/5 1607/80/5
f 1528/45/5 1607/80/5 1608/81/5
f 1528/45/5 1608/81/5 1609/82/5
f 1528/45/5 1609/82/5 1610/83/5
f 1528/45/5 1610/83/5 1611/84/5
f 1527/85/5 1528/45/5 1611/84/5
f 1527/85/5 1611/84/5 1612/86/5
f 1527/85/5 1612/86/5 1613/87/5
f 1527/85/5 1613/87/5 1614/88/5
f 1527/85/5 1614/88/5 1615/89/5
f 1527/85/5 1615/89/5 1616/90/5
f 1527/85/5 1616/90/5 1617/91/5
f 1526/92/5 1527/85/5 1617/91/5
f 1526/92/5 1617/91/5 1618/93/5
f 1526/92/5 1618/93/5 1619/94/5
f 1526/92/5 1619/94/5 1620/95/5
f 1526/92/5 1620/95/5 1621/96/5
f 1525/97/5 1526/92/5 1621/96/5
f 1525/97/5 1621/96/5 1622/98/5
f 1525/97/5 1622/98/5 1623/99/5
f 1525/97/5 1623/99/5 1624/100/5
f 1524/101/5 1525/97/5 1624/100/5
f 1524/101/5 1624/100/5 1625/102/5
f 1524/101/5 1625/102/5 1626/103/5
f 1523/104/5 1524/101/5 1626/103/5
f 1523/104/5 1626/103/5 1627/105/5
f 1523/104/5 1627/105/5 1628/106/5
f 1522/107/5 1523/104/5 1628/106/5
f 1522/107/5 1628/106/5 1629/108/5
f 1522/107/5 1629/108/5 1630/109/5
f 1521/110/5 1522/107/5 1630/109/5
f 1521/110/5 1630/109/5 1631/111/5
f 1521/110/5 1631/111/5 1632/112/5
f 1520/113/5 1521/110/5 1632/112/5
f 1520/113/5 1632/112/5 1633/114/5
f 1519/115/5 1520/113/5 1633/114/5
f 1519/115/5 1633/114/5 1634/116/5
f 1518/117/5 1519/115/5 1634/116/5
f 1518/117/5 1634/116/5 1635/118/5
f 1517/119/5 1518/117/5 1635/118/5
f 1517/119/5 1635/118/5 1636/120/5
f 1516/121/5 1517/119/5 1636/120/5
f 1516/121/5 1636/120/5 1637/122/5
f 1515/123/5 1516/121/5 1637/122/5
f 1515/123/5 1637/122/5 1638/124/5
f 1514/125/5 1515/123/5 1638/124/5
f 1513/126/5 1514/125/5 1638/124/5
f 1513/126/5 1638/124/5 1639/127/5
f 1512/128/5 1513/126/5 1639/127/5
f 1512/128/5 1639/127/5 1640/129/5
f 1511/130/5 1512/128/5 1640/129/5
f 1510/131/5 1511/130/5 1640/129/5
f 1510/131/5 1640/129/5 1641/132/5
f 1509/133/5 1510/131/5 1641/132/5
f 1508/134/5 1509/133/5 1641/132/5
f 1507/135/5 1508/134/5 1641/132/5
f 1507/135/5 1641/132/5 1502/136/5
f 1502/136/5 1641/132/5 1501/137/5
f 1501/137/5 1641/132/5 1500/138/5
f 1500/138/5 1641/132/5 1499/139/5
f 1499/139/5 1641/132/5 1642/140/5
f 1506/141/5 1507/135/5 1502/136/5
f 1505/142/5 1506/141/5 1502/136/5
f 1504/143/5 1505/142/5 1502/136/5
f 1503/144/5 1504/143/5 1502/136/5
f 1498/145/5 1499/139/5 1642/140/5
f 1497/146/6 1498/145/6 1642/140/6
f 1496/147/5 1497/146/5 1642/140/5
f 1495/148/5 1496/147/5 1642/140/5
f 1494/149/5 1495/148/5 1642/140/5
f 1493/150/5 1494/149/5 1642/140/5
f 1492/151/5 1493/150/5 1642/140/5
f 1491/152/5 1492/151/5 1642/140/5
f 1490/153/5 1491/152/5 1642/140/5
f 1489/154/5 1490/153/5 1642/140/5
f 1488/155/5 1489/154/5 1642/140/5
f 1487/156/5 1488/155/5 1642/140/5
f 1486/157/5 1487/156/5 1642/140/5
f 1485/158/5 1486/157/5 1642/140/5
f 1484/159/5 1485/158/5 1642/140/5
f 1483/160/5 1484/159/5 1642/140/5
f 1482/161/5 1483/160/5 1642/140/5
f 1481/162/5 1482/161/5 1642/140/5
f 1480/163/5 1481/162/5 1642/140/5
f 1479/164/5 1480/163/5 1642/140/5
f 1478/165/5 1479/164/5 1642/140/5
f 1477/166/5 1478/165/5 1642/140/5
f 1476/167/5 1477/166/5 1642/140/5
f 1475/168/5 1476/167/5 1642/140/5
f 1474/169/5 1475/168/5 1642/140/5
f 1473/170/5 1474/169/5 1642/140/5
f 1472/171/5 1473/170/5 1642/140/5
f 1471/172/5 1472/171/5 1642/140/5
f 1470/173/5 1471/172/5 1642/140/5
f 1469/174/5 1470/173/5 1642/140/5
f 1468/175/5 1469/174/5 1642/140/5
f 1467/176/5 1468/175/5 1642/140/5
f 1466/177/5 1467/176/5 1642/140/5
f 1465/178/5 1466/177/5 1642/140/5
f 1464/179/5 1465/178/5 1642/140/5
f 1463/180/5 1464/179/5 1642/140/5
f 1462/181/5 1463/180/5 1642/140/5
f 1461/182/5 1462/181/5 1642/140/5
f 1460/183/5 1461/182/5 1642/140/5
f 1459/184/5 1460/183/5 1642/140/5
f 1458/185/5 1459/184/5 1642/140/5
f 1457/186/5 1458/185/5 1642/140/5
f 1456/187/5 1457/186/5 1642/140/5
f 1455/188/5 1456/187/5 1642/140/5
f 1453/189/5 1454/190/5 1455/188/5
f 1453/189/5 1455/188/5 1642/140/5
f 1452/191/5 1453/189/5 1642/140/5
f 1451/192/5 1452/191/5 1642/140/5
f 1450/193/5 1451/192/5 1642/140/5
f 1449/194/5 1450/193/5 1642/140/5
f 1448/195/5 1449/194/5 1642/140/5
f 1447/196/5 1448/195/5 1642/140/5
f 1446/197/5 1447/196/5 1642/140/5
f 1446/197/5 1642/140/5 1643/198/5
f 1445/199/5 1446/197/5 1643/198/5
f 1444/200/5 1445/199/5 1643/198/5
f 1443/201/5 1444/200/5 1643/198/5
f 1443/201/5 1643/198/5 1644/202/5
f 1442/203/5 1443/201/5 1644/202/5
f 1441/204/5 1442/203/5 1644/202/5
f 1441/204/5 1644/202/5 1645/205/5
f 1441/204/5 1645/205/5 1646/206/5
f 1441/204/5 1646/206/5 1647/207/5
f 1441/204/5 1647/207/5 1648/208/5
f 1441/204/5 1648/208/5 1649/209/5
f 1441/204/5 1649/209/5 1650/210/5
f 1441/204/5 1650/210/5 1651/211/5
f 1441/204/5 1651/211/5 1652/212/5
f 1441/204/5 1652/212/5 1653/213/5
f 1441/204/5 1653/213/5 1416/214/5
f 1441/204/5 1416/214/5 1417/215/5
f 1441/204/5 1417/215/5 1418/216/5
f 1440/217/5 1441/204/5 1418/216/5
f 1440/217/5 1418/216/5 1419/218/5
f 1439/219/5 1440/217/5 1419/218/5
f 1439/219/5 1419/218/5 1420/220/5
f 1438/221/5 1439/219/5 1420/220/5
f 1437/222/5 1438/221/5 1420/220/5
f 1437/222/5 1420/220/5 1421/223/5
f 1436/224/5 1437/222/5 1421/223/5
f 1436/224/5 1421/223/5 1422/225/5
f 1435/226/5 1436/224/5 1422/225/5
f 1435/226/5 1422/225/5 1423/227/5
f 1434/228/5 1435/226/5 1423/227/5
f 1434/228/5 1423/227/5 1424/229/5
f 1433/230/5 1434/228/5 1424/229/5
f 1433/230/5 1424/229/5 1425/231/5
f 1432/232/5 1433/230/5 1425/231/5
f 1432/232/5 1425/231/5 1426/233/5
f 1431/234/5 1432/232/5 1426/233/5
f 1431/234/5 1426/233/5 1427/235/5
f 1430/236/5 1431/234/5 1427/235/5
f 1430/236/5 1427/235/5 1428/237/5
f 1429/238/5 1430/236/5 1428/237/5
f 1705/40/5 1706/44/5 1707/52/5
f 1705/40/5 1707/52/5 1708/55/5
f 1705/40/5 1708/55/5 1709/48/5
f 1704/24/5 1705/40/5 1709/48/5
f 1704/24/5 1709/48/5 1710/57/5
f 1703/19/5 1704/24/5 1710/57/5
f 1703/19/5 1710/57/5 1711/60/5
f 1702/13/5 1703/19/5 1711/60/5
f 1702/13/5 1711/60/5 1712/63/5
f 1701/7/5 1702/13/5 1712/63/5
f 1701/7/5 1712/63/5 1713/66/5
f 1700/2/5 1701/7/5 1713/66/5
f 1700/2/5 1713/66/5 1714/69/5
f 1699/6/5 1700/2/5 1714/69/5
f 1699/6/5 1714/69/5 1715/72/5
f 1698/12/5 1699/6/5 1715/72/5
f 1698/12/5 1715/72/5 1716/75/5
f 1697/18/5 1698/12/5 1716/75/5
f 1697/18/5 1716/75/5 1717/78/5
f 1696/25/5 1697/18/5 1717/78/5
f 1696/25/5 1717/78/5 1718/81/5
f 1695/29/5 1696/25/5 1718/81/5
f 1694/32/5 1695/29/5 1718/81/5
f 1694/32/5 1718/81/5 1719/84/5
f 1693/35/5 1694/32/5 1719/84/5
f 1693/35/5 1719/84/5 1720/88/5
f 1692/38/5 1693/35/5 1720/88/5
f 1692/38/5 1720/88/5 1721/91/5
f 1691/85/5 1692/38/5 1721/91/5
f 1691/85/5 1721/91/5 1722/95/5
f 1690/101/5 1691/85/5 1722/95/5
f 1690/101/5 1722/95/5 1723/99/5
f 1689/110/5 1690/101/5 1723/99/5
f 1689/110/5 1723/99/5 1724/103/5
f 1688/117/5 1689/110/5 1724/103/5
f 1688/117/5 1724/103/5 1725/108/5
f 1687/123/5 1688/117/5 1725/108/5
f 1687/123/5 1725/108/5 1726/112/5
f 1686/128/5 1687/123/5 1726/112/5
f 1686/128/5 1726/112/5 1727/118/5
f 1685/133/5 1686/128/5 1727/118/5
f 1685/133/5 1727/118/5 1728/124/5
f 1684/141/5 1685/133/5 1728/124/5
f 1684/141/5 1728/124/5 1729/132/5
f 1683/144/5 1684/141/5 1729/132/5
f 1683/144/5 1729/132/5 1730/202/5
f 1682/138/5 1683/144/5 1730/202/5
f 1682/138/5 1730/202/5 1731/207/5
f 1681/146/5 1682/138/5 1731/207/5
f 1681/146/5 1731/207/5 1732/210/5
f 1680/149/1 1681/146/1 1732/210/1
f 1679/152/5 1680/149/5 1733/213/5
f 1733/213/5 1680/149/5 1732/210/5
f 1679/152/5 1733/213/5 1654/214/5
f 1678/155/5 1679/152/5 1654/214/5
f 1678/155/5 1654/214/5 1655/218/5
f 1677/158/5 1678/155/5 1655/218/5
f 1677/158/5 1655/218/5 1656/225/5
f 1676/161/5 1677/158/5 1656/225/5
f 1676/161/5 1656/225/5 1657/231/5
f 1675/164/5 1676/161/5 1657/231/5
f 1675/164/5 1657/231/5 1658/237/5
f 1674/167/5 1675/164/5 1658/237/5
f 1674/167/5 1658/237/5 1659/234/5
f 1673/170/5 1674/167/5 1659/234/5
f 1673/170/5 1659/234/5 1660/228/5
f 1672/173/5 1673/170/5 1660/228/5
f 1672/173/5 1660/228/5 1661/222/5
f 1671/176/5 1672/173/5 1661/222/5
f 1671/176/5 1661/222/5 1662/217/5
f 1670/179/5 1671/176/5 1662/217/5
f 1670/179/5 1662/217/5 1663/201/5
f 1669/182/5 1670/179/5 1663/201/5
f 1669/182/5 1663/201/5 1664/197/5
f 1668/185/5 1669/182/5 1664/197/5
f 1668/185/5 1664/197/5 1665/194/5
f 1667/188/5 1668/185/5 1665/194/5
f 1667/188/5 1665/194/5 1666/191/5
f 1795/239/5 1796/241/5 1797/240/5
f 1795/239/5 1797/240/5 1798/242/5
f 1795/239/5 1798/242/5 1799/243/5
f 1794/244/5 1795/239/5 1799/243/5
f 1794/244/5 1799/243/5 1800/245/5
f 1793/246/5 1794/244/5 1800/245/5
f 1793/246/5 1800/245/5 1801/247/5
f 1792/248/5 1793/246/5 1801/247/5
f 1792/248/5 1801/247/5 1802/249/5
f 1791/250/5 1792/248/5 1802/249/5
f 1791/250/5 1802/249/5 1803/251/5
f 1790/252/5 1791/250/5 1803/251/5
f 1790/252/5 1803/251/5 1804/253/5
f 1790/252/5 1804/253/5 1805/254/5
f 1789/255/5 1790/252/5 1805/254/5
f 1789/255/5 1805/254/5 1806/256/5
f 1788/257/5 1789/255/5 1806/256/5
f 1788/257/5 1806/256/5 1807/258/5
f 1787/259/5 1788/257/5 1807/258/5
f 1787/259/5 1807/258/5 1808/260/5
f 1786/261/5 1787/259/5 1808/260/5
f 1786/261/5 1808/260/5 1809/262/5
f 1785/263/5 1786/261/5 1809/262/5
f 1785/263/5 1809/262/5 1810/264/5
f 1784/265/5 1785/263/5 1810/264/5
f 1783/266/5 1784/265/5 1810/264/5
f 1782/267/5 1783/266/5 1810/264/5
f 1781/268/5 1782/267/5 1810/264/5
f 1780/269/5 1781/268/5 1810/264/5
f 1779/270/5 1780/269/5 1810/264/5
f 1778/271/5 1779/270/5 1810/264/5
f 1777/272/5 1778/271/5 1810/264/5
f 1776/273/5 1777/272/5 1810/264/5
f 1775/274/5 1776/273/5 1810/264/5
f 1774/275/5 1775/274/5 1810/264/5
f 1774/275/5 1810/264/5 1811/276/5
f 1774/275/5 1811/276/5 1812/277/5
f 1774/275/5 1812/277/5 1813/278/5
f 1773/279/5 1774/275/5 1813/278/5
f 1773/279/5 1813/278/5 1814/280/5
f 1773/279/5 1814/280/5 1815/281/5
f 1773/279/5 1815/281/5 1816/282/5
f 1773/279/5 1816/282/5 1817/283/5
f 1773/279/5 1817/283/5 1818/284/5
f 1772/285/5 1773/279/5 1824/286/5
f 1824/286/5 1773/279/5 1823/287/5
f 1823/287/5 1773/279/5 1818/284/5
f 1823/287/5 1818/284/5 1819/288/5
f 1823/287/5 1819/288/5 1820/289/5
f 1823/287/5 1820/289/5 1821/290/5
f 1823/287/5 1821/290/5 1822/291/5
f 1772/285/5 1824/286/5 1825/292/5
f 1772/285/5 1825/292/5 1826/293/5
f 1772/285/5 1826/293/5 1827/294/5
f 1772/285/5 1827/294/5 1828/295/5
f 1772/285/5 1828/295/5 1829/296/5
f 1771/297/5 1772/285/5 1830/298/5
f 1830/298/5 1772/285/5 1829/296/5
f 1771/297/7 1830/298/7 1831/299/7
f 1771/297/5 1831/299/5 1832/300/5
f 1771/297/5 1832/300/5 1833/301/5
f 1771/297/5 1833/301/5 1834/302/5
f 1771/297/5 1834/302/5 1835/303/5
f 1771/297/5 1835/303/5 1836/304/5
f 1771/297/5 1836/304/5 1837/305/5
f 1771/297/5 1837/305/5 1838/306/5
f 1771/297/5 1838/306/5 1839/307/5
f 1771/297/5 1839/307/5 1840/308/5
f 1771/297/5 1840/308/5 1841/309/5
f 1771/297/5 1841/309/5 1842/310/5
f 1770/311/5 1771/297/5 1842/310/5
f 1770/311/5 1842/310/5 1843/312/5
f 1770/311/5 1843/312/5 1844/313/5
f 1770/311/5 1844/313/5 1845/314/5
f 1770/311/5 1845/314/5 1846/315/5
f 1770/311/5 1846/315/5 1847/316/5
f 1770/311/5 1847/316/5 1848/317/5
f 1770/311/5 1848/317/5 1849/318/5
f 1770/311/5 1849/318/5 1850/319/5
f 1770/311/5 1850/319/5 1851/320/5
f 1770/311/5 1851/320/5 1852/321/5
f 1770/311/5 1852/321/5 1853/322/5
f 1769/323/5 1770/311/5 1853/322/5
f 1769/323/5 1853/322/5 1854/324/5
f 1769/323/5 1854/324/5 1855/325/5
f 1769/323/5 1855/325/5 1856/326/5
f 1769/323/5 1856/326/5 1857/327/5
f 1769/323/5 1857/327/5 1858/328/5
f 1768/329/5 1769/323/5 1858/328/5
f 1768/329/5 1858/328/5 1859/330/5
f 1768/329/5 1859/330/5 1860/331/5
f 1768/329/5 1860/331/5 1861/213/5
f 1767/332/5 1768/329/5 1861/213/5
f 1767/332/5 1861/213/5 1734/214/5
f 1766/333/5 1767/332/5 1734/214/5
f 1765/334/5 1766/333/5 1734/214/5
f 1764/335/5 1765/334/5 1734/214/5
f 1763/336/5 1764/335/5 1734/214/5
f 1762/337/5 1763/336/5 1734/214/5
f 1761/338/5 1762/337/5 1734/214/5
f 1760/339/5 1761/338/5 1734/214/5
f 1759/340/5 1760/339/5 1734/214/5
f 1758/341/5 1759/340/5 1734/214/5
f 1757/342/5 1758/341/5 1734/214/5
f 1757/342/5 1734/214/5 1735/343/5
f 1756/344/5 1757/342/5 1735/343/5
f 1756/344/5 1735/343/5 1736/345/5
f 1755/346/5 1756/344/5 1736/345/5
f 1755/346/5 1736/345/5 1737/347/5
f 1754/348/5 1755/346/5 1737/347/5
f 1754/348/5 1737/347/5 1738/349/5
f 1753/350/5 1754/348/5 1738/349/5
f 1753/350/5 1738/349/5 1739/351/5
f 1752/352/5 1753/350/5 1739/351/5
f 1752/352/5 1739/351/5 1740/353/5
f 1752/352/5 1740/353/5 1741/354/5
f 1751/355/5 1752/352/5 1741/354/5
f 1751/355/5 1741/354/5 1742/356/5
f 1750/357/5 1751/355/5 1742/356/5
f 1750/357/5 1742/356/5 1743/358/5
f 1749/359/5 1750/357/5 1743/358/5
f 1749/359/5 1743/358/5 1744/360/5
f 1748/361/5 1749/359/5 1744/360/5
f 1748/361/5 1744/360/5 1745/362/5
f 1747/363/5 1748/361/5 1745/362/5
f 1747/363/5 1745/362/5 1746/364/5
f 1899/365/5 1900/367/5 1901/366/5
f 1899/365/5 1901/366/5 1902/368/5
f 1899/365/5 1902/368/5 1903/369/5
f 1898/370/5 1899/365/5 1903/369/5
f 1898/370/5 1903/369/5 1904/371/5
f 1897/372/5 1898/370/5 1904/371/5
f 1897/372/5 1904/371/5 1905/373/5
f 1896/374/5 1897/372/5 1905/373/5
f 1896/374/5 1905/373/5 1906/375/5
f 1895/376/5 1896/374/5 1906/375/5
f 1895/376/5 1906/375/5 1907/377/5
f 1894/378/5 1895/376/5 1907/377/5
f 1894/378/5 1907/377/5 1908/379/5
f 1893/380/5 1894/378/5 1908/379/5
f 1893/380/5 1908/379/5 1909/381/5
f 1892/382/5 1893/380/5 1909/381/5
f 1892/382/5 1909/381/5 1910/383/5
f 1891/384/5 1892/382/5 1910/383/5
f 1891/384/5 1910/383/5 1911/385/5
f 1890/386/5 1891/384/5 1911/385/5
f 1890/386/5 1911/385/5 1912/387/5
f 1889/388/5 1890/386/5 1912/387/5
f 1888/389/5 1889/388/5 1912/387/5
f 1888/389/5 1912/387/5 1913/390/5
f 1887/391/5 1888/389/5 1927/392/5
f 1927/392/5 1888/389/5 1913/390/5
f 1927/392/5 1913/390/5 1914/393/5
f 1927/392/5 1914/393/5 1915/394/5
f 1927/392/5 1915/394/5 1916/395/5
f 1927/392/5 1916/395/5 1917/396/5
f 1927/392/5 1917/396/5 1918/397/5
f 1927/392/5 1918/397/5 1919/398/5
f 1927/392/5 1919/398/5 1920/399/5
f 1927/392/5 1920/399/5 1921/400/5
f 1927/392/5 1921/400/5 1922/401/5
f 1927/392/5 1922/401/5 1923/402/5
f 1927/392/5 1923/402/5 1924/403/5
f 1927/392/5 1924/403/5 1925/404/5
f 1927/392/5 1925/404/5 1926/405/5
f 1887/391/5 1927/392/5 1928/406/5
f 1887/391/5 1928/406/5 1955/407/5
f 1955/407/5 1928/406/5 1929/408/5
f 1955/407/5 1929/408/5 1930/409/5
f 1955/407/5 1930/409/5 1931/410/5
f 1955/407/5 1931/410/5 1932/411/5
f 1955/407/5 1932/411/5 1933/412/5
f 1955/407/5 1933/412/5 1934/413/5
f 1955/407/5 1934/413/5 1935/414/5
f 1955/407/5 1935/414/5 1936/415/5
f 1955/407/5 1936/415/5 1937/416/5
f 1955/407/5 1937/416/5 1938/417/5
f 1955/407/5 1938/417/5 1939/418/5
f 1955/407/5 1939/418/5 1940/419/5
f 1955/407/5 1940/419/5 1941/420/5
f 1955/407/5 1941/420/5 1942/421/5
f 1955/407/5 1942/421/5 1943/422/5
f 1955/407/5 1943/422/5 1944/423/5
f 1955/407/5 1944/423/5 1945/424/5
f 1955/407/5 1945/424/5 1946/425/5
f 1955/407/5 1946/425/5 1947/426/5
f 1955/407/5 1947/426/5 1948/427/5
f 1955/407/5 1948/427/5 1949/428/5
f 1955/407/5 1949/428/5 1950/429/5
f 1955/407/5 1950/429/5 1951/430/5
f 1955/407/5 1951/430/5 1952/431/5
f 1955/407/5 1952/431/5 1953/432/5
f 1955/407/5 1953/432/5 1954/433/5
f 1887/391/5 1955/407/5 1956/434/5
f 1887/391/5 1956/434/5 1957/435/5
f 1887/391/5 1957/435/5 1958/436/5
f 1887/391/5 1958/436/5 1959/437/5
f 1887/391/5 1959/437/5 1960/438/5
f 1887/391/5 1960/438/5 1961/439/5
f 1887/391/5 1961/439/5 1962/440/5
f 1887/391/5 1962/440/5 1963/441/5
f 1887/391/5 1963/441/5 1964/442/5
f 1887/391/5 1964/442/5 1965/443/5
f 1887/391/5 1965/443/5 1966/444/5
f 1887/391/5 1966/444/5 1967/445/5
f 1887/391/5 1967/445/5 1968/446/5
f 1887/391/5 1968/446/5 1969/213/5
f 1887/391/5 1969/213/5 1862/214/5
f 1886/447/5 1887/391/5 1862/214/5
f 1886/447/5 1862/214/5 1863/448/5
f 1885/449/5 1886/447/5 1863/448/5
f 1885/449/5 1863/448/5 1864/450/5
f 1884/451/5 1885/449/5 1864/450/5
f 1884/451/5 1864/450/5 1865/452/5
f 1883/453/5 1884/451/5 1865/452/5
f 1883/453/5 1865/452/5 1866/454/5
f 1882/455/5 1883/453/5 1866/454/5
f 1882/455/5 1866/454/5 1867/456/5
f 1881/457/5 1882/455/5 1867/456/5
f 1881/457/5 1867/456/5 1868/458/5
f 1880/459/5 1881/457/5 1868/458/5
f 1880/459/5 1868/458/5 1869/460/5
f 1879/461/5 1880/459/5 1869/460/5
f 1879/461/5 1869/460/5 1870/462/5
f 1878/463/5 1879/461/5 1870/462/5
f 1878/463/5 1870/462/5 1871/464/5
f 1877/465/5 1878/463/5 1871/464/5
f 1877/465/5 1871/464/5 1872/466/5
f 1876/467/5 1877/465/5 1872/466/5
f 1876/467/5 1872/466/5 1873/468/5
f 1875/469/5 1876/467/5 1873/468/5
f 1875/469/5 1873/468/5 1874/470/5
f 2130/471/5 2131/473/5 2132/472/5
f 2130/471/5 2132/472/5 2133/474/5
f 2130/471/5 2133/474/5 2134/475/5
f 2129/476/5 2130/471/5 2134/475/5
f 2129/476/5 2134/475/5 2135/477/5
f 2128/478/5 2129/476/5 2135/477/5
f 2128/478/5 2135/477/5 2136/479/5
f 2127/480/5 2128/478/5 2136/479/5
f 2127/480/5 2136/479/5 2137/481/5
f 2126/482/5 2127/480/5 2137/481/5
f 2126/482/5 2137/481/5 2138/483/5
f 2125/484/5 2126/482/5 2138/483/5
f 2125/484/5 2138/483/5 2139/485/5
f 2124/486/5 2125/484/5 2139/485/5
f 2124/486/5 2139/485/5 2140/487/5
f 2123/488/5 2124/486/5 2140/487/5
f 2123/488/5 2140/487/5 2141/489/5
f 2122/490/5 2123/488/5 2141/489/5
f 2122/490/5 2141/489/5 2142/491/5
f 2121/492/5 2122/490/5 2142/491/5
f 2121/492/5 2142/491/5 2143/213/5
f 2120/493/5 2121/492/5 2143/213/5
f 2119/494/5 2120/493/5 2143/213/5
f 2119/494/5 2143/213/5 1970/214/5
f 2118/495/5 2119/494/5 1970/214/5
f 2118/495/5 1970/214/5 1971/496/5
f 2055/497/5 2056/499/5 2057/498/5
f 2055/497/5 2057/498/5 2058/500/5
f 2055/497/5 2058/500/5 2059/501/5
f 2054/502/5 2055/497/5 2059/501/5
f 2054/502/5 2059/501/5 2060/503/5
f 2053/504/5 2054/502/5 2060/503/5
f 2053/504/5 2060/503/5 2061/505/5
f 2052/506/5 2053/504/5 2061/505/5
f 2052/506/5 2061/505/5 2062/507/5
f 2051/508/5 2052/506/5 2062/507/5
f 2051/508/5 2062/507/5 2063/509/5
f 2050/510/5 2051/508/5 2063/509/5
f 2050/510/5 2063/509/5 2064/511/5
f 2049/512/5 2050/510/5 2064/511/5
f 2049/512/5 2064/511/5 2065/513/5
f 2048/514/5 2049/512/5 2065/513/5
f 2048/514/5 2065/513/5 2066/515/5
f 2047/516/5 2048/514/5 2066/515/5
f 2047/516/5 2066/515/5 2067/517/5
f 2046/518/5 2047/516/5 2067/517/5
f 2046/518/5 2067/517/5 2068/519/5
f 2045/520/5 2046/518/5 2068/519/5
f 2045/520/5 2068/519/5 2069/521/5
f 2044/522/5 2045/520/5 2069/521/5
f 2043/523/5 2044/522/5 2069/521/5
f 2043/523/5 2069/521/5 2070/524/5
f 2043/523/5 2070/524/5 2071/525/5
f 2117/526/5 2118/495/5 1971/496/5
f 2116/527/5 2117/526/5 1971/496/5
f 2043/523/5 2071/525/5 2072/528/5
f 2115/529/5 2116/527/5 1971/496/5
f 2043/523/5 2072/528/5 2073/530/5
f 2114/531/5 2115/529/5 1971/496/5
f 2043/523/5 2073/530/5 2074/532/5
f 2113/533/5 2114/531/5 1971/496/5
f 2043/523/5 2074/532/5 2075/534/5
f 2112/535/5 2113/533/5 1971/496/5
f 2043/523/5 2075/534/5 2076/536/5
f 2111/537/5 2112/535/5 1971/496/5
f 2043/523/5 2076/536/5 2077/538/5
f 2110/539/5 2111/537/5 1971/496/5
f 2043/523/5 2077/538/5 2078/540/5
f 2109/541/5 2110/539/5 1971/496/5
f 2043/523/5 2078/540/5 2079/542/5
f 2108/543/5 2109/541/5 1971/496/5
f 2043/523/5 2079/542/5 2080/544/5
f 2107/545/5 2108/543/5 1971/496/5
f 2043/523/5 2080/544/5 2081/546/5
f 2106/547/5 2107/545/5 1971/496/5
f 2043/523/5 2081/546/5 2082/548/5
f 2043/523/5 2082/548/5 2083/549/5
f 2105/550/5 2106/547/5 1971/496/5
f 2043/523/5 2083/549/5 2084/551/5
f 2104/552/5 2105/550/5 1971/496/5
f 2043/523/5 2084/551/5 2085/553/5
f 2103/554/5 2104/552/5 1971/496/5
f 2043/523/5 2085/553/5 2086/555/5
f 2102/556/5 2103/554/5 1971/496/5
f 2042/557/5 2043/523/5 2086/555/5
f 2102/556/5 1971/496/5 1972/558/5
f 2042/557/5 2086/555/5 2087/559/5
f 2101/560/5 2102/556/5 1972/558/5
f 2042/557/5 2087/559/5 2088/561/5
f 2100/562/5 2101/560/5 1972/558/5
f 2042/557/5 2088/561/5 2089/563/5
f 2099/564/5 2100/562/5 1972/558/5
f 2042/557/5 2089/563/5 2090/565/5
f 2098/566/5 2099/564/5 1972/558/5
f 2042/557/5 2090/565/5 2091/567/5
f 2097/568/5 2098/566/5 1972/558/5
f 2042/557/5 2091/567/5 2092/569/5
f 2096/570/5 2097/568/5 1972/558/5
f 2042/557/5 2092/569/5 2093/571/5
f 2095/572/5 2096/570/5 1972/558/5
f 2042/557/5 2093/571/5 2094/573/5
f 2094/573/5 2095/572/5 1972/558/5
f 2042/557/5 2094/573/5 1972/558/5
f 2041/574/5 2042/557/5 1972/558/5
f 2041/574/5 1972/558/5 1973/575/5
f 2040/576/5 2041/574/5 1973/575/5
f 2040/576/5 1973/575/5 1974/577/5
f 2039/578/5 2040/576/5 1974/577/5
f 2039/578/5 1974/577/5 1975/579/5
f 2038/580/5 2039/578/5 1975/579/5
f 2038/580/5 1975/579/5 1976/581/5
f 2037/582/5 2038/580/5 1976/581/5
f 2037/582/5 1976/581/5 1977/583/5
f 2036/584/5 2037/582/5 1977/583/5
f 2036/584/5 1977/583/5 1978/585/5
f 2035/586/5 2036/584/5 1978/585/5
f 2035/586/5 1978/585/5 1979/587/5
f 2034/588/5 2035/586/5 1979/587/5
f 2034/588/5 1979/587/5 1980/589/5
f 2033/590/5 2034/588/5 1980/589/5
f 2033/590/5 1980/589/5 1981/591/5
f 2032/592/5 2033/590/5 1981/591/5
f 2032/592/5 1981/591/5 1982/593/5
f 2031/594/5 2032/592/5 1982/593/5
f 2031/594/5 1982/593/5 1983/595/5
f 2030/596/5 2031/594/5 1983/595/5
f 2030/596/5 1983/595/5 1984/597/5
f 2029/598/5 2030/596/5 1984/597/5
f 2029/598/5 1984/597/5 1985/599/5
f 2028/600/5 2029/598/5 1985/599/5
f 2028/600/5 1985/599/5 1986/601/5
f 2027/602/5 2028/600/5 1986/601/5
f 2027/602/5 1986/601/5 1987/603/5
f 2026/604/5 2027/602/5 1987/603/5
f 2026/604/5 1987/603/5 1988/605/5
f 2025/606/5 2026/604/5 1988/605/5
f 2025/606/5 1988/605/5 1989/607/5
f 2024/608/5 2025/606/5 1989/607/5
f 2024/608/5 1989/607/5 1990/609/5
f 2024/608/5 1990/609/5 1991/610/5
f 2023/611/5 2024/608/5 1991/610/5
f 2023/611/5 1991/610/5 1992/612/5
f 2022/613/5 2023/611/5 1992/612/5
f 2022/613/5 1992/612/5 1993/614/5
f 2021/615/5 2022/613/5 1993/614/5
f 2021/615/5 1993/614/5 1994/616/5
f 2020/617/5 2021/615/5 1994/616/5
f 2020/617/5 1994/616/5 1995/618/5
f 2019/619/5 2020/617/5 1995/618/5
f 2018/620/5 2019/619/5 1995/618/5
f 2018/620/5 1995/618/5 1996/621/5
f 2018/620/5 1996/621/5 1997/622/5
f 2017/623/5 2018/620/5 1997/622/5
f 2017/623/5 1997/622/5 1998/624/5
f 2016/625/5 2017/623/5 1998/624/5
f 2016/625/5 1998/624/5 1999/626/5
f 2015/627/5 2016/625/5 1999/626/5
f 2015/627/5 1999/626/5 2000/628/5
f 2014/629/5 2015/627/5 2000/628/5
f 2014/629/5 2000/628/5 2001/630/5
f 2013/631/5 2014/629/5 2001/630/5
f 2013/631/5 2001/630/5 2002/632/5
f 2012/633/5 2013/631/5 2002/632/5
f 2012/633/5 2002/632/5 2003/634/5
f 2011/635/5 2012/633/5 2003/634/5
f 2011/635/5 2003/634/5 2004/636/5
f 2010/637/5 2011/635/5 2004/636/5
f 2010/637/5 2004/636/5 2005/638/5
f 2009/639/5 2010/637/5 2005/638/5
f 2009/639/5 2005/638/5 2006/640/5
f 2008/641/5 2009/639/5 2006/640/5
f 2008/641/5 2006/640/5 2007/642/5
f 2289/643/5 2290/645/5 2291/644/5
f 2288/646/5 2289/643/5 2291/644/5
f 2288/646/5 2291/644/5 2292/647/5
f 2287/648/5 2288/646/5 2292/647/5
f 2287/648/5 2292/647/5 2293/649/5
f 2286/650/5 2287/648/5 2293/649/5
f 2286/650/5 2293/649/5 2294/651/5
f 2285/652/5 2286/650/5 2294/651/5
f 2285/652/5 2294/651/5 2295/653/5
f 2284/654/5 2285/652/5 2295/653/5
f 2284/654/5 2295/653/5 2296/655/5
f 2283/656/5 2284/654/5 2296/655/5
f 2283/656/5 2296/655/5 2297/657/5
f 2282/658/5 2283/656/5 2297/657/5
f 2282/658/5 2297/657/5 2298/659/5
f 2281/660/5 2282/658/5 2298/659/5
f 2281/660/5 2298/659/5 2299/661/5
f 2280/662/5 2281/660/5 2299/661/5
f 2280/662/5 2299/661/5 2300/663/5
f 2279/664/5 2280/662/5 2300/663/5
f 2279/664/5 2300/663/5 2301/665/5
f 2278/666/5 2279/664/5 2301/665/5
f 2278/666/5 2301/665/5 2302/667/5
f 2277/668/5 2278/666/5 2302/667/5
f 2277/668/5 2302/667/5 2303/669/5
f 2276/670/5 2277/668/5 2303/669/5
f 2276/670/5 2303/669/5 2304/671/5
f 2275/672/5 2276/670/5 2304/671/5
f 2275/672/5 2304/671/5 2305/673/5
f 2274/674/5 2275/672/5 2305/673/5
f 2274/674/5 2305/673/5 2306/675/5
f 2273/676/5 2274/674/5 2306/675/5
f 2273/676/5 2306/675/5 2307/677/5
f 2272/678/5 2273/676/5 2307/677/5
f 2272/678/5 2307/677/5 2308/679/5
f 2271/680/5 2272/678/5 2308/679/5
f 2271/680/5 2308/679/5 2309/681/5
f 2270/682/5 2271/680/5 2309/681/5
f 2270/682/5 2309/681/5 2310/683/5
f 2269/684/5 2270/682/5 2310/683/5
f 2269/684/5 2310/683/5 2311/685/5
f 2268/686/5 2269/684/5 2311/685/5
f 2268/686/5 2311/685/5 2312/687/5
f 2267/688/5 2268/686/5 2312/687/5
f 2267/688/5 2312/687/5 2313/689/5
f 2266/690/5 2267/688/5 2313/689/5
f 2266/690/5 2313/689/5 2314/691/5
f 2265/692/5 2266/690/5 2314/691/5
f 2265/692/5 2314/691/5 2315/693/5
f 2265/692/5 2315/693/5 2316/694/5
f 2264/695/5 2265/692/5 2316/694/5
f 2264/695/5 2316/694/5 2317/696/5
f 2263/697/5 2264/695/5 2317/696/5
f 2263/697/5 2317/696/5 2318/698/5
f 2262/699/5 2263/697/5 2318/698/5
f 2262/699/5 2318/698/5 2319/700/5
f 2261/701/5 2262/699/5 2319/700/5
f 2261/701/5 2319/700/5 2320/702/5
f 2260/703/5 2261/701/5 2320/702/5
f 2260/703/5 2320/702/5 2321/704/5
f 2259/705/5 2260/703/5 2321/704/5
f 2259/705/5 2321/704/5 2322/706/5
f 2258/707/5 2259/705/5 2322/706/5
f 2258/707/5 2322/706/5 2323/708/5
f 2257/709/5 2258/707/5 2323/708/5
f 2257/709/5 2323/708/5 2324/710/5
f 2256/711/5 2257/709/5 2324/710/5
f 2255/712/5 2256/711/5 2324/710/5
f 2255/712/5 2324/710/5 2325/713/5
f 2254/714/5 2255/712/5 2325/713/5
f 2254/714/5 2325/713/5 2326/715/5
f 2253/716/5 2254/714/5 2326/715/5
f 2253/716/5 2326/715/5 2327/717/5
f 2252/718/5 2253/716/5 2327/717/5
f 2252/718/5 2327/717/5 2328/719/5
f 2251/720/5 2252/718/5 2328/719/5
f 2251/720/5 2328/719/5 2329/721/5
f 2250/722/5 2251/720/5 2329/721/5
f 2250/722/5 2329/721/5 2330/723/5
f 2249/724/5 2250/722/5 2330/723/5
f 2249/724/5 2330/723/5 2331/725/5
f 2248/726/5 2249/724/5 2331/725/5
f 2248/726/5 2331/725/5 2332/727/5
f 2247/728/5 2248/726/5 2332/727/5
f 2247/728/5 2332/727/5 2333/729/5
f 2246/730/5 2247/728/5 2333/729/5
f 2246/730/5 2333/729/5 2334/731/5
f 2245/732/5 2246/730/5 2334/731/5
f 2245/732/5 2334/731/5 2335/733/5
f 2244/734/5 2245/732/5 2335/733/5
f 2244/734/5 2335/733/5 2336/735/5
f 2243/736/5 2244/734/5 2336/735/5
f 2243/736/5 2336/735/5 2412/737/5
f 2412/737/5 2336/735/5 2337/738/5
f 2243/736/5 2412/737/5 2413/739/5
f 2411/740/5 2412/737/5 2337/738/5
f 2410/741/5 2411/740/5 2337/738/5
f 2243/736/5 2413/739/5 2414/742/5
f 2409/743/5 2410/741/5 2337/738/5
f 2243/736/5 2414/742/5 2415/744/5
f 2408/745/5 2409/743/5 2337/738/5
f 2243/736/5 2415/744/5 2416/746/5
f 2407/747/5 2408/745/5 2337/738/5
f 2243/736/5 2416/746/5 2417/748/5
f 2406/749/5 2407/747/5 2337/738/5
f 2243/736/5 2417/748/5 2418/750/5
f 2242/751/5 2243/736/5 2418/750/5
f 2406/749/5 2337/738/5 2144/214/5
f 2405/752/5 2406/749/5 2144/214/5
f 2242/751/5 2418/750/5 2419/753/5
f 2404/754/5 2405/752/5 2144/214/5
f 2242/751/5 2419/753/5 2420/755/5
f 2403/756/5 2404/754/5 2144/214/5
f 2242/751/5 2420/755/5 2421/757/5
f 2402/758/5 2403/756/5 2144/214/5
f 2242/751/5 2421/757/5 2422/759/5
f 2401/760/5 2402/758/5 2144/214/5
f 2242/751/5 2422/759/5 2423/761/5
f 2241/148/5 2242/751/5 2427/762/5
f 2427/762/5 2242/751/5 2426/763/5
f 2426/763/5 2242/751/5 2425/764/5
f 2425/764/5 2242/751/5 2424/765/5
f 2424/765/5 2242/751/5 2423/761/5
f 2401/760/5 2144/214/5 2400/766/5
f 2400/766/5 2144/214/5 2399/767/5
f 2399/767/5 2144/214/5 2398/768/5
f 2398/768/5 2144/214/5 2397/769/5
f 2397/769/5 2144/214/5 2145/770/5
f 2241/148/8 2427/762/8 2428/771/8
f 2396/772/5 2397/769/5 2145/770/5
f 2241/148/6 2428/771/6 2429/773/6
f 2395/774/5 2396/772/5 2145/770/5
f 2241/148/5 2429/773/5 2430/775/5
f 2394/776/5 2395/774/5 2145/770/5
f 2241/148/5 2430/775/5 2431/777/5
f 2393/778/5 2394/776/5 2145/770/5
f 2241/148/5 2431/777/5 2432/779/5
f 2392/780/5 2393/778/5 2145/770/5
f 2241/148/5 2432/779/5 2433/781/5
f 2391/782/5 2392/780/5 2145/770/5
f 2241/148/5 2433/781/5 2434/783/5
f 2390/784/5 2391/782/5 2145/770/5
f 2241/148/5 2434/783/5 2435/213/5
f 2389/785/5 2390/784/5 2145/770/5
f 2241/148/5 2435/213/5 2338/51/5
f 2388/786/5 2389/785/5 2145/770/5
f 2241/148/5 2338/51/5 2339/787/5
f 2387/788/5 2388/786/5 2145/770/5
f 2241/148/5 2339/787/5 2340/789/5
f 2386/790/5 2387/788/5 2145/770/5
f 2241/148/5 2340/789/5 2341/791/5
f 2385/792/5 2386/790/5 2145/770/5
f 2241/148/5 2341/791/5 2342/793/5
f 2384/794/5 2385/792/5 2145/770/5
f 2241/148/5 2342/793/5 2343/795/5
f 2383/796/5 2384/794/5 2145/770/5
f 2241/148/5 2343/795/5 2344/797/5
f 2382/798/5 2383/796/5 2145/770/5
f 2241/148/5 2344/797/5 2345/799/5
f 2381/800/5 2382/798/5 2145/770/5
f 2241/148/5 2345/799/5 2346/801/5
f 2380/802/5 2381/800/5 2145/770/5
f 2241/148/5 2346/801/5 2347/803/5
f 2379/804/5 2380/802/5 2145/770/5
f 2241/148/5 2347/803/5 2348/805/5
f 2378/806/5 2379/804/5 2145/770/5
f 2241/148/5 2348/805/5 2349/807/5
f 2377/808/5 2378/806/5 2145/770/5
f 2241/148/5 2349/807/5 2350/809/5
f 2376/810/5 2377/808/5 2145/770/5
f 2241/148/5 2350/809/5 2351/811/5
f 2375/812/5 2376/810/5 2145/770/5
f 2241/148/5 2351/811/5 2352/813/5
f 2374/814/5 2375/812/5 2145/770/5
f 2373/815/5 2374/814/5 2145/770/5
f 2241/148/5 2352/813/5 2353/816/5
f 2240/817/5 2241/148/5 2353/816/5
f 2373/815/5 2145/770/5 2146/818/5
f 2372/819/5 2373/815/5 2146/818/5
f 2240/817/5 2353/816/5 2354/820/5
f 2371/821/5 2372/819/5 2146/818/5
f 2240/817/5 2354/820/5 2355/822/5
f 2370/823/5 2371/821/5 2146/818/5
f 2240/817/5 2355/822/5 2356/824/5
f 2369/825/5 2370/823/5 2146/818/5
f 2240/817/5 2356/824/5 2357/826/5
f 2239/827/5 2240/817/5 2357/826/5
f 2369/825/5 2146/818/5 2147/828/5
f 2368/829/5 2369/825/5 2147/828/5
f 2239/827/5 2357/826/5 2358/830/5
f 2367/831/5 2368/829/5 2147/828/5
f 2239/827/5 2358/830/5 2359/832/5
f 2366/833/5 2367/831/5 2147/828/5
f 2239/827/5 2359/832/5 2360/834/5
f 2365/835/5 2366/833/5 2147/828/5
f 2239/827/5 2360/834/5 2361/836/5
f 2364/837/5 2365/835/5 2147/828/5
f 2239/827/5 2361/836/5 2362/838/5
f 2363/839/5 2364/837/5 2147/828/5
f 2239/827/5 2362/838/5 2363/839/5
f 2239/827/5 2363/839/5 2147/828/5
f 2238/840/5 2239/827/5 2147/828/5
f 2238/840/5 2147/828/5 2148/841/5
f 2237/842/5 2238/840/5 2148/841/5
f 2237/842/5 2148/841/5 2149/843/5
f 2236/844/5 2237/842/5 2149/843/5
f 2236/844/5 2149/843/5 2150/845/5
f 2235/846/5 2236/844/5 2150/845/5
f 2235/846/5 2150/845/5 2151/847/5
f 2234/848/5 2235/846/5 2151/847/5
f 2234/848/5 2151/847/5 2152/849/5
f 2233/850/5 2234/848/5 2152/849/5
f 2233/850/5 2152/849/5 2153/851/5
f 2232/852/5 2233/850/5 2153/851/5
f 2232/852/5 2153/851/5 2154/853/5
f 2231/854/5 2232/852/5 2154/853/5
f 2231/854/5 2154/853/5 2155/855/5
f 2230/856/5 2231/854/5 2155/855/5
f 2230/856/5 2155/855/5 2156/857/5
f 2229/858/5 2230/856/5 2156/857/5
f 2229/858/5 2156/857/5 2157/859/5
f 2228/860/5 2229/858/5 2157/859/5
f 2228/860/5 2157/859/5 2158/861/5
f 2227/862/5 2228/860/5 2158/861/5
f 2227/862/5 2158/861/5 2159/863/5
f 2226/864/5 2227/862/5 2159/863/5
f 2226/864/5 2159/863/5 2160/865/5
f 2225/866/5 2226/864/5 2160/865/5
f 2225/866/5 2160/865/5 2161/867/5
f 2224/868/5 2225/866/5 2161/867/5
f 2224/868/5 2161/867/5 2162/869/5
f 2223/870/5 2224/868/5 2162/869/5
f 2223/870/5 2162/869/5 2163/871/5
f 2222/872/5 2223/870/5 2163/871/5
f 2222/872/5 2163/871/5 2164/873/5
f 2221/874/5 2222/872/5 2164/873/5
f 2221/874/5 2164/873/5 2165/875/5
f 2220/876/5 2221/874/5 2165/875/5
f 2220/876/5 2165/875/5 2166/877/5
f 2219/878/5 2220/876/5 2166/877/5
f 2219/878/5 2166/877/5 2167/879/5
f 2218/880/5 2219/878/5 2167/879/5
f 2218/880/5 2167/879/5 2168/881/5
f 2217/882/5 2218/880/5 2168/881/5
f 2217/882/5 2168/881/5 2169/883/5
f 2216/884/5 2217/882/5 2169/883/5
f 2216/884/5 2169/883/5 2170/885/5
f 2216/884/5 2170/885/5 2171/886/5
f 2215/887/5 2216/884/5 2171/886/5
f 2215/887/5 2171/886/5 2172/888/5
f 2214/889/5 2215/887/5 2172/888/5
f 2214/889/5 2172/888/5 2173/890/5
f 2213/891/5 2214/889/5 2173/890/5
f 2213/891/5 2173/890/5 2174/892/5
f 2212/893/5 2213/891/5 2174/892/5
f 2212/893/5 2174/892/5 2175/894/5
f 2211/895/5 2212/893/5 2175/894/5
f 2211/895/5 2175/894/5 2176/896/5
f 2210/897/5 2211/895/5 2176/896/5
f 2210/897/5 2176/896/5 2177/898/5
f 2209/899/5 2210/897/5 2177/898/5
f 2209/899/5 2177/898/5 2178/900/5
f 2208/901/5 2209/899/5 2178/900/5
f 2208/901/5 2178/900/5 2179/902/5
f 2207/903/5 2208/901/5 2179/902/5
f 2207/903/5 2179/902/5 2180/904/5
f 2206/905/5 2207/903/5 2180/904/5
f 2206/905/5 2180/904/5 2181/906/5
f 2205/907/5 2206/905/5 2181/906/5
f 2204/908/5 2205/907/5 2181/906/5
f 2204/908/5 2181/906/5 2182/909/5
f 2203/910/5 2204/908/5 2182/909/5
f 2203/910/5 2182/909/5 2183/911/5
f 2202/912/5 2203/910/5 2183/911/5
f 2202/912/5 2183/911/5 2184/913/5
f 2201/914/5 2202/912/5 2184/913/5
f 2201/914/5 2184/913/5 2185/915/5
f 2200/916/5 2201/914/5 2185/915/5
f 2200/916/5 2185/915/5 2186/917/5
f 2199/918/5 2200/916/5 2186/917/5
f 2199/918/5 2186/917/5 2187/919/5
f 2198/920/5 2199/918/5 2187/919/5
f 2198/920/5 2187/919/5 2188/921/5
f 2198/920/5 2188/921/5 2189/922/5
f 2197/923/5 2198/920/5 2189/922/5
f 2197/923/5 2189/922/5 2190/924/5
f 2196/925/5 2197/923/5 2190/924/5
f 2196/925/5 2190/924/5 2191/926/5
f 2195/927/5 2196/925/5 2191/926/5
f 2195/927/5 2191/926/5 2192/928/5
f 2194/929/5 2195/927/5 2192/928/5
f 2193/930/5 2194/929/5 2192/928/5
f 2473/931/5 2474/933/5 2475/932/5
f 2473/931/5 2475/932/5 2476/934/5
f 2473/931/5 2476/934/5 2477/935/5
f 2472/936/5 2473/931/5 2477/935/5
f 2472/936/5 2477/935/5 2478/937/5
f 2471/938/5 2472/936/5 2478/937/5
f 2471/938/5 2478/937/5 2479/939/5
f 2470/940/5 2471/938/5 2479/939/5
f 2470/940/5 2479/939/5 2480/941/5
f 2470/940/5 2480/941/5 2481/942/5
f 2469/943/5 2470/940/5 2481/942/5
f 2469/943/5 2481/942/5 2482/944/5
f 2468/945/5 2469/943/5 2482/944/5
f 2468/945/5 2482/944/5 2483/946/5
f 2467/947/5 2468/945/5 2483/946/5
f 2467/947/5 2483/946/5 2484/948/5
f 2467/947/5 2484/948/5 2485/949/5
f 2466/950/5 2467/947/5 2485/949/5
f 2466/950/5 2485/949/5 2486/951/5
f 2465/952/5 2466/950/5 2486/951/5
f 2465/952/5 2486/951/5 2487/953/5
f 2464/954/5 2465/952/5 2487/953/5
f 2464/954/5 2487/953/5 2488/955/5
f 2464/954/5 2488/955/5 2489/956/5
f 2463/957/5 2464/954/5 2489/956/5
f 2463/957/5 2489/956/5 2490/958/5
f 2462/959/5 2463/957/5 2490/958/5
f 2462/959/5 2490/958/5 2491/960/5
f 2461/961/5 2462/959/5 2614/962/5
f 2614/962/5 2462/959/5 2491/960/5
f 2614/962/5 2491/960/5 2492/963/5
f 2614/962/5 2492/963/5 2493/964/5
f 2614/962/5 2493/964/5 2494/965/5
f 2614/962/5 2494/965/5 2495/966/5
f 2614/962/5 2495/966/5 2496/967/5
f 2614/962/5 2496/967/5 2497/968/5
f 2614/962/5 2497/968/5 2498/969/5
f 2614/962/5 2498/969/5 2499/970/5
f 2614/962/5 2499/970/5 2500/971/5
f 2614/962/5 2500/971/5 2501/972/5
f 2614/962/5 2501/972/5 2502/973/5
f 2614/962/5 2502/973/5 2503/974/5
f 2614/962/5 2503/974/5 2504/975/5
f 2614/962/5 2504/975/5 2505/976/5
f 2614/962/5 2505/976/5 2506/977/5
f 2614/962/5 2506/977/5 2507/978/5
f 2614/962/5 2507/978/5 2508/979/5
f 2614/962/5 2508/979/5 2509/980/5
f 2614/962/5 2509/980/5 2510/981/5
f 2614/962/5 2510/981/5 2511/982/5
f 2614/962/5 2511/982/5 2613/983/5
f 2613/983/5 2511/982/5 2664/213/5
f 2664/213/5 2511/982/5 2663/984/5
f 2663/984/5 2511/982/5 2662/985/5
f 2662/985/5 2511/982/5 2512/148/5
f 2461/961/5 2614/962/5 2615/986/5
f 2661/987/5 2662/985/5 2512/148/5
f 2660/988/5 2661/987/5 2512/148/5
f 2659/989/5 2660/988/5 2512/148/5
f 2658/990/5 2659/989/5 2512/148/5
f 2657/991/5 2658/990/5 2512/148/5
f 2656/992/5 2657/991/5 2512/148/5
f 2655/993/5 2656/992/5 2512/148/5
f 2654/994/5 2655/993/5 2512/148/5
f 2653/995/5 2654/994/5 2512/148/5
f 2652/996/5 2653/995/5 2512/148/5
f 2651/997/5 2652/996/5 2512/148/5
f 2650/998/5 2651/997/5 2512/148/5
f 2649/999/5 2650/998/5 2512/148/5
f 2648/1000/5 2649/999/5 2512/148/5
f 2647/1001/5 2648/1000/5 2512/148/5
f 2646/1002/5 2647/1001/5 2512/148/5
f 2645/1003/5 2646/1002/5 2512/148/5
f 2645/1003/5 2512/148/5 2513/1004/5
f 2644/1005/5 2645/1003/5 2513/1004/5
f 2643/1006/5 2644/1005/5 2513/1004/5
f 2643/1006/5 2513/1004/5 2514/1007/5
f 2642/1008/5 2643/1006/5 2514/1007/5
f 2641/1009/5 2642/1008/5 2514/1007/5
f 2641/1009/5 2514/1007/5 2515/1010/5
f 2640/1011/5 2641/1009/5 2515/1010/5
f 2640/1011/5 2515/1010/5 2516/1012/5
f 2640/1011/5 2516/1012/5 2517/1013/5
f 2640/1011/5 2517/1013/5 2518/1014/5
f 2640/1011/5 2518/1014/5 2519/1015/5
f 2640/1011/5 2519/1015/5 2520/1016/5
f 2639/1017/5 2640/1011/5 2520/1016/5
f 2639/1017/5 2520/1016/5 2521/1018/5
f 2638/1019/5 2639/1017/5 2521/1018/5
f 2637/1020/5 2638/1019/5 2521/1018/5
f 2637/1020/5 2521/1018/5 2522/1021/5
f 2636/1022/5 2637/1020/5 2522/1021/5
f 2635/1023/5 2636/1022/5 2522/1021/5
f 2635/1023/5 2522/1021/5 2523/1024/5
f 2634/1025/5 2635/1023/5 2523/1024/5
f 2634/1025/5 2523/1024/5 2524/1026/5
f 2633/1027/5 2634/1025/5 2524/1026/5
f 2632/1028/5 2633/1027/5 2524/1026/5
f 2632/1028/5 2524/1026/5 2525/1029/5
f 2631/1030/5 2632/1028/5 2525/1029/5
f 2630/1031/5 2631/1030/5 2525/1029/5
f 2630/1031/5 2525/1029/5 2526/1032/5
f 2629/1033/5 2630/1031/5 2526/1032/5
f 2628/1034/5 2629/1033/5 2526/1032/5
f 2628/1034/5 2526/1032/5 2527/1035/5
f 2627/1036/5 2628/1034/5 2527/1035/5
f 2626/1037/5 2627/1036/5 2527/1035/5
f 2626/1037/5 2527/1035/5 2528/1038/5
f 2625/1039/5 2626/1037/5 2528/1038/5
f 2624/1040/5 2625/1039/5 2528/1038/5
f 2624/1040/5 2528/1038/5 2529/1041/5
f 2623/1042/5 2624/1040/5 2529/1041/5
f 2622/1043/5 2623/1042/5 2529/1041/5
f 2621/1044/5 2622/1043/5 2529/1041/5
f 2621/1044/5 2529/1041/5 2530/1045/5
f 2620/1046/5 2621/1044/5 2530/1045/5
f 2619/1047/5 2620/1046/5 2530/1045/5
f 2618/1048/5 2619/1047/5 2530/1045/5
f 2617/1049/5 2618/1048/5 2530/1045/5
f 2616/1050/5 2617/1049/5 2530/1045/5
f 2461/961/5 2615/986/5 2616/1050/5
f 2461/961/5 2616/1050/5 2612/1051/5
f 2612/1051/5 2616/1050/5 2530/1045/5
f 2612/1051/5 2530/1045/5 2531/1052/5
f 2612/1051/5 2531/1052/5 2532/1053/5
f 2612/1051/6 2532/1053/6 2536/1054/6
f 2536/1054/5 2532/1053/5 2533/1055/5
f 2536/1054/5 2533/1055/5 2534/1056/5
f 2536/1054/5 2534/1056/5 2535/1057/5
f 2612/1051/5 2536/1054/5 2537/1058/5
f 2612/1051/5 2537/1058/5 2538/1059/5
f 2612/1051/5 2538/1059/5 2539/1060/5
f 2612/1051/5 2539/1060/5 2540/1061/5
f 2612/1051/5 2540/1061/5 2541/1062/5
f 2612/1051/5 2541/1062/5 2542/1063/5
f 2612/1051/5 2542/1063/5 2543/1064/5
f 2612/1051/5 2543/1064/5 2544/1065/5
f 2612/1051/5 2544/1065/5 2545/1066/5
f 2612/1051/5 2545/1066/5 2546/1067/5
f 2612/1051/5 2546/1067/5 2547/1068/5
f 2612/1051/5 2547/1068/5 2548/1069/5
f 2612/1051/5 2548/1069/5 2549/1070/5
f 2612/1051/5 2549/1070/5 2550/1071/5
f 2612/1051/5 2550/1071/5 2551/1072/5
f 2612/1051/5 2551/1072/5 2552/1073/5
f 2612/1051/5 2552/1073/5 2553/1074/5
f 2612/1051/5 2553/1074/5 2554/1075/5
f 2612/1051/5 2554/1075/5 2555/1076/5
f 2612/1051/5 2555/1076/5 2556/1077/5
f 2612/1051/5 2556/1077/5 2557/1078/5
f 2612/1051/5 2557/1078/5 2558/1079/5
f 2612/1051/5 2558/1079/5 2559/1080/5
f 2612/1051/5 2559/1080/5 2560/1081/5
f 2612/1051/5 2560/1081/5 2611/1082/5
f 2611/1082/5 2560/1081/5 2610/1083/5
f 2610/1083/5 2560/1081/5 2609/1084/5
f 2609/1084/5 2560/1081/5 2608/1085/5
f 2608/1085/5 2560/1081/5 2607/1086/5
f 2607/1086/5 2560/1081/5 2606/1087/5
f 2606/1087/5 2560/1081/5 2605/1088/5
f 2605/1088/5 2560/1081/5 2604/1089/5
f 2604/1089/5 2560/1081/5 2603/1090/5
f 2603/1090/5 2560/1081/5 2602/1091/5
f 2602/1091/5 2560/1081/5 2601/1092/5
f 2601/1092/5 2560/1081/5 2561/1093/5
f 2461/961/5 2612/1051/5 2436/214/5
f 2600/1094/5 2601/1092/5 2561/1093/5
f 2599/1095/7 2600/1094/7 2561/1093/7
f 2598/1096/5 2599/1095/5 2561/1093/5
f 2597/1097/7 2598/1096/7 2561/1093/7
f 2596/1098/5 2597/1097/5 2561/1093/5
f 2595/1099/5 2596/1098/5 2561/1093/5
f 2594/1100/5 2595/1099/5 2561/1093/5
f 2593/1101/5 2594/1100/5 2561/1093/5
f 2592/1102/5 2593/1101/5 2561/1093/5
f 2591/1103/5 2592/1102/5 2561/1093/5
f 2590/1104/5 2591/1103/5 2561/1093/5
f 2589/1105/5 2590/1104/5 2561/1093/5
f 2588/51/5 2589/1105/5 2561/1093/5
f 2587/1106/5 2588/51/5 2561/1093/5
f 2586/1107/5 2587/1106/5 2561/1093/5
f 2460/1108/5 2461/961/5 2436/214/5
f 2460/1108/5 2436/214/5 2437/1109/5
f 2585/1110/5 2586/1107/5 2561/1093/5
f 2585/1110/5 2561/1093/5 2562/1111/5
f 2459/1112/5 2460/1108/5 2437/1109/5
f 2584/1113/5 2585/1110/5 2562/1111/5
f 2459/1112/5 2437/1109/5 2438/1114/5
f 2584/1113/5 2562/1111/5 2563/1115/5
f 2458/1116/5 2459/1112/5 2438/1114/5
f 2583/1117/5 2584/1113/5 2563/1115/5
f 2458/1116/5 2438/1114/5 2439/1118/5
f 2583/1117/5 2563/1115/5 2564/1119/5
f 2457/1120/5 2458/1116/5 2439/1118/5
f 2582/1121/5 2583/1117/5 2564/1119/5
f 2457/1120/5 2439/1118/5 2440/1122/5
f 2582/1121/5 2564/1119/5 2565/1123/5
f 2456/1124/5 2457/1120/5 2440/1122/5
f 2581/1125/5 2582/1121/5 2565/1123/5
f 2456/1124/5 2440/1122/5 2441/1126/5
f 2581/1125/5 2565/1123/5 2566/1127/5
f 2455/1128/5 2456/1124/5 2441/1126/5
f 2580/1129/5 2581/1125/5 2566/1127/5
f 2455/1128/5 2441/1126/5 2442/1130/5
f 2580/1129/5 2566/1127/5 2567/1131/5
f 2454/1132/5 2455/1128/5 2442/1130/5
f 2579/1133/5 2580/1129/5 2567/1131/5
f 2454/1132/5 2442/1130/5 2443/1134/5
f 2579/1133/5 2567/1131/5 2568/1135/5
f 2453/1136/5 2454/1132/5 2443/1134/5
f 2578/1137/5 2579/1133/5 2568/1135/5
f 2453/1136/5 2443/1134/5 2444/1138/5
f 2578/1137/5 2568/1135/5 2569/1139/5
f 2452/1140/5 2453/1136/5 2444/1138/5
f 2577/1141/5 2578/1137/5 2569/1139/5
f 2452/1140/5 2444/1138/5 2445/1142/5
f 2577/1141/5 2569/1139/5 2570/1143/5
f 2451/1144/5 2452/1140/5 2445/1142/5
f 2576/1145/5 2577/1141/5 2570/1143/5
f 2451/1144/5 2445/1142/5 2446/1146/5
f 2576/1145/5 2570/1143/5 2571/1147/5
f 2450/1148/5 2451/1144/5 2446/1146/5
f 2575/1149/5 2576/1145/5 2571/1147/5
f 2450/1148/5 2446/1146/5 2447/1150/5
f 2575/1149/5 2571/1147/5 2572/1151/5
f 2449/1152/5 2450/1148/5 2447/1150/5
f 2574/1153/5 2575/1149/5 2572/1151/5
f 2449/1152/5 2447/1150/5 2448/1154/5
f 2574/1153/5 2572/1151/5 2573/1155/5
f 2702/1156/5 2703/1158/5 2704/1157/5
f 2702/1156/5 2704/1157/5 2705/1159/5
f 2702/1156/5 2705/1159/5 2706/1160/5
f 2701/1161/5 2702/1156/5 2706/1160/5
f 2701/1161/5 2706/1160/5 2707/1162/5
f 2700/1163/5 2701/1161/5 2707/1162/5
f 2700/1163/5 2707/1162/5 2708/1164/5
f 2699/1165/5 2700/1163/5 2708/1164/5
f 2699/1165/5 2708/1164/5 2709/1166/5
f 2698/1167/5 2699/1165/5 2709/1166/5
f 2698/1167/5 2709/1166/5 2710/1168/5
f 2698/1167/5 2710/1168/5 2711/1169/5
f 2697/1170/5 2698/1167/5 2711/1169/5
f 2697/1170/5 2711/1169/5 2712/1171/5
f 2696/1172/5 2697/1170/5 2712/1171/5
f 2696/1172/5 2712/1171/5 2713/1173/5
f 2695/1174/5 2696/1172/5 2713/1173/5
f 2695/1174/5 2713/1173/5 2714/1175/5
f 2694/1176/5 2695/1174/5 2714/1175/5
f 2694/1176/5 2714/1175/5 2715/1177/5
f 2693/1178/5 2694/1176/5 2715/1177/5
f 2693/1178/5 2715/1177/5 2716/1179/5
f 2693/1178/5 2716/1179/5 2717/1180/5
f 2692/1181/5 2693/1178/5 2717/1180/5
f 2692/1181/5 2717/1180/5 2718/1182/5
f 2691/1183/5 2692/1181/5 2718/1182/5
f 2691/1183/5 2718/1182/5 2719/1184/5
f 2690/1185/5 2691/1183/5 2780/1186/5
f 2780/1186/5 2691/1183/5 2719/1184/5
f 2780/1186/5 2719/1184/5 2720/148/5
f 2780/1186/5 2720/148/5 2721/1187/5
f 2780/1186/5 2721/1187/5 2722/1188/5
f 2780/1186/5 2722/1188/5 2723/1189/5
f 2780/1186/5 2723/1189/5 2724/1190/5
f 2780/1186/5 2724/1190/5 2725/1191/5
f 2780/1186/5 2725/1191/5 2726/1192/5
f 2780/1186/5 2726/1192/5 2727/1193/5
f 2780/1186/5 2727/1193/5 2728/1194/5
f 2780/1186/5 2728/1194/5 2729/1195/5
f 2780/1186/5 2729/1195/5 2730/1196/5
f 2780/1186/5 2730/1196/5 2731/1197/5
f 2780/1186/5 2731/1197/5 2732/1198/5
f 2780/1186/5 2732/1198/5 2733/1199/5
f 2780/1186/5 2733/1199/5 2734/1200/5
f 2780/1186/5 2734/1200/5 2735/1201/5
f 2780/1186/5 2735/1201/5 2736/1202/5
f 2780/1186/5 2736/1202/5 2737/1203/5
f 2780/1186/5 2737/1203/5 2738/1204/5
f 2780/1186/5 2738/1204/5 2739/1205/5
f 2780/1186/5 2739/1205/5 2779/1206/5
f 2779/1206/5 2739/1205/5 2830/213/5
f 2830/213/5 2739/1205/5 2740/1207/5
f 2690/1185/5 2780/1186/5 2781/1208/5
f 2829/1209/5 2830/213/5 2740/1207/5
f 2828/1210/5 2829/1209/5 2740/1207/5
f 2827/1211/5 2828/1210/5 2740/1207/5
f 2826/1212/5 2827/1211/5 2740/1207/5
f 2825/1213/5 2826/1212/5 2740/1207/5
f 2824/1214/5 2825/1213/5 2740/1207/5
f 2823/1215/5 2824/1214/5 2740/1207/5
f 2822/1216/5 2823/1215/5 2740/1207/5
f 2822/1216/5 2740/1207/5 2741/1217/5
f 2821/1218/5 2822/1216/5 2741/1217/5
f 2820/1219/5 2821/1218/5 2741/1217/5
f 2819/1220/5 2820/1219/5 2741/1217/5
f 2818/1221/5 2819/1220/5 2741/1217/5
f 2817/1222/5 2818/1221/5 2741/1217/5
f 2816/1223/5 2817/1222/5 2741/1217/5
f 2815/1224/5 2816/1223/5 2741/1217/5
f 2814/1225/5 2815/1224/5 2741/1217/5
f 2813/1226/5 2814/1225/5 2741/1217/5
f 2812/1227/5 2813/1226/5 2741/1217/5
f 2811/1228/5 2812/1227/5 2741/1217/5
f 2810/1229/5 2811/1228/5 2741/1217/5
f 2809/1230/5 2810/1229/5 2741/1217/5
f 2808/1231/5 2809/1230/5 2741/1217/5
f 2807/1232/5 2808/1231/5 2741/1217/5
f 2806/1233/5 2807/1232/5 2741/1217/5
f 2805/1234/5 2806/1233/5 2741/1217/5
f 2804/1235/5 2805/1234/5 2741/1217/5
f 2803/1236/5 2804/1235/5 2741/1217/5
f 2802/1237/5 2803/1236/5 2741/1217/5
f 2801/1238/5 2802/1237/5 2741/1217/5
f 2800/1239/5 2801/1238/5 2741/1217/5
f 2799/1240/5 2800/1239/5 2741/1217/5
f 2798/1241/5 2799/1240/5 2741/1217/5
f 2797/1242/5 2798/1241/5 2741/1217/5
f 2796/1243/5 2797/1242/5 2741/1217/5
f 2795/1244/5 2796/1243/5 2741/1217/5
f 2794/1245/5 2795/1244/5 2741/1217/5
f 2793/1246/5 2794/1245/5 2741/1217/5
f 2793/1246/5 2741/1217/5 2742/1247/5
f 2792/1248/5 2793/1246/5 2742/1247/5
f 2791/1249/5 2792/1248/5 2742/1247/5
f 2790/1250/5 2791/1249/5 2742/1247/5
f 2789/1251/5 2790/1250/5 2742/1247/5
f 2789/1251/5 2742/1247/5 2743/1252/5
f 2788/1253/5 2789/1251/5 2743/1252/5
f 2787/1254/5 2788/1253/5 2743/1252/5
f 2786/1255/5 2787/1254/5 2743/1252/5
f 2785/1256/5 2786/1255/5 2743/1252/5
f 2784/1257/5 2785/1256/5 2743/1252/5
f 2783/1258/5 2784/1257/5 2743/1252/5
f 2782/1259/5 2783/1258/5 2743/1252/5
f 2690/1185/5 2781/1208/5 2782/1259/5
f 2690/1185/5 2782/1259/5 2778/1260/5
f 2778/1260/5 2782/1259/5 2743/1252/5
f 2778/1260/5 2743/1252/5 2744/1261/5
f 2778/1260/5 2744/1261/5 2745/1262/5
f 2778/1260/5 2745/1262/5 2746/1263/5
f 2778/1260/5 2746/1263/5 2747/1264/5
f 2778/1260/5 2747/1264/5 2748/1265/5
f 2778/1260/5 2748/1265/5 2749/1266/5
f 2778/1260/5 2749/1266/5 2750/1267/5
f 2778/1260/5 2750/1267/5 2751/1268/5
f 2778/1260/5 2751/1268/5 2752/1269/5
f 2778/1260/5 2752/1269/5 2753/1270/5
f 2778/1260/5 2753/1270/5 2754/1271/5
f 2778/1260/5 2754/1271/5 2755/1272/5
f 2778/1260/5 2755/1272/5 2756/1273/5
f 2778/1260/5 2756/1273/5 2757/1274/5
f 2778/1260/5 2757/1274/5 2758/1275/5
f 2778/1260/5 2758/1275/5 2759/1276/5
f 2778/1260/5 2759/1276/5 2760/1277/5
f 2778/1260/5 2760/1277/5 2761/1278/5
f 2778/1260/5 2761/1278/5 2762/1279/5
f 2778/1260/5 2762/1279/5 2763/1280/5
f 2778/1260/5 2763/1280/5 2764/1281/5
f 2778/1260/5 2764/1281/5 2765/1282/5
f 2778/1260/5 2765/1282/5 2766/1283/5
f 2778/1260/5 2766/1283/5 2767/1284/5
f 2778/1260/5 2767/1284/5 2768/1285/5
f 2778/1260/5 2768/1285/5 2769/1286/5
f 2778/1260/5 2769/1286/5 2770/1287/5
f 2778/1260/5 2770/1287/5 2771/1288/5
f 2778/1260/5 2771/1288/5 2772/1289/5
f 2778/1260/5 2772/1289/5 2773/1290/5
f 2778/1260/5 2773/1290/5 2774/1291/5
f 2778/1260/5 2774/1291/5 2775/51/5
f 2778/1260/5 2775/51/5 2776/1292/5
f 2778/1260/5 2776/1292/5 2777/1293/5
f 2690/1185/5 2778/1260/5 2665/214/5
f 2689/1294/5 2690/1185/5 2665/214/5
f 2689/1294/5 2665/214/5 2666/1295/5
f 2688/1296/5 2689/1294/5 2666/1295/5
f 2688/1296/5 2666/1295/5 2667/1297/5
f 2687/1298/5 2688/1296/5 2667/1297/5
f 2687/1298/5 2667/1297/5 2668/1299/5
f 2686/1300/5 2687/1298/5 2668/1299/5
f 2686/1300/5 2668/1299/5 2669/1301/5
f 2685/1302/5 2686/1300/5 2669/1301/5
f 2685/1302/5 2669/1301/5 2670/1303/5
f 2684/1304/5 2685/1302/5 2670/1303/5
f 2684/1304/5 2670/1303/5 2671/1305/5
f 2683/1306/5 2684/1304/5 2671/1305/5
f 2683/1306/5 2671/1305/5 2672/1307/5
f 2682/1308/5 2683/1306/5 2672/1307/5
f 2682/1308/5 2672/1307/5 2673/1309/5
f 2681/1310/5 2682/1308/5 2673/1309/5
f 2681/1310/5 2673/1309/5 2674/1311/5
f 2680/1312/5 2681/1310/5 2674/1311/5
f 2680/1312/5 2674/1311/5 2675/1313/5
f 2679/1314/5 2680/1312/5 2675/1313/5
f 2679/1314/5 2675/1313/5 2676/1315/5
f 2678/1316/5 2679/1314/5 2676/1315/5
f 2678/1316/5 2676/1315/5 2677/1317/5
s 1
f 2832/1318/9 2834/1319/10 2833/1114/10 2831/214/9
f 2834/1319/10 2836/1320/11 2835/1122/11 2833/1114/10
f 2836/1320/11 2838/1321/12 2837/1130/12 2835/1122/11
f 2838/1321/12 2840/1322/13 2839/1138/13 2837/1130/12
f 2840/1322/13 2842/1323/14 2841/1146/14 2839/1138/13
f 2842/1323/14 2844/1324/15 2843/1154/15 2841/1146/14
f 2844/1324/15 2846/1325/16 2845/1148/16 2843/1154/15
f 2846/1325/16 2848/1326/17 2847/1140/17 2845/1148/16
f 2848/1326/17 2850/1327/18 2849/1132/18 2847/1140/17
f 2850/1327/18 2852/1328/19 2851/1124/19 2849/1132/18
f 2852/1328/19 2854/1329/20 2853/1116/20 2851/1124/19
f 2854/1329/20 2856/1330/21 2855/1108/21 2853/1116/20
f 2856/1330/21 2858/1331/22 2857/959/22 2855/1108/21
f 2858/1331/22 2860/1332/23 2859/954/23 2857/959/22
f 2860/1332/23 2862/1333/24 2861/950/24 2859/954/23
f 2862/1333/24 2864/1334/25 2863/945/25 2861/950/24
f 2864/1334/25 2866/1335/26 2865/940/26 2863/945/25
f 2866/1335/26 2868/1336/27 2867/936/27 2865/940/26
f 2868/1336/27 2870/1337/28 2869/933/28 2867/936/27
f 2870/1337/28 2872/1338/29 2871/934/29 2869/933/28
f 2872/1338/29 2874/1339/30 2873/937/30 2871/934/29
f 2874/1339/30 2876/1340/31 2875/941/31 2873/937/30
f 2876/1340/31 2878/1341/32 2877/944/32 2875/941/31
f 2878/1341/32 2880/1342/33 2879/948/33 2877/944/32
f 2880/1342/33 2882/1343/34 2881/951/34 2879/948/33
f 2882/1343/34 2884/1344/35 2883/955/35 2881/951/34
f 2884/1344/35 2886/1345/36 2885/958/36 2883/955/35
f 2886/1345/36 2888/1346/37 2887/963/37 2885/958/36
f 2888/1346/37 2890/1347/38 2889/965/38 2887/963/37
f 2890/1347/38 2892/1348/39 2891/967/39 2889/965/38
f 2892/1348/39 2894/1349/40 2893/969/40 2891/967/39
f 2894/1349/40 2896/1350/41 2895/971/41 2893/969/40
f 2896/1350/41 2898/1351/42 2897/973/42 2895/971/41
f 2898/1351/42 2900/1352/43 2899/975/43 2897/973/42
f 2900/1352/43 2902/1353/44 2901/977/44 2899/975/43
f 2902/1353/44 2904/1354/45 2903/979/45 2901/977/44
f 2904/1354/45 2906/1355/46 2905/981/46 2903/979/45
f 2906/1355/46 2908/1356/47 2907/148/47 2905/981/46
f 2908/1356/47 2910/1357/48 2909/1007/48 2907/148/47
f 2910/1357/48 2912/1358/49 2911/1012/49 2909/1007/48
f 2912/1358/49 2914/1359/50 2913/1014/50 2911/1012/49
f 2914/1359/50 2916/1360/51 2915/1016/51 2913/1014/50
f 2916/1360/51 2918/1361/52 2917/1021/52 2915/1016/51
f 2918/1361/52 2920/1362/53 2919/1026/53 2917/1021/52
f 2920/1362/53 2922/1363/54 2921/1032/54 2919/1026/53
f 2922/1363/54 2924/1364/55 2923/1038/55 2921/1032/54
f 2924/1364/55 2926/1365/56 2925/1045/56 2923/1038/55
f 2926/1365/56 2928/1366/57 2927/1053/57 2925/1045/56
f 2928/1366/57 2930/1367/58 2929/1056/58 2927/1053/57
f 2930/1367/58 2932/1368/59 2931/1054/59 2929/1056/58
f 2932/1368/59 2934/1369/60 2933/1059/60 2931/1054/59
f 2934/1369/60 2936/1370/61 2935/1061/61 2933/1059/60
f 2936/1370/61 2938/1371/62 2937/1063/62 2935/1061/61
f 2938/1371/62 2940/1372/63 2939/1065/63 2937/1063/62
f 2940/1372/63 2942/1373/64 2941/1067/64 2939/1065/63
f 2942/1373/64 2944/1374/65 2943/1069/65 2941/1067/64
f 2944/1374/65 2946/1375/66 2945/1071/66 2943/1069/65
f 2946/1375/66 2948/1376/67 2947/1073/67 2945/1071/66
f 2948/1376/67 2950/1377/68 2949/1075/68 2947/1073/67
f 2950/1377/68 2952/1378/69 2951/1077/69 2949/1075/68
f 2952/1378/69 2954/1379/70 2953/1079/70 2951/1077/69
f 2954/1379/70 2956/1380/71 2955/1081/71 2953/1079/70
f 2956/1380/71 2958/1381/72 2957/1111/72 2955/1081/71
f 2958/1381/72 2960/1382/73 2959/1119/73 2957/1111/72
f 2960/1382/73 2962/1383/74 2961/1127/74 2959/1119/73
f 2962/1383/74 2964/1384/75 2963/1135/75 2961/1127/74
f 2964/1384/75 2966/1385/76 2965/1143/76 2963/1135/75
f 2966/1385/76 2968/1386/77 2967/1151/77 2965/1143/76
f 2968/1386/77 2970/1387/78 2969/1153/78 2967/1151/77
f 2970/1387/78 2972/1388/79 2971/1145/79 2969/1153/78
f 2972/1388/79 2974/1389/80 2973/1137/80 2971/1145/79
f 2974/1389/80 2976/1390/81 2975/1129/81 2973/1137/80
f 2976/1390/81 2978/1391/82 2977/1121/82 2975/1129/81
f 2978/1391/82 2980/1392/83 2979/1113/83 2977/1121/82
f 2980/1392/83 2982/1393/84 2981/1107/84 2979/1113/83
f 2982/1393/84 2984/1394/85 2983/51/85 2981/1107/84
f 2984/1394/85 2986/1395/86 2985/1104/86 2983/51/85
f 2986/1395/86 2988/1396/87 2987/1102/87 2985/1104/86
f 2988/1396/87 2990/1397/88 2989/1100/88 2987/1102/87
f 2990/1397/88 2992/1398/89 2991/1098/89 2989/1100/88
f 2992/1398/89 2994/1399/90 2993/1096/90 2991/1098/89
f 2994/1399/90 2996/1400/91 2995/1094/91 2993/1096/90
f 2996/1400/91 2998/1401/92 2997/1091/92 2995/1094/91
f 2998/1401/92 3000/1402/93 2999/1089/93 2997/1091/92
f 3000/1402/93 3002/1403/94 3001/1087/94 2999/1089/93
f 3002/1403/94 3004/1404/95 3003/1085/95 3001/1087/94
f 3004/1404/95 3006/1405/96 3005/1083/96 3003/1085/95
f 3006/1405/96 3008/1406/97 3007/1051/97 3005/1083/96
f 3008/1406/97 3010/1407/98 3009/962/98 3007/1051/97
f 3010/1407/98 3012/1408/99 3011/1050/99 3009/962/98
f 3012/1408/99 3014/1409/100 3013/1048/100 3011/1050/99
f 3014/1409/100 3016/1410/101 3015/1046/101 3013/1048/100
f 3016/1410/101 3018/1411/102 3017/1043/102 3015/1046/101
f 3018/1411/102 3020/1412/103 3019/1040/103 3017/1043/102
f 3020/1412/103 3022/1413/104 3021/1037/104 3019/1040/103
f 3022/1413/104 3024/1414/105 3023/1034/105 3021/1037/104
f 3024/1414/105 3026/1415/106 3025/1031/106 3023/1034/105
f 3026/1415/106 3028/1416/107 3027/1028/107 3025/1031/106
f 3028/1416/107 3030/1417/108 3029/1025/108 3027/1028/107
f 3030/1417/108 3032/1418/109 3031/1022/109 3029/1025/108
f 3032/1418/109 3034/1419/110 3033/1019/110 3031/1022/109
f 3034/1419/110 3036/1420/111 3035/1011/111 3033/1019/110
f 3036/1420/111 3038/1421/112 3037/1008/112 3035/1011/111
f 3038/1421/112 3040/1422/113 3039/1005/113 3037/1008/112
f 3040/1422/113 3042/1423/114 3041/1002/114 3039/1005/113
f 3042/1423/114 3044/1424/115 3043/1000/115 3041/1002/114
f 3044/1424/115 3046/1425/116 3045/998/116 3043/1000/115
f 3046/1425/116 3048/1426/117 3047/996/117 3045/998/116
f 3048/1426/117 3050/1427/118 3049/994/118 3047/996/117
f 3050/1427/118 3052/1428/119 3051/992/119 3049/994/118
f 3052/1428/119 3054/1429/120 3053/990/120 3051/992/119
f 3054/1429/120 3056/1430/121 3055/988/121 3053/990/120
f 3056/1430/121 3058/1431/15 3057/985/15 3055/988/121
f 3058/1431/15 2832/1432/9 2831/213/9 3057/985/15
f 3060/1318/122 3062/1433/15 3061/1434/15 3059/214/122
f 3062/1433/15 3064/1435/123 3063/1436/123 3061/1434/15
f 3064/1435/123 3066/1437/124 3065/1438/124 3063/1436/123
f 3066/1437/124 3068/1439/125 3067/1440/125 3065/1438/124
f 3068/1439/125 3070/1441/126 3069/1442/126 3067/1440/125
f 3070/1441/126 3072/1443/127 3071/1444/127 3069/1442/126
f 3072/1443/127 3074/1445/128 3073/1446/128 3071/1444/127
f 3074/1445/128 3076/1447/129 3075/1448/129 3073/1446/128
f 3076/1447/129 3078/1449/130 3077/1450/130 3075/1448/129
f 3078/1449/130 3080/1451/131 3079/1452/131 3077/1450/130
f 3080/1451/131 3082/1453/132 3081/1454/132 3079/1452/131
f 3082/1453/132 3084/1455/133 3083/1456/133 3081/1454/132
f 3084/1455/133 3086/1457/134 3085/964/134 3083/1456/133
f 3086/1457/134 3088/1458/135 3087/1459/135 3085/964/134
f 3088/1458/135 3090/1460/136 3089/1461/136 3087/1459/135
f 3090/1460/136 3092/1462/137 3091/1463/137 3089/1461/136
f 3092/1462/137 3094/1464/138 3093/1465/138 3091/1463/137
f 3094/1464/138 3096/1466/139 3095/1467/139 3093/1465/138
f 3096/1466/139 3098/1468/140 3097/1469/140 3095/1467/139
f 3098/1468/140 3100/1470/141 3099/1471/141 3097/1469/140
f 3100/1470/141 3102/1472/142 3101/1473/142 3099/1471/141
f 3102/1472/142 3104/1474/143 3103/1475/143 3101/1473/142
f 3104/1474/143 3106/1476/144 3105/1477/144 3103/1475/143
f 3106/1476/144 3108/1478/145 3107/1479/145 3105/1477/144
f 3108/1478/145 3110/1480/146 3109/1481/146 3107/1479/145
f 3110/1480/146 3112/1375/147 3111/1071/147 3109/1481/146
f 3112/1375/147 3114/1482/148 3113/1483/148 3111/1071/147
f 3114/1482/148 3116/1484/149 3115/1485/149 3113/1483/148
f 3116/1484/149 3118/1486/150 3117/1487/150 3115/1485/149
f 3118/1486/150 3120/1488/151 3119/1489/151 3117/1487/150
f 3120/1488/151 3122/1490/152 3121/1491/152 3119/1489/151
f 3122/1490/152 3124/1492/153 3123/1493/153 3121/1491/152
f 3124/1492/153 3126/1494/154 3125/1495/154 3123/1493/153
f 3126/1494/154 3128/1496/155 3127/1497/155 3125/1495/154
f 3128/1496/155 3130/1498/156 3129/1499/156 3127/1497/155
f 3130/1498/156 3132/1500/157 3131/1501/157 3129/1499/156
f 3132/1500/157 3134/1502/158 3133/1503/158 3131/1501/157
f 3134/1502/158 3136/1504/159 3135/1505/159 3133/1503/158
f 3136/1504/159 3138/1506/160 3137/1086/160 3135/1505/159
f 3138/1506/160 3140/1507/161 3139/1508/161 3137/1086/160
f 3140/1507/161 3142/1509/162 3141/1510/162 3139/1508/161
f 3142/1509/162 3144/1511/163 3143/1512/163 3141/1510/162
f 3144/1511/163 3146/1513/164 3145/1514/164 3143/1512/163
f 3146/1513/164 3148/1515/165 3147/1516/165 3145/1514/164
f 3148/1515/165 3150/1517/166 3149/1518/166 3147/1516/165
f 3150/1517/166 3152/1519/167 3151/1520/167 3149/1518/166
f 3152/1519/167 3154/1521/168 3153/1522/168 3151/1520/167
f 3154/1521/168 3156/1523/169 3155/1524/169 3153/1522/168
f 3156/1523/169 3158/1525/170 3157/1526/170 3155/1524/169
f 3158/1525/170 3160/1527/171 3159/1528/171 3157/1526/170
f 3160/1527/171 3162/1529/172 3161/1530/172 3159/1528/171
f 3162/1529/172 3060/1432/122 3059/213/122 3161/1530/172
f 3164/1318/9 3166/1531/10 3165/1532/10 3163/214/9
f 3166/1531/10 3168/1533/11 3167/1534/11 3165/1532/10
f 3168/1533/11 3170/1535/12 3169/1536/12 3167/1534/11
f 3170/1535/12 3172/1537/13 3171/1538/13 3169/1536/12
f 3172/1537/13 3174/1539/14 3173/1540/14 3171/1538/13
f 3174/1539/14 3176/1541/15 3175/1542/15 3173/1540/14
f 3176/1541/15 3178/1543/16 3177/1544/16 3175/1542/15
f 3178/1543/16 3180/1545/17 3179/1546/17 3177/1544/16
f 3180/1545/17 3182/1547/18 3181/1548/18 3179/1546/17
f 3182/1547/18 3184/1549/19 3183/1550/19 3181/1548/18
f 3184/1549/19 3186/1551/20 3185/1552/20 3183/1550/19
f 3186/1551/20 3188/1553/21 3187/1554/21 3185/1552/20
f 3188/1553/21 3190/1555/22 3189/1556/22 3187/1554/21
f 3190/1555/22 3192/1557/23 3191/1558/23 3189/1556/22
f 3192/1557/23 3194/1559/24 3193/1560/24 3191/1558/23
f 3194/1559/24 3196/1561/25 3195/1562/25 3193/1560/24
f 3196/1561/25 3198/1563/26 3197/1564/26 3195/1562/25
f 3198/1563/26 3200/1565/27 3199/1566/27 3197/1564/26
f 3200/1565/27 3202/1567/28 3201/1568/28 3199/1566/27
f 3202/1567/28 3204/1569/29 3203/1570/29 3201/1568/28
f 3204/1569/29 3206/1571/30 3205/1572/30 3203/1570/29
f 3206/1571/30 3208/1573/31 3207/1574/31 3205/1572/30
f 3208/1573/31 3210/1575/32 3209/1576/32 3207/1574/31
f 3210/1575/32 3212/1577/33 3211/1578/33 3209/1576/32
f 3212/1577/33 3214/1579/34 3213/1580/34 3211/1578/33
f 3214/1579/34 3216/1581/35 3215/1582/35 3213/1580/34
f 3216/1581/35 3218/1583/36 3217/1584/36 3215/1582/35
f 3218/1583/36 3220/1585/37 3219/1586/37 3217/1584/36
f 3220/1585/37 3222/1587/38 3221/1588/38 3219/1586/37
f 3222/1587/38 3224/1589/39 3223/1590/39 3221/1588/38
f 3224/1589/39 3226/1591/40 3225/1592/40 3223/1590/39
f 3226/1591/40 3228/1593/41 3227/1594/41 3225/1592/40
f 3228/1593/41 3230/1595/42 3229/1596/42 3227/1594/41
f 3230/1595/42 3232/1597/43 3231/1598/43 3229/1596/42
f 3232/1597/43 3234/1599/44 3233/1600/44 3231/1598/43
f 3234/1599/44 3236/1601/45 3235/1602/45 3233/1600/44
f 3236/1601/45 3238/1603/46 3237/1604/46 3235/1602/45
f 3238/1603/46 3240/1605/47 3239/1606/47 3237/1604/46
f 3240/1605/47 3242/1607/173 3241/1608/173 3239/1606/47
f 3242/1607/173 3244/1609/174 3243/1610/174 3241/1608/173
f 3244/1609/174 3246/1611/175 3245/1612/175 3243/1610/174
f 3246/1611/175 3248/1613/176 3247/1614/176 3245/1612/175
f 3248/1613/176 3250/1615/177 3249/1616/177 3247/1614/176
f 3250/1615/177 3252/1617/178 3251/1618/178 3249/1616/177
f 3252/1617/178 3254/1619/179 3253/1620/179 3251/1618/178
f 3254/1619/179 3256/1621/180 3255/1622/180 3253/1620/179
f 3256/1621/180 3258/1623/181 3257/1624/181 3255/1622/180
f 3258/1623/181 3260/1625/182 3259/1626/182 3257/1624/181
f 3260/1625/182 3262/1627/183 3261/1628/183 3259/1626/182
f 3262/1627/183 3264/1629/184 3263/1630/184 3261/1628/183
f 3264/1629/184 3266/1631/185 3265/1632/185 3263/1630/184
f 3266/1631/185 3268/1633/186 3267/1634/186 3265/1632/185
f 3268/1633/186 3270/1635/187 3269/1636/187 3267/1634/186
f 3270/1635/187 3272/1637/188 3271/1638/188 3269/1636/187
f 3272/1637/188 3274/1639/189 3273/1640/189 3271/1638/188
f 3274/1639/189 3276/1641/190 3275/1642/190 3273/1640/189
f 3276/1641/190 3278/1643/191 3277/1644/191 3275/1642/190
f 3278/1643/191 3280/1645/192 3279/1646/192 3277/1644/191
f 3280/1645/192 3282/1356/193 3281/148/193 3279/1646/192
f 3282/1356/193 3284/1647/194 3283/1648/194 3281/148/193
f 3284/1647/194 3286/1649/195 3285/1650/195 3283/1648/194
f 3286/1649/195 3288/1651/196 3287/1652/196 3285/1650/195
f 3288/1651/196 3290/1653/197 3289/1654/197 3287/1652/196
f 3290/1653/197 3292/1655/198 3291/1656/198 3289/1654/197
f 3292/1655/198 3294/1657/199 3293/1658/199 3291/1656/198
f 3294/1657/199 3296/1659/200 3295/1660/200 3293/1658/199
f 3296/1659/200 3298/1661/201 3297/1662/201 3295/1660/200
f 3298/1661/201 3300/1663/202 3299/1664/202 3297/1662/201
f 3300/1663/202 3302/1665/203 3301/1666/203 3299/1664/202
f 3302/1665/203 3304/1667/204 3303/1668/204 3301/1666/203
f 3304/1667/204 3306/1669/205 3305/1670/205 3303/1668/204
f 3306/1669/205 3308/1671/206 3307/1672/206 3305/1670/205
f 3308/1671/206 3310/1673/207 3309/1674/207 3307/1672/206
f 3310/1673/207 3312/1675/208 3311/1676/208 3309/1674/207
f 3312/1675/208 3314/1677/84 3313/1678/84 3311/1676/208
f 3314/1677/84 3316/1679/209 3315/1680/209 3313/1678/84
f 3316/1679/209 3318/1681/210 3317/1682/210 3315/1680/209
f 3318/1681/210 3320/1683/211 3319/1684/211 3317/1682/210
f 3320/1683/211 3322/1685/212 3321/1686/212 3319/1684/211
f 3322/1685/212 3324/1687/213 3323/1688/213 3321/1686/212
f 3324/1687/213 3326/1689/214 3325/1690/214 3323/1688/213
f 3326/1689/214 3328/1691/215 3327/1692/215 3325/1690/214
f 3328/1691/215 3330/1693/216 3329/1694/216 3327/1692/215
f 3330/1693/216 3332/1695/217 3331/1696/217 3329/1694/216
f 3332/1695/217 3334/1697/218 3333/1698/218 3331/1696/217
f 3334/1697/218 3336/1699/219 3335/1700/219 3333/1698/218
f 3336/1699/219 3338/1701/220 3337/1702/220 3335/1700/219
f 3338/1701/220 3340/1703/221 3339/1704/221 3337/1702/220
f 3340/1703/221 3342/1705/222 3341/1706/222 3339/1704/221
f 3342/1705/222 3344/1707/223 3343/1708/223 3341/1706/222
f 3344/1707/223 3346/1709/224 3345/1710/224 3343/1708/223
f 3346/1709/224 3348/1711/225 3347/1712/225 3345/1710/224
f 3348/1711/225 3350/1713/226 3349/1714/226 3347/1712/225
f 3350/1713/226 3352/1715/227 3351/1716/227 3349/1714/226
f 3352/1715/227 3354/1717/228 3353/1718/228 3351/1716/227
f 3354/1717/228 3356/1719/105 3355/1720/105 3353/1718/228
f 3356/1719/105 3358/1721/229 3357/1722/229 3355/1720/105
f 3358/1721/229 3360/1723/230 3359/1724/230 3357/1722/229
f 3360/1723/230 3362/1725/231 3361/1726/231 3359/1724/230
f 3362/1725/231 3364/1727/232 3363/1728/232 3361/1726/231
f 3364/1727/232 3366/1729/233 3365/1730/233 3363/1728/232
f 3366/1729/233 3368/1731/234 3367/1732/234 3365/1730/233
f 3368/1731/234 3370/1733/235 3369/1734/235 3367/1732/234
f 3370/1733/235 3372/1735/236 3371/1736/236 3369/1734/235
f 3372/1735/236 3374/1737/237 3373/1738/237 3371/1736/236
f 3374/1737/237 3376/1739/238 3375/1740/238 3373/1738/237
f 3376/1739/238 3378/1741/239 3377/1742/239 3375/1740/238
f 3378/1741/239 3380/1743/240 3379/1744/240 3377/1742/239
f 3380/1743/240 3382/1745/241 3381/1746/241 3379/1744/240
f 3382/1745/241 3384/1747/242 3383/1748/242 3381/1746/241
f 3384/1747/242 3386/1749/243 3385/1750/243 3383/1748/242
f 3386/1749/243 3388/1751/244 3387/1752/244 3385/1750/243
f 3388/1751/244 3390/1753/245 3389/1754/245 3387/1752/244
f 3390/1753/245 3392/1755/246 3391/1756/246 3389/1754/245
f 3392/1755/246 3394/1757/247 3393/1758/247 3391/1756/246
f 3394/1757/247 3396/1759/248 3395/1760/248 3393/1758/247
f 3396/1759/248 3398/1761/249 3397/1762/249 3395/1760/248
f 3398/1761/249 3400/1394/250 3399/51/250 3397/1762/249
f 3400/1394/250 3402/1763/251 3401/1764/251 3399/51/250
f 3402/1763/251 3404/1765/252 3403/1766/252 3401/1764/251
f 3404/1765/252 3406/1767/253 3405/1768/253 3403/1766/252
f 3406/1767/253 3408/1769/254 3407/1770/254 3405/1768/253
f 3408/1769/254 3410/1771/255 3409/1772/255 3407/1770/254
f 3410/1771/255 3412/1773/256 3411/1774/256 3409/1772/255
f 3412/1773/256 3414/1775/9 3413/1776/9 3411/1774/256
f 3414/1775/9 3416/1777/257 3415/1778/257 3413/1776/9
f 3416/1777/257 3418/1779/11 3417/1780/11 3415/1778/257
f 3418/1779/11 3420/1781/12 3419/1782/12 3417/1780/11
f 3420/1781/12 3422/1783/13 3421/1784/13 3419/1782/12
f 3422/1783/13 3424/1785/14 3423/1786/14 3421/1784/13
f 3424/1785/14 3426/1787/15 3425/1788/15 3423/1786/14
f 3426/1787/15 3428/1789/16 3427/1790/16 3425/1788/15
f 3428/1789/16 3430/1791/17 3429/1792/17 3427/1790/16
f 3430/1791/17 3432/1793/18 3431/1794/18 3429/1792/17
f 3432/1793/18 3434/1795/19 3433/1796/19 3431/1794/18
f 3434/1795/19 3436/1797/20 3435/1798/20 3433/1796/19
f 3436/1797/20 3438/1799/21 3437/1800/21 3435/1798/20
f 3438/1799/21 3440/1801/22 3439/1802/22 3437/1800/21
f 3440/1801/22 3442/1803/23 3441/1804/23 3439/1802/22
f 3442/1803/23 3444/1805/24 3443/1806/24 3441/1804/23
f 3444/1805/24 3446/1807/25 3445/1808/25 3443/1806/24
f 3446/1807/25 3448/1809/26 3447/1810/26 3445/1808/25
f 3448/1809/26 3450/1811/27 3449/1812/27 3447/1810/26
f 3450/1811/27 3452/1813/28 3451/1814/28 3449/1812/27
f 3452/1813/28 3454/1815/29 3453/1816/29 3451/1814/28
f 3454/1815/29 3456/1817/30 3455/1818/30 3453/1816/29
f 3456/1817/30 3458/1819/31 3457/1820/31 3455/1818/30
f 3458/1819/31 3460/1821/32 3459/1822/32 3457/1820/31
f 3460/1821/32 3462/1823/33 3461/1824/33 3459/1822/32
f 3462/1823/33 3464/1825/34 3463/1826/34 3461/1824/33
f 3464/1825/34 3466/1827/258 3465/1828/258 3463/1826/34
f 3466/1827/258 3468/1829/259 3467/1830/259 3465/1828/258
f 3468/1829/259 3470/1831/260 3469/1832/260 3467/1830/259
f 3470/1831/260 3472/1833/261 3471/1834/261 3469/1832/260
f 3472/1833/261 3474/1835/262 3473/1836/262 3471/1834/261
f 3474/1835/262 3476/1837/263 3475/1838/263 3473/1836/262
f 3476/1837/263 3478/1839/264 3477/1840/264 3475/1838/263
f 3478/1839/264 3480/1841/265 3479/1842/265 3477/1840/264
f 3480/1841/265 3482/1843/266 3481/1844/266 3479/1842/265
f 3482/1843/266 3484/1845/267 3483/1846/267 3481/1844/266
f 3484/1845/267 3486/1847/268 3485/1848/268 3483/1846/267
f 3486/1847/268 3488/1849/269 3487/1850/269 3485/1848/268
f 3488/1849/269 3490/1851/270 3489/1852/270 3487/1850/269
f 3490/1851/270 3492/1853/271 3491/1854/271 3489/1852/270
f 3492/1853/271 3494/1855/272 3493/1856/272 3491/1854/271
f 3494/1855/272 3496/1857/273 3495/1858/273 3493/1856/272
f 3496/1857/273 3498/1859/274 3497/1860/274 3495/1858/273
f 3498/1859/274 3500/1861/275 3499/1862/275 3497/1860/274
f 3500/1861/275 3502/1863/276 3501/1864/276 3499/1862/275
f 3502/1863/276 3504/1865/277 3503/1866/277 3501/1864/276
f 3504/1865/277 3506/1867/278 3505/1868/278 3503/1866/277
f 3506/1867/278 3508/1869/279 3507/1870/279 3505/1868/278
f 3508/1869/279 3510/1871/280 3509/1872/280 3507/1870/279
f 3510/1871/280 3512/1873/281 3511/1874/281 3509/1872/280
f 3512/1873/281 3514/1875/282 3513/1876/282 3511/1874/281
f 3514/1875/282 3516/1877/15 3515/1878/15 3513/1876/282
f 3516/1877/15 3164/1432/9 3163/213/9 3515/1878/15
f 3518/1318/283 3520/1433/15 3519/1434/15 3517/214/283
f 3520/1433/15 3522/1435/123 3521/1436/123 3519/1434/15
f 3522/1435/123 3524/1437/124 3523/1438/124 3521/1436/123
f 3524/1437/124 3526/1439/125 3525/1440/125 3523/1438/124
f 3526/1439/125 3528/1441/284 3527/1442/284 3525/1440/125
f 3528/1441/284 3530/1443/285 3529/1444/285 3527/1442/284
f 3530/1443/285 3532/1445/286 3531/1446/286 3529/1444/285
f 3532/1445/286 3534/1447/287 3533/1448/287 3531/1446/286
f 3534/1447/287 3536/1449/288 3535/1450/288 3533/1448/287
f 3536/1449/288 3538/1451/289 3537/1452/289 3535/1450/288
f 3538/1451/289 3540/1453/290 3539/1454/290 3537/1452/289
f 3540/1453/290 3542/1455/291 3541/1456/291 3539/1454/290
f 3542/1455/291 3544/1457/292 3543/964/292 3541/1456/291
f 3544/1457/292 3546/1458/293 3545/1459/293 3543/964/292
f 3546/1458/293 3548/1460/294 3547/1461/294 3545/1459/293
f 3548/1460/294 3550/1462/295 3549/1463/295 3547/1461/294
f 3550/1462/295 3552/1464/296 3551/1465/296 3549/1463/295
f 3552/1464/296 3554/1466/297 3553/1467/297 3551/1465/296
f 3554/1466/297 3556/1468/298 3555/1469/298 3553/1467/297
f 3556/1468/298 3558/1470/299 3557/1471/299 3555/1469/298
f 3558/1470/299 3560/1472/300 3559/1473/300 3557/1471/299
f 3560/1472/300 3562/1474/301 3561/1475/301 3559/1473/300
f 3562/1474/301 3564/1476/302 3563/1477/302 3561/1475/301
f 3564/1476/302 3566/1478/303 3565/1479/303 3563/1477/302
f 3566/1478/303 3568/1480/304 3567/1481/304 3565/1479/303
f 3568/1480/304 3570/1375/305 3569/1071/305 3567/1481/304
f 3570/1375/305 3572/1482/306 3571/1483/306 3569/1071/305
f 3572/1482/306 3574/1484/149 3573/1485/149 3571/1483/306
f 3574/1484/149 3576/1486/307 3575/1487/307 3573/1485/149
f 3576/1486/307 3578/1488/308 3577/1489/308 3575/1487/307
f 3578/1488/308 3580/1490/309 3579/1491/309 3577/1489/308
f 3580/1490/309 3582/1492/310 3581/1493/310 3579/1491/309
f 3582/1492/310 3584/1494/311 3583/1495/311 3581/1493/310
f 3584/1494/311 3586/1496/312 3585/1497/312 3583/1495/311
f 3586/1496/312 3588/1498/313 3587/1499/313 3585/1497/312
f 3588/1498/313 3590/1500/314 3589/1501/314 3587/1499/313
f 3590/1500/314 3592/1502/315 3591/1503/315 3589/1501/314
f 3592/1502/315 3594/1504/316 3593/1505/316 3591/1503/315
f 3594/1504/316 3596/1506/317 3595/1086/317 3593/1505/316
f 3596/1506/317 3598/1507/318 3597/1508/318 3595/1086/317
f 3598/1507/318 3600/1509/319 3599/1510/319 3597/1508/318
f 3600/1509/319 3602/1511/320 3601/1512/320 3599/1510/319
f 3602/1511/320 3604/1513/321 3603/1514/321 3601/1512/320
f 3604/1513/321 3606/1515/322 3605/1516/322 3603/1514/321
f 3606/1515/322 3608/1517/323 3607/1518/323 3605/1516/322
f 3608/1517/323 3610/1519/324 3609/1520/324 3607/1518/323
f 3610/1519/324 3612/1521/325 3611/1522/325 3609/1520/324
f 3612/1521/325 3614/1523/326 3613/1524/326 3611/1522/325
f 3614/1523/326 3616/1525/327 3615/1526/327 3613/1524/326
f 3616/1525/327 3618/1527/328 3617/1528/328 3615/1526/327
f 3618/1527/328 3620/1529/329 3619/1530/329 3617/1528/328
f 3620/1529/329 3518/1432/283 3517/213/283 3619/1530/329
f 3622/1318/330 3624/1879/331 3623/1880/331 3621/214/330
f 3624/1879/331 3626/1881/332 3625/828/332 3623/1880/331
f 3626/1881/332 3628/1882/333 3627/1883/333 3625/828/332
f 3628/1882/333 3630/1884/334 3629/845/334 3627/1883/333
f 3630/1884/334 3632/1885/335 3631/1886/335 3629/845/334
f 3632/1885/335 3634/1887/336 3633/851/336 3631/1886/335
f 3634/1887/336 3636/1888/337 3635/1889/337 3633/851/336
f 3636/1888/337 3638/1890/338 3637/857/338 3635/1889/337
f 3638/1890/338 3640/1891/339 3639/1892/339 3637/857/338
f 3640/1891/339 3642/1893/340 3641/863/340 3639/1892/339
f 3642/1893/340 3644/1894/341 3643/1895/341 3641/863/340
f 3644/1894/341 3646/1896/342 3645/869/342 3643/1895/341
f 3646/1896/342 3648/1897/343 3647/1898/343 3645/869/342
f 3648/1897/343 3650/1899/344 3649/875/344 3647/1898/343
f 3650/1899/344 3652/1900/345 3651/1901/345 3649/875/344
f 3652/1900/345 3654/1902/346 3653/881/346 3651/1901/345
f 3654/1902/346 3656/1903/347 3655/1904/347 3653/881/346
f 3656/1903/347 3658/1905/348 3657/886/348 3655/1904/347
f 3658/1905/348 3660/1906/349 3659/1907/349 3657/886/348
f 3660/1906/349 3662/1908/350 3661/892/350 3659/1907/349
f 3662/1908/350 3664/1909/351 3663/1910/351 3661/892/350
f 3664/1909/351 3666/1911/352 3665/898/352 3663/1910/351
f 3666/1911/352 3668/1912/353 3667/1913/353 3665/898/352
f 3668/1912/353 3670/1914/354 3669/904/354 3667/1913/353
f 3670/1914/354 3672/1915/355 3671/1916/355 3669/904/354
f 3672/1915/355 3674/1917/356 3673/911/356 3671/1916/355
f 3674/1917/356 3676/1918/357 3675/1919/357 3673/911/356
f 3676/1918/357 3678/1920/358 3677/917/358 3675/1919/357
f 3678/1920/358 3680/1921/359 3679/1922/359 3677/917/358
f 3680/1921/359 3682/1923/360 3681/922/360 3679/1922/359
f 3682/1923/360 3684/1924/361 3683/1925/361 3681/922/360
f 3684/1924/361 3686/1926/362 3685/928/362 3683/1925/361
f 3686/1926/362 3688/1927/363 3687/1928/363 3685/928/362
f 3688/1927/363 3690/1929/364 3689/927/364 3687/1928/363
f 3690/1929/364 3692/1930/365 3691/1931/365 3689/927/364
f 3692/1930/365 3694/1932/366 3693/920/366 3691/1931/365
f 3694/1932/366 3696/1933/367 3695/1934/367 3693/920/366
f 3696/1933/367 3698/1935/368 3697/914/368 3695/1934/367
f 3698/1935/368 3700/1936/369 3699/1937/369 3697/914/368
f 3700/1936/369 3702/1938/370 3701/908/370 3699/1937/369
f 3702/1938/370 3704/1939/371 3703/1940/371 3701/908/370
f 3704/1939/371 3706/1941/372 3705/903/372 3703/1940/371
f 3706/1941/372 3708/1942/373 3707/1943/373 3705/903/372
f 3708/1942/373 3710/1944/374 3709/897/374 3707/1943/373
f 3710/1944/374 3712/1945/375 3711/1946/375 3709/897/374
f 3712/1945/375 3714/1947/376 3713/891/376 3711/1946/375
f 3714/1947/376 3716/1948/377 3715/1949/377 3713/891/376
f 3716/1948/377 3718/1950/378 3717/884/378 3715/1949/377
f 3718/1950/378 3720/1951/379 3719/1952/379 3717/884/378
f 3720/1951/379 3722/1953/380 3721/878/380 3719/1952/379
f 3722/1953/380 3724/1954/381 3723/1955/381 3721/878/380
f 3724/1954/381 3726/1956/382 3725/872/382 3723/1955/381
f 3726/1956/382 3728/1957/383 3727/1958/383 3725/872/382
f 3728/1957/383 3730/1959/384 3729/866/384 3727/1958/383
f 3730/1959/384 3732/1960/385 3731/1961/385 3729/866/384
f 3732/1960/385 3734/1962/386 3733/860/386 3731/1961/385
f 3734/1962/386 3736/1963/387 3735/1964/387 3733/860/386
f 3736/1963/387 3738/1965/388 3737/854/388 3735/1964/387
f 3738/1965/388 3740/1966/389 3739/1967/389 3737/854/388
f 3740/1966/389 3742/1968/390 3741/848/390 3739/1967/389
f 3742/1968/390 3744/1969/391 3743/1970/391 3741/848/390
f 3744/1969/391 3746/1971/392 3745/842/392 3743/1970/391
f 3746/1971/392 3748/1972/393 3747/1973/393 3745/842/392
f 3748/1972/393 3750/1974/394 3749/817/394 3747/1973/393
f 3750/1974/394 3752/1975/395 3751/1976/395 3749/817/394
f 3752/1975/395 3754/1977/396 3753/736/396 3751/1976/395
f 3754/1977/396 3756/1978/397 3755/1979/397 3753/736/396
f 3756/1978/397 3758/1980/398 3757/730/398 3755/1979/397
f 3758/1980/398 3760/1981/399 3759/1982/399 3757/730/398
f 3760/1981/399 3762/1983/400 3761/724/400 3759/1982/399
f 3762/1983/400 3764/1984/401 3763/1985/401 3761/724/400
f 3764/1984/401 3766/1986/402 3765/718/402 3763/1985/401
f 3766/1986/402 3768/1987/403 3767/1988/403 3765/718/402
f 3768/1987/403 3770/1989/404 3769/712/404 3767/1988/403
f 3770/1989/404 3772/1990/405 3771/1991/405 3769/712/404
f 3772/1990/405 3774/1992/406 3773/707/406 3771/1991/405
f 3774/1992/406 3776/1993/407 3775/1994/407 3773/707/406
f 3776/1993/407 3778/1995/408 3777/701/408 3775/1994/407
f 3778/1995/408 3780/1996/409 3779/1997/409 3777/701/408
f 3780/1996/409 3782/1998/410 3781/695/410 3779/1997/409
f 3782/1998/410 3784/1999/411 3783/2000/411 3781/695/410
f 3784/1999/411 3786/2001/412 3785/688/412 3783/2000/411
f 3786/2001/412 3788/2002/413 3787/2003/413 3785/688/412
f 3788/2002/413 3790/2004/414 3789/682/414 3787/2003/413
f 3790/2004/414 3792/2005/415 3791/2006/415 3789/682/414
f 3792/2005/415 3794/2007/416 3793/676/416 3791/2006/415
f 3794/2007/416 3796/2008/417 3795/2009/417 3793/676/416
f 3796/2008/417 3798/2010/418 3797/670/418 3795/2009/417
f 3798/2010/418 3800/2011/419 3799/2012/419 3797/670/418
f 3800/2011/419 3802/2013/420 3801/664/420 3799/2012/419
f 3802/2013/420 3804/2014/421 3803/2015/421 3801/664/420
f 3804/2014/421 3806/2016/422 3805/658/422 3803/2015/421
f 3806/2016/422 3808/2017/423 3807/2018/423 3805/658/422
f 3808/2017/423 3810/2019/424 3809/652/424 3807/2018/423
f 3810/2019/424 3812/2020/425 3811/2021/425 3809/652/424
f 3812/2020/425 3814/2022/426 3813/646/426 3811/2021/425
f 3814/2022/426 3816/1375/427 3815/1071/427 3813/646/426
f 3816/1375/427 3818/2023/428 3817/644/428 3815/1071/427
f 3818/2023/428 3820/2024/429 3819/2025/429 3817/644/428
f 3820/2024/429 3822/2026/430 3821/651/430 3819/2025/429
f 3822/2026/430 3824/2027/431 3823/2028/431 3821/651/430
f 3824/2027/431 3826/2029/432 3825/657/432 3823/2028/431
f 3826/2029/432 3828/2030/433 3827/2031/433 3825/657/432
f 3828/2030/433 3830/2032/434 3829/663/434 3827/2031/433
f 3830/2032/434 3832/2033/435 3831/2034/435 3829/663/434
f 3832/2033/435 3834/2035/436 3833/669/436 3831/2034/435
f 3834/2035/436 3836/2036/437 3835/2037/437 3833/669/436
f 3836/2036/437 3838/2038/438 3837/675/438 3835/2037/437
f 3838/2038/438 3840/2039/439 3839/2040/439 3837/675/438
f 3840/2039/439 3842/2041/440 3841/681/440 3839/2040/439
f 3842/2041/440 3844/2042/441 3843/2043/441 3841/681/440
f 3844/2042/441 3846/2044/442 3845/687/442 3843/2043/441
f 3846/2044/442 3848/2045/443 3847/2046/443 3845/687/442
f 3848/2045/443 3850/2047/444 3849/693/444 3847/2046/443
f 3850/2047/444 3852/2048/445 3851/2049/445 3849/693/444
f 3852/2048/445 3854/2050/446 3853/698/446 3851/2049/445
f 3854/2050/446 3856/2051/447 3855/2052/447 3853/698/446
f 3856/2051/447 3858/2053/448 3857/704/448 3855/2052/447
f 3858/2053/448 3860/2054/449 3859/2055/449 3857/704/448
f 3860/2054/449 3862/2056/450 3861/710/450 3859/2055/449
f 3862/2056/450 3864/2057/451 3863/2058/451 3861/710/450
f 3864/2057/451 3866/2059/452 3865/717/452 3863/2058/451
f 3866/2059/452 3868/2060/453 3867/2061/453 3865/717/452
f 3868/2060/453 3870/2062/454 3869/723/454 3867/2061/453
f 3870/2062/454 3872/2063/455 3871/2064/455 3869/723/454
f 3872/2063/455 3874/2065/456 3873/729/456 3871/2064/455
f 3874/2065/456 3876/2066/457 3875/2067/457 3873/729/456
f 3876/2066/457 3878/2068/458 3877/735/458 3875/2067/457
f 3878/2068/458 3880/2069/459 3879/2070/459 3877/735/458
f 3880/2069/459 3882/2071/460 3881/787/460 3879/2070/459
f 3882/2071/460 3884/2072/461 3883/2073/461 3881/787/460
f 3884/2072/461 3886/2074/462 3885/793/462 3883/2073/461
f 3886/2074/462 3888/2075/463 3887/2076/463 3885/793/462
f 3888/2075/463 3890/2077/464 3889/799/464 3887/2076/463
f 3890/2077/464 3892/2078/465 3891/2079/465 3889/799/464
f 3892/2078/465 3894/2080/466 3893/805/466 3891/2079/465
f 3894/2080/466 3896/2081/467 3895/2082/467 3893/805/466
f 3896/2081/467 3898/2083/468 3897/811/468 3895/2082/467
f 3898/2083/468 3900/2084/469 3899/2085/469 3897/811/468
f 3900/2084/469 3902/2086/470 3901/820/470 3899/2085/469
f 3902/2086/470 3904/2087/471 3903/2088/471 3901/820/470
f 3904/2087/471 3906/2089/472 3905/826/472 3903/2088/471
f 3906/2089/472 3908/2090/473 3907/2091/473 3905/826/472
f 3908/2090/473 3910/2092/474 3909/834/474 3907/2091/473
f 3910/2092/474 3912/2093/475 3911/2094/475 3909/834/474
f 3912/2093/475 3914/2095/476 3913/839/476 3911/2094/475
f 3914/2095/476 3916/2096/477 3915/2097/477 3913/839/476
f 3916/2096/477 3918/2098/478 3917/833/478 3915/2097/477
f 3918/2098/478 3920/2099/479 3919/2100/479 3917/833/478
f 3920/2099/479 3922/2101/480 3921/825/480 3919/2100/479
f 3922/2101/480 3924/2102/481 3923/2103/481 3921/825/480
f 3924/2102/481 3926/2104/482 3925/819/482 3923/2103/481
f 3926/2104/482 3928/2105/483 3927/2106/483 3925/819/482
f 3928/2105/483 3930/2107/484 3929/812/484 3927/2106/483
f 3930/2107/484 3932/2108/485 3931/2109/485 3929/812/484
f 3932/2108/485 3934/2110/486 3933/806/486 3931/2109/485
f 3934/2110/486 3936/2111/487 3935/2112/487 3933/806/486
f 3936/2111/487 3938/2113/488 3937/800/488 3935/2112/487
f 3938/2113/488 3940/2114/489 3939/2115/489 3937/800/488
f 3940/2114/489 3942/2116/490 3941/794/490 3939/2115/489
f 3942/2116/490 3944/2117/491 3943/2118/491 3941/794/490
f 3944/2117/491 3946/2119/492 3945/788/492 3943/2118/491
f 3946/2119/492 3948/2120/493 3947/2121/493 3945/788/492
f 3948/2120/493 3950/2122/494 3949/784/494 3947/2121/493
f 3950/2122/494 3952/2123/495 3951/2124/495 3949/784/494
f 3952/2123/495 3954/2125/496 3953/778/496 3951/2124/495
f 3954/2125/496 3956/2126/497 3955/2127/497 3953/778/496
f 3956/2126/497 3958/2128/498 3957/772/498 3955/2127/497
f 3958/2128/498 3960/2129/499 3959/2130/499 3957/772/498
f 3960/2129/499 3962/2131/500 3961/767/500 3959/2130/499
f 3962/2131/500 3964/2132/501 3963/2133/501 3961/767/500
f 3964/2132/501 3966/2134/502 3965/758/502 3963/2133/501
f 3966/2134/502 3968/2135/503 3967/2136/503 3965/758/502
f 3968/2135/503 3970/2137/504 3969/752/504 3967/2136/503
f 3970/2137/504 3972/2138/505 3971/2139/505 3969/752/504
f 3972/2138/505 3974/2140/506 3973/745/506 3971/2139/505
f 3974/2140/506 3976/2141/507 3975/2142/507 3973/745/506
f 3976/2141/507 3978/2143/508 3977/740/508 3975/2142/507
f 3978/2143/508 3980/2144/509 3979/2145/509 3977/740/508
f 3980/2144/509 3982/2146/510 3981/742/510 3979/2145/509
f 3982/2146/510 3984/2147/511 3983/2148/511 3981/742/510
f 3984/2147/511 3986/2149/512 3985/748/512 3983/2148/511
f 3986/2149/512 3988/2150/513 3987/2151/513 3985/748/512
f 3988/2150/513 3990/2152/514 3989/755/514 3987/2151/513
f 3990/2152/514 3992/2153/515 3991/2154/515 3989/755/514
f 3992/2153/515 3994/2155/516 3993/761/516 3991/2154/515
f 3994/2155/516 3996/2156/517 3995/2157/517 3993/761/516
f 3996/2156/517 3998/2158/518 3997/763/518 3995/2157/517
f 3998/2158/518 4000/2159/519 3999/2160/519 3997/763/518
f 4000/2159/519 4002/2161/520 4001/773/520 3999/2160/519
f 4002/2161/520 4004/2162/521 4003/2163/521 4001/773/520
f 4004/2162/521 4006/2164/522 4005/779/522 4003/2163/521
f 4006/2164/522 4008/2165/523 4007/2166/523 4005/779/522
f 4008/2165/523 3622/1432/330 3621/213/330 4007/2166/523
f 4010/1318/524 4012/2167/525 4011/2168/525 4009/214/524
f 4012/2167/525 4014/2169/526 4013/2170/526 4011/2168/525
f 4014/2169/526 4016/2171/527 4015/2172/527 4013/2170/526
f 4016/2171/527 4018/2173/528 4017/2174/528 4015/2172/527
f 4018/2173/528 4020/2175/529 4019/2176/529 4017/2174/528
f 4020/2175/529 4022/2177/530 4021/2178/530 4019/2176/529
f 4022/2177/530 4024/2179/531 4023/2180/531 4021/2178/530
f 4024/2179/531 4026/2181/532 4025/2182/532 4023/2180/531
f 4026/2181/532 4028/2183/533 4027/2184/533 4025/2182/532
f 4028/2183/533 4030/2185/534 4029/2186/534 4027/2184/533
f 4030/2185/534 4032/2187/535 4031/2188/535 4029/2186/534
f 4032/2187/535 4034/2189/536 4033/2190/536 4031/2188/535
f 4034/2189/536 4036/2191/537 4035/2192/537 4033/2190/536
f 4036/2191/537 4038/2193/538 4037/2194/538 4035/2192/537
f 4038/2193/538 4040/2195/539 4039/2196/539 4037/2194/538
f 4040/2195/539 4042/2197/540 4041/2198/540 4039/2196/539
f 4042/2197/540 4044/2199/541 4043/2200/541 4041/2198/540
f 4044/2199/541 4046/2201/542 4045/2202/542 4043/2200/541
f 4046/2201/542 4048/2203/543 4047/2204/543 4045/2202/542
f 4048/2203/543 4050/2205/544 4049/2206/544 4047/2204/543
f 4050/2205/544 4052/2207/545 4051/2208/545 4049/2206/544
f 4052/2207/545 4054/2209/546 4053/2210/546 4051/2208/545
f 4054/2209/546 4056/2211/547 4055/2212/547 4053/2210/546
f 4056/2211/547 4058/2213/548 4057/2214/548 4055/2212/547
f 4058/2213/548 4060/2215/549 4059/2216/549 4057/2214/548
f 4060/2215/549 4062/2217/550 4061/2218/550 4059/2216/549
f 4062/2217/550 4064/2219/551 4063/2220/551 4061/2218/550
f 4064/2219/551 4066/2221/552 4065/2222/552 4063/2220/551
f 4066/2221/552 4068/2223/553 4067/2224/553 4065/2222/552
f 4068/2223/553 4070/2225/554 4069/2226/554 4067/2224/553
f 4070/2225/554 4072/2227/555 4071/2228/555 4069/2226/554
f 4072/2227/555 4074/2229/556 4073/2230/556 4071/2228/555
f 4074/2229/556 4076/2231/557 4075/2232/557 4073/2230/556
f 4076/2231/557 4078/2233/558 4077/2234/558 4075/2232/557
f 4078/2233/558 4080/2235/559 4079/2236/559 4077/2234/558
f 4080/2235/559 4082/2237/560 4081/2238/560 4079/2236/559
f 4082/2237/560 4084/2239/561 4083/2240/561 4081/2238/560
f 4084/2239/561 4086/2241/562 4085/2242/562 4083/2240/561
f 4086/2241/562 4088/2243/563 4087/2244/563 4085/2242/562
f 4088/2243/563 4090/2245/564 4089/2246/564 4087/2244/563
f 4090/2245/564 4092/2247/565 4091/2248/565 4089/2246/564
f 4092/2247/565 4094/2249/566 4093/2250/566 4091/2248/565
f 4094/2249/566 4096/2251/567 4095/2252/567 4093/2250/566
f 4096/2251/567 4098/2253/568 4097/2254/568 4095/2252/567
f 4098/2253/568 4100/2255/569 4099/2256/569 4097/2254/568
f 4100/2255/569 4102/2257/570 4101/2258/570 4099/2256/569
f 4102/2257/570 4104/2259/571 4103/2260/571 4101/2258/570
f 4104/2259/571 4106/2261/572 4105/2262/572 4103/2260/571
f 4106/2261/572 4108/1375/573 4107/1071/573 4105/2262/572
f 4108/1375/573 4110/2263/574 4109/2264/574 4107/1071/573
f 4110/2263/574 4112/2265/575 4111/2266/575 4109/2264/574
f 4112/2265/575 4114/2267/576 4113/2268/576 4111/2266/575
f 4114/2267/576 4116/2269/577 4115/2270/577 4113/2268/576
f 4116/2269/577 4118/2271/578 4117/2272/578 4115/2270/577
f 4118/2271/578 4120/2273/579 4119/2274/579 4117/2272/578
f 4120/2273/579 4122/2275/580 4121/2276/580 4119/2274/579
f 4122/2275/580 4124/2277/581 4123/2278/581 4121/2276/580
f 4124/2277/581 4126/2279/582 4125/2280/582 4123/2278/581
f 4126/2279/582 4128/2281/583 4127/2282/583 4125/2280/582
f 4128/2281/583 4130/2283/584 4129/2284/584 4127/2282/583
f 4130/2283/584 4132/2285/585 4131/2286/585 4129/2284/584
f 4132/2285/585 4134/2287/586 4133/2288/586 4131/2286/585
f 4134/2287/586 4136/2289/587 4135/2290/587 4133/2288/586
f 4136/2289/587 4138/2291/588 4137/2292/588 4135/2290/587
f 4138/2291/588 4140/2293/589 4139/2294/589 4137/2292/588
f 4140/2293/589 4142/2295/590 4141/2296/590 4139/2294/589
f 4142/2295/590 4144/2297/591 4143/2298/591 4141/2296/590
f 4144/2297/591 4146/2299/592 4145/2300/592 4143/2298/591
f 4146/2299/592 4148/2301/593 4147/2302/593 4145/2300/592
f 4148/2301/593 4150/2303/594 4149/2304/594 4147/2302/593
f 4150/2303/594 4152/2305/595 4151/2306/595 4149/2304/594
f 4152/2305/595 4154/2307/596 4153/2308/596 4151/2306/595
f 4154/2307/596 4156/2309/597 4155/2310/597 4153/2308/596
f 4156/2309/597 4158/2311/598 4157/2312/598 4155/2310/597
f 4158/2311/598 4160/2313/21 4159/2314/21 4157/2312/598
f 4160/2313/21 4162/2315/599 4161/2316/599 4159/2314/21
f 4162/2315/599 4164/2317/600 4163/2318/600 4161/2316/599
f 4164/2317/600 4166/2319/601 4165/2320/601 4163/2318/600
f 4166/2319/601 4168/2321/602 4167/2322/602 4165/2320/601
f 4168/2321/602 4170/2323/603 4169/2324/603 4167/2322/602
f 4170/2323/603 4172/2325/604 4171/2326/604 4169/2324/603
f 4172/2325/604 4174/2327/605 4173/2328/605 4171/2326/604
f 4174/2327/605 4176/2329/606 4175/2330/606 4173/2328/605
f 4176/2329/606 4178/2331/607 4177/2332/607 4175/2330/606
f 4178/2331/607 4180/2333/608 4179/2334/608 4177/2332/607
f 4180/2333/608 4182/2335/609 4181/2336/609 4179/2334/608
f 4182/2335/609 4184/2337/610 4183/2338/610 4181/2336/609
f 4184/2337/610 4186/2339/611 4185/2340/611 4183/2338/610
f 4186/2339/611 4188/2341/612 4187/2342/612 4185/2340/611
f 4188/2341/612 4190/2343/613 4189/2344/613 4187/2342/612
f 4190/2343/613 4192/2345/614 4191/2346/614 4189/2344/613
f 4192/2345/614 4194/2347/615 4193/2348/615 4191/2346/614
f 4194/2347/615 4196/2349/616 4195/2350/616 4193/2348/615
f 4196/2349/616 4198/2351/617 4197/2352/617 4195/2350/616
f 4198/2351/617 4200/2353/618 4199/2354/618 4197/2352/617
f 4200/2353/618 4202/2355/619 4201/2356/619 4199/2354/618
f 4202/2355/619 4204/2357/620 4203/2358/620 4201/2356/619
f 4204/2357/620 4010/1432/524 4009/213/524 4203/2358/620
f 4206/1318/621 4208/2359/622 4207/2360/622 4205/214/621
f 4208/2359/622 4210/2361/623 4209/2362/623 4207/2360/622
f 4210/2361/623 4212/2363/624 4211/2364/624 4209/2362/623
f 4212/2363/624 4214/2365/625 4213/2366/625 4211/2364/624
f 4214/2365/625 4216/2367/626 4215/2368/626 4213/2366/625
f 4216/2367/626 4218/2369/627 4217/2370/627 4215/2368/626
f 4218/2369/627 4220/2371/628 4219/2372/628 4217/2370/627
f 4220/2371/628 4222/2373/629 4221/2374/629 4219/2372/628
f 4222/2373/629 4224/2375/630 4223/2376/630 4221/2374/629
f 4224/2375/630 4226/2377/631 4225/2378/631 4223/2376/630
f 4226/2377/631 4228/2379/632 4227/2380/632 4225/2378/631
f 4228/2379/632 4230/2381/633 4229/2382/633 4227/2380/632
f 4230/2381/633 4232/2383/634 4231/2384/634 4229/2382/633
f 4232/2383/634 4234/2385/635 4233/2386/635 4231/2384/634
f 4234/2385/635 4236/2387/636 4235/2388/636 4233/2386/635
f 4236/2387/636 4238/2389/637 4237/2390/637 4235/2388/636
f 4238/2389/637 4240/2391/638 4239/2392/638 4237/2390/637
f 4240/2391/638 4242/2393/639 4241/2394/639 4239/2392/638
f 4242/2393/639 4244/2395/640 4243/2396/640 4241/2394/639
f 4244/2395/640 4246/2397/641 4245/2398/641 4243/2396/640
f 4246/2397/641 4248/2399/642 4247/2400/642 4245/2398/641
f 4248/2399/642 4250/2401/643 4249/2402/643 4247/2400/642
f 4250/2401/643 4252/2403/644 4251/2404/644 4249/2402/643
f 4252/2403/644 4254/2405/645 4253/2406/645 4251/2404/644
f 4254/2405/645 4256/2407/646 4255/2408/646 4253/2406/645
f 4256/2407/646 4258/2409/647 4257/2410/647 4255/2408/646
f 4258/2409/647 4260/2411/648 4259/2412/648 4257/2410/647
f 4260/2411/648 4262/2413/649 4261/2414/649 4259/2412/648
f 4262/2413/649 4264/1337/650 4263/933/650 4261/2414/649
f 4264/1337/650 4266/2415/651 4265/2416/651 4263/933/650
f 4266/2415/651 4268/2417/652 4267/2418/652 4265/2416/651
f 4268/2417/652 4270/2419/653 4269/2420/653 4267/2418/652
f 4270/2419/653 4272/2421/654 4271/2422/654 4269/2420/653
f 4272/2421/654 4274/2423/655 4273/2424/655 4271/2422/654
f 4274/2423/655 4276/2425/656 4275/2426/656 4273/2424/655
f 4276/2425/656 4278/2427/657 4277/2428/657 4275/2426/656
f 4278/2427/657 4280/2429/658 4279/2430/658 4277/2428/657
f 4280/2429/658 4282/2431/659 4281/2432/659 4279/2430/658
f 4282/2431/659 4284/2433/660 4283/2434/660 4281/2432/659
f 4284/2433/660 4286/2435/661 4285/2436/661 4283/2434/660
f 4286/2435/661 4288/2437/662 4287/2438/662 4285/2436/661
f 4288/2437/662 4290/2439/663 4289/2440/663 4287/2438/662
f 4290/2439/663 4292/2441/664 4291/2442/664 4289/2440/663
f 4292/2441/664 4294/2443/665 4293/2444/665 4291/2442/664
f 4294/2443/665 4296/2445/666 4295/2446/666 4293/2444/665
f 4296/2445/666 4298/2447/667 4297/2448/667 4295/2446/666
f 4298/2447/667 4300/2449/668 4299/2450/668 4297/2448/667
f 4300/2449/668 4302/2451/669 4301/2452/669 4299/2450/668
f 4302/2451/669 4304/2453/670 4303/2454/670 4301/2452/669
f 4304/2453/670 4306/2455/671 4305/2456/671 4303/2454/670
f 4306/2455/671 4308/2457/672 4307/2458/672 4305/2456/671
f 4308/2457/672 4310/2459/673 4309/2460/673 4307/2458/672
f 4310/2459/673 4312/2461/674 4311/2462/674 4309/2460/673
f 4312/2461/674 4314/2463/675 4313/2464/675 4311/2462/674
f 4314/2463/675 4316/2465/676 4315/2466/676 4313/2464/675
f 4316/2465/676 4318/2467/677 4317/2468/677 4315/2466/676
f 4318/2467/677 4320/2469/678 4319/2470/678 4317/2468/677
f 4320/2469/678 4322/1356/679 4321/148/679 4319/2470/678
f 4322/1356/679 4324/2471/680 4323/2472/680 4321/148/679
f 4324/2471/680 4326/2473/681 4325/2474/681 4323/2472/680
f 4326/2473/681 4328/2475/682 4327/2476/682 4325/2474/681
f 4328/2475/682 4330/2477/683 4329/2478/683 4327/2476/682
f 4330/2477/683 4332/2479/684 4331/2480/684 4329/2478/683
f 4332/2479/684 4334/2481/685 4333/2482/685 4331/2480/684
f 4334/2481/685 4336/2483/686 4335/2484/686 4333/2482/685
f 4336/2483/686 4338/2485/687 4337/2486/687 4335/2484/686
f 4338/2485/687 4340/2487/688 4339/2488/688 4337/2486/687
f 4340/2487/688 4342/2489/689 4341/2490/689 4339/2488/688
f 4342/2489/689 4344/2491/690 4343/2492/690 4341/2490/689
f 4344/2491/690 4346/2493/691 4345/2494/691 4343/2492/690
f 4346/2493/691 4348/2495/692 4347/2496/692 4345/2494/691
f 4348/2495/692 4350/2497/693 4349/2498/693 4347/2496/692
f 4350/2497/693 4352/2499/694 4351/2500/694 4349/2498/693
f 4352/2499/694 4354/2501/35 4353/2502/35 4351/2500/694
f 4354/2501/35 4356/2503/695 4355/2504/695 4353/2502/35
f 4356/2503/695 4358/2505/37 4357/2506/37 4355/2504/695
f 4358/2505/37 4360/2507/38 4359/2508/38 4357/2506/37
f 4360/2507/38 4362/2509/39 4361/2510/39 4359/2508/38
f 4362/2509/39 4364/2511/40 4363/2512/40 4361/2510/39
f 4364/2511/40 4366/2513/41 4365/2514/41 4363/2512/40
f 4366/2513/41 4368/2515/42 4367/2516/42 4365/2514/41
f 4368/2515/42 4370/2517/43 4369/2518/43 4367/2516/42
f 4370/2517/43 4372/2519/44 4371/2520/44 4369/2518/43
f 4372/2519/44 4374/2521/45 4373/2522/45 4371/2520/44
f 4374/2521/45 4376/2523/46 4375/2524/46 4373/2522/45
f 4376/2523/46 4378/2525/47 4377/2526/47 4375/2524/46
f 4378/2525/47 4380/1375/696 4379/1071/696 4377/2526/47
f 4380/1375/696 4382/2527/697 4381/2528/697 4379/1071/696
f 4382/2527/697 4384/2529/698 4383/2530/698 4381/2528/697
f 4384/2529/698 4386/2531/699 4385/2532/699 4383/2530/698
f 4386/2531/699 4388/2533/700 4387/2534/700 4385/2532/699
f 4388/2533/700 4390/2535/701 4389/2536/701 4387/2534/700
f 4390/2535/701 4392/2537/123 4391/2538/123 4389/2536/701
f 4392/2537/123 4394/2539/702 4393/2540/702 4391/2538/123
f 4394/2539/702 4396/2541/703 4395/2542/703 4393/2540/702
f 4396/2541/703 4398/2543/704 4397/2544/704 4395/2542/703
f 4398/2543/704 4400/2545/705 4399/2546/705 4397/2544/704
f 4400/2545/705 4402/2547/706 4401/2548/706 4399/2546/705
f 4402/2547/706 4404/2549/621 4403/2550/621 4401/2548/706
f 4404/2549/621 4406/2551/707 4405/2552/707 4403/2550/621
f 4406/2551/707 4408/2553/708 4407/2554/708 4405/2552/707
f 4408/2553/708 4410/2555/709 4409/2556/709 4407/2554/708
f 4410/2555/709 4412/2557/710 4411/2558/710 4409/2556/709
f 4412/2557/710 4414/2559/711 4413/2560/711 4411/2558/710
f 4414/2559/711 4416/2561/712 4415/2562/712 4413/2560/711
f 4416/2561/712 4418/2563/713 4417/2564/713 4415/2562/712
f 4418/2563/713 4420/2565/714 4419/2566/714 4417/2564/713
f 4420/2565/714 4422/2567/715 4421/2568/715 4419/2566/714
f 4422/2567/715 4424/2569/716 4423/2570/716 4421/2568/715
f 4424/2569/716 4426/2571/717 4425/2572/717 4423/2570/716
f 4426/2571/717 4428/2573/718 4427/2574/718 4425/2572/717
f 4428/2573/718 4430/2575/719 4429/2576/719 4427/2574/718
f 4430/2575/719 4432/2577/720 4431/2578/720 4429/2576/719
f 4432/2577/720 4434/2579/721 4433/2580/721 4431/2578/720
f 4434/2579/721 4436/2581/722 4435/2582/722 4433/2580/721
f 4436/2581/722 4438/1394/723 4437/51/723 4435/2582/722
f 4438/1394/723 4440/2583/724 4439/2584/724 4437/51/723
f 4440/2583/724 4442/2585/725 4441/2586/725 4439/2584/724
f 4442/2585/725 4444/2587/726 4443/2588/726 4441/2586/725
f 4444/2587/726 4446/2589/727 4445/2590/727 4443/2588/726
f 4446/2589/727 4448/2591/728 4447/2592/728 4445/2590/727
f 4448/2591/728 4450/2593/729 4449/2594/729 4447/2592/728
f 4450/2593/729 4452/2595/730 4451/2596/730 4449/2594/729
f 4452/2595/730 4454/2597/731 4453/2598/731 4451/2596/730
f 4454/2597/731 4456/2599/732 4455/2600/732 4453/2598/731
f 4456/2599/732 4458/2601/733 4457/2602/733 4455/2600/732
f 4458/2601/733 4460/2603/734 4459/2604/734 4457/2602/733
f 4460/2603/734 4462/2605/735 4461/2606/735 4459/2604/734
f 4462/2605/735 4464/2607/736 4463/2608/736 4461/2606/735
f 4464/2607/736 4466/2609/737 4465/2610/737 4463/2608/736
f 4466/2609/737 4468/2611/738 4467/2612/738 4465/2610/737
f 4468/2611/738 4470/2613/739 4469/2614/739 4467/2612/738
f 4470/2613/739 4472/2615/740 4471/2616/740 4469/2614/739
f 4472/2615/740 4474/2617/741 4473/2618/741 4471/2616/740
f 4474/2617/741 4476/2619/742 4475/2620/742 4473/2618/741
f 4476/2619/742 4478/2621/743 4477/2622/743 4475/2620/742
f 4478/2621/743 4480/2623/744 4479/2624/744 4477/2622/743
f 4480/2623/744 4482/2625/745 4481/2626/745 4479/2624/744
f 4482/2625/745 4484/2627/746 4483/2628/746 4481/2626/745
f 4484/2627/746 4486/2629/747 4485/2630/747 4483/2628/746
f 4486/2629/747 4488/2631/748 4487/2632/748 4485/2630/747
f 4488/2631/748 4490/2633/749 4489/2634/749 4487/2632/748
f 4490/2633/749 4492/2635/750 4491/2636/750 4489/2634/749
f 4492/2635/750 4494/2637/751 4493/2638/751 4491/2636/750
f 4494/2637/751 4496/1413/752 4495/1037/752 4493/2638/751
f 4496/1413/752 4498/2639/753 4497/2640/753 4495/1037/752
f 4498/2639/753 4500/2641/754 4499/2642/754 4497/2640/753
f 4500/2641/754 4502/2643/755 4501/2644/755 4499/2642/754
f 4502/2643/755 4504/2645/35 4503/2646/35 4501/2644/755
f 4504/2645/35 4506/2647/36 4505/2648/36 4503/2646/35
f 4506/2647/36 4508/2649/37 4507/2650/37 4505/2648/36
f 4508/2649/37 4510/2651/38 4509/2652/38 4507/2650/37
f 4510/2651/38 4512/2653/39 4511/2654/39 4509/2652/38
f 4512/2653/39 4514/2655/40 4513/2656/40 4511/2654/39
f 4514/2655/40 4516/2657/41 4515/2658/41 4513/2656/40
f 4516/2657/41 4518/2659/42 4517/2660/42 4515/2658/41
f 4518/2659/42 4520/2661/43 4519/2662/43 4517/2660/42
f 4520/2661/43 4522/2663/44 4521/2664/44 4519/2662/43
f 4522/2663/44 4524/2665/45 4523/2666/45 4521/2664/44
f 4524/2665/45 4526/2667/46 4525/2668/46 4523/2666/45
f 4526/2667/46 4528/2669/47 4527/2670/47 4525/2668/46
f 4528/2669/47 4530/2671/696 4529/2672/696 4527/2670/47
f 4530/2671/696 4532/2673/697 4531/2674/697 4529/2672/696
f 4532/2673/697 4534/2675/698 4533/2676/698 4531/2674/697
f 4534/2675/698 4536/2677/699 4535/2678/699 4533/2676/698
f 4536/2677/699 4538/2679/700 4537/2680/700 4535/2678/699
f 4538/2679/700 4540/2681/701 4539/2682/701 4537/2680/700
f 4540/2681/701 4542/2683/123 4541/2684/123 4539/2682/701
f 4542/2683/123 4544/2685/702 4543/2686/702 4541/2684/123
f 4544/2685/702 4546/2687/703 4545/2688/703 4543/2686/702
f 4546/2687/703 4548/2689/704 4547/2690/704 4545/2688/703
f 4548/2689/704 4550/2691/705 4549/2692/705 4547/2690/704
f 4550/2691/705 4552/2693/756 4551/2694/756 4549/2692/705
f 4552/2693/756 4206/1432/621 4205/213/621 4551/2694/756
f 4554/1318/9 4556/2695/10 4555/2696/10 4553/214/9
f 4556/2695/10 4558/2697/11 4557/2698/11 4555/2696/10
f 4558/2697/11 4560/2699/12 4559/2700/12 4557/2698/11
f 4560/2699/12 4562/2701/13 4561/2702/13 4559/2700/12
f 4562/2701/13 4564/2703/14 4563/2704/14 4561/2702/13
f 4564/2703/14 4566/2705/15 4565/2706/15 4563/2704/14
f 4566/2705/15 4568/2707/16 4567/2708/16 4565/2706/15
f 4568/2707/16 4570/2709/17 4569/2710/17 4567/2708/16
f 4570/2709/17 4572/2711/18 4571/1128/18 4569/2710/17
f 4572/2711/18 4574/2712/19 4573/2713/19 4571/1128/18
f 4574/2712/19 4576/2714/20 4575/2715/20 4573/2713/19
f 4576/2714/20 4578/2716/21 4577/2717/21 4575/2715/20
f 4578/2716/21 4580/2718/22 4579/2719/22 4577/2717/21
f 4580/2718/22 4582/2720/23 4581/2721/23 4579/2719/22
f 4582/2720/23 4584/2722/24 4583/2723/24 4581/2721/23
f 4584/2722/24 4586/2724/25 4585/2725/25 4583/2723/24
f 4586/2724/25 4588/2726/26 4587/2727/26 4585/2725/25
f 4588/2726/26 4590/1337/27 4589/933/27 4587/2727/26
f 4590/1337/27 4592/2728/28 4591/2729/28 4589/933/27
f 4592/2728/28 4594/2730/29 4593/2731/29 4591/2729/28
f 4594/2730/29 4596/2732/30 4595/2733/30 4593/2731/29
f 4596/2732/30 4598/2734/31 4597/2735/31 4595/2733/30
f 4598/2734/31 4600/2736/32 4599/2737/32 4597/2735/31
f 4600/2736/32 4602/2738/33 4601/2739/33 4599/2737/32
f 4602/2738/33 4604/2740/34 4603/2741/34 4601/2739/33
f 4604/2740/34 4606/2742/35 4605/2743/35 4603/2741/34
f 4606/2742/35 4608/1457/36 4607/964/36 4605/2743/35
f 4608/1457/36 4610/2744/37 4609/2745/37 4607/964/36
f 4610/2744/37 4612/2746/38 4611/2747/38 4609/2745/37
f 4612/2746/38 4614/2748/39 4613/2749/39 4611/2747/38
f 4614/2748/39 4616/2750/40 4615/2751/40 4613/2749/39
f 4616/2750/40 4618/2752/41 4617/2753/41 4615/2751/40
f 4618/2752/41 4620/2754/42 4619/2755/42 4617/2753/41
f 4620/2754/42 4622/2756/43 4621/2757/43 4619/2755/42
f 4622/2756/43 4624/2758/44 4623/2759/44 4621/2757/43
f 4624/2758/44 4626/1356/45 4625/148/45 4623/2759/44
f 4626/1356/45 4628/2760/46 4627/2761/46 4625/148/45
f 4628/2760/46 4630/2762/47 4629/2763/47 4627/2761/46
f 4630/2762/47 4632/2764/696 4631/2765/696 4629/2763/47
f 4632/2764/696 4634/2766/697 4633/2767/697 4631/2765/696
f 4634/2766/697 4636/2768/698 4635/2769/698 4633/2767/697
f 4636/2768/698 4638/2770/699 4637/2771/699 4635/2769/698
f 4638/2770/699 4640/2772/700 4639/2773/700 4637/2771/699
f 4640/2772/700 4642/2774/701 4641/2775/701 4639/2773/700
f 4642/2774/701 4644/2776/123 4643/1052/123 4641/2775/701
f 4644/2776/123 4646/2777/702 4645/2778/702 4643/1052/123
f 4646/2777/702 4648/2779/703 4647/2780/703 4645/2778/702
f 4648/2779/703 4650/2781/704 4649/2782/704 4647/2780/703
f 4650/2781/704 4652/2783/705 4651/2784/705 4649/2782/704
f 4652/2783/705 4654/2785/756 4653/2786/756 4651/2784/705
f 4654/2785/756 4656/2787/621 4655/2788/621 4653/2786/756
f 4656/2787/621 4658/2789/9 4657/2790/9 4655/2788/621
f 4658/2789/9 4660/2791/10 4659/2792/10 4657/2790/9
f 4660/2791/10 4662/1375/11 4661/1071/11 4659/2792/10
f 4662/1375/11 4664/2793/12 4663/2794/12 4661/1071/11
f 4664/2793/12 4666/2795/13 4665/2796/13 4663/2794/12
f 4666/2795/13 4668/2797/14 4667/2798/14 4665/2796/13
f 4668/2797/14 4670/2799/15 4669/2800/15 4667/2798/14
f 4670/2799/15 4672/2801/16 4671/2802/16 4669/2800/15
f 4672/2801/16 4674/2803/17 4673/2804/17 4671/2802/16
f 4674/2803/17 4676/2805/18 4675/2806/18 4673/2804/17
f 4676/2805/18 4678/2807/19 4677/2808/19 4675/2806/18
f 4678/2807/19 4680/2809/20 4679/1139/20 4677/2808/19
f 4680/2809/20 4682/2810/21 4681/2811/21 4679/1139/20
f 4682/2810/21 4684/2812/15 4683/2813/15 4681/2811/21
f 4684/2812/15 4686/2814/123 4685/2815/123 4683/2813/15
f 4686/2814/123 4688/2816/696 4687/2817/696 4685/2815/123
f 4688/2816/696 4690/2818/697 4689/2819/697 4687/2817/696
f 4690/2818/697 4692/2820/698 4691/2821/698 4689/2819/697
f 4692/2820/698 4694/2822/699 4693/2823/699 4691/2821/698
f 4694/2822/699 4696/2824/700 4695/2825/700 4693/2823/699
f 4696/2824/700 4698/1394/701 4697/51/701 4695/2825/700
f 4698/1394/701 4700/2826/123 4699/2827/123 4697/51/701
f 4700/2826/123 4702/2828/702 4701/2829/702 4699/2827/123
f 4702/2828/702 4704/2830/703 4703/2831/703 4701/2829/702
f 4704/2830/703 4706/2832/704 4705/2833/704 4703/2831/703
f 4706/2832/704 4708/2834/705 4707/2835/705 4705/2833/704
f 4708/2834/705 4710/2836/706 4709/2837/706 4707/2835/705
f 4710/2836/706 4712/2838/621 4711/2839/621 4709/2837/706
f 4712/2838/621 4714/2840/9 4713/2841/9 4711/2839/621
f 4714/2840/9 4716/1506/257 4715/1086/257 4713/2841/9
f 4716/1506/257 4718/2842/11 4717/2843/11 4715/1086/257
f 4718/2842/11 4720/2844/12 4719/2845/12 4717/2843/11
f 4720/2844/12 4722/2846/13 4721/2847/13 4719/2845/12
f 4722/2846/13 4724/2848/14 4723/2849/14 4721/2847/13
f 4724/2848/14 4726/2850/15 4725/2851/15 4723/2849/14
f 4726/2850/15 4728/2852/16 4727/2853/16 4725/2851/15
f 4728/2852/16 4730/2854/17 4729/2855/17 4727/2853/16
f 4730/2854/17 4732/2856/18 4731/2857/18 4729/2855/17
f 4732/2856/18 4734/1413/19 4733/1037/19 4731/2857/18
f 4734/1413/19 4736/2858/20 4735/2859/20 4733/1037/19
f 4736/2858/20 4738/2860/21 4737/2861/21 4735/2859/20
f 4738/2860/21 4740/2862/15 4739/2863/15 4737/2861/21
f 4740/2862/15 4742/2864/123 4741/2865/123 4739/2863/15
f 4742/2864/123 4744/2866/696 4743/2867/696 4741/2865/123
f 4744/2866/696 4746/2868/697 4745/2869/697 4743/2867/696
f 4746/2868/697 4748/2870/698 4747/2871/698 4745/2869/697
f 4748/2870/698 4750/2872/699 4749/2873/699 4747/2871/698
f 4750/2872/699 4752/2874/700 4751/1003/700 4749/2873/699
f 4752/2874/700 4754/2875/701 4753/2876/701 4751/1003/700
f 4754/2875/701 4756/2877/123 4755/2878/123 4753/2876/701
f 4756/2877/123 4758/2879/702 4757/2880/702 4755/2878/123
f 4758/2879/702 4760/2881/703 4759/2882/703 4757/2880/702
f 4760/2881/703 4762/2883/704 4761/2884/704 4759/2882/703
f 4762/2883/704 4764/2885/705 4763/2886/705 4761/2884/704
f 4764/2885/705 4766/2887/756 4765/2888/756 4763/2886/705
f 4766/2887/756 4768/2889/621 4767/2890/621 4765/2888/756
f 4768/2889/621 4554/1432/9 4553/213/9 4767/2890/621
f 4770/1318/9 4772/2891/10 4771/2892/10 4769/214/9
f 4772/2891/10 4774/2893/11 4773/2894/11 4771/2892/10
f 4774/2893/11 4776/2895/12 4775/2896/12 4773/2894/11
f 4776/2895/12 4778/2897/13 4777/2898/13 4775/2896/12
f 4778/2897/13 4780/2899/14 4779/2900/14 4777/2898/13
f 4780/2899/14 4782/2901/15 4781/2902/15 4779/2900/14
f 4782/2901/15 4784/2903/16 4783/2904/16 4781/2902/15
f 4784/2903/16 4786/2905/17 4785/2906/17 4783/2904/16
f 4786/2905/17 4788/2907/18 4787/2908/18 4785/2906/17
f 4788/2907/18 4790/2909/19 4789/2910/19 4787/2908/18
f 4790/2909/19 4792/2911/20 4791/2912/20 4789/2910/19
f 4792/2911/20 4794/2913/21 4793/2914/21 4791/2912/20
f 4794/2913/21 4796/2915/757 4795/2916/757 4793/2914/21
f 4796/2915/757 4798/2917/758 4797/2918/758 4795/2916/757
f 4798/2917/758 4800/2919/759 4799/2920/759 4797/2918/758
f 4800/2919/759 4802/2921/760 4801/2922/760 4799/2920/759
f 4802/2921/760 4804/2923/761 4803/2924/761 4801/2922/760
f 4804/2923/761 4806/2925/762 4805/2926/762 4803/2924/761
f 4806/2925/762 4808/2927/763 4807/2928/763 4805/2926/762
f 4808/2927/763 4810/2929/764 4809/2930/764 4807/2928/763
f 4810/2929/764 4812/2931/765 4811/2932/765 4809/2930/764
f 4812/2931/765 4814/2933/766 4813/2934/766 4811/2932/765
f 4814/2933/766 4816/2935/767 4815/2936/767 4813/2934/766
f 4816/2935/767 4818/2937/768 4817/2938/768 4815/2936/767
f 4818/2937/768 4820/2939/769 4819/2940/769 4817/2938/768
f 4820/2939/769 4822/2941/770 4821/2942/770 4819/2940/769
f 4822/2941/770 4824/2943/771 4823/2944/771 4821/2942/770
f 4824/2943/771 4826/2945/772 4825/2946/772 4823/2944/771
f 4826/2945/772 4828/2947/773 4827/2948/773 4825/2946/772
f 4828/2947/773 4830/2949/774 4829/2950/774 4827/2948/773
f 4830/2949/774 4832/2951/775 4831/2952/775 4829/2950/774
f 4832/2951/775 4834/1457/776 4833/964/776 4831/2952/775
f 4834/1457/776 4836/2953/777 4835/2954/777 4833/964/776
f 4836/2953/777 4838/2955/778 4837/2956/778 4835/2954/777
f 4838/2955/778 4840/2957/779 4839/2958/779 4837/2956/778
f 4840/2957/779 4842/2959/780 4841/2960/780 4839/2958/779
f 4842/2959/780 4844/2961/781 4843/2962/781 4841/2960/780
f 4844/2961/781 4846/2963/782 4845/2964/782 4843/2962/781
f 4846/2963/782 4848/2965/783 4847/2966/783 4845/2964/782
f 4848/2965/783 4850/2967/784 4849/2968/784 4847/2966/783
f 4850/2967/784 4852/2969/785 4851/2970/785 4849/2968/784
f 4852/2969/785 4854/2971/786 4853/2972/786 4851/2970/785
f 4854/2971/786 4856/2973/787 4855/2974/787 4853/2972/786
f 4856/2973/787 4858/2975/788 4857/2976/788 4855/2974/787
f 4858/2975/788 4860/2977/789 4859/2978/789 4857/2976/788
f 4860/2977/789 4862/2979/790 4861/2980/790 4859/2978/789
f 4862/2979/790 4864/2981/791 4863/2982/791 4861/2980/790
f 4864/2981/791 4866/2983/792 4865/2984/792 4863/2982/791
f 4866/2983/792 4868/2985/793 4867/2986/793 4865/2984/792
f 4868/2985/793 4870/2987/794 4869/2988/794 4867/2986/793
f 4870/2987/794 4872/2989/795 4871/2990/795 4869/2988/794
f 4872/2989/795 4874/2991/796 4873/2992/796 4871/2990/795
f 4874/2991/796 4876/2993/797 4875/2994/797 4873/2992/796
f 4876/2993/797 4878/2995/798 4877/2996/798 4875/2994/797
f 4878/2995/798 4880/2997/799 4879/2998/799 4877/2996/798
f 4880/2997/799 4882/2999/800 4881/3000/800 4879/2998/799
f 4882/2999/800 4884/3001/801 4883/3002/801 4881/3000/800
f 4884/3001/801 4886/3003/802 4885/3004/802 4883/3002/801
f 4886/3003/802 4888/3005/803 4887/3006/803 4885/3004/802
f 4888/3005/803 4890/3007/804 4889/3008/804 4887/3006/803
f 4890/3007/804 4892/3009/805 4891/3010/805 4889/3008/804
f 4892/3009/805 4894/3011/806 4893/3012/806 4891/3010/805
f 4894/3011/806 4896/3013/696 4895/3014/696 4893/3012/806
f 4896/3013/696 4898/1375/697 4897/1071/697 4895/3014/696
f 4898/1375/697 4900/3015/698 4899/3016/698 4897/1071/697
f 4900/3015/698 4902/3017/699 4901/3018/699 4899/3016/698
f 4902/3017/699 4904/3019/700 4903/3020/700 4901/3018/699
f 4904/3019/700 4906/3021/701 4905/3022/701 4903/3020/700
f 4906/3021/701 4908/3023/123 4907/3024/123 4905/3022/701
f 4908/3023/123 4910/3025/702 4909/3026/702 4907/3024/123
f 4910/3025/702 4912/3027/703 4911/3028/703 4909/3026/702
f 4912/3027/703 4914/3029/704 4913/3030/704 4911/3028/703
f 4914/3029/704 4916/3031/705 4915/3032/705 4913/3030/704
f 4916/3031/705 4918/3033/706 4917/3034/706 4915/3032/705
f 4918/3033/706 4920/3035/807 4919/3036/807 4917/3034/706
f 4920/3035/807 4922/3037/9 4921/3038/9 4919/3036/807
f 4922/3037/9 4924/3039/10 4923/3040/10 4921/3038/9
f 4924/3039/10 4926/3041/11 4925/3042/11 4923/3040/10
f 4926/3041/11 4928/3043/12 4927/3044/12 4925/3042/11
f 4928/3043/12 4930/3045/13 4929/3046/13 4927/3044/12
f 4930/3045/13 4932/3047/14 4931/3048/14 4929/3046/13
f 4932/3047/14 4934/3049/15 4933/3050/15 4931/3048/14
f 4934/3049/15 4936/3051/16 4935/3052/16 4933/3050/15
f 4936/3051/16 4938/3053/17 4937/3054/17 4935/3052/16
f 4938/3053/17 4940/3055/18 4939/3056/18 4937/3054/17
f 4940/3055/18 4942/3057/19 4941/3058/19 4939/3056/18
f 4942/3057/19 4944/3059/20 4943/3060/20 4941/3058/19
f 4944/3059/20 4946/3061/21 4945/3062/21 4943/3060/20
f 4946/3061/21 4948/3063/808 4947/3064/808 4945/3062/21
f 4948/3063/808 4950/3065/809 4949/3066/809 4947/3064/808
f 4950/3065/809 4952/3067/810 4951/3068/810 4949/3066/809
f 4952/3067/810 4954/3069/811 4953/3070/811 4951/3068/810
f 4954/3069/811 4956/3071/812 4955/3072/812 4953/3070/811
f 4956/3071/812 4958/3073/813 4957/3074/813 4955/3072/812
f 4958/3073/813 4960/3075/814 4959/3076/814 4957/3074/813
f 4960/3075/814 4962/1506/815 4961/1086/815 4959/3076/814
f 4962/1506/815 4964/3077/816 4963/3078/816 4961/1086/815
f 4964/3077/816 4966/3079/817 4965/3080/817 4963/3078/816
f 4966/3079/817 4968/3081/818 4967/3082/818 4965/3080/817
f 4968/3081/818 4970/3083/819 4969/3084/819 4967/3082/818
f 4970/3083/819 4972/3085/820 4971/3086/820 4969/3084/819
f 4972/3085/820 4974/3087/821 4973/3088/821 4971/3086/820
f 4974/3087/821 4976/3089/822 4975/3090/822 4973/3088/821
f 4976/3089/822 4978/3091/823 4977/3092/823 4975/3090/822
f 4978/3091/823 4980/3093/824 4979/3094/824 4977/3092/823
f 4980/3093/824 4982/3095/825 4981/3096/825 4979/3094/824
f 4982/3095/825 4984/3097/826 4983/3098/826 4981/3096/825
f 4984/3097/826 4986/3099/827 4985/3100/827 4983/3098/826
f 4986/3099/827 4988/3101/828 4987/3102/828 4985/3100/827
f 4988/3101/828 4990/3103/829 4989/3104/829 4987/3102/828
f 4990/3103/829 4992/3105/830 4991/3106/830 4989/3104/829
f 4992/3105/830 4994/3107/831 4993/3108/831 4991/3106/830
f 4994/3107/831 4996/3109/832 4995/3110/832 4993/3108/831
f 4996/3109/832 4998/3111/833 4997/3112/833 4995/3110/832
f 4998/3111/833 5000/3113/696 4999/3114/696 4997/3112/833
f 5000/3113/696 5002/3115/697 5001/3116/697 4999/3114/696
f 5002/3115/697 5004/3117/698 5003/3118/698 5001/3116/697
f 5004/3117/698 5006/3119/699 5005/3120/699 5003/3118/698
f 5006/3119/699 5008/3121/700 5007/3122/700 5005/3120/699
f 5008/3121/700 5010/3123/701 5009/3124/701 5007/3122/700
f 5010/3123/701 5012/3125/123 5011/3126/123 5009/3124/701
f 5012/3125/123 5014/3127/702 5013/3128/702 5011/3126/123
f 5014/3127/702 5016/3129/703 5015/3130/703 5013/3128/702
f 5016/3129/703 5018/3131/704 5017/3132/704 5015/3130/703
f 5018/3131/704 5020/3133/705 5019/3134/705 5017/3132/704
f 5020/3133/705 5022/3135/706 5021/3136/706 5019/3134/705
f 5022/3135/706 5024/3137/807 5023/3138/807 5021/3136/706
f 5024/3137/807 4770/1432/9 4769/213/9 5023/3138/807
f 5026/1318/9 5028/3139/257 5027/3140/257 5025/214/9
f 5028/3139/257 5030/3141/11 5029/3142/11 5027/3140/257
f 5030/3141/11 5032/3143/12 5031/3144/12 5029/3142/11
f 5032/3143/12 5034/3145/13 5033/3146/13 5031/3144/12
f 5034/3145/13 5036/2905/14 5035/2906/14 5033/3146/13
f 5036/2905/14 5038/3147/15 5037/3148/15 5035/2906/14
f 5038/3147/15 5040/3149/16 5039/3150/16 5037/3148/15
f 5040/3149/16 5042/3151/17 5041/3152/17 5039/3150/16
f 5042/3151/17 5044/3153/18 5043/3154/18 5041/3152/17
f 5044/3153/18 5046/2921/19 5045/2922/19 5043/3154/18
f 5046/2921/19 5048/3155/20 5047/3156/20 5045/2922/19
f 5048/3155/20 5050/3157/21 5049/3158/21 5047/3156/20
f 5050/3157/21 5052/3159/22 5051/3160/22 5049/3158/21
f 5052/3159/22 5054/3161/23 5053/3162/23 5051/3160/22
f 5054/3161/23 5056/2937/24 5055/2938/24 5053/3162/23
f 5056/2937/24 5058/3163/25 5057/1167/25 5055/2938/24
f 5058/3163/25 5060/3164/26 5059/3165/26 5057/1167/25
f 5060/3164/26 5062/3166/27 5061/3167/27 5059/3165/26
f 5062/3166/27 5064/3168/28 5063/3169/28 5061/3167/27
f 5064/3168/28 5066/1457/29 5065/964/29 5063/3169/28
f 5066/1457/29 5068/3170/30 5067/3171/30 5065/964/29
f 5068/3170/30 5070/3172/31 5069/3173/31 5067/3171/30
f 5070/3172/31 5072/3174/32 5071/3175/32 5069/3173/31
f 5072/3174/32 5074/3176/33 5073/3177/33 5071/3175/32
f 5074/3176/33 5076/2967/34 5075/2968/34 5073/3177/33
f 5076/2967/34 5078/3178/28 5077/3179/28 5075/2968/34
f 5078/3178/28 5080/3180/22 5079/3181/22 5077/3179/28
f 5080/3180/22 5082/3182/23 5081/3183/23 5079/3181/22
f 5082/3182/23 5084/3184/24 5083/3185/24 5081/3183/23
f 5084/3184/24 5086/2983/25 5085/2984/25 5083/3185/24
f 5086/2983/25 5088/3186/26 5087/3187/26 5085/2984/25
f 5088/3186/26 5090/3188/27 5089/1197/27 5087/3187/26
f 5090/3188/27 5092/3189/28 5091/3190/28 5089/1197/27
f 5092/3189/28 5094/3191/29 5093/3192/29 5091/3190/28
f 5094/3191/29 5096/2999/30 5095/3000/30 5093/3192/29
f 5096/2999/30 5098/3193/31 5097/3194/31 5095/3000/30
f 5098/3193/31 5100/3195/32 5099/3196/32 5097/3194/31
f 5100/3195/32 5102/3197/834 5101/3198/834 5099/3196/32
f 5102/3197/834 5104/3199/34 5103/3200/34 5101/3198/834
f 5104/3199/34 5106/1375/35 5105/1071/35 5103/3200/34
f 5106/1375/35 5108/3201/695 5107/3202/695 5105/1071/35
f 5108/3201/695 5110/3203/37 5109/3204/37 5107/3202/695
f 5110/3203/37 5112/3205/38 5111/3206/38 5109/3204/37
f 5112/3205/38 5114/3207/39 5113/3208/39 5111/3206/38
f 5114/3207/39 5116/3029/40 5115/3030/40 5113/3208/39
f 5116/3029/40 5118/3209/41 5117/3210/41 5115/3030/40
f 5118/3209/41 5120/3211/42 5119/3212/42 5117/3210/41
f 5120/3211/42 5122/3213/43 5121/1281/43 5119/3212/42
f 5122/3213/43 5124/3214/44 5123/3215/44 5121/1281/43
f 5124/3214/44 5126/3045/45 5125/3046/45 5123/3215/44
f 5126/3045/45 5128/3216/46 5127/3217/46 5125/3046/45
f 5128/3216/46 5130/3218/47 5129/3219/47 5127/3217/46
f 5130/3218/47 5132/3220/696 5131/3221/696 5129/3219/47
f 5132/3220/696 5134/3222/697 5133/3223/697 5131/3221/696
f 5134/3222/697 5136/3061/698 5135/3062/698 5133/3223/697
f 5136/3061/698 5138/3224/699 5137/3225/699 5135/3062/698
f 5138/3224/699 5140/3226/700 5139/3227/700 5137/3225/699
f 5140/3226/700 5142/3228/701 5141/3229/701 5139/3227/700
f 5142/3228/701 5144/3230/123 5143/3231/123 5141/3229/701
f 5144/3230/123 5146/1506/702 5145/1086/702 5143/3231/123
f 5146/1506/702 5148/3232/703 5147/3233/703 5145/1086/702
f 5148/3232/703 5150/3234/704 5149/3235/704 5147/3233/703
f 5150/3234/704 5152/3236/705 5151/3237/705 5149/3235/704
f 5152/3236/705 5154/3238/706 5153/1242/706 5151/3237/705
f 5154/3238/706 5156/3091/807 5155/3092/807 5153/1242/706
f 5156/3091/807 5158/3239/9 5157/3240/9 5155/3092/807
f 5158/3239/9 5160/3241/257 5159/3242/257 5157/3240/9
f 5160/3241/257 5162/3243/11 5161/3244/11 5159/3242/257
f 5162/3243/11 5164/3245/12 5163/3246/12 5161/3244/11
f 5164/3245/12 5166/3107/13 5165/3108/13 5163/3246/12
f 5166/3107/13 5168/3247/14 5167/3248/14 5165/3108/13
f 5168/3247/14 5170/3249/15 5169/3250/15 5167/3248/14
f 5170/3249/15 5172/3251/16 5171/3252/16 5169/3250/15
f 5172/3251/16 5174/3253/17 5173/3254/17 5171/3252/16
f 5174/3253/17 5176/3123/18 5175/3124/18 5173/3254/17
f 5176/3123/18 5178/3255/19 5177/3256/19 5175/3124/18
f 5178/3255/19 5180/3257/20 5179/3258/20 5177/3256/19
f 5180/3257/20 5182/3259/21 5181/3260/21 5179/3258/20
f 5182/3259/21 5184/3261/15 5183/3262/15 5181/3260/21
f 5184/3261/15 5026/1432/9 5025/213/9 5183/3262/15
f 5186/1318/835 5188/3263/836 5187/3264/836 5185/214/835
f 5188/3263/836 5190/3265/837 5189/3266/837 5187/3264/836
f 5190/3265/837 5192/3267/838 5191/3268/838 5189/3266/837
f 5192/3267/838 5194/3269/839 5193/3270/839 5191/3268/838
f 5194/3269/839 5196/3271/840 5195/3272/840 5193/3270/839
f 5196/3271/840 5198/3273/112 5197/3274/112 5195/3272/840
f 5198/3273/112 5200/3275/841 5199/3276/841 5197/3274/112
f 5200/3275/841 5202/3277/842 5201/3278/842 5199/3276/841
f 5202/3277/842 5204/3279/843 5203/3280/843 5201/3278/842
f 5204/3279/843 5206/3281/844 5205/3282/844 5203/3280/843
f 5206/3281/844 5208/3283/845 5207/3284/845 5205/3282/844
f 5208/3283/845 5210/3285/846 5209/3286/846 5207/3284/845
f 5210/3285/846 5212/3287/22 5211/3288/22 5209/3286/846
f 5212/3287/22 5214/3289/23 5213/3290/23 5211/3288/22
f 5214/3289/23 5216/3291/24 5215/3292/24 5213/3290/23
f 5216/3291/24 5218/3293/25 5217/3294/25 5215/3292/24
f 5218/3293/25 5220/2179/26 5219/2180/26 5217/3294/25
f 5220/2179/26 5222/3295/27 5221/3296/27 5219/2180/26
f 5222/3295/27 5224/3297/28 5223/3298/28 5221/3296/27
f 5224/3297/28 5226/3299/29 5225/3300/29 5223/3298/28
f 5226/3299/29 5228/3301/30 5227/3302/30 5225/3300/29
f 5228/3301/30 5230/3303/31 5229/3304/31 5227/3302/30
f 5230/3303/31 5232/3305/32 5231/3306/32 5229/3304/31
f 5232/3305/32 5234/3307/834 5233/3308/834 5231/3306/32
f 5234/3307/834 5236/3309/34 5235/3310/34 5233/3308/834
f 5236/3309/34 5238/3311/35 5237/3312/35 5235/3310/34
f 5238/3311/35 5240/3313/695 5239/3314/695 5237/3312/35
f 5240/3313/695 5242/3315/37 5241/3316/37 5239/3314/695
f 5242/3315/37 5244/3317/38 5243/3318/38 5241/3316/37
f 5244/3317/38 5246/3319/39 5245/3320/39 5243/3318/38
f 5246/3319/39 5248/3321/40 5247/3322/40 5245/3320/39
f 5248/3321/40 5250/3323/41 5249/3324/41 5247/3322/40
f 5250/3323/41 5252/3325/42 5251/3326/42 5249/3324/41
f 5252/3325/42 5254/2193/43 5253/2194/43 5251/3326/42
f 5254/2193/43 5256/3327/44 5255/3328/44 5253/2194/43
f 5256/3327/44 5258/3329/45 5257/3330/45 5255/3328/44
f 5258/3329/45 5260/3331/46 5259/3332/46 5257/3330/45
f 5260/3331/46 5262/3333/47 5261/3334/47 5259/3332/46
f 5262/3333/47 5264/3335/847 5263/3336/847 5261/3334/47
f 5264/3335/847 5266/3337/848 5265/3338/848 5263/3336/847
f 5266/3337/848 5268/3339/849 5267/3340/849 5265/3338/848
f 5268/3339/849 5270/3341/850 5269/3342/850 5267/3340/849
f 5270/3341/850 5272/3343/851 5271/3344/851 5269/3342/850
f 5272/3343/851 5274/3345/852 5273/3346/852 5271/3344/851
f 5274/3345/852 5276/3347/853 5275/3348/853 5273/3346/852
f 5276/3347/853 5278/3349/854 5277/3350/854 5275/3348/853
f 5278/3349/854 5280/3351/855 5279/3352/855 5277/3350/854
f 5280/3351/855 5282/3353/856 5281/3354/856 5279/3352/855
f 5282/3353/856 5284/3355/857 5283/3356/857 5281/3354/856
f 5284/3355/857 5286/3357/858 5285/3358/858 5283/3356/857
f 5286/3357/858 5288/2207/859 5287/2208/859 5285/3358/858
f 5288/2207/859 5290/3359/860 5289/3360/860 5287/2208/859
f 5290/3359/860 5292/3361/861 5291/3362/861 5289/3360/860
f 5292/3361/861 5294/3363/862 5293/3364/862 5291/3362/861
f 5294/3363/862 5296/3365/863 5295/3366/863 5293/3364/862
f 5296/3365/863 5298/3367/864 5297/3368/864 5295/3366/863
f 5298/3367/864 5300/3369/865 5299/3370/865 5297/3368/864
f 5300/3369/865 5302/3371/866 5301/3372/866 5299/3370/865
f 5302/3371/866 5304/3373/867 5303/3374/867 5301/3372/866
f 5304/3373/867 5306/3375/868 5305/3376/868 5303/3374/867
f 5306/3375/868 5308/3377/869 5307/3378/869 5305/3376/868
f 5308/3377/869 5310/3379/870 5309/3380/870 5307/3378/869
f 5310/3379/870 5312/3381/871 5311/3382/871 5309/3380/870
f 5312/3381/871 5314/3383/872 5313/3384/872 5311/3382/871
f 5314/3383/872 5316/3385/873 5315/3386/873 5313/3384/872
f 5316/3385/873 5318/3387/874 5317/3388/874 5315/3386/873
f 5318/3387/874 5320/3389/875 5319/3390/875 5317/3388/874
f 5320/3389/875 5322/2221/876 5321/2222/876 5319/3390/875
f 5322/2221/876 5324/3391/877 5323/3392/877 5321/2222/876
f 5324/3391/877 5326/3393/878 5325/3394/878 5323/3392/877
f 5326/3393/878 5328/3395/879 5327/3396/879 5325/3394/878
f 5328/3395/879 5330/3397/880 5329/3398/880 5327/3396/879
f 5330/3397/880 5332/3399/881 5331/3400/881 5329/3398/880
f 5332/3399/881 5334/3401/882 5333/3402/882 5331/3400/881
f 5334/3401/882 5336/3403/883 5335/3404/883 5333/3402/882
f 5336/3403/883 5338/3405/884 5337/3406/884 5335/3404/883
f 5338/3405/884 5340/3407/885 5339/3408/885 5337/3406/884
f 5340/3407/885 5342/3409/886 5341/3410/886 5339/3408/885
f 5342/3409/886 5344/3411/887 5343/3412/887 5341/3410/886
f 5344/3411/887 5346/3413/888 5345/3414/888 5343/3412/887
f 5346/3413/888 5348/3415/889 5347/3416/889 5345/3414/888
f 5348/3415/889 5350/3417/890 5349/3418/890 5347/3416/889
f 5350/3417/890 5352/3419/891 5351/3420/891 5349/3418/890
f 5352/3419/891 5354/3421/892 5353/3422/892 5351/3420/891
f 5354/3421/892 5356/2235/893 5355/2236/893 5353/3422/892
f 5356/2235/893 5358/3423/894 5357/3424/894 5355/2236/893
f 5358/3423/894 5360/3425/895 5359/3426/895 5357/3424/894
f 5360/3425/895 5362/3427/896 5361/3428/896 5359/3426/895
f 5362/3427/896 5364/3429/897 5363/3430/897 5361/3428/896
f 5364/3429/897 5366/3431/898 5365/3432/898 5363/3430/897
f 5366/3431/898 5368/3433/899 5367/3434/899 5365/3432/898
f 5368/3433/899 5370/3435/900 5369/3436/900 5367/3434/899
f 5370/3435/900 5372/3437/901 5371/3438/901 5369/3436/900
f 5372/3437/901 5374/3439/902 5373/3440/902 5371/3438/901
f 5374/3439/902 5376/3441/903 5375/3442/903 5373/3440/902
f 5376/3441/903 5378/3443/904 5377/3444/904 5375/3442/903
f 5378/3443/904 5380/3445/905 5379/3446/905 5377/3444/904
f 5380/3445/905 5382/3447/906 5381/3448/906 5379/3446/905
f 5382/3447/906 5384/3449/907 5383/3450/907 5381/3448/906
f 5384/3449/907 5386/3451/908 5385/3452/908 5383/3450/907
f 5386/3451/908 5388/3453/909 5387/3454/909 5385/3452/908
f 5388/3453/909 5390/2249/910 5389/2250/910 5387/3454/909
f 5390/2249/910 5392/3455/911 5391/3456/911 5389/2250/910
f 5392/3455/911 5394/3457/912 5393/3458/912 5391/3456/911
f 5394/3457/912 5396/3459/913 5395/3460/913 5393/3458/912
f 5396/3459/913 5398/3461/914 5397/3462/914 5395/3460/913
f 5398/3461/914 5400/3463/915 5399/3464/915 5397/3462/914
f 5400/3463/915 5402/3465/916 5401/3466/916 5399/3464/915
f 5402/3465/916 5404/3467/917 5403/3468/917 5401/3466/916
f 5404/3467/917 5406/3469/918 5405/3470/918 5403/3468/917
f 5406/3469/918 5408/3471/919 5407/3472/919 5405/3470/918
f 5408/3471/919 5410/3473/920 5409/3474/920 5407/3472/919
f 5410/3473/920 5412/3475/921 5411/3476/921 5409/3474/920
f 5412/3475/921 5414/3477/922 5413/3478/922 5411/3476/921
f 5414/3477/922 5416/3479/923 5415/3480/923 5413/3478/922
f 5416/3479/923 5418/3481/924 5417/3482/924 5415/3480/923
f 5418/3481/924 5420/3483/925 5419/3484/925 5417/3482/924
f 5420/3483/925 5422/3485/926 5421/3486/926 5419/3484/925
f 5422/3485/926 5424/1375/927 5423/1071/927 5421/3486/926
f 5424/1375/927 5426/3487/928 5425/3488/928 5423/1071/927
f 5426/3487/928 5428/3489/929 5427/3490/929 5425/3488/928
f 5428/3489/929 5430/3491/930 5429/3492/930 5427/3490/929
f 5430/3491/930 5432/3493/931 5431/3494/931 5429/3492/930
f 5432/3493/931 5434/3495/932 5433/3496/932 5431/3494/931
f 5434/3495/932 5436/3497/933 5435/3498/933 5433/3496/932
f 5436/3497/933 5438/3499/934 5437/3500/934 5435/3498/933
f 5438/3499/934 5440/3501/935 5439/3502/935 5437/3500/934
f 5440/3501/935 5442/3503/936 5441/3504/936 5439/3502/935
f 5442/3503/936 5444/3505/937 5443/3506/937 5441/3504/936
f 5444/3505/937 5446/3507/938 5445/3508/938 5443/3506/937
f 5446/3507/938 5448/3509/939 5447/3510/939 5445/3508/938
f 5448/3509/939 5450/3511/940 5449/3512/940 5447/3510/939
f 5450/3511/940 5452/3513/941 5451/3514/941 5449/3512/940
f 5452/3513/941 5454/3515/942 5453/3516/942 5451/3514/941
f 5454/3515/942 5456/3517/943 5455/3518/943 5453/3516/942
f 5456/3517/943 5458/2275/944 5457/2276/944 5455/3518/943
f 5458/2275/944 5460/3519/945 5459/3520/945 5457/2276/944
f 5460/3519/945 5462/3521/696 5461/3522/696 5459/3520/945
f 5462/3521/696 5464/3523/697 5463/3524/697 5461/3522/696
f 5464/3523/697 5466/3525/698 5465/3526/698 5463/3524/697
f 5466/3525/698 5468/3527/699 5467/3528/699 5465/3526/698
f 5468/3527/699 5470/3529/700 5469/3530/700 5467/3528/699
f 5470/3529/700 5472/3531/701 5471/3532/701 5469/3530/700
f 5472/3531/701 5474/3533/123 5473/3534/123 5471/3532/701
f 5474/3533/123 5476/3535/702 5475/3536/702 5473/3534/123
f 5476/3535/702 5478/3537/703 5477/3538/703 5475/3536/702
f 5478/3537/703 5480/3539/704 5479/3540/704 5477/3538/703
f 5480/3539/704 5482/3541/705 5481/3542/705 5479/3540/704
f 5482/3541/705 5484/3543/706 5483/3544/706 5481/3542/705
f 5484/3543/706 5486/3545/621 5485/3546/621 5483/3544/706
f 5486/3545/621 5488/3547/9 5487/3548/9 5485/3546/621
f 5488/3547/9 5490/3549/257 5489/3550/257 5487/3548/9
f 5490/3549/257 5492/2289/11 5491/2290/11 5489/3550/257
f 5492/2289/11 5494/3551/12 5493/3552/12 5491/2290/11
f 5494/3551/12 5496/3553/13 5495/3554/13 5493/3552/12
f 5496/3553/13 5498/3555/14 5497/3556/14 5495/3554/13
f 5498/3555/14 5500/3557/15 5499/3558/15 5497/3556/14
f 5500/3557/15 5502/3559/16 5501/3560/16 5499/3558/15
f 5502/3559/16 5504/3561/17 5503/3562/17 5501/3560/16
f 5504/3561/17 5506/3563/18 5505/3564/18 5503/3562/17
f 5506/3563/18 5508/3565/19 5507/3566/19 5505/3564/18
f 5508/3565/19 5510/3567/20 5509/3568/20 5507/3566/19
f 5510/3567/20 5512/3569/21 5511/3570/21 5509/3568/20
f 5512/3569/21 5514/3571/946 5513/3572/946 5511/3570/21
f 5514/3571/946 5516/3573/947 5515/3574/947 5513/3572/946
f 5516/3573/947 5518/3575/948 5517/3576/948 5515/3574/947
f 5518/3575/948 5520/3577/949 5519/3578/949 5517/3576/948
f 5520/3577/949 5522/3579/950 5521/3580/950 5519/3578/949
f 5522/3579/950 5524/3581/951 5523/3582/951 5521/3580/950
f 5524/3581/951 5526/2303/952 5525/2304/952 5523/3582/951
f 5526/2303/952 5528/3583/953 5527/3584/953 5525/2304/952
f 5528/3583/953 5530/3585/954 5529/3586/954 5527/3584/953
f 5530/3585/954 5532/3587/955 5531/3588/955 5529/3586/954
f 5532/3587/955 5534/3589/956 5533/3590/956 5531/3588/955
f 5534/3589/956 5536/3591/957 5535/3592/957 5533/3590/956
f 5536/3591/957 5538/3593/958 5537/3594/958 5535/3592/957
f 5538/3593/958 5540/3595/959 5539/3596/959 5537/3594/958
f 5540/3595/959 5542/3597/960 5541/3598/960 5539/3596/959
f 5542/3597/960 5544/3599/961 5543/3600/961 5541/3598/960
f 5544/3599/961 5546/3601/962 5545/3602/962 5543/3600/961
f 5546/3601/962 5548/3603/963 5547/3604/963 5545/3602/962
f 5548/3603/963 5550/3605/964 5549/3606/964 5547/3604/963
f 5550/3605/964 5552/3607/965 5551/3608/965 5549/3606/964
f 5552/3607/965 5554/3609/966 5553/3610/966 5551/3608/965
f 5554/3609/966 5556/3611/967 5555/3612/967 5553/3610/966
f 5556/3611/967 5558/3613/968 5557/3614/968 5555/3612/967
f 5558/3613/968 5560/2317/969 5559/2318/969 5557/3614/968
f 5560/2317/969 5562/3615/970 5561/3616/970 5559/2318/969
f 5562/3615/970 5564/3617/971 5563/3618/971 5561/3616/970
f 5564/3617/971 5566/3619/972 5565/3620/972 5563/3618/971
f 5566/3619/972 5568/3621/973 5567/3622/973 5565/3620/972
f 5568/3621/973 5570/3623/974 5569/3624/974 5567/3622/973
f 5570/3623/974 5572/3625/975 5571/3626/975 5569/3624/974
f 5572/3625/975 5574/3627/976 5573/3628/976 5571/3626/975
f 5574/3627/976 5576/3629/977 5575/3630/977 5573/3628/976
f 5576/3629/977 5578/3631/978 5577/3632/978 5575/3630/977
f 5578/3631/978 5580/3633/979 5579/3634/979 5577/3632/978
f 5580/3633/979 5582/3635/980 5581/3636/980 5579/3634/979
f 5582/3635/980 5584/3637/981 5583/3638/981 5581/3636/980
f 5584/3637/981 5586/3639/982 5585/3640/982 5583/3638/981
f 5586/3639/982 5588/3641/983 5587/3642/983 5585/3640/982
f 5588/3641/983 5590/3643/984 5589/3644/984 5587/3642/983
f 5590/3643/984 5592/3645/985 5591/3646/985 5589/3644/984
f 5592/3645/985 5594/2331/986 5593/2332/986 5591/3646/985
f 5594/2331/986 5596/3647/987 5595/3648/987 5593/2332/986
f 5596/3647/987 5598/3649/988 5597/3650/988 5595/3648/987
f 5598/3649/988 5600/3651/989 5599/3652/989 5597/3650/988
f 5600/3651/989 5602/3653/990 5601/3654/990 5599/3652/989
f 5602/3653/990 5604/3655/991 5603/3656/991 5601/3654/990
f 5604/3655/991 5606/3657/992 5605/3658/992 5603/3656/991
f 5606/3657/992 5608/3659/993 5607/3660/993 5605/3658/992
f 5608/3659/993 5610/3661/994 5609/3662/994 5607/3660/993
f 5610/3661/994 5612/3663/995 5611/3664/995 5609/3662/994
f 5612/3663/995 5614/3665/996 5613/3666/996 5611/3664/995
f 5614/3665/996 5616/3667/997 5615/3668/997 5613/3666/996
f 5616/3667/997 5618/3669/998 5617/3670/998 5615/3668/997
f 5618/3669/998 5620/3671/999 5619/3672/999 5617/3670/998
f 5620/3671/999 5622/3673/1000 5621/3674/1000 5619/3672/999
f 5622/3673/1000 5624/3675/1001 5623/3676/1001 5621/3674/1000
f 5624/3675/1001 5626/3677/1002 5625/3678/1002 5623/3676/1001
f 5626/3677/1002 5628/2345/1003 5627/2346/1003 5625/3678/1002
f 5628/2345/1003 5630/3679/1004 5629/3680/1004 5627/2346/1003
f 5630/3679/1004 5632/3681/1005 5631/3682/1005 5629/3680/1004
f 5632/3681/1005 5634/3683/1006 5633/3684/1006 5631/3682/1005
f 5634/3683/1006 5636/3685/1007 5635/3686/1007 5633/3684/1006
f 5636/3685/1007 5638/3687/1008 5637/3688/1008 5635/3686/1007
f 5638/3687/1008 5640/3689/1009 5639/3690/1009 5637/3688/1008
f 5640/3689/1009 5642/3691/1010 5641/3692/1010 5639/3690/1009
f 5642/3691/1010 5644/3693/1011 5643/3694/1011 5641/3692/1010
f 5644/3693/1011 5646/3695/1012 5645/3696/1012 5643/3694/1011
f 5646/3695/1012 5648/3697/1013 5647/3698/1013 5645/3696/1012
f 5648/3697/1013 5650/3699/1014 5649/3700/1014 5647/3698/1013
f 5650/3699/1014 5652/3701/1015 5651/3702/1015 5649/3700/1014
f 5652/3701/1015 5654/3703/1016 5653/3704/1016 5651/3702/1015
f 5654/3703/1016 5656/3705/1017 5655/3706/1017 5653/3704/1016
f 5656/3705/1017 5658/3707/1018 5657/3708/1018 5655/3706/1017
f 5658/3707/1018 5660/3709/1019 5659/3710/1019 5657/3708/1018
f 5660/3709/1019 5186/1432/835 5185/213/835 5659/3710/1019
