# Blender 4.5.0
# www.blender.org
mtllib start.mtl
o Text
v 0.415948 -0.049028 0.100480
v 0.673002 -0.049028 0.100480
v 0.673002 -0.099026 0.100965
v 0.415948 -0.099026 0.100965
v 0.124804 -0.049028 0.100480
v 0.415948 -0.049028 0.100480
v 0.415948 -0.099026 0.100965
v 0.124804 -0.099026 0.100965
v -0.161246 -0.049028 0.100480
v 0.124804 -0.049028 0.100480
v 0.124804 -0.099026 0.100965
v -0.161246 -0.099026 0.100965
v -0.418299 -0.049028 0.100480
v -0.161246 -0.049028 0.100480
v -0.161246 -0.099026 0.100965
v -0.418299 -0.099026 0.100965
v -0.673002 -0.049028 0.100480
v -0.418299 -0.049028 0.100480
v -0.418299 -0.099026 0.100965
v -0.673002 -0.099026 0.100965
v 0.590321 0.015076 0.099859
v 0.590223 0.012823 0.099880
v 0.589929 0.010766 0.099900
v 0.589440 0.008904 0.099918
v 0.588754 0.007239 0.099934
v 0.587872 0.005770 0.099949
v 0.586795 0.004496 0.099961
v 0.585521 0.003419 0.099972
v 0.584052 0.002537 0.099980
v 0.582386 0.001851 0.099987
v 0.580525 0.001362 0.099992
v 0.578468 0.001068 0.099994
v 0.576215 0.000970 0.099995
v 0.512735 0.000970 0.099995
v 0.510482 0.001068 0.099994
v 0.508425 0.001362 0.099992
v 0.506564 0.001851 0.099987
v 0.504898 0.002537 0.099980
v 0.503429 0.003419 0.099972
v 0.502155 0.004496 0.099961
v 0.501078 0.005770 0.099949
v 0.500196 0.007239 0.099934
v 0.499510 0.008904 0.099918
v 0.499020 0.010766 0.099900
v 0.498727 0.012823 0.099880
v 0.498629 0.015076 0.099859
v 0.498629 0.207465 0.097993
v 0.441027 0.207465 0.097993
v 0.438774 0.207563 0.097992
v 0.436716 0.207857 0.097989
v 0.434855 0.208346 0.097984
v 0.433190 0.209032 0.097977
v 0.431720 0.209914 0.097969
v 0.430447 0.210991 0.097958
v 0.429369 0.212265 0.097946
v 0.428487 0.213734 0.097932
v 0.427802 0.215399 0.097916
v 0.427312 0.217261 0.097898
v 0.427018 0.219318 0.097878
v 0.426920 0.221571 0.097856
v 0.426920 0.268982 0.097396
v 0.427018 0.271235 0.097374
v 0.427312 0.273292 0.097354
v 0.427802 0.275154 0.097336
v 0.428487 0.276819 0.097320
v 0.429369 0.278288 0.097306
v 0.430447 0.279562 0.097293
v 0.431720 0.280639 0.097283
v 0.433190 0.281521 0.097274
v 0.434855 0.282207 0.097268
v 0.436716 0.282696 0.097263
v 0.438773 0.282990 0.097260
v 0.441027 0.283088 0.097259
v 0.647923 0.283088 0.097259
v 0.650176 0.282990 0.097260
v 0.652233 0.282696 0.097263
v 0.654095 0.282207 0.097268
v 0.655760 0.281521 0.097274
v 0.657230 0.280639 0.097283
v 0.658503 0.279562 0.097293
v 0.659581 0.278288 0.097306
v 0.660462 0.276819 0.097320
v 0.661148 0.275154 0.097336
v 0.661638 0.273292 0.097354
v 0.661932 0.271235 0.097374
v 0.662030 0.268982 0.097396
v 0.662030 0.221571 0.097856
v 0.661932 0.219318 0.097878
v 0.661638 0.217261 0.097898
v 0.661148 0.215399 0.097916
v 0.660462 0.213734 0.097932
v 0.659581 0.212265 0.097946
v 0.658503 0.210991 0.097958
v 0.657229 0.209914 0.097969
v 0.655760 0.209032 0.097977
v 0.654095 0.208346 0.097984
v 0.652233 0.207857 0.097989
v 0.650176 0.207563 0.097992
v 0.647923 0.207465 0.097993
v 0.590321 0.207465 0.097993
v 0.240400 0.015076 0.099859
v 0.240302 0.012823 0.099880
v 0.240008 0.010766 0.099900
v 0.239518 0.008904 0.099918
v 0.238832 0.007239 0.099934
v 0.237951 0.005770 0.099949
v 0.236873 0.004496 0.099961
v 0.235600 0.003419 0.099972
v 0.234130 0.002537 0.099980
v 0.232465 0.001851 0.099987
v 0.230603 0.001362 0.099992
v 0.228546 0.001068 0.099994
v 0.226293 0.000970 0.099995
v 0.165948 0.000970 0.099995
v 0.163695 0.001068 0.099994
v 0.161638 0.001362 0.099992
v 0.159777 0.001851 0.099987
v 0.158111 0.002537 0.099980
v 0.156642 0.003419 0.099972
v 0.155368 0.004496 0.099961
v 0.154291 0.005770 0.099949
v 0.153409 0.007239 0.099934
v 0.152723 0.008904 0.099918
v 0.152234 0.010766 0.099900
v 0.151940 0.012823 0.099880
v 0.151842 0.015076 0.099859
v 0.151842 0.268982 0.097396
v 0.151940 0.271235 0.097374
v 0.152234 0.273292 0.097354
v 0.152723 0.275154 0.097336
v 0.153409 0.276819 0.097320
v 0.154291 0.278288 0.097306
v 0.155368 0.279562 0.097293
v 0.156642 0.280639 0.097283
v 0.158111 0.281521 0.097274
v 0.159777 0.282207 0.097268
v 0.161638 0.282696 0.097263
v 0.163695 0.282990 0.097260
v 0.165948 0.283088 0.097259
v 0.296434 0.283088 0.097259
v 0.301245 0.283031 0.097260
v 0.305882 0.282860 0.097261
v 0.310345 0.282574 0.097264
v 0.314633 0.282174 0.097268
v 0.318748 0.281660 0.097273
v 0.322688 0.281031 0.097279
v 0.326454 0.280288 0.097286
v 0.330046 0.279431 0.097295
v 0.333464 0.278460 0.097304
v 0.336708 0.277374 0.097315
v 0.339777 0.276174 0.097326
v 0.342672 0.274860 0.097339
v 0.345413 0.273443 0.097353
v 0.348017 0.271937 0.097367
v 0.350485 0.270341 0.097383
v 0.352817 0.268656 0.097399
v 0.355013 0.266880 0.097416
v 0.357073 0.265015 0.097435
v 0.358997 0.263060 0.097454
v 0.360785 0.261015 0.097473
v 0.362436 0.258880 0.097494
v 0.363952 0.256656 0.097516
v 0.365332 0.254342 0.097538
v 0.366575 0.251938 0.097561
v 0.367702 0.249455 0.097585
v 0.368730 0.246904 0.097610
v 0.369661 0.244285 0.097636
v 0.370494 0.241598 0.097662
v 0.371228 0.238843 0.097688
v 0.371865 0.236019 0.097716
v 0.372404 0.233128 0.097744
v 0.372845 0.230169 0.097772
v 0.373188 0.227142 0.097802
v 0.373433 0.224047 0.097832
v 0.373580 0.220884 0.097863
v 0.373629 0.217652 0.097894
v 0.373629 0.199628 0.098069
v 0.373596 0.196921 0.098095
v 0.373498 0.194284 0.098121
v 0.373335 0.191718 0.098145
v 0.373106 0.189223 0.098170
v 0.372812 0.186798 0.098193
v 0.372453 0.184445 0.098216
v 0.372028 0.182162 0.098238
v 0.371539 0.179950 0.098260
v 0.370984 0.177808 0.098280
v 0.370363 0.175737 0.098300
v 0.369677 0.173737 0.098320
v 0.368926 0.171808 0.098338
v 0.368088 0.169955 0.098356
v 0.367141 0.168184 0.098374
v 0.366085 0.166494 0.098390
v 0.364921 0.164886 0.098406
v 0.363647 0.163359 0.098420
v 0.362265 0.161914 0.098434
v 0.360774 0.160551 0.098448
v 0.359174 0.159270 0.098460
v 0.357465 0.158070 0.098472
v 0.355647 0.156951 0.098483
v 0.353720 0.155914 0.098493
v 0.351685 0.154959 0.098502
v 0.355217 0.154480 0.098507
v 0.358629 0.153827 0.098513
v 0.361922 0.153000 0.098521
v 0.365095 0.151999 0.098531
v 0.368148 0.150823 0.098542
v 0.371081 0.149474 0.098555
v 0.373895 0.147950 0.098570
v 0.376589 0.146252 0.098586
v 0.379163 0.144380 0.098604
v 0.381618 0.142334 0.098624
v 0.383953 0.140113 0.098646
v 0.386168 0.137719 0.098669
v 0.388233 0.135169 0.098694
v 0.390119 0.132484 0.098720
v 0.391825 0.129662 0.098747
v 0.393352 0.126704 0.098776
v 0.394699 0.123610 0.098806
v 0.395866 0.120380 0.098837
v 0.396854 0.117014 0.098870
v 0.397662 0.113512 0.098904
v 0.398291 0.109874 0.098939
v 0.398740 0.106100 0.098976
v 0.399009 0.102190 0.099014
v 0.399099 0.098144 0.099053
v 0.399099 0.015076 0.099859
v 0.399001 0.012823 0.099880
v 0.398707 0.010766 0.099900
v 0.398217 0.008904 0.099918
v 0.397531 0.007239 0.099934
v 0.396650 0.005770 0.099949
v 0.395572 0.004496 0.099961
v 0.394299 0.003419 0.099972
v 0.392829 0.002537 0.099980
v 0.391164 0.001851 0.099987
v 0.389303 0.001362 0.099992
v 0.387245 0.001068 0.099994
v 0.384992 0.000970 0.099995
v 0.324255 0.000970 0.099995
v 0.322002 0.001068 0.099994
v 0.319945 0.001362 0.099992
v 0.318084 0.001851 0.099987
v 0.316419 0.002537 0.099980
v 0.314949 0.003419 0.099972
v 0.313676 0.004496 0.099961
v 0.312598 0.005770 0.099949
v 0.311716 0.007239 0.099934
v 0.311031 0.008904 0.099918
v 0.310541 0.010766 0.099900
v 0.310247 0.012823 0.099880
v 0.310149 0.015076 0.099859
v 0.310149 0.075026 0.099277
v 0.310126 0.076492 0.099263
v 0.310056 0.077888 0.099249
v 0.309941 0.079214 0.099236
v 0.309779 0.080468 0.099224
v 0.309571 0.081652 0.099213
v 0.309316 0.082765 0.099202
v 0.309016 0.083807 0.099192
v 0.308669 0.084778 0.099183
v 0.308275 0.085679 0.099174
v 0.307836 0.086509 0.099166
v 0.307350 0.087268 0.099158
v 0.306818 0.087956 0.099152
v 0.306229 0.088582 0.099146
v 0.305572 0.089154 0.099140
v 0.304847 0.089671 0.099135
v 0.304053 0.090133 0.099131
v 0.303192 0.090541 0.099127
v 0.302263 0.090895 0.099123
v 0.301266 0.091194 0.099120
v 0.300200 0.091439 0.099118
v 0.299067 0.091630 0.099116
v 0.297866 0.091766 0.099115
v 0.296596 0.091847 0.099114
v 0.295259 0.091875 0.099114
v 0.240400 0.091875 0.099114
v 0.269788 0.212559 0.097943
v 0.240400 0.212559 0.097943
v 0.240400 0.162404 0.098430
v 0.269788 0.162404 0.098430
v 0.271440 0.162441 0.098429
v 0.272999 0.162551 0.098428
v 0.274466 0.162735 0.098426
v 0.275840 0.162992 0.098424
v 0.277122 0.163323 0.098421
v 0.278311 0.163727 0.098417
v 0.279408 0.164204 0.098412
v 0.280412 0.164755 0.098407
v 0.281323 0.165380 0.098401
v 0.282143 0.166078 0.098394
v 0.282869 0.166849 0.098387
v 0.283503 0.167694 0.098378
v 0.284066 0.168593 0.098370
v 0.284581 0.169528 0.098361
v 0.285046 0.170498 0.098351
v 0.285462 0.171503 0.098341
v 0.285830 0.172544 0.098331
v 0.286148 0.173620 0.098321
v 0.286418 0.174732 0.098310
v 0.286638 0.175879 0.098299
v 0.286809 0.177061 0.098288
v 0.286932 0.178279 0.098276
v 0.287005 0.179532 0.098264
v 0.287030 0.180820 0.098251
v 0.287030 0.194142 0.098122
v 0.287005 0.195431 0.098109
v 0.286932 0.196684 0.098097
v 0.286809 0.197902 0.098085
v 0.286638 0.199084 0.098074
v 0.286418 0.200231 0.098063
v 0.286148 0.201342 0.098052
v 0.285830 0.202419 0.098042
v 0.285462 0.203459 0.098032
v 0.285046 0.204465 0.098022
v 0.284581 0.205435 0.098012
v 0.284066 0.206369 0.098003
v 0.283503 0.207269 0.097995
v 0.282869 0.208114 0.097986
v 0.282143 0.208885 0.097979
v 0.281323 0.209583 0.097972
v 0.280412 0.210208 0.097966
v 0.279408 0.210759 0.097961
v 0.278311 0.211236 0.097956
v 0.277122 0.211640 0.097952
v 0.275840 0.211971 0.097949
v 0.274466 0.212228 0.097946
v 0.272999 0.212412 0.097945
v 0.271440 0.212522 0.097944
v -0.054271 0.069932 0.099326
v -0.054271 0.015076 0.099859
v -0.054369 0.012823 0.099880
v -0.054663 0.010766 0.099900
v -0.055153 0.008904 0.099918
v -0.055839 0.007239 0.099934
v -0.056720 0.005770 0.099949
v -0.057798 0.004496 0.099961
v -0.059071 0.003419 0.099972
v -0.060541 0.002537 0.099980
v -0.062206 0.001851 0.099987
v -0.064067 0.001362 0.099992
v -0.066125 0.001068 0.099994
v -0.068378 0.000970 0.099995
v -0.125980 0.000970 0.099995
v -0.128233 0.001068 0.099994
v -0.130290 0.001362 0.099992
v -0.132151 0.001851 0.099987
v -0.133817 0.002537 0.099980
v -0.135286 0.003419 0.099972
v -0.136560 0.004496 0.099961
v -0.137637 0.005770 0.099949
v -0.138519 0.007239 0.099934
v -0.139205 0.008904 0.099918
v -0.139694 0.010766 0.099900
v -0.139988 0.012823 0.099880
v -0.140086 0.015076 0.099859
v -0.140086 0.118519 0.098855
v -0.140060 0.120503 0.098836
v -0.139983 0.122535 0.098816
v -0.139854 0.124617 0.098796
v -0.139673 0.126748 0.098775
v -0.139440 0.128927 0.098754
v -0.139156 0.131156 0.098733
v -0.138819 0.133433 0.098711
v -0.138432 0.135760 0.098688
v -0.137992 0.138135 0.098665
v -0.137501 0.140560 0.098642
v -0.136958 0.143033 0.098618
v -0.136364 0.145555 0.098593
v -0.135715 0.148138 0.098568
v -0.135008 0.150791 0.098542
v -0.134245 0.153515 0.098516
v -0.133425 0.156309 0.098489
v -0.132547 0.159174 0.098461
v -0.131612 0.162110 0.098433
v -0.130621 0.165117 0.098403
v -0.129572 0.168195 0.098374
v -0.128465 0.171343 0.098343
v -0.127302 0.174562 0.098312
v -0.126082 0.177852 0.098280
v -0.124804 0.181212 0.098247
v -0.090713 0.270158 0.097385
v -0.089916 0.272223 0.097365
v -0.088961 0.274109 0.097346
v -0.087848 0.275815 0.097330
v -0.086577 0.277341 0.097315
v -0.085148 0.278688 0.097302
v -0.083562 0.279856 0.097291
v -0.081818 0.280843 0.097281
v -0.079916 0.281651 0.097273
v -0.077856 0.282280 0.097267
v -0.075638 0.282729 0.097263
v -0.073262 0.282998 0.097260
v -0.070729 0.283088 0.097259
v 0.034679 0.283088 0.097259
v 0.037150 0.282998 0.097260
v 0.039468 0.282729 0.097263
v 0.041634 0.282280 0.097267
v 0.043648 0.281651 0.097273
v 0.045509 0.280843 0.097281
v 0.047218 0.279856 0.097291
v 0.048774 0.278688 0.097302
v 0.050179 0.277341 0.097315
v 0.051430 0.275815 0.097330
v 0.052530 0.274109 0.097346
v 0.053477 0.272223 0.097365
v 0.054271 0.270158 0.097385
v 0.088362 0.181212 0.098247
v 0.089640 0.177852 0.098280
v 0.090860 0.174562 0.098312
v 0.092023 0.171343 0.098343
v 0.093130 0.168195 0.098374
v 0.094179 0.165117 0.098403
v 0.095170 0.162110 0.098433
v 0.096105 0.159174 0.098461
v 0.096983 0.156309 0.098489
v 0.097803 0.153514 0.098516
v 0.098566 0.150791 0.098542
v 0.099273 0.148138 0.098568
v 0.099922 0.145555 0.098593
v 0.100516 0.143033 0.098618
v 0.101059 0.140560 0.098642
v 0.101550 0.138135 0.098665
v 0.101990 0.135760 0.098688
v 0.102378 0.133433 0.098711
v 0.102714 0.131156 0.098733
v 0.102998 0.128927 0.098754
v 0.103231 0.126748 0.098775
v 0.103412 0.124617 0.098796
v 0.103541 0.122535 0.098816
v 0.103618 0.120503 0.098836
v 0.103644 0.118519 0.098855
v 0.103644 0.015076 0.099859
v 0.103546 0.012823 0.099880
v 0.103252 0.010766 0.099900
v 0.102763 0.008904 0.099918
v 0.102077 0.007239 0.099934
v 0.101195 0.005770 0.099949
v 0.100118 0.004496 0.099961
v 0.098844 0.003419 0.099972
v 0.097375 0.002537 0.099980
v 0.095709 0.001851 0.099987
v 0.093848 0.001362 0.099992
v 0.091791 0.001068 0.099994
v 0.089538 0.000970 0.099995
v 0.030368 0.000970 0.099995
v 0.027927 0.001068 0.099994
v 0.025699 0.001362 0.099992
v 0.023682 0.001851 0.099987
v 0.021878 0.002537 0.099980
v 0.020286 0.003419 0.099972
v 0.018907 0.004496 0.099961
v 0.017739 0.005770 0.099949
v 0.016784 0.007239 0.099934
v 0.016041 0.008904 0.099918
v 0.015511 0.010766 0.099900
v 0.015192 0.012823 0.099880
v 0.015086 0.015076 0.099859
v 0.015086 0.069932 0.099326
v -0.024491 0.207465 0.097993
v -0.025261 0.207419 0.097993
v -0.026004 0.207280 0.097994
v -0.026719 0.207048 0.097997
v -0.027408 0.206725 0.098000
v -0.028069 0.206308 0.098004
v -0.028703 0.205800 0.098009
v -0.029310 0.205198 0.098015
v -0.029889 0.204504 0.098021
v -0.030442 0.203718 0.098029
v -0.030967 0.202839 0.098038
v -0.031465 0.201868 0.098047
v -0.031936 0.200804 0.098057
v -0.050353 0.141245 0.098635
v 0.011168 0.141245 0.098635
v -0.007249 0.200804 0.098057
v -0.007720 0.201868 0.098047
v -0.008218 0.202839 0.098038
v -0.008743 0.203718 0.098029
v -0.009296 0.204504 0.098021
v -0.009875 0.205198 0.098015
v -0.010482 0.205799 0.098009
v -0.011116 0.206308 0.098004
v -0.011777 0.206725 0.098000
v -0.012466 0.207048 0.097997
v -0.013181 0.207280 0.097994
v -0.013924 0.207418 0.097993
v -0.014694 0.207465 0.097993
v -0.243926 0.015076 0.099859
v -0.244024 0.012823 0.099880
v -0.244318 0.010766 0.099900
v -0.244808 0.008904 0.099918
v -0.245494 0.007239 0.099934
v -0.246375 0.005770 0.099949
v -0.247453 0.004496 0.099961
v -0.248726 0.003419 0.099972
v -0.250196 0.002537 0.099980
v -0.251861 0.001851 0.099987
v -0.253723 0.001362 0.099992
v -0.255780 0.001068 0.099994
v -0.258033 0.000970 0.099995
v -0.321513 0.000970 0.099995
v -0.323766 0.001068 0.099994
v -0.325823 0.001362 0.099992
v -0.327684 0.001851 0.099987
v -0.329350 0.002537 0.099980
v -0.330819 0.003419 0.099972
v -0.332092 0.004496 0.099961
v -0.333170 0.005770 0.099949
v -0.334052 0.007239 0.099934
v -0.334737 0.008904 0.099918
v -0.335227 0.010766 0.099900
v -0.335521 0.012823 0.099880
v -0.335619 0.015076 0.099859
v -0.335619 0.207465 0.097993
v -0.393221 0.207465 0.097993
v -0.395474 0.207563 0.097992
v -0.397531 0.207857 0.097989
v -0.399393 0.208346 0.097984
v -0.401058 0.209032 0.097977
v -0.402527 0.209914 0.097969
v -0.403801 0.210991 0.097958
v -0.404878 0.212265 0.097946
v -0.405760 0.213734 0.097932
v -0.406446 0.215399 0.097916
v -0.406936 0.217261 0.097898
v -0.407230 0.219318 0.097878
v -0.407328 0.221571 0.097856
v -0.407328 0.268982 0.097396
v -0.407230 0.271235 0.097374
v -0.406936 0.273292 0.097354
v -0.406446 0.275154 0.097336
v -0.405760 0.276819 0.097320
v -0.404878 0.278288 0.097306
v -0.403801 0.279562 0.097293
v -0.402527 0.280639 0.097283
v -0.401058 0.281521 0.097274
v -0.399393 0.282207 0.097268
v -0.397531 0.282696 0.097263
v -0.395474 0.282990 0.097260
v -0.393221 0.283088 0.097259
v -0.186324 0.283088 0.097259
v -0.184071 0.282990 0.097260
v -0.182014 0.282696 0.097263
v -0.180153 0.282207 0.097268
v -0.178487 0.281521 0.097274
v -0.177018 0.280639 0.097283
v -0.175745 0.279562 0.097293
v -0.174667 0.278288 0.097306
v -0.173785 0.276819 0.097320
v -0.173100 0.275154 0.097336
v -0.172610 0.273292 0.097354
v -0.172316 0.271235 0.097374
v -0.172218 0.268982 0.097396
v -0.172218 0.221571 0.097856
v -0.172316 0.219318 0.097878
v -0.172610 0.217261 0.097898
v -0.173100 0.215399 0.097916
v -0.173785 0.213734 0.097932
v -0.174667 0.212265 0.097946
v -0.175745 0.210991 0.097958
v -0.177018 0.209914 0.097969
v -0.178487 0.209032 0.097977
v -0.180153 0.208346 0.097984
v -0.182014 0.207857 0.097989
v -0.184071 0.207563 0.097992
v -0.186324 0.207465 0.097993
v -0.243926 0.207465 0.097993
v -0.455525 0.018798 0.099822
v -0.459231 0.015951 0.099850
v -0.463166 0.013351 0.099875
v -0.467330 0.010998 0.099898
v -0.471722 0.008893 0.099918
v -0.476342 0.007036 0.099936
v -0.481191 0.005427 0.099952
v -0.486269 0.004065 0.099965
v -0.491575 0.002951 0.099976
v -0.497110 0.002084 0.099984
v -0.502874 0.001465 0.099990
v -0.508866 0.001094 0.099994
v -0.515086 0.000970 0.099995
v -0.638911 0.000970 0.099995
v -0.641164 0.001068 0.099994
v -0.643221 0.001362 0.099992
v -0.645082 0.001851 0.099987
v -0.646748 0.002537 0.099980
v -0.648217 0.003419 0.099972
v -0.649490 0.004496 0.099961
v -0.650568 0.005770 0.099949
v -0.651450 0.007239 0.099934
v -0.652135 0.008904 0.099918
v -0.652625 0.010766 0.099900
v -0.652919 0.012823 0.099880
v -0.653017 0.015076 0.099859
v -0.653017 0.060920 0.099414
v -0.652919 0.063173 0.099392
v -0.652625 0.065230 0.099372
v -0.652135 0.067091 0.099354
v -0.651450 0.068757 0.099338
v -0.650568 0.070226 0.099324
v -0.649490 0.071499 0.099311
v -0.648217 0.072577 0.099301
v -0.646748 0.073459 0.099292
v -0.645082 0.074144 0.099286
v -0.643221 0.074634 0.099281
v -0.641164 0.074928 0.099278
v -0.638911 0.075026 0.099277
v -0.533503 0.075026 0.099277
v -0.532672 0.075049 0.099277
v -0.531876 0.075118 0.099276
v -0.531115 0.075234 0.099275
v -0.530390 0.075396 0.099274
v -0.529700 0.075604 0.099271
v -0.529046 0.075858 0.099269
v -0.528427 0.076159 0.099266
v -0.527843 0.076506 0.099263
v -0.527295 0.076899 0.099259
v -0.526782 0.077339 0.099255
v -0.526304 0.077824 0.099250
v -0.525862 0.078356 0.099245
v -0.525455 0.078921 0.099239
v -0.525084 0.079505 0.099234
v -0.524748 0.080107 0.099228
v -0.524447 0.080729 0.099222
v -0.524182 0.081370 0.099216
v -0.523952 0.082030 0.099209
v -0.523757 0.082709 0.099203
v -0.523598 0.083407 0.099196
v -0.523474 0.084124 0.099189
v -0.523386 0.084860 0.099182
v -0.523333 0.085615 0.099174
v -0.523315 0.086389 0.099167
v -0.523333 0.087475 0.099156
v -0.523386 0.088511 0.099146
v -0.523474 0.089499 0.099137
v -0.523598 0.090438 0.099128
v -0.523757 0.091328 0.099119
v -0.523952 0.092168 0.099111
v -0.524182 0.092960 0.099103
v -0.524447 0.093703 0.099096
v -0.524748 0.094397 0.099089
v -0.525084 0.095042 0.099083
v -0.525455 0.095638 0.099077
v -0.525862 0.096185 0.099072
v -0.526304 0.096688 0.099067
v -0.526782 0.097153 0.099062
v -0.527295 0.097581 0.099058
v -0.527843 0.097970 0.099055
v -0.528427 0.098321 0.099051
v -0.529046 0.098634 0.099048
v -0.529700 0.098908 0.099045
v -0.530390 0.099145 0.099043
v -0.531115 0.099344 0.099041
v -0.531876 0.099504 0.099040
v -0.532672 0.099627 0.099039
v -0.533503 0.099711 0.099038
v -0.592281 0.107940 0.098958
v -0.596777 0.108725 0.098950
v -0.601124 0.109643 0.098941
v -0.605322 0.110695 0.098931
v -0.609370 0.111880 0.098920
v -0.613268 0.113198 0.098907
v -0.617016 0.114650 0.098893
v -0.620615 0.116235 0.098877
v -0.624064 0.117953 0.098861
v -0.627363 0.119805 0.098843
v -0.630513 0.121790 0.098824
v -0.633513 0.123908 0.098803
v -0.636364 0.126160 0.098781
v -0.639024 0.128610 0.098757
v -0.641452 0.131324 0.098731
v -0.643650 0.134303 0.098702
v -0.645616 0.137545 0.098671
v -0.647350 0.141051 0.098637
v -0.648854 0.144821 0.098600
v -0.650126 0.148855 0.098561
v -0.651167 0.153153 0.098519
v -0.651976 0.157714 0.098475
v -0.652555 0.162540 0.098428
v -0.652902 0.167630 0.098379
v -0.653017 0.172984 0.098327
v -0.653017 0.214126 0.097928
v -0.652868 0.219631 0.097875
v -0.652419 0.224912 0.097823
v -0.651670 0.229971 0.097774
v -0.650623 0.234806 0.097728
v -0.649276 0.239418 0.097683
v -0.647629 0.243807 0.097640
v -0.645684 0.247973 0.097600
v -0.643439 0.251916 0.097562
v -0.640894 0.255635 0.097526
v -0.638051 0.259132 0.097492
v -0.634908 0.262405 0.097460
v -0.631465 0.265456 0.097430
v -0.627759 0.268272 0.097403
v -0.623824 0.270843 0.097378
v -0.619661 0.273170 0.097355
v -0.615269 0.275252 0.097335
v -0.610649 0.277088 0.097317
v -0.605799 0.278680 0.097302
v -0.600722 0.280027 0.097289
v -0.595415 0.281129 0.097278
v -0.589881 0.281986 0.097270
v -0.584117 0.282598 0.097264
v -0.578125 0.282966 0.097260
v -0.571904 0.283088 0.097259
v -0.462186 0.283088 0.097259
v -0.459933 0.282990 0.097260
v -0.457876 0.282696 0.097263
v -0.456015 0.282207 0.097268
v -0.454349 0.281521 0.097274
v -0.452880 0.280639 0.097283
v -0.451607 0.279562 0.097293
v -0.450529 0.278288 0.097306
v -0.449647 0.276819 0.097320
v -0.448962 0.275154 0.097336
v -0.448472 0.273292 0.097354
v -0.448178 0.271235 0.097374
v -0.448080 0.268982 0.097396
v -0.448080 0.222354 0.097848
v -0.448178 0.220101 0.097870
v -0.448472 0.218044 0.097890
v -0.448962 0.216183 0.097908
v -0.449647 0.214518 0.097924
v -0.450529 0.213048 0.097939
v -0.451607 0.211775 0.097951
v -0.452880 0.210697 0.097961
v -0.454349 0.209816 0.097970
v -0.456015 0.209130 0.097977
v -0.457876 0.208640 0.097981
v -0.459933 0.208346 0.097984
v -0.462186 0.208248 0.097985
v -0.553487 0.208248 0.097985
v -0.555177 0.208167 0.097986
v -0.556720 0.207922 0.097988
v -0.558116 0.207514 0.097992
v -0.559365 0.206942 0.097998
v -0.560467 0.206208 0.098005
v -0.561422 0.205310 0.098014
v -0.562231 0.204248 0.098024
v -0.562892 0.203024 0.098036
v -0.563406 0.201636 0.098049
v -0.563773 0.200085 0.098064
v -0.563994 0.198371 0.098081
v -0.564067 0.196493 0.098099
v -0.563994 0.194670 0.098117
v -0.563773 0.192989 0.098133
v -0.563406 0.191449 0.098148
v -0.562892 0.190050 0.098162
v -0.562231 0.188793 0.098174
v -0.561422 0.187677 0.098185
v -0.560467 0.186703 0.098194
v -0.559365 0.185871 0.098202
v -0.558116 0.185179 0.098209
v -0.556720 0.184630 0.098214
v -0.555177 0.184222 0.098218
v -0.553487 0.183955 0.098221
v -0.495102 0.176118 0.098297
v -0.492065 0.175633 0.098301
v -0.489093 0.175090 0.098307
v -0.486187 0.174490 0.098312
v -0.483346 0.173833 0.098319
v -0.480571 0.173118 0.098326
v -0.477860 0.172347 0.098333
v -0.475215 0.171518 0.098341
v -0.472636 0.170633 0.098350
v -0.470121 0.169690 0.098359
v -0.467672 0.168690 0.098369
v -0.465289 0.167633 0.098379
v -0.462970 0.166518 0.098390
v -0.460727 0.165331 0.098401
v -0.458567 0.164053 0.098414
v -0.456492 0.162686 0.098427
v -0.454502 0.161229 0.098441
v -0.452596 0.159682 0.098456
v -0.450774 0.158045 0.098472
v -0.449036 0.156319 0.098489
v -0.447383 0.154502 0.098506
v -0.445815 0.152596 0.098525
v -0.444330 0.150600 0.098544
v -0.442930 0.148515 0.098564
v -0.441614 0.146339 0.098585
v -0.440394 0.144059 0.098608
v -0.439280 0.141659 0.098631
v -0.438271 0.139139 0.098655
v -0.437369 0.136500 0.098681
v -0.436573 0.133741 0.098708
v -0.435884 0.130862 0.098736
v -0.435300 0.127863 0.098765
v -0.434822 0.124745 0.098795
v -0.434451 0.121507 0.098826
v -0.434186 0.118149 0.098859
v -0.434026 0.114672 0.098893
v -0.433973 0.111074 0.098927
v -0.433973 0.069932 0.099326
v -0.434123 0.064489 0.099379
v -0.434572 0.059260 0.099430
v -0.435320 0.054247 0.099479
v -0.436368 0.049448 0.099525
v -0.437715 0.044864 0.099570
v -0.439361 0.040496 0.099612
v -0.441307 0.036342 0.099652
v -0.443552 0.032403 0.099690
v -0.446096 0.028680 0.099727
v -0.448940 0.025171 0.099761
v -0.452083 0.021877 0.099793
v 0.415948 -0.050967 -0.099510
v 0.673002 -0.050967 -0.099510
v 0.673002 -0.100965 -0.099026
v 0.415948 -0.100965 -0.099026
v 0.124804 -0.050967 -0.099510
v 0.415948 -0.050967 -0.099510
v 0.415948 -0.100965 -0.099026
v 0.124804 -0.100965 -0.099026
v -0.161246 -0.050967 -0.099510
v 0.124804 -0.050967 -0.099510
v 0.124804 -0.100965 -0.099026
v -0.161246 -0.100965 -0.099026
v -0.418299 -0.050967 -0.099510
v -0.161246 -0.050967 -0.099510
v -0.161246 -0.100965 -0.099026
v -0.418299 -0.100965 -0.099026
v -0.673002 -0.050967 -0.099510
v -0.418299 -0.050967 -0.099510
v -0.418299 -0.100965 -0.099026
v -0.673002 -0.100965 -0.099026
v 0.590321 0.013136 -0.100132
v 0.590223 0.010883 -0.100110
v 0.589929 0.008826 -0.100090
v 0.589440 0.006965 -0.100072
v 0.588754 0.005300 -0.100056
v 0.587872 0.003830 -0.100042
v 0.586795 0.002557 -0.100029
v 0.585521 0.001479 -0.100019
v 0.584052 0.000598 -0.100010
v 0.582386 -0.000088 -0.100004
v 0.580525 -0.000578 -0.099999
v 0.578468 -0.000872 -0.099996
v 0.576215 -0.000970 -0.099995
v 0.512735 -0.000970 -0.099995
v 0.510482 -0.000872 -0.099996
v 0.508425 -0.000578 -0.099999
v 0.506564 -0.000088 -0.100004
v 0.504898 0.000598 -0.100010
v 0.503429 0.001479 -0.100019
v 0.502155 0.002557 -0.100029
v 0.501078 0.003830 -0.100042
v 0.500196 0.005300 -0.100056
v 0.499510 0.006965 -0.100072
v 0.499020 0.008826 -0.100090
v 0.498727 0.010883 -0.100110
v 0.498629 0.013136 -0.100132
v 0.498629 0.205525 -0.101998
v 0.441027 0.205525 -0.101998
v 0.438774 0.205623 -0.101999
v 0.436716 0.205917 -0.102002
v 0.434855 0.206407 -0.102006
v 0.433190 0.207093 -0.102013
v 0.431720 0.207974 -0.102022
v 0.430447 0.209052 -0.102032
v 0.429369 0.210325 -0.102044
v 0.428487 0.211795 -0.102059
v 0.427802 0.213460 -0.102075
v 0.427312 0.215321 -0.102093
v 0.427018 0.217378 -0.102113
v 0.426920 0.219631 -0.102135
v 0.426920 0.267043 -0.102595
v 0.427018 0.269296 -0.102616
v 0.427312 0.271353 -0.102636
v 0.427802 0.273214 -0.102654
v 0.428487 0.274879 -0.102671
v 0.429369 0.276349 -0.102685
v 0.430447 0.277622 -0.102697
v 0.431720 0.278700 -0.102708
v 0.433190 0.279581 -0.102716
v 0.434855 0.280267 -0.102723
v 0.436716 0.280757 -0.102728
v 0.438773 0.281051 -0.102730
v 0.441027 0.281149 -0.102731
v 0.647923 0.281149 -0.102731
v 0.650176 0.281051 -0.102730
v 0.652233 0.280757 -0.102728
v 0.654095 0.280267 -0.102723
v 0.655760 0.279581 -0.102716
v 0.657230 0.278700 -0.102708
v 0.658503 0.277622 -0.102697
v 0.659581 0.276349 -0.102685
v 0.660462 0.274879 -0.102671
v 0.661148 0.273214 -0.102654
v 0.661638 0.271353 -0.102636
v 0.661932 0.269296 -0.102616
v 0.662030 0.267043 -0.102595
v 0.662030 0.219631 -0.102135
v 0.661932 0.217378 -0.102113
v 0.661638 0.215321 -0.102093
v 0.661148 0.213460 -0.102075
v 0.660462 0.211795 -0.102059
v 0.659581 0.210325 -0.102044
v 0.658503 0.209052 -0.102032
v 0.657229 0.207974 -0.102022
v 0.655760 0.207093 -0.102013
v 0.654095 0.206407 -0.102006
v 0.652233 0.205917 -0.102002
v 0.650176 0.205623 -0.101999
v 0.647923 0.205525 -0.101998
v 0.590321 0.205525 -0.101998
v 0.240400 0.013136 -0.100132
v 0.240302 0.010883 -0.100110
v 0.240008 0.008826 -0.100090
v 0.239518 0.006965 -0.100072
v 0.238832 0.005300 -0.100056
v 0.237951 0.003830 -0.100042
v 0.236873 0.002557 -0.100029
v 0.235600 0.001479 -0.100019
v 0.234130 0.000598 -0.100010
v 0.232465 -0.000088 -0.100004
v 0.230603 -0.000578 -0.099999
v 0.228546 -0.000872 -0.099996
v 0.226293 -0.000970 -0.099995
v 0.165948 -0.000970 -0.099995
v 0.163695 -0.000872 -0.099996
v 0.161638 -0.000578 -0.099999
v 0.159777 -0.000088 -0.100004
v 0.158111 0.000598 -0.100010
v 0.156642 0.001479 -0.100019
v 0.155368 0.002557 -0.100029
v 0.154291 0.003830 -0.100042
v 0.153409 0.005300 -0.100056
v 0.152723 0.006965 -0.100072
v 0.152234 0.008826 -0.100090
v 0.151940 0.010883 -0.100110
v 0.151842 0.013136 -0.100132
v 0.151842 0.267043 -0.102595
v 0.151940 0.269296 -0.102616
v 0.152234 0.271353 -0.102636
v 0.152723 0.273214 -0.102654
v 0.153409 0.274879 -0.102671
v 0.154291 0.276349 -0.102685
v 0.155368 0.277622 -0.102697
v 0.156642 0.278700 -0.102708
v 0.158111 0.279581 -0.102716
v 0.159777 0.280267 -0.102723
v 0.161638 0.280757 -0.102728
v 0.163695 0.281051 -0.102730
v 0.165948 0.281149 -0.102731
v 0.296434 0.281149 -0.102731
v 0.301245 0.281091 -0.102731
v 0.305882 0.280920 -0.102729
v 0.310345 0.280634 -0.102726
v 0.314633 0.280234 -0.102722
v 0.318748 0.279720 -0.102717
v 0.322688 0.279092 -0.102711
v 0.326454 0.278349 -0.102704
v 0.330046 0.277492 -0.102696
v 0.333464 0.276520 -0.102686
v 0.336708 0.275434 -0.102676
v 0.339777 0.274234 -0.102664
v 0.342672 0.272920 -0.102652
v 0.345413 0.271504 -0.102638
v 0.348017 0.269998 -0.102623
v 0.350485 0.268402 -0.102608
v 0.352817 0.266716 -0.102591
v 0.355013 0.264941 -0.102574
v 0.357073 0.263075 -0.102556
v 0.358997 0.261120 -0.102537
v 0.360785 0.259075 -0.102517
v 0.362436 0.256941 -0.102497
v 0.363952 0.254716 -0.102475
v 0.365332 0.252402 -0.102453
v 0.366575 0.249998 -0.102429
v 0.367702 0.247515 -0.102405
v 0.368730 0.244964 -0.102380
v 0.369661 0.242345 -0.102355
v 0.370494 0.239658 -0.102329
v 0.371228 0.236903 -0.102302
v 0.371865 0.234080 -0.102275
v 0.372404 0.231189 -0.102247
v 0.372845 0.228230 -0.102218
v 0.373188 0.225202 -0.102189
v 0.373433 0.222107 -0.102159
v 0.373580 0.218944 -0.102128
v 0.373629 0.215713 -0.102097
v 0.373629 0.197689 -0.101922
v 0.373596 0.194981 -0.101896
v 0.373498 0.192344 -0.101870
v 0.373335 0.189779 -0.101845
v 0.373106 0.187283 -0.101821
v 0.372812 0.184859 -0.101797
v 0.372453 0.182505 -0.101775
v 0.372028 0.180222 -0.101753
v 0.371539 0.178010 -0.101731
v 0.370984 0.175869 -0.101710
v 0.370363 0.173798 -0.101690
v 0.369677 0.171798 -0.101671
v 0.368926 0.169869 -0.101652
v 0.368088 0.168016 -0.101634
v 0.367141 0.166244 -0.101617
v 0.366085 0.164554 -0.101601
v 0.364921 0.162946 -0.101585
v 0.363647 0.161420 -0.101570
v 0.362265 0.159975 -0.101556
v 0.360774 0.158612 -0.101543
v 0.359174 0.157330 -0.101531
v 0.357465 0.156130 -0.101519
v 0.355647 0.155012 -0.101508
v 0.353720 0.153975 -0.101498
v 0.351685 0.153020 -0.101489
v 0.355217 0.152541 -0.101484
v 0.358629 0.151888 -0.101478
v 0.361922 0.151061 -0.101470
v 0.365095 0.150059 -0.101460
v 0.368148 0.148884 -0.101449
v 0.371081 0.147534 -0.101436
v 0.373895 0.146010 -0.101421
v 0.376589 0.144312 -0.101404
v 0.379163 0.142440 -0.101386
v 0.381618 0.140394 -0.101366
v 0.383953 0.138174 -0.101345
v 0.386168 0.135779 -0.101322
v 0.388233 0.133230 -0.101297
v 0.390119 0.130544 -0.101271
v 0.391825 0.127722 -0.101243
v 0.393352 0.124764 -0.101215
v 0.394699 0.121671 -0.101185
v 0.395866 0.118441 -0.101153
v 0.396854 0.115075 -0.101121
v 0.397662 0.111573 -0.101087
v 0.398291 0.107935 -0.101051
v 0.398740 0.104161 -0.101015
v 0.399009 0.100251 -0.100977
v 0.399099 0.096204 -0.100938
v 0.399099 0.013136 -0.100132
v 0.399001 0.010883 -0.100110
v 0.398707 0.008826 -0.100090
v 0.398217 0.006965 -0.100072
v 0.397531 0.005300 -0.100056
v 0.396650 0.003830 -0.100042
v 0.395572 0.002557 -0.100029
v 0.394299 0.001479 -0.100019
v 0.392829 0.000598 -0.100010
v 0.391164 -0.000088 -0.100004
v 0.389303 -0.000578 -0.099999
v 0.387245 -0.000872 -0.099996
v 0.384992 -0.000970 -0.099995
v 0.324255 -0.000970 -0.099995
v 0.322002 -0.000872 -0.099996
v 0.319945 -0.000578 -0.099999
v 0.318084 -0.000088 -0.100004
v 0.316419 0.000598 -0.100010
v 0.314949 0.001479 -0.100019
v 0.313676 0.002557 -0.100029
v 0.312598 0.003830 -0.100042
v 0.311716 0.005300 -0.100056
v 0.311031 0.006965 -0.100072
v 0.310541 0.008826 -0.100090
v 0.310247 0.010883 -0.100110
v 0.310149 0.013136 -0.100132
v 0.310149 0.073086 -0.100714
v 0.310126 0.074553 -0.100728
v 0.310056 0.075949 -0.100741
v 0.309941 0.077274 -0.100754
v 0.309779 0.078528 -0.100766
v 0.309571 0.079712 -0.100778
v 0.309316 0.080825 -0.100789
v 0.309016 0.081867 -0.100799
v 0.308669 0.082839 -0.100808
v 0.308275 0.083739 -0.100817
v 0.307836 0.084569 -0.100825
v 0.307350 0.085328 -0.100832
v 0.306818 0.086017 -0.100839
v 0.306229 0.086643 -0.100845
v 0.305572 0.087214 -0.100851
v 0.304847 0.087731 -0.100856
v 0.304053 0.088194 -0.100860
v 0.303192 0.088602 -0.100864
v 0.302263 0.088955 -0.100867
v 0.301266 0.089255 -0.100870
v 0.300200 0.089500 -0.100873
v 0.299067 0.089690 -0.100875
v 0.297866 0.089826 -0.100876
v 0.296596 0.089908 -0.100877
v 0.295259 0.089935 -0.100877
v 0.240400 0.089935 -0.100877
v 0.269788 0.210619 -0.102047
v 0.240400 0.210619 -0.102047
v 0.240400 0.160465 -0.101561
v 0.269788 0.160465 -0.101561
v 0.271440 0.160501 -0.101561
v 0.272999 0.160612 -0.101562
v 0.274466 0.160795 -0.101564
v 0.275840 0.161052 -0.101567
v 0.277122 0.161383 -0.101570
v 0.278311 0.161787 -0.101574
v 0.279408 0.162265 -0.101578
v 0.280412 0.162816 -0.101584
v 0.281323 0.163440 -0.101590
v 0.282143 0.164138 -0.101597
v 0.282869 0.164909 -0.101604
v 0.283503 0.165754 -0.101612
v 0.284066 0.166654 -0.101621
v 0.284581 0.167588 -0.101630
v 0.285046 0.168558 -0.101639
v 0.285462 0.169564 -0.101649
v 0.285830 0.170605 -0.101659
v 0.286148 0.171681 -0.101670
v 0.286418 0.172792 -0.101680
v 0.286638 0.173939 -0.101692
v 0.286809 0.175122 -0.101703
v 0.286932 0.176339 -0.101715
v 0.287005 0.177592 -0.101727
v 0.287030 0.178881 -0.101740
v 0.287030 0.192203 -0.101869
v 0.287005 0.193491 -0.101881
v 0.286932 0.194744 -0.101893
v 0.286809 0.195962 -0.101905
v 0.286638 0.197144 -0.101917
v 0.286418 0.198291 -0.101928
v 0.286148 0.199403 -0.101939
v 0.285830 0.200479 -0.101949
v 0.285462 0.201520 -0.101959
v 0.285046 0.202525 -0.101969
v 0.284581 0.203495 -0.101978
v 0.284066 0.204430 -0.101987
v 0.283503 0.205329 -0.101996
v 0.282869 0.206174 -0.102004
v 0.282143 0.206946 -0.102012
v 0.281323 0.207644 -0.102018
v 0.280412 0.208268 -0.102025
v 0.279408 0.208819 -0.102030
v 0.278311 0.209297 -0.102035
v 0.277122 0.209701 -0.102038
v 0.275840 0.210031 -0.102042
v 0.274466 0.210288 -0.102044
v 0.272999 0.210472 -0.102046
v 0.271440 0.210582 -0.102047
v -0.054271 0.067993 -0.100664
v -0.054271 0.013136 -0.100132
v -0.054369 0.010883 -0.100110
v -0.054663 0.008826 -0.100090
v -0.055153 0.006965 -0.100072
v -0.055839 0.005300 -0.100056
v -0.056720 0.003830 -0.100042
v -0.057798 0.002557 -0.100029
v -0.059071 0.001479 -0.100019
v -0.060541 0.000598 -0.100010
v -0.062206 -0.000088 -0.100004
v -0.064067 -0.000578 -0.099999
v -0.066125 -0.000872 -0.099996
v -0.068378 -0.000970 -0.099995
v -0.125980 -0.000970 -0.099995
v -0.128233 -0.000872 -0.099996
v -0.130290 -0.000578 -0.099999
v -0.132151 -0.000088 -0.100004
v -0.133817 0.000598 -0.100010
v -0.135286 0.001479 -0.100019
v -0.136560 0.002557 -0.100029
v -0.137637 0.003830 -0.100042
v -0.138519 0.005300 -0.100056
v -0.139205 0.006965 -0.100072
v -0.139694 0.008826 -0.100090
v -0.139988 0.010883 -0.100110
v -0.140086 0.013136 -0.100132
v -0.140086 0.116580 -0.101135
v -0.140060 0.118563 -0.101155
v -0.139983 0.120596 -0.101174
v -0.139854 0.122677 -0.101194
v -0.139673 0.124808 -0.101215
v -0.139440 0.126988 -0.101236
v -0.139156 0.129216 -0.101258
v -0.138819 0.131494 -0.101280
v -0.138432 0.133820 -0.101303
v -0.137992 0.136196 -0.101326
v -0.137501 0.138620 -0.101349
v -0.136958 0.141094 -0.101373
v -0.136364 0.143616 -0.101398
v -0.135715 0.146198 -0.101423
v -0.135008 0.148851 -0.101448
v -0.134245 0.151575 -0.101475
v -0.133425 0.154370 -0.101502
v -0.132547 0.157235 -0.101530
v -0.131612 0.160171 -0.101558
v -0.130621 0.163178 -0.101587
v -0.129572 0.166255 -0.101617
v -0.128465 0.169403 -0.101648
v -0.127302 0.172622 -0.101679
v -0.126082 0.175912 -0.101711
v -0.124804 0.179273 -0.101743
v -0.090713 0.268218 -0.102606
v -0.089916 0.270283 -0.102626
v -0.088961 0.272169 -0.102644
v -0.087848 0.273875 -0.102661
v -0.086577 0.275402 -0.102676
v -0.085148 0.276749 -0.102689
v -0.083562 0.277916 -0.102700
v -0.081818 0.278904 -0.102710
v -0.079916 0.279712 -0.102717
v -0.077856 0.280340 -0.102723
v -0.075638 0.280789 -0.102728
v -0.073262 0.281059 -0.102730
v -0.070729 0.281149 -0.102731
v 0.034679 0.281149 -0.102731
v 0.037150 0.281059 -0.102730
v 0.039468 0.280789 -0.102728
v 0.041634 0.280340 -0.102723
v 0.043648 0.279712 -0.102717
v 0.045509 0.278904 -0.102710
v 0.047218 0.277916 -0.102700
v 0.048774 0.276749 -0.102689
v 0.050179 0.275402 -0.102676
v 0.051430 0.273875 -0.102661
v 0.052530 0.272169 -0.102644
v 0.053477 0.270283 -0.102626
v 0.054271 0.268218 -0.102606
v 0.088362 0.179273 -0.101743
v 0.089640 0.175912 -0.101711
v 0.090860 0.172622 -0.101679
v 0.092023 0.169403 -0.101648
v 0.093130 0.166255 -0.101617
v 0.094179 0.163178 -0.101587
v 0.095170 0.160171 -0.101558
v 0.096105 0.157235 -0.101530
v 0.096983 0.154369 -0.101502
v 0.097803 0.151575 -0.101475
v 0.098566 0.148851 -0.101448
v 0.099273 0.146198 -0.101423
v 0.099922 0.143616 -0.101398
v 0.100516 0.141094 -0.101373
v 0.101059 0.138620 -0.101349
v 0.101550 0.136196 -0.101326
v 0.101990 0.133820 -0.101303
v 0.102378 0.131494 -0.101280
v 0.102714 0.129216 -0.101258
v 0.102998 0.126988 -0.101236
v 0.103231 0.124808 -0.101215
v 0.103412 0.122677 -0.101194
v 0.103541 0.120596 -0.101174
v 0.103618 0.118563 -0.101155
v 0.103644 0.116580 -0.101135
v 0.103644 0.013136 -0.100132
v 0.103546 0.010883 -0.100110
v 0.103252 0.008826 -0.100090
v 0.102763 0.006965 -0.100072
v 0.102077 0.005300 -0.100056
v 0.101195 0.003830 -0.100042
v 0.100118 0.002557 -0.100029
v 0.098844 0.001479 -0.100019
v 0.097375 0.000598 -0.100010
v 0.095709 -0.000088 -0.100004
v 0.093848 -0.000578 -0.099999
v 0.091791 -0.000872 -0.099996
v 0.089538 -0.000970 -0.099995
v 0.030368 -0.000970 -0.099995
v 0.027927 -0.000872 -0.099996
v 0.025699 -0.000578 -0.099999
v 0.023682 -0.000088 -0.100004
v 0.021878 0.000598 -0.100010
v 0.020286 0.001479 -0.100019
v 0.018907 0.002557 -0.100029
v 0.017739 0.003830 -0.100042
v 0.016784 0.005300 -0.100056
v 0.016041 0.006965 -0.100072
v 0.015511 0.008826 -0.100090
v 0.015192 0.010883 -0.100110
v 0.015086 0.013136 -0.100132
v 0.015086 0.067993 -0.100664
v -0.024491 0.205525 -0.101998
v -0.025261 0.205479 -0.101997
v -0.026004 0.205340 -0.101996
v -0.026719 0.205109 -0.101994
v -0.027408 0.204785 -0.101991
v -0.028069 0.204369 -0.101987
v -0.028703 0.203860 -0.101982
v -0.029310 0.203259 -0.101976
v -0.029889 0.202565 -0.101969
v -0.030442 0.201778 -0.101962
v -0.030967 0.200899 -0.101953
v -0.031465 0.199928 -0.101944
v -0.031936 0.198864 -0.101933
v -0.050353 0.139306 -0.101356
v 0.011168 0.139306 -0.101356
v -0.007249 0.198864 -0.101933
v -0.007720 0.199928 -0.101944
v -0.008218 0.200899 -0.101953
v -0.008743 0.201778 -0.101962
v -0.009296 0.202565 -0.101969
v -0.009875 0.203259 -0.101976
v -0.010482 0.203860 -0.101982
v -0.011116 0.204369 -0.101987
v -0.011777 0.204785 -0.101991
v -0.012466 0.205109 -0.101994
v -0.013181 0.205340 -0.101996
v -0.013924 0.205479 -0.101997
v -0.014694 0.205525 -0.101998
v -0.243926 0.013136 -0.100132
v -0.244024 0.010883 -0.100110
v -0.244318 0.008826 -0.100090
v -0.244808 0.006965 -0.100072
v -0.245494 0.005300 -0.100056
v -0.246375 0.003830 -0.100042
v -0.247453 0.002557 -0.100029
v -0.248726 0.001479 -0.100019
v -0.250196 0.000598 -0.100010
v -0.251861 -0.000088 -0.100004
v -0.253723 -0.000578 -0.099999
v -0.255780 -0.000872 -0.099996
v -0.258033 -0.000970 -0.099995
v -0.321513 -0.000970 -0.099995
v -0.323766 -0.000872 -0.099996
v -0.325823 -0.000578 -0.099999
v -0.327684 -0.000088 -0.100004
v -0.329350 0.000598 -0.100010
v -0.330819 0.001479 -0.100019
v -0.332092 0.002557 -0.100029
v -0.333170 0.003830 -0.100042
v -0.334052 0.005300 -0.100056
v -0.334737 0.006965 -0.100072
v -0.335227 0.008826 -0.100090
v -0.335521 0.010883 -0.100110
v -0.335619 0.013136 -0.100132
v -0.335619 0.205525 -0.101998
v -0.393221 0.205525 -0.101998
v -0.395474 0.205623 -0.101999
v -0.397531 0.205917 -0.102002
v -0.399393 0.206407 -0.102006
v -0.401058 0.207093 -0.102013
v -0.402527 0.207974 -0.102022
v -0.403801 0.209052 -0.102032
v -0.404878 0.210325 -0.102044
v -0.405760 0.211795 -0.102059
v -0.406446 0.213460 -0.102075
v -0.406936 0.215321 -0.102093
v -0.407230 0.217378 -0.102113
v -0.407328 0.219631 -0.102135
v -0.407328 0.267043 -0.102595
v -0.407230 0.269296 -0.102616
v -0.406936 0.271353 -0.102636
v -0.406446 0.273214 -0.102654
v -0.405760 0.274879 -0.102671
v -0.404878 0.276349 -0.102685
v -0.403801 0.277622 -0.102697
v -0.402527 0.278700 -0.102708
v -0.401058 0.279581 -0.102716
v -0.399393 0.280267 -0.102723
v -0.397531 0.280757 -0.102728
v -0.395474 0.281051 -0.102730
v -0.393221 0.281149 -0.102731
v -0.186324 0.281149 -0.102731
v -0.184071 0.281051 -0.102730
v -0.182014 0.280757 -0.102728
v -0.180153 0.280267 -0.102723
v -0.178487 0.279581 -0.102716
v -0.177018 0.278700 -0.102708
v -0.175745 0.277622 -0.102697
v -0.174667 0.276349 -0.102685
v -0.173785 0.274879 -0.102671
v -0.173100 0.273214 -0.102654
v -0.172610 0.271353 -0.102636
v -0.172316 0.269296 -0.102616
v -0.172218 0.267043 -0.102595
v -0.172218 0.219631 -0.102135
v -0.172316 0.217378 -0.102113
v -0.172610 0.215321 -0.102093
v -0.173100 0.213460 -0.102075
v -0.173785 0.211795 -0.102059
v -0.174667 0.210325 -0.102044
v -0.175745 0.209052 -0.102032
v -0.177018 0.207974 -0.102022
v -0.178487 0.207093 -0.102013
v -0.180153 0.206407 -0.102006
v -0.182014 0.205917 -0.102002
v -0.184071 0.205623 -0.101999
v -0.186324 0.205525 -0.101998
v -0.243926 0.205525 -0.101998
v -0.455525 0.016859 -0.100168
v -0.459231 0.014011 -0.100141
v -0.463166 0.011411 -0.100115
v -0.467330 0.009059 -0.100093
v -0.471722 0.006954 -0.100072
v -0.476342 0.005097 -0.100054
v -0.481191 0.003487 -0.100039
v -0.486269 0.002125 -0.100025
v -0.491575 0.001011 -0.100015
v -0.497110 0.000144 -0.100006
v -0.502874 -0.000475 -0.100000
v -0.508866 -0.000846 -0.099996
v -0.515086 -0.000970 -0.099995
v -0.638911 -0.000970 -0.099995
v -0.641164 -0.000872 -0.099996
v -0.643221 -0.000578 -0.099999
v -0.645082 -0.000088 -0.100004
v -0.646748 0.000598 -0.100010
v -0.648217 0.001479 -0.100019
v -0.649490 0.002557 -0.100029
v -0.650568 0.003830 -0.100042
v -0.651450 0.005300 -0.100056
v -0.652135 0.006965 -0.100072
v -0.652625 0.008826 -0.100090
v -0.652919 0.010883 -0.100110
v -0.653017 0.013136 -0.100132
v -0.653017 0.058980 -0.100577
v -0.652919 0.061233 -0.100599
v -0.652625 0.063291 -0.100619
v -0.652135 0.065152 -0.100637
v -0.651450 0.066817 -0.100653
v -0.650568 0.068286 -0.100667
v -0.649490 0.069560 -0.100679
v -0.648217 0.070637 -0.100690
v -0.646748 0.071519 -0.100698
v -0.645082 0.072205 -0.100705
v -0.643221 0.072694 -0.100710
v -0.641164 0.072988 -0.100713
v -0.638911 0.073086 -0.100714
v -0.533503 0.073086 -0.100714
v -0.532672 0.073109 -0.100714
v -0.531876 0.073179 -0.100714
v -0.531115 0.073294 -0.100716
v -0.530390 0.073456 -0.100717
v -0.529700 0.073665 -0.100719
v -0.529046 0.073919 -0.100722
v -0.528427 0.074220 -0.100725
v -0.527843 0.074567 -0.100728
v -0.527295 0.074960 -0.100732
v -0.526782 0.075399 -0.100736
v -0.526304 0.075885 -0.100741
v -0.525862 0.076417 -0.100746
v -0.525455 0.076981 -0.100751
v -0.525084 0.077565 -0.100757
v -0.524748 0.078168 -0.100763
v -0.524447 0.078790 -0.100769
v -0.524182 0.079430 -0.100775
v -0.523952 0.080090 -0.100781
v -0.523757 0.080769 -0.100788
v -0.523598 0.081467 -0.100795
v -0.523474 0.082184 -0.100802
v -0.523386 0.082920 -0.100809
v -0.523333 0.083675 -0.100816
v -0.523315 0.084449 -0.100824
v -0.523333 0.085535 -0.100834
v -0.523386 0.086572 -0.100844
v -0.523474 0.087560 -0.100854
v -0.523598 0.088498 -0.100863
v -0.523757 0.089388 -0.100872
v -0.523952 0.090229 -0.100880
v -0.524182 0.091021 -0.100887
v -0.524447 0.091764 -0.100895
v -0.524748 0.092457 -0.100901
v -0.525084 0.093102 -0.100908
v -0.525455 0.093698 -0.100913
v -0.525862 0.094245 -0.100919
v -0.526304 0.094749 -0.100924
v -0.526782 0.095214 -0.100928
v -0.527295 0.095641 -0.100932
v -0.527843 0.096030 -0.100936
v -0.528427 0.096381 -0.100939
v -0.529046 0.096694 -0.100942
v -0.529700 0.096969 -0.100945
v -0.530390 0.097206 -0.100947
v -0.531115 0.097404 -0.100949
v -0.531876 0.097565 -0.100951
v -0.532672 0.097687 -0.100952
v -0.533503 0.097772 -0.100953
v -0.592281 0.106000 -0.101033
v -0.596777 0.106785 -0.101040
v -0.601124 0.107703 -0.101049
v -0.605322 0.108755 -0.101059
v -0.609370 0.109940 -0.101071
v -0.613268 0.111259 -0.101084
v -0.617016 0.112710 -0.101098
v -0.620615 0.114295 -0.101113
v -0.624064 0.116014 -0.101130
v -0.627363 0.117865 -0.101148
v -0.630513 0.119850 -0.101167
v -0.633513 0.121969 -0.101188
v -0.636364 0.124220 -0.101209
v -0.639024 0.126671 -0.101233
v -0.641452 0.129385 -0.101259
v -0.643650 0.132363 -0.101288
v -0.645616 0.135605 -0.101320
v -0.647350 0.139111 -0.101354
v -0.648854 0.142881 -0.101390
v -0.650126 0.146915 -0.101430
v -0.651167 0.151213 -0.101471
v -0.651976 0.155775 -0.101515
v -0.652555 0.160601 -0.101562
v -0.652902 0.165690 -0.101612
v -0.653017 0.171044 -0.101664
v -0.653017 0.212186 -0.102063
v -0.652868 0.217691 -0.102116
v -0.652419 0.222973 -0.102167
v -0.651670 0.228031 -0.102216
v -0.650623 0.232866 -0.102263
v -0.649276 0.237478 -0.102308
v -0.647629 0.241868 -0.102350
v -0.645684 0.246033 -0.102391
v -0.643439 0.249976 -0.102429
v -0.640894 0.253696 -0.102465
v -0.638051 0.257192 -0.102499
v -0.634908 0.260466 -0.102531
v -0.631465 0.263516 -0.102560
v -0.627759 0.266332 -0.102588
v -0.623824 0.268904 -0.102613
v -0.619661 0.271230 -0.102635
v -0.615269 0.273312 -0.102655
v -0.610649 0.275149 -0.102673
v -0.605799 0.276741 -0.102689
v -0.600722 0.278087 -0.102702
v -0.595415 0.279189 -0.102712
v -0.589881 0.280047 -0.102721
v -0.584117 0.280659 -0.102727
v -0.578125 0.281026 -0.102730
v -0.571904 0.281149 -0.102731
v -0.462186 0.281149 -0.102731
v -0.459933 0.281051 -0.102730
v -0.457876 0.280757 -0.102728
v -0.456015 0.280267 -0.102723
v -0.454349 0.279581 -0.102716
v -0.452880 0.278700 -0.102708
v -0.451607 0.277622 -0.102697
v -0.450529 0.276349 -0.102685
v -0.449647 0.274879 -0.102671
v -0.448962 0.273214 -0.102654
v -0.448472 0.271353 -0.102636
v -0.448178 0.269296 -0.102616
v -0.448080 0.267043 -0.102595
v -0.448080 0.220415 -0.102142
v -0.448178 0.218162 -0.102120
v -0.448472 0.216105 -0.102101
v -0.448962 0.214243 -0.102082
v -0.449647 0.212578 -0.102066
v -0.450529 0.211109 -0.102052
v -0.451607 0.209835 -0.102040
v -0.452880 0.208758 -0.102029
v -0.454349 0.207876 -0.102021
v -0.456015 0.207191 -0.102014
v -0.457876 0.206701 -0.102009
v -0.459933 0.206407 -0.102006
v -0.462186 0.206309 -0.102006
v -0.553487 0.206309 -0.102006
v -0.555177 0.206227 -0.102005
v -0.556720 0.205982 -0.102002
v -0.558116 0.205574 -0.101998
v -0.559365 0.205003 -0.101993
v -0.560467 0.204268 -0.101986
v -0.561422 0.203370 -0.101977
v -0.562231 0.202309 -0.101967
v -0.562892 0.201084 -0.101955
v -0.563406 0.199697 -0.101941
v -0.563773 0.198146 -0.101926
v -0.563994 0.196431 -0.101910
v -0.564067 0.194554 -0.101892
v -0.563994 0.192731 -0.101874
v -0.563773 0.191049 -0.101858
v -0.563406 0.189509 -0.101843
v -0.562892 0.188111 -0.101829
v -0.562231 0.186853 -0.101817
v -0.561422 0.185738 -0.101806
v -0.560467 0.184764 -0.101797
v -0.559365 0.183931 -0.101788
v -0.558116 0.183240 -0.101782
v -0.556720 0.182690 -0.101776
v -0.555177 0.182282 -0.101773
v -0.553487 0.182015 -0.101770
v -0.495102 0.174179 -0.101694
v -0.492065 0.173693 -0.101689
v -0.489093 0.173150 -0.101684
v -0.486187 0.172550 -0.101678
v -0.483346 0.171893 -0.101672
v -0.480571 0.171179 -0.101665
v -0.477860 0.170407 -0.101657
v -0.475215 0.169579 -0.101649
v -0.472636 0.168693 -0.101641
v -0.470121 0.167750 -0.101632
v -0.467672 0.166750 -0.101622
v -0.465289 0.165693 -0.101612
v -0.462970 0.164579 -0.101601
v -0.460727 0.163391 -0.101589
v -0.458567 0.162114 -0.101577
v -0.456492 0.160746 -0.101564
v -0.454502 0.159289 -0.101550
v -0.452596 0.157742 -0.101535
v -0.450774 0.156106 -0.101519
v -0.449036 0.154379 -0.101502
v -0.447383 0.152563 -0.101484
v -0.445815 0.150657 -0.101466
v -0.444330 0.148661 -0.101446
v -0.442930 0.146575 -0.101426
v -0.441614 0.144400 -0.101405
v -0.440394 0.142119 -0.101383
v -0.439280 0.139719 -0.101360
v -0.438271 0.137200 -0.101335
v -0.437369 0.134560 -0.101310
v -0.436573 0.131801 -0.101283
v -0.435884 0.128922 -0.101255
v -0.435300 0.125924 -0.101226
v -0.434822 0.122805 -0.101196
v -0.434451 0.119567 -0.101164
v -0.434186 0.116209 -0.101132
v -0.434026 0.112732 -0.101098
v -0.433973 0.109135 -0.101063
v -0.433973 0.067993 -0.100664
v -0.434123 0.062549 -0.100611
v -0.434572 0.057321 -0.100561
v -0.435320 0.052307 -0.100512
v -0.436368 0.047508 -0.100465
v -0.437715 0.042925 -0.100421
v -0.439361 0.038556 -0.100379
v -0.441307 0.034403 -0.100338
v -0.443552 0.030464 -0.100300
v -0.446096 0.026740 -0.100264
v -0.448940 0.023231 -0.100230
v -0.452083 0.019937 -0.100198
v -0.455525 0.016859 -0.100168
v -0.455525 0.018798 0.099822
v -0.459231 0.014011 -0.100141
v -0.459231 0.015951 0.099850
v -0.463166 0.011411 -0.100115
v -0.463166 0.013351 0.099875
v -0.467330 0.009059 -0.100093
v -0.467330 0.010998 0.099898
v -0.471722 0.006954 -0.100072
v -0.471722 0.008893 0.099918
v -0.476342 0.005097 -0.100054
v -0.476342 0.007036 0.099936
v -0.481191 0.003487 -0.100039
v -0.481191 0.005427 0.099952
v -0.486269 0.002125 -0.100025
v -0.486269 0.004065 0.099965
v -0.491575 0.001011 -0.100015
v -0.491575 0.002951 0.099976
v -0.497110 0.000144 -0.100006
v -0.497110 0.002084 0.099984
v -0.502874 -0.000475 -0.100000
v -0.502874 0.001465 0.099990
v -0.508866 -0.000846 -0.099996
v -0.508866 0.001094 0.099994
v -0.515086 -0.000970 -0.099995
v -0.515086 0.000970 0.099995
v -0.638911 -0.000970 -0.099995
v -0.638911 0.000970 0.099995
v -0.641164 -0.000872 -0.099996
v -0.641164 0.001068 0.099994
v -0.643221 -0.000578 -0.099999
v -0.643221 0.001362 0.099992
v -0.645082 -0.000088 -0.100004
v -0.645082 0.001851 0.099987
v -0.646748 0.000598 -0.100010
v -0.646748 0.002537 0.099980
v -0.648217 0.001479 -0.100019
v -0.648217 0.003419 0.099972
v -0.649490 0.002557 -0.100029
v -0.649490 0.004496 0.099961
v -0.650568 0.003830 -0.100042
v -0.650568 0.005770 0.099949
v -0.651450 0.005300 -0.100056
v -0.651450 0.007239 0.099934
v -0.652135 0.006965 -0.100072
v -0.652135 0.008904 0.099918
v -0.652625 0.008826 -0.100090
v -0.652625 0.010766 0.099900
v -0.652919 0.010883 -0.100110
v -0.652919 0.012823 0.099880
v -0.653017 0.013136 -0.100132
v -0.653017 0.015076 0.099859
v -0.653017 0.058980 -0.100577
v -0.653017 0.060920 0.099414
v -0.652919 0.061233 -0.100599
v -0.652919 0.063173 0.099392
v -0.652625 0.063291 -0.100619
v -0.652625 0.065230 0.099372
v -0.652135 0.065152 -0.100637
v -0.652135 0.067091 0.099354
v -0.651450 0.066817 -0.100653
v -0.651450 0.068757 0.099338
v -0.650568 0.068286 -0.100667
v -0.650568 0.070226 0.099324
v -0.649490 0.069560 -0.100679
v -0.649490 0.071499 0.099311
v -0.648217 0.070637 -0.100690
v -0.648217 0.072577 0.099301
v -0.646748 0.071519 -0.100698
v -0.646748 0.073459 0.099292
v -0.645082 0.072205 -0.100705
v -0.645082 0.074144 0.099286
v -0.643221 0.072694 -0.100710
v -0.643221 0.074634 0.099281
v -0.641164 0.072988 -0.100713
v -0.641164 0.074928 0.099278
v -0.638911 0.073086 -0.100714
v -0.638911 0.075026 0.099277
v -0.533503 0.073086 -0.100714
v -0.533503 0.075026 0.099277
v -0.532672 0.073109 -0.100714
v -0.532672 0.075049 0.099277
v -0.531876 0.073179 -0.100714
v -0.531876 0.075118 0.099276
v -0.531115 0.073294 -0.100716
v -0.531115 0.075234 0.099275
v -0.530390 0.073456 -0.100717
v -0.530390 0.075396 0.099274
v -0.529700 0.073665 -0.100719
v -0.529700 0.075604 0.099271
v -0.529046 0.073919 -0.100722
v -0.529046 0.075858 0.099269
v -0.528427 0.074220 -0.100725
v -0.528427 0.076159 0.099266
v -0.527843 0.074567 -0.100728
v -0.527843 0.076506 0.099263
v -0.527295 0.074960 -0.100732
v -0.527295 0.076899 0.099259
v -0.526782 0.075399 -0.100736
v -0.526782 0.077339 0.099255
v -0.526304 0.075885 -0.100741
v -0.526304 0.077824 0.099250
v -0.525862 0.076417 -0.100746
v -0.525862 0.078356 0.099245
v -0.525455 0.076981 -0.100751
v -0.525455 0.078921 0.099239
v -0.525084 0.077565 -0.100757
v -0.525084 0.079505 0.099234
v -0.524748 0.078168 -0.100763
v -0.524748 0.080107 0.099228
v -0.524447 0.078790 -0.100769
v -0.524447 0.080729 0.099222
v -0.524182 0.079430 -0.100775
v -0.524182 0.081370 0.099216
v -0.523952 0.080090 -0.100781
v -0.523952 0.082030 0.099209
v -0.523757 0.080769 -0.100788
v -0.523757 0.082709 0.099203
v -0.523598 0.081467 -0.100795
v -0.523598 0.083407 0.099196
v -0.523474 0.082184 -0.100802
v -0.523474 0.084124 0.099189
v -0.523386 0.082920 -0.100809
v -0.523386 0.084860 0.099182
v -0.523333 0.083675 -0.100816
v -0.523333 0.085615 0.099174
v -0.523315 0.084449 -0.100824
v -0.523315 0.086389 0.099167
v -0.523333 0.085535 -0.100834
v -0.523333 0.087475 0.099156
v -0.523386 0.086572 -0.100844
v -0.523386 0.088511 0.099146
v -0.523474 0.087560 -0.100854
v -0.523474 0.089499 0.099137
v -0.523598 0.088498 -0.100863
v -0.523598 0.090438 0.099128
v -0.523757 0.089388 -0.100872
v -0.523757 0.091328 0.099119
v -0.523952 0.090229 -0.100880
v -0.523952 0.092168 0.099111
v -0.524182 0.091021 -0.100887
v -0.524182 0.092960 0.099103
v -0.524447 0.091764 -0.100895
v -0.524447 0.093703 0.099096
v -0.524748 0.092457 -0.100901
v -0.524748 0.094397 0.099089
v -0.525084 0.093102 -0.100908
v -0.525084 0.095042 0.099083
v -0.525455 0.093698 -0.100913
v -0.525455 0.095638 0.099077
v -0.525862 0.094245 -0.100919
v -0.525862 0.096185 0.099072
v -0.526304 0.094749 -0.100924
v -0.526304 0.096688 0.099067
v -0.526782 0.095214 -0.100928
v -0.526782 0.097153 0.099062
v -0.527295 0.095641 -0.100932
v -0.527295 0.097581 0.099058
v -0.527843 0.096030 -0.100936
v -0.527843 0.097970 0.099055
v -0.528427 0.096381 -0.100939
v -0.528427 0.098321 0.099051
v -0.529046 0.096694 -0.100942
v -0.529046 0.098634 0.099048
v -0.529700 0.096969 -0.100945
v -0.529700 0.098908 0.099045
v -0.530390 0.097206 -0.100947
v -0.530390 0.099145 0.099043
v -0.531115 0.097404 -0.100949
v -0.531115 0.099344 0.099041
v -0.531876 0.097565 -0.100951
v -0.531876 0.099504 0.099040
v -0.532672 0.097687 -0.100952
v -0.532672 0.099627 0.099039
v -0.533503 0.097772 -0.100953
v -0.533503 0.099711 0.099038
v -0.592281 0.106000 -0.101033
v -0.592281 0.107940 0.098958
v -0.596777 0.106785 -0.101040
v -0.596777 0.108725 0.098950
v -0.601124 0.107703 -0.101049
v -0.601124 0.109643 0.098941
v -0.605322 0.108755 -0.101059
v -0.605322 0.110695 0.098931
v -0.609370 0.109940 -0.101071
v -0.609370 0.111880 0.098920
v -0.613268 0.111259 -0.101084
v -0.613268 0.113198 0.098907
v -0.617016 0.112710 -0.101098
v -0.617016 0.114650 0.098893
v -0.620615 0.114295 -0.101113
v -0.620615 0.116235 0.098877
v -0.624064 0.116014 -0.101130
v -0.624064 0.117953 0.098861
v -0.627363 0.117865 -0.101148
v -0.627363 0.119805 0.098843
v -0.630513 0.119850 -0.101167
v -0.630513 0.121790 0.098824
v -0.633513 0.121969 -0.101188
v -0.633513 0.123908 0.098803
v -0.636364 0.124220 -0.101209
v -0.636364 0.126160 0.098781
v -0.639024 0.126671 -0.101233
v -0.639024 0.128610 0.098757
v -0.641452 0.129385 -0.101259
v -0.641452 0.131324 0.098731
v -0.643650 0.132363 -0.101288
v -0.643650 0.134303 0.098702
v -0.645616 0.135605 -0.101320
v -0.645616 0.137545 0.098671
v -0.647350 0.139111 -0.101354
v -0.647350 0.141051 0.098637
v -0.648854 0.142881 -0.101390
v -0.648854 0.144821 0.098600
v -0.650126 0.146915 -0.101430
v -0.650126 0.148855 0.098561
v -0.651167 0.151213 -0.101471
v -0.651167 0.153153 0.098519
v -0.651976 0.155775 -0.101515
v -0.651976 0.157714 0.098475
v -0.652555 0.160601 -0.101562
v -0.652555 0.162540 0.098428
v -0.652902 0.165690 -0.101612
v -0.652902 0.167630 0.098379
v -0.653017 0.171044 -0.101664
v -0.653017 0.172984 0.098327
v -0.653017 0.212186 -0.102063
v -0.653017 0.214126 0.097928
v -0.652868 0.217691 -0.102116
v -0.652868 0.219631 0.097875
v -0.652419 0.222973 -0.102167
v -0.652419 0.224912 0.097823
v -0.651670 0.228031 -0.102216
v -0.651670 0.229971 0.097774
v -0.650623 0.232866 -0.102263
v -0.650623 0.234806 0.097728
v -0.649276 0.237478 -0.102308
v -0.649276 0.239418 0.097683
v -0.647629 0.241868 -0.102350
v -0.647629 0.243807 0.097640
v -0.645684 0.246033 -0.102391
v -0.645684 0.247973 0.097600
v -0.643439 0.249976 -0.102429
v -0.643439 0.251916 0.097562
v -0.640894 0.253696 -0.102465
v -0.640894 0.255635 0.097526
v -0.638051 0.257192 -0.102499
v -0.638051 0.259132 0.097492
v -0.634908 0.260466 -0.102531
v -0.634908 0.262405 0.097460
v -0.631465 0.263516 -0.102560
v -0.631465 0.265456 0.097430
v -0.627759 0.266332 -0.102588
v -0.627759 0.268272 0.097403
v -0.623824 0.268904 -0.102613
v -0.623824 0.270843 0.097378
v -0.619661 0.271230 -0.102635
v -0.619661 0.273170 0.097355
v -0.615269 0.273312 -0.102655
v -0.615269 0.275252 0.097335
v -0.610649 0.275149 -0.102673
v -0.610649 0.277088 0.097317
v -0.605799 0.276741 -0.102689
v -0.605799 0.278680 0.097302
v -0.600722 0.278087 -0.102702
v -0.600722 0.280027 0.097289
v -0.595415 0.279189 -0.102712
v -0.595415 0.281129 0.097278
v -0.589881 0.280047 -0.102721
v -0.589881 0.281986 0.097270
v -0.584117 0.280659 -0.102727
v -0.584117 0.282598 0.097264
v -0.578125 0.281026 -0.102730
v -0.578125 0.282966 0.097260
v -0.571904 0.281149 -0.102731
v -0.571904 0.283088 0.097259
v -0.462186 0.281149 -0.102731
v -0.462186 0.283088 0.097259
v -0.459933 0.281051 -0.102730
v -0.459933 0.282990 0.097260
v -0.457876 0.280757 -0.102728
v -0.457876 0.282696 0.097263
v -0.456015 0.280267 -0.102723
v -0.456015 0.282207 0.097268
v -0.454349 0.279581 -0.102716
v -0.454349 0.281521 0.097274
v -0.452880 0.278700 -0.102708
v -0.452880 0.280639 0.097283
v -0.451607 0.277622 -0.102697
v -0.451607 0.279562 0.097293
v -0.450529 0.276349 -0.102685
v -0.450529 0.278288 0.097306
v -0.449647 0.274879 -0.102671
v -0.449647 0.276819 0.097320
v -0.448962 0.273214 -0.102654
v -0.448962 0.275154 0.097336
v -0.448472 0.271353 -0.102636
v -0.448472 0.273292 0.097354
v -0.448178 0.269296 -0.102616
v -0.448178 0.271235 0.097374
v -0.448080 0.267043 -0.102595
v -0.448080 0.268982 0.097396
v -0.448080 0.220415 -0.102142
v -0.448080 0.222354 0.097848
v -0.448178 0.218162 -0.102120
v -0.448178 0.220101 0.097870
v -0.448472 0.216105 -0.102101
v -0.448472 0.218044 0.097890
v -0.448962 0.214243 -0.102082
v -0.448962 0.216183 0.097908
v -0.449647 0.212578 -0.102066
v -0.449647 0.214518 0.097924
v -0.450529 0.211109 -0.102052
v -0.450529 0.213048 0.097939
v -0.451607 0.209835 -0.102040
v -0.451607 0.211775 0.097951
v -0.452880 0.208758 -0.102029
v -0.452880 0.210697 0.097961
v -0.454349 0.207876 -0.102021
v -0.454349 0.209816 0.097970
v -0.456015 0.207191 -0.102014
v -0.456015 0.209130 0.097977
v -0.457876 0.206701 -0.102009
v -0.457876 0.208640 0.097981
v -0.459933 0.206407 -0.102006
v -0.459933 0.208346 0.097984
v -0.462186 0.206309 -0.102006
v -0.462186 0.208248 0.097985
v -0.553487 0.206309 -0.102006
v -0.553487 0.208248 0.097985
v -0.555177 0.206227 -0.102005
v -0.555177 0.208167 0.097986
v -0.556720 0.205982 -0.102002
v -0.556720 0.207922 0.097988
v -0.558116 0.205574 -0.101998
v -0.558116 0.207514 0.097992
v -0.559365 0.205003 -0.101993
v -0.559365 0.206942 0.097998
v -0.560467 0.204268 -0.101986
v -0.560467 0.206208 0.098005
v -0.561422 0.203370 -0.101977
v -0.561422 0.205310 0.098014
v -0.562231 0.202309 -0.101967
v -0.562231 0.204248 0.098024
v -0.562892 0.201084 -0.101955
v -0.562892 0.203024 0.098036
v -0.563406 0.199697 -0.101941
v -0.563406 0.201636 0.098049
v -0.563773 0.198146 -0.101926
v -0.563773 0.200085 0.098064
v -0.563994 0.196431 -0.101910
v -0.563994 0.198371 0.098081
v -0.564067 0.194554 -0.101892
v -0.564067 0.196493 0.098099
v -0.563994 0.192731 -0.101874
v -0.563994 0.194670 0.098117
v -0.563773 0.191049 -0.101858
v -0.563773 0.192989 0.098133
v -0.563406 0.189509 -0.101843
v -0.563406 0.191449 0.098148
v -0.562892 0.188111 -0.101829
v -0.562892 0.190050 0.098162
v -0.562231 0.186853 -0.101817
v -0.562231 0.188793 0.098174
v -0.561422 0.185738 -0.101806
v -0.561422 0.187677 0.098185
v -0.560467 0.184764 -0.101797
v -0.560467 0.186703 0.098194
v -0.559365 0.183931 -0.101788
v -0.559365 0.185871 0.098202
v -0.558116 0.183240 -0.101782
v -0.558116 0.185179 0.098209
v -0.556720 0.182690 -0.101776
v -0.556720 0.184630 0.098214
v -0.555177 0.182282 -0.101773
v -0.555177 0.184222 0.098218
v -0.553487 0.182015 -0.101770
v -0.553487 0.183955 0.098221
v -0.495102 0.174179 -0.101694
v -0.495102 0.176118 0.098297
v -0.492065 0.173693 -0.101689
v -0.492065 0.175633 0.098301
v -0.489093 0.173150 -0.101684
v -0.489093 0.175090 0.098307
v -0.486187 0.172550 -0.101678
v -0.486187 0.174490 0.098312
v -0.483346 0.171893 -0.101672
v -0.483346 0.173833 0.098319
v -0.480571 0.171179 -0.101665
v -0.480571 0.173118 0.098326
v -0.477860 0.170407 -0.101657
v -0.477860 0.172347 0.098333
v -0.475215 0.169579 -0.101649
v -0.475215 0.171518 0.098341
v -0.472636 0.168693 -0.101641
v -0.472636 0.170633 0.098350
v -0.470121 0.167750 -0.101632
v -0.470121 0.169690 0.098359
v -0.467672 0.166750 -0.101622
v -0.467672 0.168690 0.098369
v -0.465289 0.165693 -0.101612
v -0.465289 0.167633 0.098379
v -0.462970 0.164579 -0.101601
v -0.462970 0.166518 0.098390
v -0.460727 0.163391 -0.101589
v -0.460727 0.165331 0.098401
v -0.458567 0.162114 -0.101577
v -0.458567 0.164053 0.098414
v -0.456492 0.160746 -0.101564
v -0.456492 0.162686 0.098427
v -0.454502 0.159289 -0.101550
v -0.454502 0.161229 0.098441
v -0.452596 0.157742 -0.101535
v -0.452596 0.159682 0.098456
v -0.450774 0.156106 -0.101519
v -0.450774 0.158045 0.098472
v -0.449036 0.154379 -0.101502
v -0.449036 0.156319 0.098489
v -0.447383 0.152563 -0.101484
v -0.447383 0.154502 0.098506
v -0.445815 0.150657 -0.101466
v -0.445815 0.152596 0.098525
v -0.444330 0.148661 -0.101446
v -0.444330 0.150600 0.098544
v -0.442930 0.146575 -0.101426
v -0.442930 0.148515 0.098564
v -0.441614 0.144400 -0.101405
v -0.441614 0.146339 0.098585
v -0.440394 0.142119 -0.101383
v -0.440394 0.144059 0.098608
v -0.439280 0.139719 -0.101360
v -0.439280 0.141659 0.098631
v -0.438271 0.137200 -0.101335
v -0.438271 0.139139 0.098655
v -0.437369 0.134560 -0.101310
v -0.437369 0.136500 0.098681
v -0.436573 0.131801 -0.101283
v -0.436573 0.133741 0.098708
v -0.435884 0.128922 -0.101255
v -0.435884 0.130862 0.098736
v -0.435300 0.125924 -0.101226
v -0.435300 0.127863 0.098765
v -0.434822 0.122805 -0.101196
v -0.434822 0.124745 0.098795
v -0.434451 0.119567 -0.101164
v -0.434451 0.121507 0.098826
v -0.434186 0.116209 -0.101132
v -0.434186 0.118149 0.098859
v -0.434026 0.112732 -0.101098
v -0.434026 0.114672 0.098893
v -0.433973 0.109135 -0.101063
v -0.433973 0.111074 0.098927
v -0.433973 0.067993 -0.100664
v -0.433973 0.069932 0.099326
v -0.434123 0.062549 -0.100611
v -0.434123 0.064489 0.099379
v -0.434572 0.057321 -0.100561
v -0.434572 0.059260 0.099430
v -0.435320 0.052307 -0.100512
v -0.435320 0.054247 0.099479
v -0.436368 0.047508 -0.100465
v -0.436368 0.049448 0.099525
v -0.437715 0.042925 -0.100421
v -0.437715 0.044864 0.099570
v -0.439361 0.038556 -0.100379
v -0.439361 0.040496 0.099612
v -0.441307 0.034403 -0.100338
v -0.441307 0.036342 0.099652
v -0.443552 0.030464 -0.100300
v -0.443552 0.032403 0.099690
v -0.446096 0.026740 -0.100264
v -0.446096 0.028680 0.099727
v -0.448940 0.023231 -0.100230
v -0.448940 0.025171 0.099761
v -0.452083 0.019937 -0.100198
v -0.452083 0.021877 0.099793
v -0.673002 -0.050967 -0.099510
v -0.673002 -0.049028 0.100480
v -0.418299 -0.050967 -0.099510
v -0.418299 -0.049028 0.100480
v -0.418299 -0.100965 -0.099026
v -0.418299 -0.099026 0.100965
v -0.673002 -0.100965 -0.099026
v -0.673002 -0.099026 0.100965
v -0.243926 0.013136 -0.100132
v -0.243926 0.015076 0.099859
v -0.244024 0.010883 -0.100110
v -0.244024 0.012823 0.099880
v -0.244318 0.008826 -0.100090
v -0.244318 0.010766 0.099900
v -0.244808 0.006965 -0.100072
v -0.244808 0.008904 0.099918
v -0.245494 0.005300 -0.100056
v -0.245494 0.007239 0.099934
v -0.246375 0.003830 -0.100042
v -0.246375 0.005770 0.099949
v -0.247453 0.002557 -0.100029
v -0.247453 0.004496 0.099961
v -0.248726 0.001479 -0.100019
v -0.248726 0.003419 0.099972
v -0.250196 0.000598 -0.100010
v -0.250196 0.002537 0.099980
v -0.251861 -0.000088 -0.100004
v -0.251861 0.001851 0.099987
v -0.253723 -0.000578 -0.099999
v -0.253723 0.001362 0.099992
v -0.255780 -0.000872 -0.099996
v -0.255780 0.001068 0.099994
v -0.258033 -0.000970 -0.099995
v -0.258033 0.000970 0.099995
v -0.321513 -0.000970 -0.099995
v -0.321513 0.000970 0.099995
v -0.323766 -0.000872 -0.099996
v -0.323766 0.001068 0.099994
v -0.325823 -0.000578 -0.099999
v -0.325823 0.001362 0.099992
v -0.327684 -0.000088 -0.100004
v -0.327684 0.001851 0.099987
v -0.329350 0.000598 -0.100010
v -0.329350 0.002537 0.099980
v -0.330819 0.001479 -0.100019
v -0.330819 0.003419 0.099972
v -0.332092 0.002557 -0.100029
v -0.332092 0.004496 0.099961
v -0.333170 0.003830 -0.100042
v -0.333170 0.005770 0.099949
v -0.334052 0.005300 -0.100056
v -0.334052 0.007239 0.099934
v -0.334737 0.006965 -0.100072
v -0.334737 0.008904 0.099918
v -0.335227 0.008826 -0.100090
v -0.335227 0.010766 0.099900
v -0.335521 0.010883 -0.100110
v -0.335521 0.012823 0.099880
v -0.335619 0.013136 -0.100132
v -0.335619 0.015076 0.099859
v -0.335619 0.205525 -0.101998
v -0.335619 0.207465 0.097993
v -0.393221 0.205525 -0.101998
v -0.393221 0.207465 0.097993
v -0.395474 0.205623 -0.101999
v -0.395474 0.207563 0.097992
v -0.397531 0.205917 -0.102002
v -0.397531 0.207857 0.097989
v -0.399393 0.206407 -0.102006
v -0.399393 0.208346 0.097984
v -0.401058 0.207093 -0.102013
v -0.401058 0.209032 0.097977
v -0.402527 0.207974 -0.102022
v -0.402527 0.209914 0.097969
v -0.403801 0.209052 -0.102032
v -0.403801 0.210991 0.097958
v -0.404878 0.210325 -0.102044
v -0.404878 0.212265 0.097946
v -0.405760 0.211795 -0.102059
v -0.405760 0.213734 0.097932
v -0.406446 0.213460 -0.102075
v -0.406446 0.215399 0.097916
v -0.406936 0.215321 -0.102093
v -0.406936 0.217261 0.097898
v -0.407230 0.217378 -0.102113
v -0.407230 0.219318 0.097878
v -0.407328 0.219631 -0.102135
v -0.407328 0.221571 0.097856
v -0.407328 0.267043 -0.102595
v -0.407328 0.268982 0.097396
v -0.407230 0.269296 -0.102616
v -0.407230 0.271235 0.097374
v -0.406936 0.271353 -0.102636
v -0.406936 0.273292 0.097354
v -0.406446 0.273214 -0.102654
v -0.406446 0.275154 0.097336
v -0.405760 0.274879 -0.102671
v -0.405760 0.276819 0.097320
v -0.404878 0.276349 -0.102685
v -0.404878 0.278288 0.097306
v -0.403801 0.277622 -0.102697
v -0.403801 0.279562 0.097293
v -0.402527 0.278700 -0.102708
v -0.402527 0.280639 0.097283
v -0.401058 0.279581 -0.102716
v -0.401058 0.281521 0.097274
v -0.399393 0.280267 -0.102723
v -0.399393 0.282207 0.097268
v -0.397531 0.280757 -0.102728
v -0.397531 0.282696 0.097263
v -0.395474 0.281051 -0.102730
v -0.395474 0.282990 0.097260
v -0.393221 0.281149 -0.102731
v -0.393221 0.283088 0.097259
v -0.186324 0.281149 -0.102731
v -0.186324 0.283088 0.097259
v -0.184071 0.281051 -0.102730
v -0.184071 0.282990 0.097260
v -0.182014 0.280757 -0.102728
v -0.182014 0.282696 0.097263
v -0.180153 0.280267 -0.102723
v -0.180153 0.282207 0.097268
v -0.178487 0.279581 -0.102716
v -0.178487 0.281521 0.097274
v -0.177018 0.278700 -0.102708
v -0.177018 0.280639 0.097283
v -0.175745 0.277622 -0.102697
v -0.175745 0.279562 0.097293
v -0.174667 0.276349 -0.102685
v -0.174667 0.278288 0.097306
v -0.173785 0.274879 -0.102671
v -0.173785 0.276819 0.097320
v -0.173100 0.273214 -0.102654
v -0.173100 0.275154 0.097336
v -0.172610 0.271353 -0.102636
v -0.172610 0.273292 0.097354
v -0.172316 0.269296 -0.102616
v -0.172316 0.271235 0.097374
v -0.172218 0.267043 -0.102595
v -0.172218 0.268982 0.097396
v -0.172218 0.219631 -0.102135
v -0.172218 0.221571 0.097856
v -0.172316 0.217378 -0.102113
v -0.172316 0.219318 0.097878
v -0.172610 0.215321 -0.102093
v -0.172610 0.217261 0.097898
v -0.173100 0.213460 -0.102075
v -0.173100 0.215399 0.097916
v -0.173785 0.211795 -0.102059
v -0.173785 0.213734 0.097932
v -0.174667 0.210325 -0.102044
v -0.174667 0.212265 0.097946
v -0.175745 0.209052 -0.102032
v -0.175745 0.210991 0.097958
v -0.177018 0.207974 -0.102022
v -0.177018 0.209914 0.097969
v -0.178487 0.207093 -0.102013
v -0.178487 0.209032 0.097977
v -0.180153 0.206407 -0.102006
v -0.180153 0.208346 0.097984
v -0.182014 0.205917 -0.102002
v -0.182014 0.207857 0.097989
v -0.184071 0.205623 -0.101999
v -0.184071 0.207563 0.097992
v -0.186324 0.205525 -0.101998
v -0.186324 0.207465 0.097993
v -0.243926 0.205525 -0.101998
v -0.243926 0.207465 0.097993
v -0.418299 -0.050967 -0.099510
v -0.418299 -0.049028 0.100480
v -0.161246 -0.050967 -0.099510
v -0.161246 -0.049028 0.100480
v -0.161246 -0.100965 -0.099026
v -0.161246 -0.099026 0.100965
v -0.418299 -0.100965 -0.099026
v -0.418299 -0.099026 0.100965
v -0.054271 0.067993 -0.100664
v -0.054271 0.069932 0.099326
v -0.054271 0.013136 -0.100132
v -0.054271 0.015076 0.099859
v -0.054369 0.010883 -0.100110
v -0.054369 0.012823 0.099880
v -0.054663 0.008826 -0.100090
v -0.054663 0.010766 0.099900
v -0.055153 0.006965 -0.100072
v -0.055153 0.008904 0.099918
v -0.055839 0.005300 -0.100056
v -0.055839 0.007239 0.099934
v -0.056720 0.003830 -0.100042
v -0.056720 0.005770 0.099949
v -0.057798 0.002557 -0.100029
v -0.057798 0.004496 0.099961
v -0.059071 0.001479 -0.100019
v -0.059071 0.003419 0.099972
v -0.060541 0.000598 -0.100010
v -0.060541 0.002537 0.099980
v -0.062206 -0.000088 -0.100004
v -0.062206 0.001851 0.099987
v -0.064067 -0.000578 -0.099999
v -0.064067 0.001362 0.099992
v -0.066125 -0.000872 -0.099996
v -0.066125 0.001068 0.099994
v -0.068378 -0.000970 -0.099995
v -0.068378 0.000970 0.099995
v -0.125980 -0.000970 -0.099995
v -0.125980 0.000970 0.099995
v -0.128233 -0.000872 -0.099996
v -0.128233 0.001068 0.099994
v -0.130290 -0.000578 -0.099999
v -0.130290 0.001362 0.099992
v -0.132151 -0.000088 -0.100004
v -0.132151 0.001851 0.099987
v -0.133817 0.000598 -0.100010
v -0.133817 0.002537 0.099980
v -0.135286 0.001479 -0.100019
v -0.135286 0.003419 0.099972
v -0.136560 0.002557 -0.100029
v -0.136560 0.004496 0.099961
v -0.137637 0.003830 -0.100042
v -0.137637 0.005770 0.099949
v -0.138519 0.005300 -0.100056
v -0.138519 0.007239 0.099934
v -0.139205 0.006965 -0.100072
v -0.139205 0.008904 0.099918
v -0.139694 0.008826 -0.100090
v -0.139694 0.010766 0.099900
v -0.139988 0.010883 -0.100110
v -0.139988 0.012823 0.099880
v -0.140086 0.013136 -0.100132
v -0.140086 0.015076 0.099859
v -0.140086 0.116580 -0.101135
v -0.140086 0.118519 0.098855
v -0.140060 0.118563 -0.101155
v -0.140060 0.120503 0.098836
v -0.139983 0.120596 -0.101174
v -0.139983 0.122535 0.098816
v -0.139854 0.122677 -0.101194
v -0.139854 0.124617 0.098796
v -0.139673 0.124808 -0.101215
v -0.139673 0.126748 0.098775
v -0.139440 0.126988 -0.101236
v -0.139440 0.128927 0.098754
v -0.139156 0.129216 -0.101258
v -0.139156 0.131156 0.098733
v -0.138819 0.131494 -0.101280
v -0.138819 0.133433 0.098711
v -0.138432 0.133820 -0.101303
v -0.138432 0.135760 0.098688
v -0.137992 0.136196 -0.101326
v -0.137992 0.138135 0.098665
v -0.137501 0.138620 -0.101349
v -0.137501 0.140560 0.098642
v -0.136958 0.141094 -0.101373
v -0.136958 0.143033 0.098618
v -0.136364 0.143616 -0.101398
v -0.136364 0.145555 0.098593
v -0.135715 0.146198 -0.101423
v -0.135715 0.148138 0.098568
v -0.135008 0.148851 -0.101448
v -0.135008 0.150791 0.098542
v -0.134245 0.151575 -0.101475
v -0.134245 0.153515 0.098516
v -0.133425 0.154370 -0.101502
v -0.133425 0.156309 0.098489
v -0.132547 0.157235 -0.101530
v -0.132547 0.159174 0.098461
v -0.131612 0.160171 -0.101558
v -0.131612 0.162110 0.098433
v -0.130621 0.163178 -0.101587
v -0.130621 0.165117 0.098403
v -0.129572 0.166255 -0.101617
v -0.129572 0.168195 0.098374
v -0.128465 0.169403 -0.101648
v -0.128465 0.171343 0.098343
v -0.127302 0.172622 -0.101679
v -0.127302 0.174562 0.098312
v -0.126082 0.175912 -0.101711
v -0.126082 0.177852 0.098280
v -0.124804 0.179273 -0.101743
v -0.124804 0.181212 0.098247
v -0.090713 0.268218 -0.102606
v -0.090713 0.270158 0.097385
v -0.089916 0.270283 -0.102626
v -0.089916 0.272223 0.097365
v -0.088961 0.272169 -0.102644
v -0.088961 0.274109 0.097346
v -0.087848 0.273875 -0.102661
v -0.087848 0.275815 0.097330
v -0.086577 0.275402 -0.102676
v -0.086577 0.277341 0.097315
v -0.085148 0.276749 -0.102689
v -0.085148 0.278688 0.097302
v -0.083562 0.277916 -0.102700
v -0.083562 0.279856 0.097291
v -0.081818 0.278904 -0.102710
v -0.081818 0.280843 0.097281
v -0.079916 0.279712 -0.102717
v -0.079916 0.281651 0.097273
v -0.077856 0.280340 -0.102723
v -0.077856 0.282280 0.097267
v -0.075638 0.280789 -0.102728
v -0.075638 0.282729 0.097263
v -0.073262 0.281059 -0.102730
v -0.073262 0.282998 0.097260
v -0.070729 0.281149 -0.102731
v -0.070729 0.283088 0.097259
v 0.034679 0.281149 -0.102731
v 0.034679 0.283088 0.097259
v 0.037150 0.281059 -0.102730
v 0.037150 0.282998 0.097260
v 0.039468 0.280789 -0.102728
v 0.039468 0.282729 0.097263
v 0.041634 0.280340 -0.102723
v 0.041634 0.282280 0.097267
v 0.043648 0.279712 -0.102717
v 0.043648 0.281651 0.097273
v 0.045509 0.278904 -0.102710
v 0.045509 0.280843 0.097281
v 0.047218 0.277916 -0.102700
v 0.047218 0.279856 0.097291
v 0.048774 0.276749 -0.102689
v 0.048774 0.278688 0.097302
v 0.050179 0.275402 -0.102676
v 0.050179 0.277341 0.097315
v 0.051430 0.273875 -0.102661
v 0.051430 0.275815 0.097330
v 0.052530 0.272169 -0.102644
v 0.052530 0.274109 0.097346
v 0.053477 0.270283 -0.102626
v 0.053477 0.272223 0.097365
v 0.054271 0.268218 -0.102606
v 0.054271 0.270158 0.097385
v 0.088362 0.179273 -0.101743
v 0.088362 0.181212 0.098247
v 0.089640 0.175912 -0.101711
v 0.089640 0.177852 0.098280
v 0.090860 0.172622 -0.101679
v 0.090860 0.174562 0.098312
v 0.092023 0.169403 -0.101648
v 0.092023 0.171343 0.098343
v 0.093130 0.166255 -0.101617
v 0.093130 0.168195 0.098374
v 0.094179 0.163178 -0.101587
v 0.094179 0.165117 0.098403
v 0.095170 0.160171 -0.101558
v 0.095170 0.162110 0.098433
v 0.096105 0.157235 -0.101530
v 0.096105 0.159174 0.098461
v 0.096983 0.154369 -0.101502
v 0.096983 0.156309 0.098489
v 0.097803 0.151575 -0.101475
v 0.097803 0.153514 0.098516
v 0.098566 0.148851 -0.101448
v 0.098566 0.150791 0.098542
v 0.099273 0.146198 -0.101423
v 0.099273 0.148138 0.098568
v 0.099922 0.143616 -0.101398
v 0.099922 0.145555 0.098593
v 0.100516 0.141094 -0.101373
v 0.100516 0.143033 0.098618
v 0.101059 0.138620 -0.101349
v 0.101059 0.140560 0.098642
v 0.101550 0.136196 -0.101326
v 0.101550 0.138135 0.098665
v 0.101990 0.133820 -0.101303
v 0.101990 0.135760 0.098688
v 0.102378 0.131494 -0.101280
v 0.102378 0.133433 0.098711
v 0.102714 0.129216 -0.101258
v 0.102714 0.131156 0.098733
v 0.102998 0.126988 -0.101236
v 0.102998 0.128927 0.098754
v 0.103231 0.124808 -0.101215
v 0.103231 0.126748 0.098775
v 0.103412 0.122677 -0.101194
v 0.103412 0.124617 0.098796
v 0.103541 0.120596 -0.101174
v 0.103541 0.122535 0.098816
v 0.103618 0.118563 -0.101155
v 0.103618 0.120503 0.098836
v 0.103644 0.116580 -0.101135
v 0.103644 0.118519 0.098855
v 0.103644 0.013136 -0.100132
v 0.103644 0.015076 0.099859
v 0.103546 0.010883 -0.100110
v 0.103546 0.012823 0.099880
v 0.103252 0.008826 -0.100090
v 0.103252 0.010766 0.099900
v 0.102763 0.006965 -0.100072
v 0.102763 0.008904 0.099918
v 0.102077 0.005300 -0.100056
v 0.102077 0.007239 0.099934
v 0.101195 0.003830 -0.100042
v 0.101195 0.005770 0.099949
v 0.100118 0.002557 -0.100029
v 0.100118 0.004496 0.099961
v 0.098844 0.001479 -0.100019
v 0.098844 0.003419 0.099972
v 0.097375 0.000598 -0.100010
v 0.097375 0.002537 0.099980
v 0.095709 -0.000088 -0.100004
v 0.095709 0.001851 0.099987
v 0.093848 -0.000578 -0.099999
v 0.093848 0.001362 0.099992
v 0.091791 -0.000872 -0.099996
v 0.091791 0.001068 0.099994
v 0.089538 -0.000970 -0.099995
v 0.089538 0.000970 0.099995
v 0.030368 -0.000970 -0.099995
v 0.030368 0.000970 0.099995
v 0.027927 -0.000872 -0.099996
v 0.027927 0.001068 0.099994
v 0.025699 -0.000578 -0.099999
v 0.025699 0.001362 0.099992
v 0.023682 -0.000088 -0.100004
v 0.023682 0.001851 0.099987
v 0.021878 0.000598 -0.100010
v 0.021878 0.002537 0.099980
v 0.020286 0.001479 -0.100019
v 0.020286 0.003419 0.099972
v 0.018907 0.002557 -0.100029
v 0.018907 0.004496 0.099961
v 0.017739 0.003830 -0.100042
v 0.017739 0.005770 0.099949
v 0.016784 0.005300 -0.100056
v 0.016784 0.007239 0.099934
v 0.016041 0.006965 -0.100072
v 0.016041 0.008904 0.099918
v 0.015511 0.008826 -0.100090
v 0.015511 0.010766 0.099900
v 0.015192 0.010883 -0.100110
v 0.015192 0.012823 0.099880
v 0.015086 0.013136 -0.100132
v 0.015086 0.015076 0.099859
v 0.015086 0.067993 -0.100664
v 0.015086 0.069932 0.099326
v -0.024491 0.205525 -0.101998
v -0.024491 0.207465 0.097993
v -0.025261 0.205479 -0.101997
v -0.025261 0.207419 0.097993
v -0.026004 0.205340 -0.101996
v -0.026004 0.207280 0.097994
v -0.026719 0.205109 -0.101994
v -0.026719 0.207048 0.097997
v -0.027408 0.204785 -0.101991
v -0.027408 0.206725 0.098000
v -0.028069 0.204369 -0.101987
v -0.028069 0.206308 0.098004
v -0.028703 0.203860 -0.101982
v -0.028703 0.205800 0.098009
v -0.029310 0.203259 -0.101976
v -0.029310 0.205198 0.098015
v -0.029889 0.202565 -0.101969
v -0.029889 0.204504 0.098021
v -0.030442 0.201778 -0.101962
v -0.030442 0.203718 0.098029
v -0.030967 0.200899 -0.101953
v -0.030967 0.202839 0.098038
v -0.031465 0.199928 -0.101944
v -0.031465 0.201868 0.098047
v -0.031936 0.198864 -0.101933
v -0.031936 0.200804 0.098057
v -0.050353 0.139306 -0.101356
v -0.050353 0.141245 0.098635
v 0.011168 0.139306 -0.101356
v 0.011168 0.141245 0.098635
v -0.007249 0.198864 -0.101933
v -0.007249 0.200804 0.098057
v -0.007720 0.199928 -0.101944
v -0.007720 0.201868 0.098047
v -0.008218 0.200899 -0.101953
v -0.008218 0.202839 0.098038
v -0.008743 0.201778 -0.101962
v -0.008743 0.203718 0.098029
v -0.009296 0.202565 -0.101969
v -0.009296 0.204504 0.098021
v -0.009875 0.203259 -0.101976
v -0.009875 0.205198 0.098015
v -0.010482 0.203860 -0.101982
v -0.010482 0.205799 0.098009
v -0.011116 0.204369 -0.101987
v -0.011116 0.206308 0.098004
v -0.011777 0.204785 -0.101991
v -0.011777 0.206725 0.098000
v -0.012466 0.205109 -0.101994
v -0.012466 0.207048 0.097997
v -0.013181 0.205340 -0.101996
v -0.013181 0.207280 0.097994
v -0.013924 0.205479 -0.101997
v -0.013924 0.207418 0.097993
v -0.014694 0.205525 -0.101998
v -0.014694 0.207465 0.097993
v -0.161246 -0.050967 -0.099510
v -0.161246 -0.049028 0.100480
v 0.124804 -0.050967 -0.099510
v 0.124804 -0.049028 0.100480
v 0.124804 -0.100965 -0.099026
v 0.124804 -0.099026 0.100965
v -0.161246 -0.100965 -0.099026
v -0.161246 -0.099026 0.100965
v 0.240400 0.013136 -0.100132
v 0.240400 0.015076 0.099859
v 0.240302 0.010883 -0.100110
v 0.240302 0.012823 0.099880
v 0.240008 0.008826 -0.100090
v 0.240008 0.010766 0.099900
v 0.239518 0.006965 -0.100072
v 0.239518 0.008904 0.099918
v 0.238832 0.005300 -0.100056
v 0.238832 0.007239 0.099934
v 0.237951 0.003830 -0.100042
v 0.237951 0.005770 0.099949
v 0.236873 0.002557 -0.100029
v 0.236873 0.004496 0.099961
v 0.235600 0.001479 -0.100019
v 0.235600 0.003419 0.099972
v 0.234130 0.000598 -0.100010
v 0.234130 0.002537 0.099980
v 0.232465 -0.000088 -0.100004
v 0.232465 0.001851 0.099987
v 0.230603 -0.000578 -0.099999
v 0.230603 0.001362 0.099992
v 0.228546 -0.000872 -0.099996
v 0.228546 0.001068 0.099994
v 0.226293 -0.000970 -0.099995
v 0.226293 0.000970 0.099995
v 0.165948 -0.000970 -0.099995
v 0.165948 0.000970 0.099995
v 0.163695 -0.000872 -0.099996
v 0.163695 0.001068 0.099994
v 0.161638 -0.000578 -0.099999
v 0.161638 0.001362 0.099992
v 0.159777 -0.000088 -0.100004
v 0.159777 0.001851 0.099987
v 0.158111 0.000598 -0.100010
v 0.158111 0.002537 0.099980
v 0.156642 0.001479 -0.100019
v 0.156642 0.003419 0.099972
v 0.155368 0.002557 -0.100029
v 0.155368 0.004496 0.099961
v 0.154291 0.003830 -0.100042
v 0.154291 0.005770 0.099949
v 0.153409 0.005300 -0.100056
v 0.153409 0.007239 0.099934
v 0.152723 0.006965 -0.100072
v 0.152723 0.008904 0.099918
v 0.152234 0.008826 -0.100090
v 0.152234 0.010766 0.099900
v 0.151940 0.010883 -0.100110
v 0.151940 0.012823 0.099880
v 0.151842 0.013136 -0.100132
v 0.151842 0.015076 0.099859
v 0.151842 0.267043 -0.102595
v 0.151842 0.268982 0.097396
v 0.151940 0.269296 -0.102616
v 0.151940 0.271235 0.097374
v 0.152234 0.271353 -0.102636
v 0.152234 0.273292 0.097354
v 0.152723 0.273214 -0.102654
v 0.152723 0.275154 0.097336
v 0.153409 0.274879 -0.102671
v 0.153409 0.276819 0.097320
v 0.154291 0.276349 -0.102685
v 0.154291 0.278288 0.097306
v 0.155368 0.277622 -0.102697
v 0.155368 0.279562 0.097293
v 0.156642 0.278700 -0.102708
v 0.156642 0.280639 0.097283
v 0.158111 0.279581 -0.102716
v 0.158111 0.281521 0.097274
v 0.159777 0.280267 -0.102723
v 0.159777 0.282207 0.097268
v 0.161638 0.280757 -0.102728
v 0.161638 0.282696 0.097263
v 0.163695 0.281051 -0.102730
v 0.163695 0.282990 0.097260
v 0.165948 0.281149 -0.102731
v 0.165948 0.283088 0.097259
v 0.296434 0.281149 -0.102731
v 0.296434 0.283088 0.097259
v 0.301245 0.281091 -0.102731
v 0.301245 0.283031 0.097260
v 0.305882 0.280920 -0.102729
v 0.305882 0.282860 0.097261
v 0.310345 0.280634 -0.102726
v 0.310345 0.282574 0.097264
v 0.314633 0.280234 -0.102722
v 0.314633 0.282174 0.097268
v 0.318748 0.279720 -0.102717
v 0.318748 0.281660 0.097273
v 0.322688 0.279092 -0.102711
v 0.322688 0.281031 0.097279
v 0.326454 0.278349 -0.102704
v 0.326454 0.280288 0.097286
v 0.330046 0.277492 -0.102696
v 0.330046 0.279431 0.097295
v 0.333464 0.276520 -0.102686
v 0.333464 0.278460 0.097304
v 0.336708 0.275434 -0.102676
v 0.336708 0.277374 0.097315
v 0.339777 0.274234 -0.102664
v 0.339777 0.276174 0.097326
v 0.342672 0.272920 -0.102652
v 0.342672 0.274860 0.097339
v 0.345413 0.271504 -0.102638
v 0.345413 0.273443 0.097353
v 0.348017 0.269998 -0.102623
v 0.348017 0.271937 0.097367
v 0.350485 0.268402 -0.102608
v 0.350485 0.270341 0.097383
v 0.352817 0.266716 -0.102591
v 0.352817 0.268656 0.097399
v 0.355013 0.264941 -0.102574
v 0.355013 0.266880 0.097416
v 0.357073 0.263075 -0.102556
v 0.357073 0.265015 0.097435
v 0.358997 0.261120 -0.102537
v 0.358997 0.263060 0.097454
v 0.360785 0.259075 -0.102517
v 0.360785 0.261015 0.097473
v 0.362436 0.256941 -0.102497
v 0.362436 0.258880 0.097494
v 0.363952 0.254716 -0.102475
v 0.363952 0.256656 0.097516
v 0.365332 0.252402 -0.102453
v 0.365332 0.254342 0.097538
v 0.366575 0.249998 -0.102429
v 0.366575 0.251938 0.097561
v 0.367702 0.247515 -0.102405
v 0.367702 0.249455 0.097585
v 0.368730 0.244964 -0.102380
v 0.368730 0.246904 0.097610
v 0.369661 0.242345 -0.102355
v 0.369661 0.244285 0.097636
v 0.370494 0.239658 -0.102329
v 0.370494 0.241598 0.097662
v 0.371228 0.236903 -0.102302
v 0.371228 0.238843 0.097688
v 0.371865 0.234080 -0.102275
v 0.371865 0.236019 0.097716
v 0.372404 0.231189 -0.102247
v 0.372404 0.233128 0.097744
v 0.372845 0.228230 -0.102218
v 0.372845 0.230169 0.097772
v 0.373188 0.225202 -0.102189
v 0.373188 0.227142 0.097802
v 0.373433 0.222107 -0.102159
v 0.373433 0.224047 0.097832
v 0.373580 0.218944 -0.102128
v 0.373580 0.220884 0.097863
v 0.373629 0.215713 -0.102097
v 0.373629 0.217652 0.097894
v 0.373629 0.197689 -0.101922
v 0.373629 0.199628 0.098069
v 0.373596 0.194981 -0.101896
v 0.373596 0.196921 0.098095
v 0.373498 0.192344 -0.101870
v 0.373498 0.194284 0.098121
v 0.373335 0.189779 -0.101845
v 0.373335 0.191718 0.098145
v 0.373106 0.187283 -0.101821
v 0.373106 0.189223 0.098170
v 0.372812 0.184859 -0.101797
v 0.372812 0.186798 0.098193
v 0.372453 0.182505 -0.101775
v 0.372453 0.184445 0.098216
v 0.372028 0.180222 -0.101753
v 0.372028 0.182162 0.098238
v 0.371539 0.178010 -0.101731
v 0.371539 0.179950 0.098260
v 0.370984 0.175869 -0.101710
v 0.370984 0.177808 0.098280
v 0.370363 0.173798 -0.101690
v 0.370363 0.175737 0.098300
v 0.369677 0.171798 -0.101671
v 0.369677 0.173737 0.098320
v 0.368926 0.169869 -0.101652
v 0.368926 0.171808 0.098338
v 0.368088 0.168016 -0.101634
v 0.368088 0.169955 0.098356
v 0.367141 0.166244 -0.101617
v 0.367141 0.168184 0.098374
v 0.366085 0.164554 -0.101601
v 0.366085 0.166494 0.098390
v 0.364921 0.162946 -0.101585
v 0.364921 0.164886 0.098406
v 0.363647 0.161420 -0.101570
v 0.363647 0.163359 0.098420
v 0.362265 0.159975 -0.101556
v 0.362265 0.161914 0.098434
v 0.360774 0.158612 -0.101543
v 0.360774 0.160551 0.098448
v 0.359174 0.157330 -0.101531
v 0.359174 0.159270 0.098460
v 0.357465 0.156130 -0.101519
v 0.357465 0.158070 0.098472
v 0.355647 0.155012 -0.101508
v 0.355647 0.156951 0.098483
v 0.353720 0.153975 -0.101498
v 0.353720 0.155914 0.098493
v 0.351685 0.153020 -0.101489
v 0.351685 0.154959 0.098502
v 0.355217 0.152541 -0.101484
v 0.355217 0.154480 0.098507
v 0.358629 0.151888 -0.101478
v 0.358629 0.153827 0.098513
v 0.361922 0.151061 -0.101470
v 0.361922 0.153000 0.098521
v 0.365095 0.150059 -0.101460
v 0.365095 0.151999 0.098531
v 0.368148 0.148884 -0.101449
v 0.368148 0.150823 0.098542
v 0.371081 0.147534 -0.101436
v 0.371081 0.149474 0.098555
v 0.373895 0.146010 -0.101421
v 0.373895 0.147950 0.098570
v 0.376589 0.144312 -0.101404
v 0.376589 0.146252 0.098586
v 0.379163 0.142440 -0.101386
v 0.379163 0.144380 0.098604
v 0.381618 0.140394 -0.101366
v 0.381618 0.142334 0.098624
v 0.383953 0.138174 -0.101345
v 0.383953 0.140113 0.098646
v 0.386168 0.135779 -0.101322
v 0.386168 0.137719 0.098669
v 0.388233 0.133230 -0.101297
v 0.388233 0.135169 0.098694
v 0.390119 0.130544 -0.101271
v 0.390119 0.132484 0.098720
v 0.391825 0.127722 -0.101243
v 0.391825 0.129662 0.098747
v 0.393352 0.124764 -0.101215
v 0.393352 0.126704 0.098776
v 0.394699 0.121671 -0.101185
v 0.394699 0.123610 0.098806
v 0.395866 0.118441 -0.101153
v 0.395866 0.120380 0.098837
v 0.396854 0.115075 -0.101121
v 0.396854 0.117014 0.098870
v 0.397662 0.111573 -0.101087
v 0.397662 0.113512 0.098904
v 0.398291 0.107935 -0.101051
v 0.398291 0.109874 0.098939
v 0.398740 0.104161 -0.101015
v 0.398740 0.106100 0.098976
v 0.399009 0.100251 -0.100977
v 0.399009 0.102190 0.099014
v 0.399099 0.096204 -0.100938
v 0.399099 0.098144 0.099053
v 0.399099 0.013136 -0.100132
v 0.399099 0.015076 0.099859
v 0.399001 0.010883 -0.100110
v 0.399001 0.012823 0.099880
v 0.398707 0.008826 -0.100090
v 0.398707 0.010766 0.099900
v 0.398217 0.006965 -0.100072
v 0.398217 0.008904 0.099918
v 0.397531 0.005300 -0.100056
v 0.397531 0.007239 0.099934
v 0.396650 0.003830 -0.100042
v 0.396650 0.005770 0.099949
v 0.395572 0.002557 -0.100029
v 0.395572 0.004496 0.099961
v 0.394299 0.001479 -0.100019
v 0.394299 0.003419 0.099972
v 0.392829 0.000598 -0.100010
v 0.392829 0.002537 0.099980
v 0.391164 -0.000088 -0.100004
v 0.391164 0.001851 0.099987
v 0.389303 -0.000578 -0.099999
v 0.389303 0.001362 0.099992
v 0.387245 -0.000872 -0.099996
v 0.387245 0.001068 0.099994
v 0.384992 -0.000970 -0.099995
v 0.384992 0.000970 0.099995
v 0.324255 -0.000970 -0.099995
v 0.324255 0.000970 0.099995
v 0.322002 -0.000872 -0.099996
v 0.322002 0.001068 0.099994
v 0.319945 -0.000578 -0.099999
v 0.319945 0.001362 0.099992
v 0.318084 -0.000088 -0.100004
v 0.318084 0.001851 0.099987
v 0.316419 0.000598 -0.100010
v 0.316419 0.002537 0.099980
v 0.314949 0.001479 -0.100019
v 0.314949 0.003419 0.099972
v 0.313676 0.002557 -0.100029
v 0.313676 0.004496 0.099961
v 0.312598 0.003830 -0.100042
v 0.312598 0.005770 0.099949
v 0.311716 0.005300 -0.100056
v 0.311716 0.007239 0.099934
v 0.311031 0.006965 -0.100072
v 0.311031 0.008904 0.099918
v 0.310541 0.008826 -0.100090
v 0.310541 0.010766 0.099900
v 0.310247 0.010883 -0.100110
v 0.310247 0.012823 0.099880
v 0.310149 0.013136 -0.100132
v 0.310149 0.015076 0.099859
v 0.310149 0.073086 -0.100714
v 0.310149 0.075026 0.099277
v 0.310126 0.074553 -0.100728
v 0.310126 0.076492 0.099263
v 0.310056 0.075949 -0.100741
v 0.310056 0.077888 0.099249
v 0.309941 0.077274 -0.100754
v 0.309941 0.079214 0.099236
v 0.309779 0.078528 -0.100766
v 0.309779 0.080468 0.099224
v 0.309571 0.079712 -0.100778
v 0.309571 0.081652 0.099213
v 0.309316 0.080825 -0.100789
v 0.309316 0.082765 0.099202
v 0.309016 0.081867 -0.100799
v 0.309016 0.083807 0.099192
v 0.308669 0.082839 -0.100808
v 0.308669 0.084778 0.099183
v 0.308275 0.083739 -0.100817
v 0.308275 0.085679 0.099174
v 0.307836 0.084569 -0.100825
v 0.307836 0.086509 0.099166
v 0.307350 0.085328 -0.100832
v 0.307350 0.087268 0.099158
v 0.306818 0.086017 -0.100839
v 0.306818 0.087956 0.099152
v 0.306229 0.086643 -0.100845
v 0.306229 0.088582 0.099146
v 0.305572 0.087214 -0.100851
v 0.305572 0.089154 0.099140
v 0.304847 0.087731 -0.100856
v 0.304847 0.089671 0.099135
v 0.304053 0.088194 -0.100860
v 0.304053 0.090133 0.099131
v 0.303192 0.088602 -0.100864
v 0.303192 0.090541 0.099127
v 0.302263 0.088955 -0.100867
v 0.302263 0.090895 0.099123
v 0.301266 0.089255 -0.100870
v 0.301266 0.091194 0.099120
v 0.300200 0.089500 -0.100873
v 0.300200 0.091439 0.099118
v 0.299067 0.089690 -0.100875
v 0.299067 0.091630 0.099116
v 0.297866 0.089826 -0.100876
v 0.297866 0.091766 0.099115
v 0.296596 0.089908 -0.100877
v 0.296596 0.091847 0.099114
v 0.295259 0.089935 -0.100877
v 0.295259 0.091875 0.099114
v 0.240400 0.089935 -0.100877
v 0.240400 0.091875 0.099114
v 0.269788 0.210619 -0.102047
v 0.269788 0.212559 0.097943
v 0.240400 0.210619 -0.102047
v 0.240400 0.212559 0.097943
v 0.240400 0.160465 -0.101561
v 0.240400 0.162404 0.098430
v 0.269788 0.160465 -0.101561
v 0.269788 0.162404 0.098430
v 0.271440 0.160501 -0.101561
v 0.271440 0.162441 0.098429
v 0.272999 0.160612 -0.101562
v 0.272999 0.162551 0.098428
v 0.274466 0.160795 -0.101564
v 0.274466 0.162735 0.098426
v 0.275840 0.161052 -0.101567
v 0.275840 0.162992 0.098424
v 0.277122 0.161383 -0.101570
v 0.277122 0.163323 0.098421
v 0.278311 0.161787 -0.101574
v 0.278311 0.163727 0.098417
v 0.279408 0.162265 -0.101578
v 0.279408 0.164204 0.098412
v 0.280412 0.162816 -0.101584
v 0.280412 0.164755 0.098407
v 0.281323 0.163440 -0.101590
v 0.281323 0.165380 0.098401
v 0.282143 0.164138 -0.101597
v 0.282143 0.166078 0.098394
v 0.282869 0.164909 -0.101604
v 0.282869 0.166849 0.098387
v 0.283503 0.165754 -0.101612
v 0.283503 0.167694 0.098378
v 0.284066 0.166654 -0.101621
v 0.284066 0.168593 0.098370
v 0.284581 0.167588 -0.101630
v 0.284581 0.169528 0.098361
v 0.285046 0.168558 -0.101639
v 0.285046 0.170498 0.098351
v 0.285462 0.169564 -0.101649
v 0.285462 0.171503 0.098341
v 0.285830 0.170605 -0.101659
v 0.285830 0.172544 0.098331
v 0.286148 0.171681 -0.101670
v 0.286148 0.173620 0.098321
v 0.286418 0.172792 -0.101680
v 0.286418 0.174732 0.098310
v 0.286638 0.173939 -0.101692
v 0.286638 0.175879 0.098299
v 0.286809 0.175122 -0.101703
v 0.286809 0.177061 0.098288
v 0.286932 0.176339 -0.101715
v 0.286932 0.178279 0.098276
v 0.287005 0.177592 -0.101727
v 0.287005 0.179532 0.098264
v 0.287030 0.178881 -0.101740
v 0.287030 0.180820 0.098251
v 0.287030 0.192203 -0.101869
v 0.287030 0.194142 0.098122
v 0.287005 0.193491 -0.101881
v 0.287005 0.195431 0.098109
v 0.286932 0.194744 -0.101893
v 0.286932 0.196684 0.098097
v 0.286809 0.195962 -0.101905
v 0.286809 0.197902 0.098085
v 0.286638 0.197144 -0.101917
v 0.286638 0.199084 0.098074
v 0.286418 0.198291 -0.101928
v 0.286418 0.200231 0.098063
v 0.286148 0.199403 -0.101939
v 0.286148 0.201342 0.098052
v 0.285830 0.200479 -0.101949
v 0.285830 0.202419 0.098042
v 0.285462 0.201520 -0.101959
v 0.285462 0.203459 0.098032
v 0.285046 0.202525 -0.101969
v 0.285046 0.204465 0.098022
v 0.284581 0.203495 -0.101978
v 0.284581 0.205435 0.098012
v 0.284066 0.204430 -0.101987
v 0.284066 0.206369 0.098003
v 0.283503 0.205329 -0.101996
v 0.283503 0.207269 0.097995
v 0.282869 0.206174 -0.102004
v 0.282869 0.208114 0.097986
v 0.282143 0.206946 -0.102012
v 0.282143 0.208885 0.097979
v 0.281323 0.207644 -0.102018
v 0.281323 0.209583 0.097972
v 0.280412 0.208268 -0.102025
v 0.280412 0.210208 0.097966
v 0.279408 0.208819 -0.102030
v 0.279408 0.210759 0.097961
v 0.278311 0.209297 -0.102035
v 0.278311 0.211236 0.097956
v 0.277122 0.209701 -0.102038
v 0.277122 0.211640 0.097952
v 0.275840 0.210031 -0.102042
v 0.275840 0.211971 0.097949
v 0.274466 0.210288 -0.102044
v 0.274466 0.212228 0.097946
v 0.272999 0.210472 -0.102046
v 0.272999 0.212412 0.097945
v 0.271440 0.210582 -0.102047
v 0.271440 0.212522 0.097944
v 0.124804 -0.050967 -0.099510
v 0.124804 -0.049028 0.100480
v 0.415948 -0.050967 -0.099510
v 0.415948 -0.049028 0.100480
v 0.415948 -0.100965 -0.099026
v 0.415948 -0.099026 0.100965
v 0.124804 -0.100965 -0.099026
v 0.124804 -0.099026 0.100965
v 0.590321 0.013136 -0.100132
v 0.590321 0.015076 0.099859
v 0.590223 0.010883 -0.100110
v 0.590223 0.012823 0.099880
v 0.589929 0.008826 -0.100090
v 0.589929 0.010766 0.099900
v 0.589440 0.006965 -0.100072
v 0.589440 0.008904 0.099918
v 0.588754 0.005300 -0.100056
v 0.588754 0.007239 0.099934
v 0.587872 0.003830 -0.100042
v 0.587872 0.005770 0.099949
v 0.586795 0.002557 -0.100029
v 0.586795 0.004496 0.099961
v 0.585521 0.001479 -0.100019
v 0.585521 0.003419 0.099972
v 0.584052 0.000598 -0.100010
v 0.584052 0.002537 0.099980
v 0.582386 -0.000088 -0.100004
v 0.582386 0.001851 0.099987
v 0.580525 -0.000578 -0.099999
v 0.580525 0.001362 0.099992
v 0.578468 -0.000872 -0.099996
v 0.578468 0.001068 0.099994
v 0.576215 -0.000970 -0.099995
v 0.576215 0.000970 0.099995
v 0.512735 -0.000970 -0.099995
v 0.512735 0.000970 0.099995
v 0.510482 -0.000872 -0.099996
v 0.510482 0.001068 0.099994
v 0.508425 -0.000578 -0.099999
v 0.508425 0.001362 0.099992
v 0.506564 -0.000088 -0.100004
v 0.506564 0.001851 0.099987
v 0.504898 0.000598 -0.100010
v 0.504898 0.002537 0.099980
v 0.503429 0.001479 -0.100019
v 0.503429 0.003419 0.099972
v 0.502155 0.002557 -0.100029
v 0.502155 0.004496 0.099961
v 0.501078 0.003830 -0.100042
v 0.501078 0.005770 0.099949
v 0.500196 0.005300 -0.100056
v 0.500196 0.007239 0.099934
v 0.499510 0.006965 -0.100072
v 0.499510 0.008904 0.099918
v 0.499020 0.008826 -0.100090
v 0.499020 0.010766 0.099900
v 0.498727 0.010883 -0.100110
v 0.498727 0.012823 0.099880
v 0.498629 0.013136 -0.100132
v 0.498629 0.015076 0.099859
v 0.498629 0.205525 -0.101998
v 0.498629 0.207465 0.097993
v 0.441027 0.205525 -0.101998
v 0.441027 0.207465 0.097993
v 0.438774 0.205623 -0.101999
v 0.438774 0.207563 0.097992
v 0.436716 0.205917 -0.102002
v 0.436716 0.207857 0.097989
v 0.434855 0.206407 -0.102006
v 0.434855 0.208346 0.097984
v 0.433190 0.207093 -0.102013
v 0.433190 0.209032 0.097977
v 0.431720 0.207974 -0.102022
v 0.431720 0.209914 0.097969
v 0.430447 0.209052 -0.102032
v 0.430447 0.210991 0.097958
v 0.429369 0.210325 -0.102044
v 0.429369 0.212265 0.097946
v 0.428487 0.211795 -0.102059
v 0.428487 0.213734 0.097932
v 0.427802 0.213460 -0.102075
v 0.427802 0.215399 0.097916
v 0.427312 0.215321 -0.102093
v 0.427312 0.217261 0.097898
v 0.427018 0.217378 -0.102113
v 0.427018 0.219318 0.097878
v 0.426920 0.219631 -0.102135
v 0.426920 0.221571 0.097856
v 0.426920 0.267043 -0.102595
v 0.426920 0.268982 0.097396
v 0.427018 0.269296 -0.102616
v 0.427018 0.271235 0.097374
v 0.427312 0.271353 -0.102636
v 0.427312 0.273292 0.097354
v 0.427802 0.273214 -0.102654
v 0.427802 0.275154 0.097336
v 0.428487 0.274879 -0.102671
v 0.428487 0.276819 0.097320
v 0.429369 0.276349 -0.102685
v 0.429369 0.278288 0.097306
v 0.430447 0.277622 -0.102697
v 0.430447 0.279562 0.097293
v 0.431720 0.278700 -0.102708
v 0.431720 0.280639 0.097283
v 0.433190 0.279581 -0.102716
v 0.433190 0.281521 0.097274
v 0.434855 0.280267 -0.102723
v 0.434855 0.282207 0.097268
v 0.436716 0.280757 -0.102728
v 0.436716 0.282696 0.097263
v 0.438773 0.281051 -0.102730
v 0.438773 0.282990 0.097260
v 0.441027 0.281149 -0.102731
v 0.441027 0.283088 0.097259
v 0.647923 0.281149 -0.102731
v 0.647923 0.283088 0.097259
v 0.650176 0.281051 -0.102730
v 0.650176 0.282990 0.097260
v 0.652233 0.280757 -0.102728
v 0.652233 0.282696 0.097263
v 0.654095 0.280267 -0.102723
v 0.654095 0.282207 0.097268
v 0.655760 0.279581 -0.102716
v 0.655760 0.281521 0.097274
v 0.657230 0.278700 -0.102708
v 0.657230 0.280639 0.097283
v 0.658503 0.277622 -0.102697
v 0.658503 0.279562 0.097293
v 0.659581 0.276349 -0.102685
v 0.659581 0.278288 0.097306
v 0.660462 0.274879 -0.102671
v 0.660462 0.276819 0.097320
v 0.661148 0.273214 -0.102654
v 0.661148 0.275154 0.097336
v 0.661638 0.271353 -0.102636
v 0.661638 0.273292 0.097354
v 0.661932 0.269296 -0.102616
v 0.661932 0.271235 0.097374
v 0.662030 0.267043 -0.102595
v 0.662030 0.268982 0.097396
v 0.662030 0.219631 -0.102135
v 0.662030 0.221571 0.097856
v 0.661932 0.217378 -0.102113
v 0.661932 0.219318 0.097878
v 0.661638 0.215321 -0.102093
v 0.661638 0.217261 0.097898
v 0.661148 0.213460 -0.102075
v 0.661148 0.215399 0.097916
v 0.660462 0.211795 -0.102059
v 0.660462 0.213734 0.097932
v 0.659581 0.210325 -0.102044
v 0.659581 0.212265 0.097946
v 0.658503 0.209052 -0.102032
v 0.658503 0.210991 0.097958
v 0.657229 0.207974 -0.102022
v 0.657229 0.209914 0.097969
v 0.655760 0.207093 -0.102013
v 0.655760 0.209032 0.097977
v 0.654095 0.206407 -0.102006
v 0.654095 0.208346 0.097984
v 0.652233 0.205917 -0.102002
v 0.652233 0.207857 0.097989
v 0.650176 0.205623 -0.101999
v 0.650176 0.207563 0.097992
v 0.647923 0.205525 -0.101998
v 0.647923 0.207465 0.097993
v 0.590321 0.205525 -0.101998
v 0.590321 0.207465 0.097993
v 0.415948 -0.050967 -0.099510
v 0.415948 -0.049028 0.100480
v 0.673002 -0.050967 -0.099510
v 0.673002 -0.049028 0.100480
v 0.673002 -0.100965 -0.099026
v 0.673002 -0.099026 0.100965
v 0.415948 -0.100965 -0.099026
v 0.415948 -0.099026 0.100965
vn -0.0000 0.0097 1.0000
vn 0.0001 0.0097 1.0000
vn -0.0001 0.0097 1.0000
vn -0.0000 -0.0097 -1.0000
vn 0.0001 -0.0097 -1.0000
vn -0.0001 -0.0097 -1.0000
vn 0.6384 -0.7696 0.0075
vn 0.5807 -0.8141 0.0079
vn 0.5219 -0.8529 0.0083
vn 0.4623 -0.8867 0.0086
vn 0.4028 -0.9153 0.0089
vn 0.3442 -0.9389 0.0091
vn 0.2872 -0.9578 0.0093
vn 0.2324 -0.9726 0.0094
vn 0.1802 -0.9836 0.0095
vn 0.1308 -0.9914 0.0096
vn 0.0844 -0.9964 0.0097
vn 0.0409 -0.9991 0.0097
vn 0.0100 -0.9999 0.0097
vn -0.0217 -0.9997 0.0097
vn -0.0925 -0.9957 0.0097
vn -0.1983 -0.9801 0.0095
vn -0.3183 -0.9479 0.0092
vn -0.4489 -0.8935 0.0087
vn -0.5821 -0.8131 0.0079
vn -0.7071 -0.7071 0.0069
vn -0.8131 -0.5821 0.0056
vn -0.8936 -0.4489 0.0044
vn -0.9480 -0.3183 0.0031
vn -0.9801 -0.1983 0.0019
vn -0.9957 -0.0925 0.0009
vn -0.9998 -0.0217 0.0002
vn -0.9998 0.0217 -0.0002
vn -0.9957 0.0925 -0.0009
vn -0.9801 0.1983 -0.0019
vn -0.9480 0.3183 -0.0031
vn -0.8936 0.4489 -0.0044
vn -0.8131 0.5821 -0.0056
vn -0.7071 0.7071 -0.0069
vn -0.5821 0.8131 -0.0079
vn -0.4489 0.8935 -0.0087
vn -0.3183 0.9479 -0.0092
vn -0.1983 0.9801 -0.0095
vn -0.0925 0.9957 -0.0097
vn -0.0217 0.9997 -0.0097
vn -0.0139 0.9999 -0.0097
vn -0.0574 0.9983 -0.0097
vn -0.1186 0.9929 -0.0096
vn -0.1842 0.9828 -0.0095
vn -0.2536 0.9673 -0.0094
vn -0.3259 0.9454 -0.0092
vn -0.4000 0.9165 -0.0089
vn -0.4743 0.8803 -0.0085
vn -0.5474 0.8369 -0.0081
vn -0.6173 0.7867 -0.0076
vn -0.6825 0.7309 -0.0071
vn -0.7417 0.6707 -0.0065
vn -0.7907 0.6122 -0.0059
vn -0.8279 0.5609 -0.0054
vn -0.8589 0.5121 -0.0050
vn -0.8872 0.4613 -0.0045
vn -0.9125 0.4091 -0.0040
vn -0.9345 0.3559 -0.0035
vn -0.9532 0.3024 -0.0029
vn -0.9685 0.2490 -0.0024
vn -0.9805 0.1963 -0.0019
vn -0.9895 0.1447 -0.0014
vn -0.9955 0.0947 -0.0009
vn -0.9989 0.0465 -0.0005
vn -1.0000 0.0033 -0.0000
vn -0.9994 -0.0337 0.0003
vn -0.9975 -0.0701 0.0007
vn -0.9939 -0.1100 0.0011
vn -0.9882 -0.1535 0.0015
vn -0.9796 -0.2008 0.0019
vn -0.9677 -0.2522 0.0024
vn -0.9515 -0.3077 0.0030
vn -0.9302 -0.3672 0.0036
vn -0.9028 -0.4301 0.0042
vn -0.8684 -0.4959 0.0048
vn -0.8262 -0.5633 0.0055
vn -0.7775 -0.6289 0.0061
vn -0.7251 -0.6886 0.0067
vn -0.6694 -0.7428 0.0072
vn -0.6098 -0.7925 0.0077
vn -0.5475 -0.8368 0.0081
vn -0.4836 -0.8753 0.0085
vn -0.4194 -0.9078 0.0088
vn -0.3561 -0.9344 0.0091
vn -0.2945 -0.9556 0.0093
vn -0.2355 -0.9718 0.0094
vn -0.1794 -0.9837 0.0095
vn -0.1266 -0.9919 0.0096
vn -0.1198 -0.9927 0.0096
vn -0.1553 -0.9878 0.0096
vn -0.1894 -0.9819 0.0095
vn -0.2249 -0.9743 0.0094
vn -0.2621 -0.9650 0.0094
vn -0.3007 -0.9537 0.0092
vn -0.3409 -0.9401 0.0091
vn -0.3822 -0.9240 0.0090
vn -0.4246 -0.9053 0.0088
vn -0.4678 -0.8838 0.0086
vn -0.5115 -0.8593 0.0083
vn -0.5552 -0.8317 0.0081
vn -0.5986 -0.8010 0.0078
vn -0.6492 -0.7606 0.0074
vn -0.7122 -0.7019 0.0068
vn -0.7758 -0.6309 0.0061
vn -0.8307 -0.5566 0.0054
vn -0.8765 -0.4814 0.0047
vn -0.9133 -0.4072 0.0039
vn -0.9419 -0.3358 0.0033
vn -0.9634 -0.2682 0.0026
vn -0.9787 -0.2051 0.0020
vn -0.9892 -0.1469 0.0014
vn -0.9956 -0.0935 0.0009
vn -0.9990 -0.0448 0.0004
vn -0.9999 -0.0108 0.0001
vn -0.9999 0.0136 -0.0001
vn -0.9984 0.0560 -0.0005
vn -0.9933 0.1156 -0.0011
vn -0.9838 0.1791 -0.0017
vn -0.9692 0.2462 -0.0024
vn -0.9488 0.3160 -0.0031
vn -0.9219 0.3874 -0.0038
vn -0.8883 0.4593 -0.0045
vn -0.8479 0.5301 -0.0051
vn -0.8013 0.5982 -0.0058
vn -0.7492 0.6623 -0.0064
vn -0.6929 0.7210 -0.0070
vn -0.6346 0.7728 -0.0075
vn -0.5764 0.8171 -0.0079
vn -0.5178 0.8555 -0.0083
vn -0.4583 0.8887 -0.0086
vn -0.3991 0.9169 -0.0089
vn -0.3408 0.9401 -0.0091
vn -0.2843 0.9587 -0.0093
vn -0.2300 0.9732 -0.0094
vn -0.1783 0.9839 -0.0095
vn -0.1294 0.9915 -0.0096
vn -0.0834 0.9965 -0.0097
vn -0.0404 0.9991 -0.0097
vn -0.0098 0.9999 -0.0097
vn 0.0217 0.9997 -0.0097
vn 0.0925 0.9957 -0.0097
vn 0.1983 0.9801 -0.0095
vn 0.3183 0.9479 -0.0092
vn 0.4489 0.8935 -0.0087
vn 0.5821 0.8131 -0.0079
vn 0.7071 0.7071 -0.0069
vn 0.8131 0.5821 -0.0056
vn 0.8936 0.4489 -0.0044
vn 0.9480 0.3183 -0.0031
vn 0.9801 0.1983 -0.0019
vn 0.9957 0.0925 -0.0009
vn 0.9998 0.0217 -0.0002
vn 0.9998 -0.0217 0.0002
vn 0.9957 -0.0925 0.0009
vn 0.9801 -0.1983 0.0019
vn 0.9480 -0.3183 0.0031
vn 0.8936 -0.4489 0.0044
vn 0.8131 -0.5821 0.0056
vn 0.7071 -0.7071 0.0069
vn 0.5821 -0.8131 0.0079
vn 0.4489 -0.8935 0.0087
vn 0.3183 -0.9479 0.0092
vn 0.1983 -0.9801 0.0095
vn 0.0925 -0.9957 0.0097
vn 0.0217 -0.9997 0.0097
vn 0.0241 -0.9997 0.0097
vn 0.1027 -0.9947 0.0096
vn 0.2191 -0.9756 0.0095
vn 0.3493 -0.9370 0.0091
vn 0.4869 -0.8734 0.0085
vn 0.6220 -0.7830 0.0076
vn 0.7428 -0.6695 0.0065
vn 0.8403 -0.5421 0.0053
vn 0.9110 -0.4123 0.0040
vn 0.9572 -0.2895 0.0028
vn 0.9838 -0.1792 0.0017
vn 0.9965 -0.0834 0.0008
vn 1.0000 0.0006 -0.0000
vn 0.9964 0.0852 -0.0008
vn 0.9834 0.1812 -0.0018
vn 0.9573 0.2891 -0.0028
vn 0.9138 0.4062 -0.0039
vn 0.8496 0.5274 -0.0051
vn 0.7641 0.6451 -0.0063
vn 0.6603 0.7510 -0.0073
vn 0.5449 0.8385 -0.0081
vn 0.4262 0.9046 -0.0088
vn 0.3116 0.9502 -0.0092
vn 0.2061 0.9785 -0.0095
vn 0.1445 0.9895 -0.0096
vn 0.1455 0.9893 -0.0096
vn 0.1688 0.9856 -0.0096
vn 0.1910 0.9815 -0.0095
vn 0.2138 0.9768 -0.0095
vn 0.2373 0.9714 -0.0094
vn 0.2615 0.9652 -0.0094
vn 0.2864 0.9581 -0.0093
vn 0.3119 0.9501 -0.0092
vn 0.3380 0.9411 -0.0091
vn 0.3646 0.9311 -0.0090
vn 0.3918 0.9200 -0.0089
vn 0.4194 0.9078 -0.0088
vn 0.4506 0.8927 -0.0087
vn 0.4887 0.8724 -0.0085
vn 0.5299 0.8480 -0.0082
vn 0.5707 0.8212 -0.0080
vn 0.6106 0.7919 -0.0077
vn 0.6494 0.7604 -0.0074
vn 0.6868 0.7268 -0.0070
vn 0.7225 0.6914 -0.0067
vn 0.7561 0.6544 -0.0063
vn 0.7875 0.6163 -0.0060
vn 0.8166 0.5772 -0.0056
vn 0.8432 0.5375 -0.0052
vn 0.8690 0.4948 -0.0048
vn 0.8947 0.4466 -0.0043
vn 0.9181 0.3964 -0.0038
vn 0.9377 0.3475 -0.0034
vn 0.9538 0.3003 -0.0029
vn 0.9669 0.2551 -0.0025
vn 0.9773 0.2121 -0.0021
vn 0.9852 0.1712 -0.0017
vn 0.9912 0.1327 -0.0013
vn 0.9953 0.0964 -0.0009
vn 0.9981 0.0623 -0.0006
vn 0.9995 0.0302 -0.0003
vn 1.0000 0.0074 -0.0001
vn 0.9999 -0.0137 0.0001
vn 0.9984 -0.0565 0.0005
vn 0.9932 -0.1166 0.0011
vn 0.9836 -0.1805 0.0018
vn 0.9688 -0.2478 0.0024
vn 0.9483 -0.3175 0.0031
vn 0.9214 -0.3887 0.0038
vn 0.8879 -0.4600 0.0045
vn 0.8479 -0.5301 0.0051
vn 0.8020 -0.5973 0.0058
vn 0.7508 -0.6605 0.0064
vn 0.6956 -0.7184 0.0070
vn -0.0000 1.0000 -0.0097
vn 1.0000 -0.0000 -0.0000
vn -0.0000 -1.0000 0.0097
vn -1.0000 -0.0000 -0.0000
vn -1.0000 0.0065 -0.0001
vn -0.9997 0.0256 -0.0002
vn -0.9987 0.0500 -0.0005
vn -0.9973 0.0733 -0.0007
vn -0.9954 0.0954 -0.0009
vn -0.9932 0.1164 -0.0011
vn -0.9907 0.1363 -0.0013
vn -0.9879 0.1552 -0.0015
vn -0.9849 0.1732 -0.0017
vn -0.9817 0.1902 -0.0018
vn -0.9785 0.2065 -0.0020
vn -0.9751 0.2219 -0.0022
vn -0.9716 0.2366 -0.0023
vn -0.9681 0.2505 -0.0024
vn -0.9647 0.2635 -0.0026
vn -0.9612 0.2757 -0.0027
vn -0.9579 0.2873 -0.0028
vn -0.9545 0.2981 -0.0029
vn -0.9513 0.3083 -0.0030
vn -0.9481 0.3179 -0.0031
vn -0.9450 0.3270 -0.0032
vn -0.9420 0.3357 -0.0033
vn -0.9390 0.3438 -0.0033
vn -0.9362 0.3516 -0.0034
vn -0.9343 0.3566 -0.0035
vn -0.9333 0.3590 -0.0035
vn -0.9136 0.4065 -0.0039
vn -0.8661 0.4998 -0.0048
vn -0.8044 0.5940 -0.0058
vn -0.7286 0.6849 -0.0066
vn -0.6405 0.7679 -0.0074
vn -0.5437 0.8392 -0.0081
vn -0.4426 0.8967 -0.0087
vn -0.3419 0.9397 -0.0091
vn -0.2454 0.9694 -0.0094
vn -0.1557 0.9878 -0.0096
vn -0.0741 0.9972 -0.0097
vn -0.0177 0.9998 -0.0097
vn 0.0182 0.9998 -0.0097
vn 0.0759 0.9971 -0.0097
vn 0.1594 0.9872 -0.0096
vn 0.2508 0.9680 -0.0094
vn 0.3486 0.9372 -0.0091
vn 0.4501 0.8929 -0.0087
vn 0.5512 0.8343 -0.0081
vn 0.6473 0.7622 -0.0074
vn 0.7341 0.6790 -0.0066
vn 0.8083 0.5888 -0.0057
vn 0.8684 0.4959 -0.0048
vn 0.9146 0.4044 -0.0039
vn 0.9335 0.3585 -0.0035
vn 0.9343 0.3566 -0.0035
vn 0.9362 0.3516 -0.0034
vn 0.9390 0.3438 -0.0033
vn 0.9420 0.3357 -0.0033
vn 0.9450 0.3270 -0.0032
vn 0.9481 0.3179 -0.0031
vn 0.9513 0.3083 -0.0030
vn 0.9545 0.2981 -0.0029
vn 0.9579 0.2873 -0.0028
vn 0.9612 0.2757 -0.0027
vn 0.9647 0.2635 -0.0026
vn 0.9681 0.2505 -0.0024
vn 0.9716 0.2366 -0.0023
vn 0.9751 0.2219 -0.0022
vn 0.9785 0.2065 -0.0020
vn 0.9817 0.1902 -0.0018
vn 0.9849 0.1732 -0.0017
vn 0.9879 0.1552 -0.0015
vn 0.9907 0.1363 -0.0013
vn 0.9932 0.1164 -0.0011
vn 0.9954 0.0954 -0.0009
vn 0.9973 0.0733 -0.0007
vn 0.9987 0.0500 -0.0005
vn 0.9997 0.0256 -0.0002
vn 1.0000 0.0065 -0.0001
vn -0.0201 -0.9998 0.0097
vn -0.0855 -0.9963 0.0097
vn -0.1837 -0.9829 0.0095
vn -0.2962 -0.9551 0.0093
vn -0.4210 -0.9070 0.0088
vn -0.5517 -0.8340 0.0081
vn -0.6787 -0.7344 0.0071
vn -0.7905 -0.6124 0.0059
vn -0.8785 -0.4776 0.0046
vn -0.9398 -0.3416 0.0033
vn -0.9768 -0.2140 0.0021
vn -0.9950 -0.1001 0.0010
vn -0.9997 -0.0235 0.0002
vn 0.0300 -0.9995 0.0097
vn 0.1220 -0.9925 0.0096
vn 0.2461 -0.9692 0.0094
vn 0.3673 -0.9301 0.0090
vn 0.4801 -0.8772 0.0085
vn 0.5803 -0.8144 0.0079
vn 0.6658 -0.7461 0.0072
vn 0.7365 -0.6764 0.0066
vn 0.7936 -0.6084 0.0059
vn 0.8389 -0.5442 0.0053
vn 0.8746 -0.4848 0.0047
vn 0.9026 -0.4305 0.0042
vn 0.9365 -0.3506 0.0034
vn 0.8048 0.5935 -0.0058
vn -0.8048 0.5935 -0.0058
vn -0.9365 -0.3506 0.0034
vn -0.9026 -0.4305 0.0042
vn -0.8746 -0.4848 0.0047
vn -0.8389 -0.5442 0.0053
vn -0.7936 -0.6084 0.0059
vn -0.7365 -0.6764 0.0066
vn -0.6658 -0.7461 0.0072
vn -0.5803 -0.8144 0.0079
vn -0.4801 -0.8772 0.0085
vn -0.3673 -0.9301 0.0090
vn -0.2461 -0.9692 0.0094
vn -0.1220 -0.9925 0.0096
vn -0.0300 -0.9995 0.0097
vn 0.4489 -0.8936 0.0087
vn 0.0059 0.9999 -0.0097
vn 0.0244 0.9997 -0.0097
vn 0.0504 0.9987 -0.0097
vn 0.0784 0.9969 -0.0097
vn 0.1085 0.9941 -0.0096
vn 0.1408 0.9900 -0.0096
vn 0.1756 0.9844 -0.0095
vn 0.2129 0.9770 -0.0095
vn 0.2528 0.9675 -0.0094
vn 0.2955 0.9553 -0.0093
vn 0.3409 0.9401 -0.0091
vn 0.3889 0.9212 -0.0089
vn 0.4364 0.8997 -0.0087
vn 0.4801 0.8772 -0.0085
vn 0.5220 0.8529 -0.0083
vn 0.5646 0.8253 -0.0080
vn 0.6075 0.7943 -0.0077
vn 0.6502 0.7597 -0.0074
vn 0.6923 0.7216 -0.0070
vn 0.7331 0.6800 -0.0066
vn 0.7722 0.6353 -0.0062
vn 0.8090 0.5878 -0.0057
vn 0.8431 0.5378 -0.0052
vn 0.8740 0.4859 -0.0047
vn 0.8997 0.4364 -0.0042
vn 0.9193 0.3936 -0.0038
vn 0.9351 0.3544 -0.0034
vn 0.9489 0.3155 -0.0031
vn 0.9609 0.2769 -0.0027
vn 0.9710 0.2389 -0.0023
vn 0.9795 0.2016 -0.0020
vn 0.9862 0.1653 -0.0016
vn 0.9915 0.1300 -0.0013
vn 0.9954 0.0957 -0.0009
vn 0.9980 0.0626 -0.0006
vn 0.9995 0.0308 -0.0003
vn 1.0000 0.0076 -0.0001
vn 1.0000 -0.0060 0.0001
vn 0.9997 -0.0246 0.0002
vn 0.9987 -0.0503 0.0005
vn 0.9970 -0.0774 0.0008
vn 0.9944 -0.1058 0.0010
vn 0.9908 -0.1356 0.0013
vn 0.9860 -0.1668 0.0016
vn 0.9799 -0.1995 0.0019
vn 0.9723 -0.2336 0.0023
vn 0.9631 -0.2690 0.0026
vn 0.9521 -0.3057 0.0030
vn 0.9391 -0.3436 0.0033
vn 0.9218 -0.3875 0.0038
vn 0.8970 -0.4420 0.0043
vn 0.8655 -0.5009 0.0049
vn 0.8295 -0.5585 0.0054
vn 0.7894 -0.6139 0.0060
vn 0.7457 -0.6663 0.0065
vn 0.6991 -0.7150 0.0069
vn 0.6503 -0.7596 0.0074
vn 0.6002 -0.7998 0.0078
vn 0.5496 -0.8354 0.0081
vn 0.4992 -0.8665 0.0084
vn 0.4495 -0.8932 0.0087
vn 0.9885 0.1514 -0.0015
vn 0.1612 0.9869 -0.0096
vn 0.2159 0.9764 -0.0095
vn 0.2724 0.9621 -0.0093
vn 0.3303 0.9438 -0.0092
vn 0.3888 0.9213 -0.0089
vn 0.4473 0.8943 -0.0087
vn 0.5050 0.8631 -0.0084
vn 0.5610 0.8278 -0.0080
vn 0.6146 0.7888 -0.0076
vn 0.6651 0.7467 -0.0072
vn 0.7120 0.7022 -0.0068
vn 0.7560 0.6546 -0.0063
vn 0.7982 0.6024 -0.0058
vn 0.8376 0.5463 -0.0053
vn 0.8727 0.4883 -0.0047
vn 0.9032 0.4291 -0.0042
vn 0.9291 0.3697 -0.0036
vn 0.9504 0.3109 -0.0030
vn 0.9674 0.2533 -0.0025
vn 0.9803 0.1976 -0.0019
vn 0.9895 0.1442 -0.0014
vn 0.9956 0.0935 -0.0009
vn 0.9990 0.0455 -0.0004
vn 0.9999 0.0111 -0.0001
vn -1.0000 -0.0079 0.0001
vn -0.9995 -0.0327 0.0003
vn -0.9977 -0.0683 0.0007
vn -0.9942 -0.1075 0.0010
vn -0.9886 -0.1506 0.0015
vn -0.9802 -0.1981 0.0019
vn -0.9682 -0.2501 0.0024
vn -0.9517 -0.3069 0.0030
vn -0.9297 -0.3684 0.0036
vn -0.9008 -0.4343 0.0042
vn -0.8638 -0.5038 0.0049
vn -0.8176 -0.5757 0.0056
vn -0.7606 -0.6492 0.0063
vn -0.6930 -0.7209 0.0070
vn -0.6191 -0.7853 0.0076
vn -0.5427 -0.8399 0.0081
vn -0.4665 -0.8845 0.0086
vn -0.3923 -0.9198 0.0089
vn -0.3218 -0.9468 0.0092
vn -0.2559 -0.9667 0.0094
vn -0.1950 -0.9808 0.0095
vn -0.1392 -0.9902 0.0096
vn -0.0884 -0.9960 0.0097
vn -0.0423 -0.9991 0.0097
vn -0.0102 -0.9999 0.0097
vn -0.0111 -0.9999 0.0097
vn -0.0111 0.9999 -0.0097
vn -0.0464 0.9989 -0.0097
vn -0.0974 0.9952 -0.0097
vn -0.1542 0.9880 -0.0096
vn -0.2170 0.9761 -0.0095
vn -0.2860 0.9582 -0.0093
vn -0.3608 0.9326 -0.0090
vn -0.4406 0.8976 -0.0087
vn -0.5238 0.8518 -0.0083
vn -0.6077 0.7941 -0.0077
vn -0.6893 0.7244 -0.0070
vn -0.7651 0.6439 -0.0062
vn -0.8244 0.5660 -0.0055
vn -0.8622 0.5066 -0.0049
vn -0.8892 0.4574 -0.0044
vn -0.9131 0.4077 -0.0040
vn -0.9338 0.3578 -0.0035
vn -0.9657 0.2597 -0.0025
vn -0.9772 0.2122 -0.0021
vn -0.9861 0.1661 -0.0016
vn -0.9926 0.1218 -0.0012
vn -0.9969 0.0793 -0.0008
vn -0.9992 0.0388 -0.0004
vn -1.0000 0.0095 -0.0001
vn -1.0000 -0.0095 0.0001
vn -0.9992 -0.0388 0.0004
vn -0.9969 -0.0793 0.0008
vn -0.9926 -0.1218 0.0012
vn -0.9861 -0.1661 0.0016
vn -0.9772 -0.2122 0.0021
vn -0.9657 -0.2597 0.0025
vn -0.9513 -0.3083 0.0030
vn -0.9338 -0.3578 0.0035
vn -0.9131 -0.4077 0.0040
vn -0.8892 -0.4574 0.0044
vn -0.8622 -0.5066 0.0049
vn -0.8244 -0.5660 0.0055
vn -0.7651 -0.6439 0.0062
vn -0.6893 -0.7244 0.0070
vn -0.6077 -0.7941 0.0077
vn -0.5238 -0.8518 0.0083
vn -0.4406 -0.8976 0.0087
vn -0.3608 -0.9326 0.0090
vn -0.2860 -0.9582 0.0093
vn -0.2170 -0.9761 0.0095
vn -0.1542 -0.9880 0.0096
vn -0.0974 -0.9952 0.0097
vn -0.0464 -0.9989 0.0097
vn -0.9957 -0.0926 0.0009
vn 0.4489 0.8936 -0.0087
vt 1.000000 0.000000
vt 0.333333 0.000000
vt 0.000000 0.000000
vt 0.666667 0.000000
vt 0.645570 0.000000
vt 0.670886 0.000000
vt 0.658228 0.000000
vt 0.683544 0.000000
vt 0.696203 0.000000
vt 0.632911 0.000000
vt 0.708861 0.000000
vt 0.620253 0.000000
vt 0.721519 0.000000
vt 0.607595 0.000000
vt 0.734177 0.000000
vt 0.594937 0.000000
vt 0.746835 0.000000
vt 0.582278 0.000000
vt 0.759494 0.000000
vt 0.569620 0.000000
vt 0.772152 0.000000
vt 0.556962 0.000000
vt 0.784810 0.000000
vt 0.544304 0.000000
vt 0.797468 0.000000
vt 0.531646 0.000000
vt 0.810127 0.000000
vt 0.518987 0.000000
vt 0.506329 0.000000
vt 0.822785 0.000000
vt 0.493671 0.000000
vt 0.835443 0.000000
vt 0.481013 0.000000
vt 0.848101 0.000000
vt 0.468354 0.000000
vt 0.860759 0.000000
vt 0.455696 0.000000
vt 0.873418 0.000000
vt 0.443038 0.000000
vt 0.886076 0.000000
vt 0.430380 0.000000
vt 0.898734 0.000000
vt 0.417722 0.000000
vt 0.911392 0.000000
vt 0.405063 0.000000
vt 0.924051 0.000000
vt 0.392405 0.000000
vt 0.936709 0.000000
vt 0.379747 0.000000
vt 0.949367 0.000000
vt 0.367089 0.000000
vt 0.962025 0.000000
vt 0.354430 0.000000
vt 0.974684 0.000000
vt 0.341772 0.000000
vt 0.987342 0.000000
vt 0.329114 0.000000
vt 0.316456 0.000000
vt 0.303797 0.000000
vt 0.012658 0.000000
vt 0.291139 0.000000
vt 0.025316 0.000000
vt 0.278481 0.000000
vt 0.037975 0.000000
vt 0.265823 0.000000
vt 0.050633 0.000000
vt 0.253165 0.000000
vt 0.063291 0.000000
vt 0.240506 0.000000
vt 0.075949 0.000000
vt 0.227848 0.000000
vt 0.088608 0.000000
vt 0.215190 0.000000
vt 0.101266 0.000000
vt 0.202532 0.000000
vt 0.113924 0.000000
vt 0.189873 0.000000
vt 0.126582 0.000000
vt 0.177215 0.000000
vt 0.139241 0.000000
vt 0.164557 0.000000
vt 0.151899 0.000000
vt 0.162281 0.000000
vt 0.171053 0.000000
vt 0.166667 0.000000
vt 0.175439 0.000000
vt 0.179825 0.000000
vt 0.157895 0.000000
vt 0.184211 0.000000
vt 0.153509 0.000000
vt 0.188596 0.000000
vt 0.149123 0.000000
vt 0.192982 0.000000
vt 0.197368 0.000000
vt 0.144737 0.000000
vt 0.201754 0.000000
vt 0.140351 0.000000
vt 0.206140 0.000000
vt 0.135965 0.000000
vt 0.210526 0.000000
vt 0.214912 0.000000
vt 0.131579 0.000000
vt 0.219298 0.000000
vt 0.127193 0.000000
vt 0.223684 0.000000
vt 0.122807 0.000000
vt 0.228070 0.000000
vt 0.232456 0.000000
vt 0.118421 0.000000
vt 0.236842 0.000000
vt 0.114035 0.000000
vt 0.241228 0.000000
vt 0.109649 0.000000
vt 0.780702 0.000000
vt 0.245614 0.000000
vt 0.250000 0.000000
vt 0.254386 0.000000
vt 0.258772 0.000000
vt 0.263158 0.000000
vt 0.267544 0.000000
vt 0.271930 0.000000
vt 0.276316 0.000000
vt 0.280702 0.000000
vt 0.285088 0.000000
vt 0.289474 0.000000
vt 0.293860 0.000000
vt 0.298246 0.000000
vt 0.302632 0.000000
vt 0.307018 0.000000
vt 0.311404 0.000000
vt 0.315789 0.000000
vt 0.320175 0.000000
vt 0.324561 0.000000
vt 0.328947 0.000000
vt 0.776316 0.000000
vt 0.995614 0.000000
vt 0.991228 0.000000
vt 0.785088 0.000000
vt 0.986842 0.000000
vt 0.982456 0.000000
vt 0.978070 0.000000
vt 0.973684 0.000000
vt 0.969298 0.000000
vt 0.964912 0.000000
vt 0.960526 0.000000
vt 0.956140 0.000000
vt 0.951754 0.000000
vt 0.947368 0.000000
vt 0.942982 0.000000
vt 0.938596 0.000000
vt 0.934211 0.000000
vt 0.929825 0.000000
vt 0.925439 0.000000
vt 0.921053 0.000000
vt 0.916667 0.000000
vt 0.337719 0.000000
vt 0.912281 0.000000
vt 0.907895 0.000000
vt 0.342105 0.000000
vt 0.903509 0.000000
vt 0.899123 0.000000
vt 0.346491 0.000000
vt 0.894737 0.000000
vt 0.350877 0.000000
vt 0.355263 0.000000
vt 0.359649 0.000000
vt 0.364035 0.000000
vt 0.368421 0.000000
vt 0.890351 0.000000
vt 0.372807 0.000000
vt 0.885965 0.000000
vt 0.881579 0.000000
vt 0.377193 0.000000
vt 0.877193 0.000000
vt 0.872807 0.000000
vt 0.381579 0.000000
vt 0.868421 0.000000
vt 0.385965 0.000000
vt 0.864035 0.000000
vt 0.859649 0.000000
vt 0.390351 0.000000
vt 0.855263 0.000000
vt 0.850877 0.000000
vt 0.394737 0.000000
vt 0.846491 0.000000
vt 0.842105 0.000000
vt 0.399123 0.000000
vt 0.837719 0.000000
vt 0.833333 0.000000
vt 0.403509 0.000000
vt 0.828947 0.000000
vt 0.824561 0.000000
vt 0.407895 0.000000
vt 0.820175 0.000000
vt 0.815789 0.000000
vt 0.811404 0.000000
vt 0.412281 0.000000
vt 0.807018 0.000000
vt 0.802632 0.000000
vt 0.798246 0.000000
vt 0.793860 0.000000
vt 0.789474 0.000000
vt 0.771930 0.000000
vt 0.416667 0.000000
vt 0.421053 0.000000
vt 0.438596 0.000000
vt 0.425439 0.000000
vt 0.429825 0.000000
vt 0.434211 0.000000
vt 0.442982 0.000000
vt 0.447368 0.000000
vt 0.451754 0.000000
vt 0.456140 0.000000
vt 0.460526 0.000000
vt 0.464912 0.000000
vt 0.469298 0.000000
vt 0.473684 0.000000
vt 0.478070 0.000000
vt 0.482456 0.000000
vt 0.486842 0.000000
vt 0.491228 0.000000
vt 0.495614 0.000000
vt 0.500000 0.000000
vt 0.504386 0.000000
vt 0.508772 0.000000
vt 0.513158 0.000000
vt 0.517544 0.000000
vt 0.521930 0.000000
vt 0.526316 0.000000
vt 0.530702 0.000000
vt 0.535088 0.000000
vt 0.539474 0.000000
vt 0.543860 0.000000
vt 0.767544 0.000000
vt 0.763158 0.000000
vt 0.758772 0.000000
vt 0.754386 0.000000
vt 0.750000 0.000000
vt 0.745614 0.000000
vt 0.741228 0.000000
vt 0.736842 0.000000
vt 0.732456 0.000000
vt 0.728070 0.000000
vt 0.723684 0.000000
vt 0.548246 0.000000
vt 0.719298 0.000000
vt 0.714912 0.000000
vt 0.710526 0.000000
vt 0.706140 0.000000
vt 0.701754 0.000000
vt 0.697368 0.000000
vt 0.692982 0.000000
vt 0.688596 0.000000
vt 0.684211 0.000000
vt 0.679825 0.000000
vt 0.675439 0.000000
vt 0.671053 0.000000
vt 0.662281 0.000000
vt 0.657895 0.000000
vt 0.105263 0.000000
vt 0.004386 0.000000
vt 0.653509 0.000000
vt 0.552632 0.000000
vt 0.100877 0.000000
vt 0.649123 0.000000
vt 0.008772 0.000000
vt 0.557018 0.000000
vt 0.096491 0.000000
vt 0.644737 0.000000
vt 0.013158 0.000000
vt 0.561404 0.000000
vt 0.092105 0.000000
vt 0.640351 0.000000
vt 0.017544 0.000000
vt 0.565789 0.000000
vt 0.087719 0.000000
vt 0.635965 0.000000
vt 0.021930 0.000000
vt 0.570175 0.000000
vt 0.083333 0.000000
vt 0.631579 0.000000
vt 0.026316 0.000000
vt 0.574561 0.000000
vt 0.078947 0.000000
vt 0.627193 0.000000
vt 0.030702 0.000000
vt 0.578947 0.000000
vt 0.074561 0.000000
vt 0.622807 0.000000
vt 0.035088 0.000000
vt 0.583333 0.000000
vt 0.070175 0.000000
vt 0.618421 0.000000
vt 0.039474 0.000000
vt 0.587719 0.000000
vt 0.065789 0.000000
vt 0.614035 0.000000
vt 0.043860 0.000000
vt 0.592105 0.000000
vt 0.061404 0.000000
vt 0.609649 0.000000
vt 0.048246 0.000000
vt 0.596491 0.000000
vt 0.057018 0.000000
vt 0.605263 0.000000
vt 0.052632 0.000000
vt 0.600877 0.000000
vt 0.401274 0.000000
vt 0.414013 0.000000
vt 0.407643 0.000000
vt 0.420382 0.000000
vt 0.426752 0.000000
vt 0.394904 0.000000
vt 0.433121 0.000000
vt 0.388535 0.000000
vt 0.439490 0.000000
vt 0.382166 0.000000
vt 0.445860 0.000000
vt 0.375796 0.000000
vt 0.452229 0.000000
vt 0.369427 0.000000
vt 0.458599 0.000000
vt 0.363057 0.000000
vt 0.464968 0.000000
vt 0.356688 0.000000
vt 0.471338 0.000000
vt 0.350318 0.000000
vt 0.477707 0.000000
vt 0.343949 0.000000
vt 0.484076 0.000000
vt 0.337580 0.000000
vt 0.490446 0.000000
vt 0.331210 0.000000
vt 0.324841 0.000000
vt 0.840764 0.000000
vt 0.834395 0.000000
vt 0.828025 0.000000
vt 0.993631 0.000000
vt 0.987261 0.000000
vt 0.496815 0.000000
vt 0.847134 0.000000
vt 0.980892 0.000000
vt 0.853503 0.000000
vt 0.974522 0.000000
vt 0.859873 0.000000
vt 0.968153 0.000000
vt 0.866242 0.000000
vt 0.961783 0.000000
vt 0.872611 0.000000
vt 0.955414 0.000000
vt 0.878981 0.000000
vt 0.949045 0.000000
vt 0.885350 0.000000
vt 0.942675 0.000000
vt 0.891720 0.000000
vt 0.936306 0.000000
vt 0.898089 0.000000
vt 0.929936 0.000000
vt 0.904459 0.000000
vt 0.923567 0.000000
vt 0.910828 0.000000
vt 0.917197 0.000000
vt 0.318471 0.000000
vt 0.503185 0.000000
vt 0.312102 0.000000
vt 0.509554 0.000000
vt 0.305732 0.000000
vt 0.515924 0.000000
vt 0.299363 0.000000
vt 0.522293 0.000000
vt 0.292994 0.000000
vt 0.528662 0.000000
vt 0.286624 0.000000
vt 0.535032 0.000000
vt 0.280255 0.000000
vt 0.541401 0.000000
vt 0.273885 0.000000
vt 0.547771 0.000000
vt 0.267516 0.000000
vt 0.554140 0.000000
vt 0.261146 0.000000
vt 0.560510 0.000000
vt 0.254777 0.000000
vt 0.566879 0.000000
vt 0.248408 0.000000
vt 0.573248 0.000000
vt 0.242038 0.000000
vt 0.579618 0.000000
vt 0.235669 0.000000
vt 0.585987 0.000000
vt 0.229299 0.000000
vt 0.592357 0.000000
vt 0.222930 0.000000
vt 0.598726 0.000000
vt 0.216561 0.000000
vt 0.605096 0.000000
vt 0.210191 0.000000
vt 0.611465 0.000000
vt 0.203822 0.000000
vt 0.617834 0.000000
vt 0.197452 0.000000
vt 0.624204 0.000000
vt 0.191083 0.000000
vt 0.630573 0.000000
vt 0.184713 0.000000
vt 0.636943 0.000000
vt 0.178344 0.000000
vt 0.643312 0.000000
vt 0.171975 0.000000
vt 0.649682 0.000000
vt 0.165605 0.000000
vt 0.821656 0.000000
vt 0.656051 0.000000
vt 0.006369 0.000000
vt 0.815287 0.000000
vt 0.159236 0.000000
vt 0.012739 0.000000
vt 0.808917 0.000000
vt 0.662420 0.000000
vt 0.152866 0.000000
vt 0.802548 0.000000
vt 0.019108 0.000000
vt 0.668790 0.000000
vt 0.146497 0.000000
vt 0.796178 0.000000
vt 0.025478 0.000000
vt 0.675159 0.000000
vt 0.140127 0.000000
vt 0.789809 0.000000
vt 0.031847 0.000000
vt 0.681529 0.000000
vt 0.133758 0.000000
vt 0.783440 0.000000
vt 0.038217 0.000000
vt 0.687898 0.000000
vt 0.127389 0.000000
vt 0.777070 0.000000
vt 0.044586 0.000000
vt 0.694268 0.000000
vt 0.121019 0.000000
vt 0.770701 0.000000
vt 0.050955 0.000000
vt 0.700637 0.000000
vt 0.114650 0.000000
vt 0.764331 0.000000
vt 0.057325 0.000000
vt 0.707006 0.000000
vt 0.108280 0.000000
vt 0.757962 0.000000
vt 0.063694 0.000000
vt 0.713376 0.000000
vt 0.101911 0.000000
vt 0.751592 0.000000
vt 0.070064 0.000000
vt 0.719745 0.000000
vt 0.095541 0.000000
vt 0.745223 0.000000
vt 0.076433 0.000000
vt 0.726115 0.000000
vt 0.089172 0.000000
vt 0.738854 0.000000
vt 0.082803 0.000000
vt 0.732484 0.000000
vt 0.573840 0.000000
vt 0.578059 0.000000
vt 0.586498 0.000000
vt 0.590717 0.000000
vt 0.565401 0.000000
vt 0.599156 0.000000
vt 0.561181 0.000000
vt 0.603376 0.000000
vt 0.552743 0.000000
vt 0.611814 0.000000
vt 0.548523 0.000000
vt 0.616034 0.000000
vt 0.540084 0.000000
vt 0.624473 0.000000
vt 0.628692 0.000000
vt 0.535865 0.000000
vt 0.637131 0.000000
vt 0.527426 0.000000
vt 0.523207 0.000000
vt 0.514768 0.000000
vt 0.510549 0.000000
vt 0.502110 0.000000
vt 0.497890 0.000000
vt 0.489451 0.000000
vt 0.485232 0.000000
vt 0.641350 0.000000
vt 0.476793 0.000000
vt 0.649789 0.000000
vt 0.654008 0.000000
vt 0.472574 0.000000
vt 0.704641 0.000000
vt 0.700422 0.000000
vt 0.691983 0.000000
vt 0.662447 0.000000
vt 0.675106 0.000000
vt 0.679325 0.000000
vt 0.687764 0.000000
vt 0.713080 0.000000
vt 0.717300 0.000000
vt 0.725738 0.000000
vt 0.729958 0.000000
vt 0.738397 0.000000
vt 0.742616 0.000000
vt 0.751055 0.000000
vt 0.755274 0.000000
vt 0.763713 0.000000
vt 0.767932 0.000000
vt 0.776371 0.000000
vt 0.780591 0.000000
vt 0.789030 0.000000
vt 0.793249 0.000000
vt 0.801688 0.000000
vt 0.805907 0.000000
vt 0.814346 0.000000
vt 0.818565 0.000000
vt 0.827004 0.000000
vt 0.831224 0.000000
vt 0.839662 0.000000
vt 0.843882 0.000000
vt 0.464135 0.000000
vt 0.852321 0.000000
vt 0.856540 0.000000
vt 0.864979 0.000000
vt 0.459916 0.000000
vt 0.869198 0.000000
vt 0.877637 0.000000
vt 0.881857 0.000000
vt 0.451477 0.000000
vt 0.890295 0.000000
vt 0.894515 0.000000
vt 0.447257 0.000000
vt 0.902954 0.000000
vt 0.907173 0.000000
vt 0.438819 0.000000
vt 0.915612 0.000000
vt 0.434599 0.000000
vt 0.919831 0.000000
vt 0.426160 0.000000
vt 0.928270 0.000000
vt 0.421941 0.000000
vt 0.932489 0.000000
vt 0.413502 0.000000
vt 0.409283 0.000000
vt 0.940928 0.000000
vt 0.945148 0.000000
vt 0.400844 0.000000
vt 0.396624 0.000000
vt 0.388186 0.000000
vt 0.383966 0.000000
vt 0.362869 0.000000
vt 0.358650 0.000000
vt 0.350211 0.000000
vt 0.953587 0.000000
vt 0.375527 0.000000
vt 0.371308 0.000000
vt 0.345992 0.000000
vt 0.337553 0.000000
vt 0.324895 0.000000
vt 0.320675 0.000000
vt 0.312236 0.000000
vt 0.308017 0.000000
vt 0.299578 0.000000
vt 0.295359 0.000000
vt 0.286920 0.000000
vt 0.282700 0.000000
vt 0.274262 0.000000
vt 0.270042 0.000000
vt 0.261603 0.000000
vt 0.257384 0.000000
vt 0.248945 0.000000
vt 0.244726 0.000000
vt 0.236287 0.000000
vt 0.232068 0.000000
vt 0.223629 0.000000
vt 0.219409 0.000000
vt 0.210970 0.000000
vt 0.206751 0.000000
vt 0.198312 0.000000
vt 0.194093 0.000000
vt 0.185654 0.000000
vt 0.181435 0.000000
vt 0.172996 0.000000
vt 0.168776 0.000000
vt 0.156118 0.000000
vt 0.160338 0.000000
vt 0.147679 0.000000
vt 0.143460 0.000000
vt 0.135021 0.000000
vt 0.130802 0.000000
vt 0.957806 0.000000
vt 0.122363 0.000000
vt 0.118143 0.000000
vt 0.109705 0.000000
vt 0.105485 0.000000
vt 0.966245 0.000000
vt 0.970464 0.000000
vt 0.978903 0.000000
vt 0.983122 0.000000
vt 0.991561 0.000000
vt 0.995781 0.000000
vt 0.004219 0.000000
vt 0.008439 0.000000
vt 0.097046 0.000000
vt 0.016878 0.000000
vt 0.092827 0.000000
vt 0.021097 0.000000
vt 0.084388 0.000000
vt 0.080169 0.000000
vt 0.029536 0.000000
vt 0.033755 0.000000
vt 0.071730 0.000000
vt 0.067511 0.000000
vt 0.042194 0.000000
vt 0.046414 0.000000
vt 0.059072 0.000000
vt 0.054852 0.000000
vt 0.000000 1.000000
vt 0.004202 1.000000
vt 0.004202 0.000000
vt 0.008403 1.000000
vt 0.008403 0.000000
vt 0.012605 1.000000
vt 0.012605 0.000000
vt 0.016807 1.000000
vt 0.016807 0.000000
vt 0.021008 1.000000
vt 0.021008 0.000000
vt 0.025210 1.000000
vt 0.025210 0.000000
vt 0.029412 1.000000
vt 0.029412 0.000000
vt 0.033613 1.000000
vt 0.033613 0.000000
vt 0.037815 1.000000
vt 0.037815 0.000000
vt 0.042017 1.000000
vt 0.042017 0.000000
vt 0.046218 1.000000
vt 0.046218 0.000000
vt 0.050420 1.000000
vt 0.050420 0.000000
vt 0.054622 1.000000
vt 0.054622 0.000000
vt 0.058824 1.000000
vt 0.058824 0.000000
vt 0.063025 1.000000
vt 0.063025 0.000000
vt 0.067227 1.000000
vt 0.067227 0.000000
vt 0.071429 1.000000
vt 0.071429 0.000000
vt 0.075630 1.000000
vt 0.075630 0.000000
vt 0.079832 1.000000
vt 0.079832 0.000000
vt 0.084034 1.000000
vt 0.084034 0.000000
vt 0.088235 1.000000
vt 0.088235 0.000000
vt 0.092437 1.000000
vt 0.092437 0.000000
vt 0.096639 1.000000
vt 0.096639 0.000000
vt 0.100840 1.000000
vt 0.100840 0.000000
vt 0.105042 1.000000
vt 0.105042 0.000000
vt 0.109244 1.000000
vt 0.109244 0.000000
vt 0.113445 1.000000
vt 0.113445 0.000000
vt 0.117647 1.000000
vt 0.117647 0.000000
vt 0.121849 1.000000
vt 0.121849 0.000000
vt 0.126050 1.000000
vt 0.126050 0.000000
vt 0.130252 1.000000
vt 0.130252 0.000000
vt 0.134454 1.000000
vt 0.134454 0.000000
vt 0.138655 1.000000
vt 0.138655 0.000000
vt 0.142857 1.000000
vt 0.142857 0.000000
vt 0.147059 1.000000
vt 0.147059 0.000000
vt 0.151261 1.000000
vt 0.151261 0.000000
vt 0.155462 1.000000
vt 0.155462 0.000000
vt 0.159664 1.000000
vt 0.159664 0.000000
vt 0.163866 1.000000
vt 0.163866 0.000000
vt 0.168067 1.000000
vt 0.168067 0.000000
vt 0.172269 1.000000
vt 0.172269 0.000000
vt 0.176471 1.000000
vt 0.176471 0.000000
vt 0.180672 1.000000
vt 0.180672 0.000000
vt 0.184874 1.000000
vt 0.184874 0.000000
vt 0.189076 1.000000
vt 0.189076 0.000000
vt 0.193277 1.000000
vt 0.193277 0.000000
vt 0.197479 1.000000
vt 0.197479 0.000000
vt 0.201681 1.000000
vt 0.201681 0.000000
vt 0.205882 1.000000
vt 0.205882 0.000000
vt 0.210084 1.000000
vt 0.210084 0.000000
vt 0.214286 1.000000
vt 0.214286 0.000000
vt 0.218487 1.000000
vt 0.218487 0.000000
vt 0.222689 1.000000
vt 0.222689 0.000000
vt 0.226891 1.000000
vt 0.226891 0.000000
vt 0.231092 1.000000
vt 0.231092 0.000000
vt 0.235294 1.000000
vt 0.235294 0.000000
vt 0.239496 1.000000
vt 0.239496 0.000000
vt 0.243697 1.000000
vt 0.243697 0.000000
vt 0.247899 1.000000
vt 0.247899 0.000000
vt 0.252101 1.000000
vt 0.252101 0.000000
vt 0.256303 1.000000
vt 0.256303 0.000000
vt 0.260504 1.000000
vt 0.260504 0.000000
vt 0.264706 1.000000
vt 0.264706 0.000000
vt 0.268908 1.000000
vt 0.268908 0.000000
vt 0.273109 1.000000
vt 0.273109 0.000000
vt 0.277311 1.000000
vt 0.277311 0.000000
vt 0.281513 1.000000
vt 0.281513 0.000000
vt 0.285714 1.000000
vt 0.285714 0.000000
vt 0.289916 1.000000
vt 0.289916 0.000000
vt 0.294118 1.000000
vt 0.294118 0.000000
vt 0.298319 1.000000
vt 0.298319 0.000000
vt 0.302521 1.000000
vt 0.302521 0.000000
vt 0.306723 1.000000
vt 0.306723 0.000000
vt 0.310924 1.000000
vt 0.310924 0.000000
vt 0.315126 1.000000
vt 0.315126 0.000000
vt 0.319328 1.000000
vt 0.319328 0.000000
vt 0.323529 1.000000
vt 0.323529 0.000000
vt 0.327731 1.000000
vt 0.327731 0.000000
vt 0.331933 1.000000
vt 0.331933 0.000000
vt 0.336134 1.000000
vt 0.336134 0.000000
vt 0.340336 1.000000
vt 0.340336 0.000000
vt 0.344538 1.000000
vt 0.344538 0.000000
vt 0.348740 1.000000
vt 0.348740 0.000000
vt 0.352941 1.000000
vt 0.352941 0.000000
vt 0.357143 1.000000
vt 0.357143 0.000000
vt 0.361345 1.000000
vt 0.361345 0.000000
vt 0.365546 1.000000
vt 0.365546 0.000000
vt 0.369748 1.000000
vt 0.369748 0.000000
vt 0.373950 1.000000
vt 0.373950 0.000000
vt 0.378151 1.000000
vt 0.378151 0.000000
vt 0.382353 1.000000
vt 0.382353 0.000000
vt 0.386555 1.000000
vt 0.386555 0.000000
vt 0.390756 1.000000
vt 0.390756 0.000000
vt 0.394958 1.000000
vt 0.394958 0.000000
vt 0.399160 1.000000
vt 0.399160 0.000000
vt 0.403361 1.000000
vt 0.403361 0.000000
vt 0.407563 1.000000
vt 0.407563 0.000000
vt 0.411765 1.000000
vt 0.411765 0.000000
vt 0.415966 1.000000
vt 0.415966 0.000000
vt 0.420168 1.000000
vt 0.420168 0.000000
vt 0.424370 1.000000
vt 0.424370 0.000000
vt 0.428571 1.000000
vt 0.428571 0.000000
vt 0.432773 1.000000
vt 0.432773 0.000000
vt 0.436975 1.000000
vt 0.436975 0.000000
vt 0.441176 1.000000
vt 0.441176 0.000000
vt 0.445378 1.000000
vt 0.445378 0.000000
vt 0.449580 1.000000
vt 0.449580 0.000000
vt 0.453782 1.000000
vt 0.453782 0.000000
vt 0.457983 1.000000
vt 0.457983 0.000000
vt 0.462185 1.000000
vt 0.462185 0.000000
vt 0.466387 1.000000
vt 0.466387 0.000000
vt 0.470588 1.000000
vt 0.470588 0.000000
vt 0.474790 1.000000
vt 0.474790 0.000000
vt 0.478992 1.000000
vt 0.478992 0.000000
vt 0.483193 1.000000
vt 0.483193 0.000000
vt 0.487395 1.000000
vt 0.487395 0.000000
vt 0.491597 1.000000
vt 0.491597 0.000000
vt 0.495798 1.000000
vt 0.495798 0.000000
vt 0.500000 1.000000
vt 0.504202 1.000000
vt 0.504202 0.000000
vt 0.508403 1.000000
vt 0.508403 0.000000
vt 0.512605 1.000000
vt 0.512605 0.000000
vt 0.516807 1.000000
vt 0.516807 0.000000
vt 0.521008 1.000000
vt 0.521008 0.000000
vt 0.525210 1.000000
vt 0.525210 0.000000
vt 0.529412 1.000000
vt 0.529412 0.000000
vt 0.533613 1.000000
vt 0.533613 0.000000
vt 0.537815 1.000000
vt 0.537815 0.000000
vt 0.542017 1.000000
vt 0.542017 0.000000
vt 0.546219 1.000000
vt 0.546219 0.000000
vt 0.550420 1.000000
vt 0.550420 0.000000
vt 0.554622 1.000000
vt 0.554622 0.000000
vt 0.558824 1.000000
vt 0.558824 0.000000
vt 0.563025 1.000000
vt 0.563025 0.000000
vt 0.567227 1.000000
vt 0.567227 0.000000
vt 0.571429 1.000000
vt 0.571429 0.000000
vt 0.575630 1.000000
vt 0.575630 0.000000
vt 0.579832 1.000000
vt 0.579832 0.000000
vt 0.584034 1.000000
vt 0.584034 0.000000
vt 0.588235 1.000000
vt 0.588235 0.000000
vt 0.592437 1.000000
vt 0.592437 0.000000
vt 0.596639 1.000000
vt 0.596639 0.000000
vt 0.600840 1.000000
vt 0.600840 0.000000
vt 0.605042 1.000000
vt 0.605042 0.000000
vt 0.609244 1.000000
vt 0.609244 0.000000
vt 0.613445 1.000000
vt 0.613445 0.000000
vt 0.617647 1.000000
vt 0.617647 0.000000
vt 0.621849 1.000000
vt 0.621849 0.000000
vt 0.626050 1.000000
vt 0.626050 0.000000
vt 0.630252 1.000000
vt 0.630252 0.000000
vt 0.634454 1.000000
vt 0.634454 0.000000
vt 0.638655 1.000000
vt 0.638655 0.000000
vt 0.642857 1.000000
vt 0.642857 0.000000
vt 0.647059 1.000000
vt 0.647059 0.000000
vt 0.651260 1.000000
vt 0.651260 0.000000
vt 0.655462 1.000000
vt 0.655462 0.000000
vt 0.659664 1.000000
vt 0.659664 0.000000
vt 0.663866 1.000000
vt 0.663866 0.000000
vt 0.668067 1.000000
vt 0.668067 0.000000
vt 0.672269 1.000000
vt 0.672269 0.000000
vt 0.676471 1.000000
vt 0.676471 0.000000
vt 0.680672 1.000000
vt 0.680672 0.000000
vt 0.684874 1.000000
vt 0.684874 0.000000
vt 0.689076 1.000000
vt 0.689076 0.000000
vt 0.693277 1.000000
vt 0.693277 0.000000
vt 0.697479 1.000000
vt 0.697479 0.000000
vt 0.701681 1.000000
vt 0.701681 0.000000
vt 0.705882 1.000000
vt 0.705882 0.000000
vt 0.710084 1.000000
vt 0.710084 0.000000
vt 0.714286 1.000000
vt 0.714286 0.000000
vt 0.718487 1.000000
vt 0.718487 0.000000
vt 0.722689 1.000000
vt 0.722689 0.000000
vt 0.726891 1.000000
vt 0.726891 0.000000
vt 0.731092 1.000000
vt 0.731092 0.000000
vt 0.735294 1.000000
vt 0.735294 0.000000
vt 0.739496 1.000000
vt 0.739496 0.000000
vt 0.743697 1.000000
vt 0.743697 0.000000
vt 0.747899 1.000000
vt 0.747899 0.000000
vt 0.752101 1.000000
vt 0.752101 0.000000
vt 0.756303 1.000000
vt 0.756303 0.000000
vt 0.760504 1.000000
vt 0.760504 0.000000
vt 0.764706 1.000000
vt 0.764706 0.000000
vt 0.768908 1.000000
vt 0.768908 0.000000
vt 0.773109 1.000000
vt 0.773109 0.000000
vt 0.777311 1.000000
vt 0.777311 0.000000
vt 0.781513 1.000000
vt 0.781513 0.000000
vt 0.785714 1.000000
vt 0.785714 0.000000
vt 0.789916 1.000000
vt 0.789916 0.000000
vt 0.794118 1.000000
vt 0.794118 0.000000
vt 0.798319 1.000000
vt 0.798319 0.000000
vt 0.802521 1.000000
vt 0.802521 0.000000
vt 0.806723 1.000000
vt 0.806723 0.000000
vt 0.810924 1.000000
vt 0.810924 0.000000
vt 0.815126 1.000000
vt 0.815126 0.000000
vt 0.819328 1.000000
vt 0.819328 0.000000
vt 0.823529 1.000000
vt 0.823529 0.000000
vt 0.827731 1.000000
vt 0.827731 0.000000
vt 0.831933 1.000000
vt 0.831933 0.000000
vt 0.836134 1.000000
vt 0.836134 0.000000
vt 0.840336 1.000000
vt 0.840336 0.000000
vt 0.844538 1.000000
vt 0.844538 0.000000
vt 0.848740 1.000000
vt 0.848740 0.000000
vt 0.852941 1.000000
vt 0.852941 0.000000
vt 0.857143 1.000000
vt 0.857143 0.000000
vt 0.861345 1.000000
vt 0.861345 0.000000
vt 0.865546 1.000000
vt 0.865546 0.000000
vt 0.869748 1.000000
vt 0.869748 0.000000
vt 0.873950 1.000000
vt 0.873950 0.000000
vt 0.878151 1.000000
vt 0.878151 0.000000
vt 0.882353 1.000000
vt 0.882353 0.000000
vt 0.886555 1.000000
vt 0.886555 0.000000
vt 0.890756 1.000000
vt 0.890756 0.000000
vt 0.894958 1.000000
vt 0.894958 0.000000
vt 0.899160 1.000000
vt 0.899160 0.000000
vt 0.903361 1.000000
vt 0.903361 0.000000
vt 0.907563 1.000000
vt 0.907563 0.000000
vt 0.911765 1.000000
vt 0.911765 0.000000
vt 0.915966 1.000000
vt 0.915966 0.000000
vt 0.920168 1.000000
vt 0.920168 0.000000
vt 0.924370 1.000000
vt 0.924370 0.000000
vt 0.928571 1.000000
vt 0.928571 0.000000
vt 0.932773 1.000000
vt 0.932773 0.000000
vt 0.936975 1.000000
vt 0.936975 0.000000
vt 0.941176 1.000000
vt 0.941176 0.000000
vt 0.945378 1.000000
vt 0.945378 0.000000
vt 0.949580 1.000000
vt 0.949580 0.000000
vt 0.953781 1.000000
vt 0.953781 0.000000
vt 0.957983 1.000000
vt 0.957983 0.000000
vt 0.962185 1.000000
vt 0.962185 0.000000
vt 0.966387 1.000000
vt 0.966387 0.000000
vt 0.970588 1.000000
vt 0.970588 0.000000
vt 0.974790 1.000000
vt 0.974790 0.000000
vt 0.978992 1.000000
vt 0.978992 0.000000
vt 0.983193 1.000000
vt 0.983193 0.000000
vt 0.987395 1.000000
vt 0.987395 0.000000
vt 0.991597 1.000000
vt 0.991597 0.000000
vt 0.995798 1.000000
vt 0.995798 0.000000
vt 1.000000 1.000000
vt 0.250000 1.000000
vt 0.750000 1.000000
vt 0.012500 1.000000
vt 0.012500 0.000000
vt 0.025000 1.000000
vt 0.025000 0.000000
vt 0.037500 1.000000
vt 0.037500 0.000000
vt 0.050000 1.000000
vt 0.050000 0.000000
vt 0.062500 1.000000
vt 0.062500 0.000000
vt 0.075000 1.000000
vt 0.075000 0.000000
vt 0.087500 1.000000
vt 0.087500 0.000000
vt 0.100000 1.000000
vt 0.100000 0.000000
vt 0.112500 1.000000
vt 0.112500 0.000000
vt 0.125000 1.000000
vt 0.125000 0.000000
vt 0.137500 1.000000
vt 0.137500 0.000000
vt 0.150000 1.000000
vt 0.150000 0.000000
vt 0.162500 1.000000
vt 0.162500 0.000000
vt 0.175000 1.000000
vt 0.175000 0.000000
vt 0.187500 1.000000
vt 0.187500 0.000000
vt 0.200000 1.000000
vt 0.200000 0.000000
vt 0.212500 1.000000
vt 0.212500 0.000000
vt 0.225000 1.000000
vt 0.225000 0.000000
vt 0.237500 1.000000
vt 0.237500 0.000000
vt 0.262500 1.000000
vt 0.262500 0.000000
vt 0.275000 1.000000
vt 0.275000 0.000000
vt 0.287500 1.000000
vt 0.287500 0.000000
vt 0.300000 1.000000
vt 0.300000 0.000000
vt 0.312500 1.000000
vt 0.312500 0.000000
vt 0.325000 1.000000
vt 0.325000 0.000000
vt 0.337500 1.000000
vt 0.337500 0.000000
vt 0.350000 1.000000
vt 0.350000 0.000000
vt 0.362500 1.000000
vt 0.362500 0.000000
vt 0.375000 1.000000
vt 0.375000 0.000000
vt 0.387500 1.000000
vt 0.387500 0.000000
vt 0.400000 1.000000
vt 0.400000 0.000000
vt 0.412500 1.000000
vt 0.412500 0.000000
vt 0.425000 1.000000
vt 0.425000 0.000000
vt 0.437500 1.000000
vt 0.437500 0.000000
vt 0.450000 1.000000
vt 0.450000 0.000000
vt 0.462500 1.000000
vt 0.462500 0.000000
vt 0.475000 1.000000
vt 0.475000 0.000000
vt 0.487500 1.000000
vt 0.487500 0.000000
vt 0.512500 1.000000
vt 0.512500 0.000000
vt 0.525000 1.000000
vt 0.525000 0.000000
vt 0.537500 1.000000
vt 0.537500 0.000000
vt 0.550000 1.000000
vt 0.550000 0.000000
vt 0.562500 1.000000
vt 0.562500 0.000000
vt 0.575000 1.000000
vt 0.575000 0.000000
vt 0.587500 1.000000
vt 0.587500 0.000000
vt 0.600000 1.000000
vt 0.600000 0.000000
vt 0.612500 1.000000
vt 0.612500 0.000000
vt 0.625000 1.000000
vt 0.625000 0.000000
vt 0.637500 1.000000
vt 0.637500 0.000000
vt 0.650000 1.000000
vt 0.650000 0.000000
vt 0.662500 1.000000
vt 0.662500 0.000000
vt 0.675000 1.000000
vt 0.675000 0.000000
vt 0.687500 1.000000
vt 0.687500 0.000000
vt 0.700000 1.000000
vt 0.700000 0.000000
vt 0.712500 1.000000
vt 0.712500 0.000000
vt 0.725000 1.000000
vt 0.725000 0.000000
vt 0.737500 1.000000
vt 0.737500 0.000000
vt 0.762500 1.000000
vt 0.762500 0.000000
vt 0.775000 1.000000
vt 0.775000 0.000000
vt 0.787500 1.000000
vt 0.787500 0.000000
vt 0.800000 1.000000
vt 0.800000 0.000000
vt 0.812500 1.000000
vt 0.812500 0.000000
vt 0.825000 1.000000
vt 0.825000 0.000000
vt 0.837500 1.000000
vt 0.837500 0.000000
vt 0.850000 1.000000
vt 0.850000 0.000000
vt 0.862500 1.000000
vt 0.862500 0.000000
vt 0.875000 1.000000
vt 0.875000 0.000000
vt 0.887500 1.000000
vt 0.887500 0.000000
vt 0.900000 1.000000
vt 0.900000 0.000000
vt 0.912500 1.000000
vt 0.912500 0.000000
vt 0.925000 1.000000
vt 0.925000 0.000000
vt 0.937500 1.000000
vt 0.937500 0.000000
vt 0.950000 1.000000
vt 0.950000 0.000000
vt 0.962500 1.000000
vt 0.962500 0.000000
vt 0.975000 1.000000
vt 0.975000 0.000000
vt 0.987500 1.000000
vt 0.987500 0.000000
vt 0.007692 1.000000
vt 0.007692 0.000000
vt 0.015385 1.000000
vt 0.015385 0.000000
vt 0.023077 1.000000
vt 0.023077 0.000000
vt 0.030769 1.000000
vt 0.030769 0.000000
vt 0.038462 1.000000
vt 0.038462 0.000000
vt 0.046154 1.000000
vt 0.046154 0.000000
vt 0.053846 1.000000
vt 0.053846 0.000000
vt 0.061538 1.000000
vt 0.061538 0.000000
vt 0.069231 1.000000
vt 0.069231 0.000000
vt 0.076923 1.000000
vt 0.076923 0.000000
vt 0.084615 1.000000
vt 0.084615 0.000000
vt 0.092308 1.000000
vt 0.092308 0.000000
vt 0.107692 1.000000
vt 0.107692 0.000000
vt 0.115385 1.000000
vt 0.115385 0.000000
vt 0.123077 1.000000
vt 0.123077 0.000000
vt 0.130769 1.000000
vt 0.130769 0.000000
vt 0.138462 1.000000
vt 0.138462 0.000000
vt 0.146154 1.000000
vt 0.146154 0.000000
vt 0.153846 1.000000
vt 0.153846 0.000000
vt 0.161538 1.000000
vt 0.161538 0.000000
vt 0.169231 1.000000
vt 0.169231 0.000000
vt 0.176923 1.000000
vt 0.176923 0.000000
vt 0.184615 1.000000
vt 0.184615 0.000000
vt 0.192308 1.000000
vt 0.192308 0.000000
vt 0.207692 1.000000
vt 0.207692 0.000000
vt 0.215385 1.000000
vt 0.215385 0.000000
vt 0.223077 1.000000
vt 0.223077 0.000000
vt 0.230769 1.000000
vt 0.230769 0.000000
vt 0.238462 1.000000
vt 0.238462 0.000000
vt 0.246154 1.000000
vt 0.246154 0.000000
vt 0.253846 1.000000
vt 0.253846 0.000000
vt 0.261538 1.000000
vt 0.261538 0.000000
vt 0.269231 1.000000
vt 0.269231 0.000000
vt 0.276923 1.000000
vt 0.276923 0.000000
vt 0.284615 1.000000
vt 0.284615 0.000000
vt 0.292308 1.000000
vt 0.292308 0.000000
vt 0.307692 1.000000
vt 0.307692 0.000000
vt 0.315385 1.000000
vt 0.315385 0.000000
vt 0.323077 1.000000
vt 0.323077 0.000000
vt 0.330769 1.000000
vt 0.330769 0.000000
vt 0.338462 1.000000
vt 0.338462 0.000000
vt 0.346154 1.000000
vt 0.346154 0.000000
vt 0.353846 1.000000
vt 0.353846 0.000000
vt 0.361538 1.000000
vt 0.361538 0.000000
vt 0.369231 1.000000
vt 0.369231 0.000000
vt 0.376923 1.000000
vt 0.376923 0.000000
vt 0.384615 1.000000
vt 0.384615 0.000000
vt 0.392308 1.000000
vt 0.392308 0.000000
vt 0.407692 1.000000
vt 0.407692 0.000000
vt 0.415385 1.000000
vt 0.415385 0.000000
vt 0.423077 1.000000
vt 0.423077 0.000000
vt 0.430769 1.000000
vt 0.430769 0.000000
vt 0.438462 1.000000
vt 0.438462 0.000000
vt 0.446154 1.000000
vt 0.446154 0.000000
vt 0.453846 1.000000
vt 0.453846 0.000000
vt 0.461538 1.000000
vt 0.461538 0.000000
vt 0.469231 1.000000
vt 0.469231 0.000000
vt 0.476923 1.000000
vt 0.476923 0.000000
vt 0.484615 1.000000
vt 0.484615 0.000000
vt 0.492308 1.000000
vt 0.492308 0.000000
vt 0.507692 1.000000
vt 0.507692 0.000000
vt 0.515385 1.000000
vt 0.515385 0.000000
vt 0.523077 1.000000
vt 0.523077 0.000000
vt 0.530769 1.000000
vt 0.530769 0.000000
vt 0.538462 1.000000
vt 0.538462 0.000000
vt 0.546154 1.000000
vt 0.546154 0.000000
vt 0.553846 1.000000
vt 0.553846 0.000000
vt 0.561538 1.000000
vt 0.561538 0.000000
vt 0.569231 1.000000
vt 0.569231 0.000000
vt 0.576923 1.000000
vt 0.576923 0.000000
vt 0.584615 1.000000
vt 0.584615 0.000000
vt 0.592308 1.000000
vt 0.592308 0.000000
vt 0.607692 1.000000
vt 0.607692 0.000000
vt 0.615385 1.000000
vt 0.615385 0.000000
vt 0.623077 1.000000
vt 0.623077 0.000000
vt 0.630769 1.000000
vt 0.630769 0.000000
vt 0.638462 1.000000
vt 0.638462 0.000000
vt 0.646154 1.000000
vt 0.646154 0.000000
vt 0.653846 1.000000
vt 0.653846 0.000000
vt 0.661538 1.000000
vt 0.661538 0.000000
vt 0.669231 1.000000
vt 0.669231 0.000000
vt 0.676923 1.000000
vt 0.676923 0.000000
vt 0.684615 1.000000
vt 0.684615 0.000000
vt 0.692308 1.000000
vt 0.692308 0.000000
vt 0.707692 1.000000
vt 0.707692 0.000000
vt 0.715385 1.000000
vt 0.715385 0.000000
vt 0.723077 1.000000
vt 0.723077 0.000000
vt 0.730769 1.000000
vt 0.730769 0.000000
vt 0.738462 1.000000
vt 0.738462 0.000000
vt 0.746154 1.000000
vt 0.746154 0.000000
vt 0.753846 1.000000
vt 0.753846 0.000000
vt 0.761538 1.000000
vt 0.761538 0.000000
vt 0.769231 1.000000
vt 0.769231 0.000000
vt 0.776923 1.000000
vt 0.776923 0.000000
vt 0.784615 1.000000
vt 0.784615 0.000000
vt 0.792308 1.000000
vt 0.792308 0.000000
vt 0.807692 1.000000
vt 0.807692 0.000000
vt 0.815385 1.000000
vt 0.815385 0.000000
vt 0.823077 1.000000
vt 0.823077 0.000000
vt 0.830769 1.000000
vt 0.830769 0.000000
vt 0.838462 1.000000
vt 0.838462 0.000000
vt 0.846154 1.000000
vt 0.846154 0.000000
vt 0.853846 1.000000
vt 0.853846 0.000000
vt 0.861538 1.000000
vt 0.861538 0.000000
vt 0.869231 1.000000
vt 0.869231 0.000000
vt 0.876923 1.000000
vt 0.876923 0.000000
vt 0.884615 1.000000
vt 0.884615 0.000000
vt 0.892308 1.000000
vt 0.892308 0.000000
vt 0.907692 1.000000
vt 0.907692 0.000000
vt 0.915385 1.000000
vt 0.915385 0.000000
vt 0.923077 1.000000
vt 0.923077 0.000000
vt 0.930769 1.000000
vt 0.930769 0.000000
vt 0.938462 1.000000
vt 0.938462 0.000000
vt 0.946154 1.000000
vt 0.946154 0.000000
vt 0.953846 1.000000
vt 0.953846 0.000000
vt 0.961538 1.000000
vt 0.961538 0.000000
vt 0.969231 1.000000
vt 0.969231 0.000000
vt 0.976923 1.000000
vt 0.976923 0.000000
vt 0.984615 1.000000
vt 0.984615 0.000000
vt 0.992308 1.000000
vt 0.992308 0.000000
vt 0.035714 1.000000
vt 0.035714 0.000000
vt 0.107143 1.000000
vt 0.107143 0.000000
vt 0.178571 1.000000
vt 0.178571 0.000000
vt 0.321429 1.000000
vt 0.321429 0.000000
vt 0.392857 1.000000
vt 0.392857 0.000000
vt 0.464286 1.000000
vt 0.464286 0.000000
vt 0.535714 1.000000
vt 0.535714 0.000000
vt 0.607143 1.000000
vt 0.607143 0.000000
vt 0.678571 1.000000
vt 0.678571 0.000000
vt 0.821429 1.000000
vt 0.821429 0.000000
vt 0.892857 1.000000
vt 0.892857 0.000000
vt 0.964286 1.000000
vt 0.964286 0.000000
vt 0.005650 1.000000
vt 0.005650 0.000000
vt 0.011299 1.000000
vt 0.011299 0.000000
vt 0.016949 1.000000
vt 0.016949 0.000000
vt 0.022599 1.000000
vt 0.022599 0.000000
vt 0.028249 1.000000
vt 0.028249 0.000000
vt 0.033898 1.000000
vt 0.033898 0.000000
vt 0.039548 1.000000
vt 0.039548 0.000000
vt 0.045198 1.000000
vt 0.045198 0.000000
vt 0.050847 1.000000
vt 0.050847 0.000000
vt 0.056497 1.000000
vt 0.056497 0.000000
vt 0.062147 1.000000
vt 0.062147 0.000000
vt 0.067797 1.000000
vt 0.067797 0.000000
vt 0.073446 1.000000
vt 0.073446 0.000000
vt 0.079096 1.000000
vt 0.079096 0.000000
vt 0.084746 1.000000
vt 0.084746 0.000000
vt 0.090395 1.000000
vt 0.090395 0.000000
vt 0.096045 1.000000
vt 0.096045 0.000000
vt 0.101695 1.000000
vt 0.101695 0.000000
vt 0.107345 1.000000
vt 0.107345 0.000000
vt 0.112994 1.000000
vt 0.112994 0.000000
vt 0.118644 1.000000
vt 0.118644 0.000000
vt 0.124294 1.000000
vt 0.124294 0.000000
vt 0.129944 1.000000
vt 0.129944 0.000000
vt 0.135593 1.000000
vt 0.135593 0.000000
vt 0.141243 1.000000
vt 0.141243 0.000000
vt 0.146893 1.000000
vt 0.146893 0.000000
vt 0.152542 1.000000
vt 0.152542 0.000000
vt 0.158192 1.000000
vt 0.158192 0.000000
vt 0.163842 1.000000
vt 0.163842 0.000000
vt 0.169492 1.000000
vt 0.169492 0.000000
vt 0.175141 1.000000
vt 0.175141 0.000000
vt 0.180791 1.000000
vt 0.180791 0.000000
vt 0.186441 1.000000
vt 0.186441 0.000000
vt 0.192090 1.000000
vt 0.192090 0.000000
vt 0.197740 1.000000
vt 0.197740 0.000000
vt 0.203390 1.000000
vt 0.203390 0.000000
vt 0.209040 1.000000
vt 0.209040 0.000000
vt 0.214689 1.000000
vt 0.214689 0.000000
vt 0.220339 1.000000
vt 0.220339 0.000000
vt 0.225989 1.000000
vt 0.225989 0.000000
vt 0.231638 1.000000
vt 0.231638 0.000000
vt 0.237288 1.000000
vt 0.237288 0.000000
vt 0.242938 1.000000
vt 0.242938 0.000000
vt 0.248588 1.000000
vt 0.248588 0.000000
vt 0.254237 1.000000
vt 0.254237 0.000000
vt 0.259887 1.000000
vt 0.259887 0.000000
vt 0.265537 1.000000
vt 0.265537 0.000000
vt 0.271186 1.000000
vt 0.271186 0.000000
vt 0.276836 1.000000
vt 0.276836 0.000000
vt 0.282486 1.000000
vt 0.282486 0.000000
vt 0.288136 1.000000
vt 0.288136 0.000000
vt 0.293785 1.000000
vt 0.293785 0.000000
vt 0.299435 1.000000
vt 0.299435 0.000000
vt 0.305085 1.000000
vt 0.305085 0.000000
vt 0.310734 1.000000
vt 0.310734 0.000000
vt 0.316384 1.000000
vt 0.316384 0.000000
vt 0.322034 1.000000
vt 0.322034 0.000000
vt 0.327684 1.000000
vt 0.327684 0.000000
vt 0.333333 1.000000
vt 0.338983 1.000000
vt 0.338983 0.000000
vt 0.344633 1.000000
vt 0.344633 0.000000
vt 0.350282 1.000000
vt 0.350282 0.000000
vt 0.355932 1.000000
vt 0.355932 0.000000
vt 0.361582 1.000000
vt 0.361582 0.000000
vt 0.367232 1.000000
vt 0.367232 0.000000
vt 0.372881 1.000000
vt 0.372881 0.000000
vt 0.378531 1.000000
vt 0.378531 0.000000
vt 0.384181 1.000000
vt 0.384181 0.000000
vt 0.389830 1.000000
vt 0.389830 0.000000
vt 0.395480 1.000000
vt 0.395480 0.000000
vt 0.401130 1.000000
vt 0.401130 0.000000
vt 0.406780 1.000000
vt 0.406780 0.000000
vt 0.412429 1.000000
vt 0.412429 0.000000
vt 0.418079 1.000000
vt 0.418079 0.000000
vt 0.423729 1.000000
vt 0.423729 0.000000
vt 0.429379 1.000000
vt 0.429379 0.000000
vt 0.435028 1.000000
vt 0.435028 0.000000
vt 0.440678 1.000000
vt 0.440678 0.000000
vt 0.446328 1.000000
vt 0.446328 0.000000
vt 0.451977 1.000000
vt 0.451977 0.000000
vt 0.457627 1.000000
vt 0.457627 0.000000
vt 0.463277 1.000000
vt 0.463277 0.000000
vt 0.468927 1.000000
vt 0.468927 0.000000
vt 0.474576 1.000000
vt 0.474576 0.000000
vt 0.480226 1.000000
vt 0.480226 0.000000
vt 0.485876 1.000000
vt 0.485876 0.000000
vt 0.491525 1.000000
vt 0.491525 0.000000
vt 0.497175 1.000000
vt 0.497175 0.000000
vt 0.502825 1.000000
vt 0.502825 0.000000
vt 0.508475 1.000000
vt 0.508475 0.000000
vt 0.514124 1.000000
vt 0.514124 0.000000
vt 0.519774 1.000000
vt 0.519774 0.000000
vt 0.525424 1.000000
vt 0.525424 0.000000
vt 0.531073 1.000000
vt 0.531073 0.000000
vt 0.536723 1.000000
vt 0.536723 0.000000
vt 0.542373 1.000000
vt 0.542373 0.000000
vt 0.548023 1.000000
vt 0.548023 0.000000
vt 0.553672 1.000000
vt 0.553672 0.000000
vt 0.559322 1.000000
vt 0.559322 0.000000
vt 0.564972 1.000000
vt 0.564972 0.000000
vt 0.570621 1.000000
vt 0.570621 0.000000
vt 0.576271 1.000000
vt 0.576271 0.000000
vt 0.581921 1.000000
vt 0.581921 0.000000
vt 0.587571 1.000000
vt 0.587571 0.000000
vt 0.593220 1.000000
vt 0.593220 0.000000
vt 0.598870 1.000000
vt 0.598870 0.000000
vt 0.604520 1.000000
vt 0.604520 0.000000
vt 0.610169 1.000000
vt 0.610169 0.000000
vt 0.615819 1.000000
vt 0.615819 0.000000
vt 0.621469 1.000000
vt 0.621469 0.000000
vt 0.627119 1.000000
vt 0.627119 0.000000
vt 0.632768 1.000000
vt 0.632768 0.000000
vt 0.638418 1.000000
vt 0.638418 0.000000
vt 0.644068 1.000000
vt 0.644068 0.000000
vt 0.649718 1.000000
vt 0.649718 0.000000
vt 0.655367 1.000000
vt 0.655367 0.000000
vt 0.661017 1.000000
vt 0.661017 0.000000
vt 0.666667 1.000000
vt 0.672316 1.000000
vt 0.672316 0.000000
vt 0.677966 1.000000
vt 0.677966 0.000000
vt 0.683616 1.000000
vt 0.683616 0.000000
vt 0.689266 1.000000
vt 0.689266 0.000000
vt 0.694915 1.000000
vt 0.694915 0.000000
vt 0.700565 1.000000
vt 0.700565 0.000000
vt 0.706215 1.000000
vt 0.706215 0.000000
vt 0.711864 1.000000
vt 0.711864 0.000000
vt 0.717514 1.000000
vt 0.717514 0.000000
vt 0.723164 1.000000
vt 0.723164 0.000000
vt 0.728814 1.000000
vt 0.728814 0.000000
vt 0.734463 1.000000
vt 0.734463 0.000000
vt 0.740113 1.000000
vt 0.740113 0.000000
vt 0.745763 1.000000
vt 0.745763 0.000000
vt 0.751412 1.000000
vt 0.751412 0.000000
vt 0.757062 1.000000
vt 0.757062 0.000000
vt 0.762712 1.000000
vt 0.762712 0.000000
vt 0.768362 1.000000
vt 0.768362 0.000000
vt 0.774011 1.000000
vt 0.774011 0.000000
vt 0.779661 1.000000
vt 0.779661 0.000000
vt 0.785311 1.000000
vt 0.785311 0.000000
vt 0.790960 1.000000
vt 0.790960 0.000000
vt 0.796610 1.000000
vt 0.796610 0.000000
vt 0.802260 1.000000
vt 0.802260 0.000000
vt 0.807910 1.000000
vt 0.807910 0.000000
vt 0.813559 1.000000
vt 0.813559 0.000000
vt 0.819209 1.000000
vt 0.819209 0.000000
vt 0.824859 1.000000
vt 0.824859 0.000000
vt 0.830508 1.000000
vt 0.830508 0.000000
vt 0.836158 1.000000
vt 0.836158 0.000000
vt 0.841808 1.000000
vt 0.841808 0.000000
vt 0.847458 1.000000
vt 0.847458 0.000000
vt 0.853107 1.000000
vt 0.853107 0.000000
vt 0.858757 1.000000
vt 0.858757 0.000000
vt 0.864407 1.000000
vt 0.864407 0.000000
vt 0.870057 1.000000
vt 0.870057 0.000000
vt 0.875706 1.000000
vt 0.875706 0.000000
vt 0.881356 1.000000
vt 0.881356 0.000000
vt 0.887006 1.000000
vt 0.887006 0.000000
vt 0.892655 1.000000
vt 0.892655 0.000000
vt 0.898305 1.000000
vt 0.898305 0.000000
vt 0.903955 1.000000
vt 0.903955 0.000000
vt 0.909605 1.000000
vt 0.909605 0.000000
vt 0.915254 1.000000
vt 0.915254 0.000000
vt 0.920904 1.000000
vt 0.920904 0.000000
vt 0.926554 1.000000
vt 0.926554 0.000000
vt 0.932203 1.000000
vt 0.932203 0.000000
vt 0.937853 1.000000
vt 0.937853 0.000000
vt 0.943503 1.000000
vt 0.943503 0.000000
vt 0.949153 1.000000
vt 0.949153 0.000000
vt 0.954802 1.000000
vt 0.954802 0.000000
vt 0.960452 1.000000
vt 0.960452 0.000000
vt 0.966102 1.000000
vt 0.966102 0.000000
vt 0.971751 1.000000
vt 0.971751 0.000000
vt 0.977401 1.000000
vt 0.977401 0.000000
vt 0.983051 1.000000
vt 0.983051 0.000000
vt 0.988701 1.000000
vt 0.988701 0.000000
vt 0.994350 1.000000
vt 0.994350 0.000000
vt 0.019231 1.000000
vt 0.019231 0.000000
vt 0.057692 1.000000
vt 0.057692 0.000000
vt 0.096154 1.000000
vt 0.096154 0.000000
vt 0.134615 1.000000
vt 0.134615 0.000000
vt 0.173077 1.000000
vt 0.173077 0.000000
vt 0.211538 1.000000
vt 0.211538 0.000000
vt 0.288462 1.000000
vt 0.288462 0.000000
vt 0.326923 1.000000
vt 0.326923 0.000000
vt 0.365385 1.000000
vt 0.365385 0.000000
vt 0.403846 1.000000
vt 0.403846 0.000000
vt 0.442308 1.000000
vt 0.442308 0.000000
vt 0.480769 1.000000
vt 0.480769 0.000000
vt 0.519231 1.000000
vt 0.519231 0.000000
vt 0.557692 1.000000
vt 0.557692 0.000000
vt 0.596154 1.000000
vt 0.596154 0.000000
vt 0.634615 1.000000
vt 0.634615 0.000000
vt 0.673077 1.000000
vt 0.673077 0.000000
vt 0.711538 1.000000
vt 0.711538 0.000000
vt 0.788462 1.000000
vt 0.788462 0.000000
vt 0.826923 1.000000
vt 0.826923 0.000000
vt 0.865385 1.000000
vt 0.865385 0.000000
vt 0.903846 1.000000
vt 0.903846 0.000000
vt 0.942308 1.000000
vt 0.942308 0.000000
vt 0.980769 1.000000
vt 0.980769 0.000000
s 0
f 4/1/1 2/2/1 1/3/1
f 4/1/1 3/4/1 2/2/1
f 8/1/1 6/2/1 5/3/1
f 8/1/1 7/4/1 6/2/1
f 12/1/1 10/2/1 9/3/1
f 12/1/1 11/4/1 10/2/1
f 16/1/1 14/2/1 13/3/1
f 16/1/1 15/4/1 14/2/1
f 20/1/1 18/2/1 17/3/1
f 20/1/1 19/4/1 18/2/1
f 72/5/1 74/6/1 73/7/1
f 72/5/1 75/8/1 74/6/1
f 72/5/1 76/9/1 75/8/1
f 71/10/1 76/9/1 72/5/1
f 71/10/1 77/11/1 76/9/1
f 70/12/1 77/11/1 71/10/1
f 70/12/1 78/13/1 77/11/1
f 69/14/1 78/13/1 70/12/1
f 69/14/1 79/15/1 78/13/1
f 68/16/1 79/15/1 69/14/1
f 68/16/1 80/17/1 79/15/1
f 67/18/1 80/17/1 68/16/1
f 67/18/1 81/19/1 80/17/1
f 66/20/1 81/19/1 67/18/1
f 66/20/1 82/21/1 81/19/1
f 65/22/1 82/21/1 66/20/1
f 65/22/1 83/23/1 82/21/1
f 64/24/1 83/23/1 65/22/1
f 64/24/1 84/25/1 83/23/1
f 63/26/1 84/25/1 64/24/1
f 63/26/1 85/27/1 84/25/1
f 62/28/1 85/27/1 63/26/1
f 61/29/1 85/27/1 62/28/1
f 61/29/1 86/30/1 85/27/1
f 60/31/1 86/30/1 61/29/1
f 60/31/1 87/32/1 86/30/1
f 59/33/1 87/32/1 60/31/1
f 59/33/1 88/34/1 87/32/1
f 58/35/1 88/34/1 59/33/1
f 58/35/1 89/36/1 88/34/1
f 57/37/1 89/36/1 58/35/1
f 57/37/1 90/38/1 89/36/1
f 56/39/1 90/38/1 57/37/1
f 56/39/1 91/40/1 90/38/1
f 55/41/1 91/40/1 56/39/1
f 55/41/1 92/42/1 91/40/1
f 54/43/1 92/42/1 55/41/1
f 54/43/1 93/44/1 92/42/1
f 53/45/1 93/44/1 54/43/1
f 53/45/1 94/46/1 93/44/1
f 52/47/1 94/46/1 53/45/1
f 52/47/1 95/48/1 94/46/1
f 51/49/1 95/48/1 52/47/1
f 51/49/1 96/50/1 95/48/1
f 50/51/1 96/50/1 51/49/1
f 50/51/1 97/52/1 96/50/1
f 49/53/1 97/52/1 50/51/1
f 49/53/1 98/54/1 97/52/1
f 48/55/1 98/54/1 49/53/1
f 48/55/1 99/56/1 98/54/1
f 47/57/1 99/56/1 48/55/1
f 46/58/1 100/1/1 47/57/1
f 100/1/1 99/56/1 47/57/1
f 46/58/1 21/3/1 100/1/1
f 45/59/1 21/3/1 46/58/1
f 45/59/1 22/60/1 21/3/1
f 44/61/1 22/60/1 45/59/1
f 44/61/1 23/62/1 22/60/1
f 43/63/1 23/62/1 44/61/1
f 43/63/1 24/64/1 23/62/1
f 42/65/1 24/64/1 43/63/1
f 42/65/1 25/66/1 24/64/1
f 41/67/1 25/66/1 42/65/1
f 41/67/1 26/68/1 25/66/1
f 40/69/1 26/68/1 41/67/1
f 40/69/1 27/70/1 26/68/1
f 39/71/1 27/70/1 40/69/1
f 39/71/1 28/72/1 27/70/1
f 38/73/1 28/72/1 39/71/1
f 38/73/1 29/74/1 28/72/1
f 37/75/1 29/74/1 38/73/1
f 37/75/1 30/76/1 29/74/1
f 36/77/1 30/76/1 37/75/1
f 36/77/1 31/78/1 30/76/1
f 35/79/1 31/78/1 36/77/1
f 35/79/1 32/80/1 31/78/1
f 34/81/1 32/80/1 35/79/1
f 34/81/1 33/82/1 32/80/1
f 138/83/1 140/84/1 139/85/1
f 138/83/1 141/86/1 140/84/1
f 138/83/1 142/87/1 141/86/1
f 137/88/1 142/87/1 138/83/1
f 137/88/1 143/89/1 142/87/1
f 136/90/1 143/89/1 137/88/1
f 136/90/1 144/91/1 143/89/1
f 135/92/1 144/91/1 136/90/1
f 135/92/1 145/93/1 144/91/1
f 135/92/1 146/94/1 145/93/1
f 134/95/1 146/94/1 135/92/1
f 134/95/1 147/96/1 146/94/1
f 133/97/1 147/96/1 134/95/1
f 133/97/1 148/98/1 147/96/1
f 132/99/1 148/98/1 133/97/1
f 132/99/1 149/100/1 148/98/1
f 132/99/1 150/101/1 149/100/1
f 131/102/1 150/101/1 132/99/1
f 131/102/1 151/103/1 150/101/1
f 130/104/1 151/103/1 131/102/1
f 130/104/1 152/105/1 151/103/1
f 129/106/1 152/105/1 130/104/1
f 129/106/1 153/107/1 152/105/1
f 129/106/1 154/108/1 153/107/1
f 128/109/1 154/108/1 129/106/1
f 128/109/1 155/110/1 154/108/1
f 127/111/1 155/110/1 128/109/1
f 127/111/1 156/112/1 155/110/1
f 126/113/1 279/114/1 127/111/1
f 279/114/1 156/112/1 127/111/1
f 279/114/1 157/115/1 156/112/1
f 279/114/1 158/116/1 157/115/1
f 279/114/1 159/117/1 158/116/1
f 279/114/1 160/118/1 159/117/1
f 279/114/1 161/119/1 160/118/1
f 279/114/1 162/120/1 161/119/1
f 279/114/1 163/121/1 162/120/1
f 279/114/1 164/122/1 163/121/1
f 279/114/1 165/123/1 164/122/1
f 279/114/1 166/124/1 165/123/1
f 279/114/1 167/125/1 166/124/1
f 279/114/1 168/126/1 167/125/1
f 279/114/1 169/127/1 168/126/1
f 279/114/1 170/128/1 169/127/1
f 279/114/1 171/129/1 170/128/1
f 279/114/1 172/130/1 171/129/1
f 279/114/1 173/131/1 172/130/1
f 279/114/1 174/132/1 173/131/1
f 279/114/1 175/133/1 174/132/1
f 279/114/1 176/134/1 175/133/1
f 279/114/1 278/135/1 176/134/1
f 278/135/1 329/1/1 176/134/1
f 329/1/1 328/136/1 176/134/1
f 328/136/1 327/137/1 176/134/1
f 327/137/1 177/2/1 176/134/1
f 126/113/1 280/138/1 279/114/1
f 326/139/1 177/2/1 327/137/1
f 325/140/1 177/2/1 326/139/1
f 324/141/1 177/2/1 325/140/1
f 323/142/1 177/2/1 324/141/1
f 322/143/1 177/2/1 323/142/1
f 321/144/1 177/2/1 322/143/1
f 320/145/1 177/2/1 321/144/1
f 319/146/1 177/2/1 320/145/1
f 318/147/1 177/2/1 319/146/1
f 317/148/1 177/2/1 318/147/1
f 316/149/1 177/2/1 317/148/1
f 315/150/1 177/2/1 316/149/1
f 314/151/1 177/2/1 315/150/1
f 313/152/1 177/2/1 314/151/1
f 312/153/1 177/2/1 313/152/1
f 311/154/1 177/2/1 312/153/1
f 310/155/1 177/2/1 311/154/1
f 310/155/1 178/156/1 177/2/1
f 309/157/1 178/156/1 310/155/1
f 308/158/1 178/156/1 309/157/1
f 308/158/1 179/159/1 178/156/1
f 307/160/1 179/159/1 308/158/1
f 306/161/1 179/159/1 307/160/1
f 306/161/1 180/162/1 179/159/1
f 305/163/1 180/162/1 306/161/1
f 305/163/1 181/164/1 180/162/1
f 305/163/1 182/165/1 181/164/1
f 305/163/1 183/166/1 182/165/1
f 305/163/1 184/167/1 183/166/1
f 305/163/1 185/168/1 184/167/1
f 304/169/1 185/168/1 305/163/1
f 304/169/1 186/170/1 185/168/1
f 303/171/1 186/170/1 304/169/1
f 302/172/1 186/170/1 303/171/1
f 302/172/1 187/173/1 186/170/1
f 301/174/1 187/173/1 302/172/1
f 300/175/1 187/173/1 301/174/1
f 300/175/1 188/176/1 187/173/1
f 299/177/1 188/176/1 300/175/1
f 299/177/1 189/178/1 188/176/1
f 298/179/1 189/178/1 299/177/1
f 297/180/1 189/178/1 298/179/1
f 297/180/1 190/181/1 189/178/1
f 296/182/1 190/181/1 297/180/1
f 295/183/1 190/181/1 296/182/1
f 295/183/1 191/184/1 190/181/1
f 294/185/1 191/184/1 295/183/1
f 293/186/1 191/184/1 294/185/1
f 293/186/1 192/187/1 191/184/1
f 292/188/1 192/187/1 293/186/1
f 291/189/1 192/187/1 292/188/1
f 291/189/1 193/190/1 192/187/1
f 290/191/1 193/190/1 291/189/1
f 289/192/1 193/190/1 290/191/1
f 289/192/1 194/193/1 193/190/1
f 288/194/1 194/193/1 289/192/1
f 287/195/1 194/193/1 288/194/1
f 286/196/1 194/193/1 287/195/1
f 286/196/1 195/197/1 194/193/1
f 285/198/1 195/197/1 286/196/1
f 284/199/1 195/197/1 285/198/1
f 283/200/1 195/197/1 284/199/1
f 282/201/1 195/197/1 283/200/1
f 281/202/1 195/197/1 282/201/1
f 126/113/1 281/202/1 280/138/1
f 126/113/1 277/203/1 281/202/1
f 277/203/1 195/197/1 281/202/1
f 277/203/1 196/204/1 195/197/1
f 277/203/1 197/205/1 196/204/1
f 277/203/2 201/206/2 197/205/2
f 201/206/1 198/207/1 197/205/1
f 201/206/1 199/208/1 198/207/1
f 201/206/1 200/209/1 199/208/1
f 277/203/1 202/210/1 201/206/1
f 277/203/1 203/211/1 202/210/1
f 277/203/1 204/212/1 203/211/1
f 277/203/1 205/213/1 204/212/1
f 277/203/1 206/214/1 205/213/1
f 277/203/1 207/215/1 206/214/1
f 277/203/1 208/216/1 207/215/1
f 277/203/1 209/217/1 208/216/1
f 277/203/1 210/218/1 209/217/1
f 277/203/1 211/219/1 210/218/1
f 277/203/1 212/220/1 211/219/1
f 277/203/1 213/221/1 212/220/1
f 277/203/1 214/222/1 213/221/1
f 277/203/1 215/223/1 214/222/1
f 277/203/1 216/224/1 215/223/1
f 277/203/1 217/225/1 216/224/1
f 277/203/1 218/226/1 217/225/1
f 277/203/1 219/227/1 218/226/1
f 277/203/1 220/228/1 219/227/1
f 277/203/1 221/229/1 220/228/1
f 277/203/1 222/230/1 221/229/1
f 277/203/1 223/231/1 222/230/1
f 277/203/1 224/232/1 223/231/1
f 277/203/1 225/233/1 224/232/1
f 277/203/1 276/234/1 225/233/1
f 276/234/1 275/235/1 225/233/1
f 275/235/1 274/236/1 225/233/1
f 274/236/1 273/237/1 225/233/1
f 273/237/1 272/238/1 225/233/1
f 272/238/1 271/239/1 225/233/1
f 271/239/1 270/240/1 225/233/1
f 270/240/1 269/241/1 225/233/1
f 269/241/1 268/242/1 225/233/1
f 268/242/1 267/243/1 225/233/1
f 267/243/1 266/244/1 225/233/1
f 266/244/1 226/245/1 225/233/1
f 126/113/1 101/3/1 277/203/1
f 265/246/1 226/245/1 266/244/1
f 264/247/3 226/245/3 265/246/3
f 263/248/1 226/245/1 264/247/1
f 262/249/3 226/245/3 263/248/3
f 261/250/1 226/245/1 262/249/1
f 260/251/1 226/245/1 261/250/1
f 259/252/1 226/245/1 260/251/1
f 258/253/1 226/245/1 259/252/1
f 257/254/1 226/245/1 258/253/1
f 256/255/1 226/245/1 257/254/1
f 255/256/1 226/245/1 256/255/1
f 254/257/1 226/245/1 255/256/1
f 253/4/1 226/245/1 254/257/1
f 252/258/1 226/245/1 253/4/1
f 251/259/1 226/245/1 252/258/1
f 125/260/1 101/3/1 126/113/1
f 125/260/1 102/261/1 101/3/1
f 250/262/1 226/245/1 251/259/1
f 250/262/1 227/263/1 226/245/1
f 124/264/1 102/261/1 125/260/1
f 249/265/1 227/263/1 250/262/1
f 124/264/1 103/266/1 102/261/1
f 249/265/1 228/267/1 227/263/1
f 123/268/1 103/266/1 124/264/1
f 248/269/1 228/267/1 249/265/1
f 123/268/1 104/270/1 103/266/1
f 248/269/1 229/271/1 228/267/1
f 122/272/1 104/270/1 123/268/1
f 247/273/1 229/271/1 248/269/1
f 122/272/1 105/274/1 104/270/1
f 247/273/1 230/275/1 229/271/1
f 121/276/1 105/274/1 122/272/1
f 246/277/1 230/275/1 247/273/1
f 121/276/1 106/278/1 105/274/1
f 246/277/1 231/279/1 230/275/1
f 120/280/1 106/278/1 121/276/1
f 245/281/1 231/279/1 246/277/1
f 120/280/1 107/282/1 106/278/1
f 245/281/1 232/283/1 231/279/1
f 119/284/1 107/282/1 120/280/1
f 244/285/1 232/283/1 245/281/1
f 119/284/1 108/286/1 107/282/1
f 244/285/1 233/287/1 232/283/1
f 118/288/1 108/286/1 119/284/1
f 243/289/1 233/287/1 244/285/1
f 118/288/1 109/290/1 108/286/1
f 243/289/1 234/291/1 233/287/1
f 117/292/1 109/290/1 118/288/1
f 242/293/1 234/291/1 243/289/1
f 117/292/1 110/294/1 109/290/1
f 242/293/1 235/295/1 234/291/1
f 116/296/1 110/294/1 117/292/1
f 241/297/1 235/295/1 242/293/1
f 116/296/1 111/298/1 110/294/1
f 241/297/1 236/299/1 235/295/1
f 115/300/1 111/298/1 116/296/1
f 240/301/1 236/299/1 241/297/1
f 115/300/1 112/302/1 111/298/1
f 240/301/1 237/303/1 236/299/1
f 114/304/1 112/302/1 115/300/1
f 239/305/1 237/303/1 240/301/1
f 114/304/1 113/306/1 112/302/1
f 239/305/1 238/307/1 237/303/1
f 393/308/1 395/309/1 394/310/1
f 393/308/1 396/311/1 395/309/1
f 393/308/1 397/312/1 396/311/1
f 392/313/1 397/312/1 393/308/1
f 392/313/1 398/314/1 397/312/1
f 391/315/1 398/314/1 392/313/1
f 391/315/1 399/316/1 398/314/1
f 390/317/1 399/316/1 391/315/1
f 390/317/1 400/318/1 399/316/1
f 389/319/1 400/318/1 390/317/1
f 389/319/1 401/320/1 400/318/1
f 388/321/1 401/320/1 389/319/1
f 388/321/1 402/322/1 401/320/1
f 387/323/1 402/322/1 388/321/1
f 387/323/1 403/324/1 402/322/1
f 386/325/1 403/324/1 387/323/1
f 386/325/1 404/326/1 403/324/1
f 385/327/1 404/326/1 386/325/1
f 385/327/1 405/328/1 404/326/1
f 384/329/1 405/328/1 385/327/1
f 384/329/1 406/330/1 405/328/1
f 383/331/1 406/330/1 384/329/1
f 383/331/1 407/332/1 406/330/1
f 382/333/1 407/332/1 383/331/1
f 381/334/1 407/332/1 382/333/1
f 381/334/1 462/335/1 407/332/1
f 462/335/1 461/336/1 407/332/1
f 461/336/1 460/337/1 407/332/1
f 460/337/1 487/1/1 407/332/1
f 487/1/1 486/338/1 407/332/1
f 486/338/1 485/339/1 407/332/1
f 485/339/1 408/340/1 407/332/1
f 381/334/1 463/341/1 462/335/1
f 484/342/1 408/340/1 485/339/1
f 381/334/1 464/343/1 463/341/1
f 483/344/1 408/340/1 484/342/1
f 381/334/1 465/345/1 464/343/1
f 482/346/1 408/340/1 483/344/1
f 381/334/1 466/347/1 465/345/1
f 481/348/1 408/340/1 482/346/1
f 381/334/1 467/349/1 466/347/1
f 480/350/1 408/340/1 481/348/1
f 381/334/1 468/351/1 467/349/1
f 479/352/1 408/340/1 480/350/1
f 381/334/1 469/353/1 468/351/1
f 478/354/1 408/340/1 479/352/1
f 381/334/1 470/355/1 469/353/1
f 477/356/1 408/340/1 478/354/1
f 381/334/1 471/357/1 470/355/1
f 476/358/1 408/340/1 477/356/1
f 381/334/1 472/359/1 471/357/1
f 475/360/1 408/340/1 476/358/1
f 381/334/1 473/361/1 472/359/1
f 474/362/1 408/340/1 475/360/1
f 380/363/1 473/361/1 381/334/1
f 474/362/1 409/364/1 408/340/1
f 379/365/1 473/361/1 380/363/1
f 474/362/1 410/366/1 409/364/1
f 378/367/1 473/361/1 379/365/1
f 474/362/1 411/368/1 410/366/1
f 377/369/1 473/361/1 378/367/1
f 474/362/1 412/370/1 411/368/1
f 376/371/1 473/361/1 377/369/1
f 474/362/1 413/372/1 412/370/1
f 375/373/1 473/361/1 376/371/1
f 474/362/1 414/374/1 413/372/1
f 374/375/1 473/361/1 375/373/1
f 474/362/1 415/376/1 414/374/1
f 373/377/1 473/361/1 374/375/1
f 474/362/1 416/378/1 415/376/1
f 372/379/1 473/361/1 373/377/1
f 474/362/1 417/380/1 416/378/1
f 371/381/1 473/361/1 372/379/1
f 474/362/1 418/382/1 417/380/1
f 370/383/1 473/361/1 371/381/1
f 474/362/1 419/384/1 418/382/1
f 369/385/1 473/361/1 370/383/1
f 474/362/1 420/386/1 419/384/1
f 368/387/1 473/361/1 369/385/1
f 474/362/1 421/388/1 420/386/1
f 367/389/1 473/361/1 368/387/1
f 474/362/1 422/390/1 421/388/1
f 367/389/1 474/362/1 473/361/1
f 367/389/1 422/390/1 474/362/1
f 366/391/1 422/390/1 367/389/1
f 366/391/1 423/392/1 422/390/1
f 365/393/1 423/392/1 366/391/1
f 365/393/1 424/394/1 423/392/1
f 364/395/1 424/394/1 365/393/1
f 364/395/1 425/396/1 424/394/1
f 363/397/1 425/396/1 364/395/1
f 363/397/1 426/398/1 425/396/1
f 362/399/1 426/398/1 363/397/1
f 362/399/1 427/400/1 426/398/1
f 361/401/1 427/400/1 362/399/1
f 361/401/1 428/402/1 427/400/1
f 360/403/1 428/402/1 361/401/1
f 360/403/1 429/404/1 428/402/1
f 359/405/1 429/404/1 360/403/1
f 359/405/1 430/406/1 429/404/1
f 358/407/1 430/406/1 359/405/1
f 358/407/1 431/408/1 430/406/1
f 357/409/1 431/408/1 358/407/1
f 357/409/1 432/410/1 431/408/1
f 356/411/1 330/3/1 357/409/1
f 330/3/1 432/410/1 357/409/1
f 330/3/1 459/412/1 432/410/1
f 459/412/1 433/413/1 432/410/1
f 356/411/1 331/414/1 330/3/1
f 458/415/1 433/413/1 459/412/1
f 355/416/1 331/414/1 356/411/1
f 355/416/1 332/417/1 331/414/1
f 457/418/1 433/413/1 458/415/1
f 457/418/1 434/419/1 433/413/1
f 354/420/1 332/417/1 355/416/1
f 456/421/1 434/419/1 457/418/1
f 354/420/1 333/422/1 332/417/1
f 456/421/1 435/423/1 434/419/1
f 353/424/1 333/422/1 354/420/1
f 455/425/1 435/423/1 456/421/1
f 353/424/1 334/426/1 333/422/1
f 455/425/1 436/427/1 435/423/1
f 352/428/1 334/426/1 353/424/1
f 454/429/1 436/427/1 455/425/1
f 352/428/1 335/430/1 334/426/1
f 454/429/1 437/431/1 436/427/1
f 351/432/1 335/430/1 352/428/1
f 453/433/1 437/431/1 454/429/1
f 351/432/1 336/434/1 335/430/1
f 453/433/1 438/435/1 437/431/1
f 350/436/1 336/434/1 351/432/1
f 452/437/1 438/435/1 453/433/1
f 350/436/1 337/438/1 336/434/1
f 452/437/1 439/439/1 438/435/1
f 349/440/1 337/438/1 350/436/1
f 451/441/1 439/439/1 452/437/1
f 349/440/1 338/442/1 337/438/1
f 451/441/1 440/443/1 439/439/1
f 348/444/1 338/442/1 349/440/1
f 450/445/1 440/443/1 451/441/1
f 348/444/1 339/446/1 338/442/1
f 450/445/1 441/447/1 440/443/1
f 347/448/1 339/446/1 348/444/1
f 449/449/1 441/447/1 450/445/1
f 347/448/1 340/450/1 339/446/1
f 449/449/1 442/451/1 441/447/1
f 346/452/1 340/450/1 347/448/1
f 448/453/1 442/451/1 449/449/1
f 346/452/1 341/454/1 340/450/1
f 448/453/1 443/455/1 442/451/1
f 345/456/1 341/454/1 346/452/1
f 447/457/1 443/455/1 448/453/1
f 345/456/1 342/458/1 341/454/1
f 447/457/1 444/459/1 443/455/1
f 344/460/1 342/458/1 345/456/1
f 446/461/1 444/459/1 447/457/1
f 344/460/1 343/462/1 342/458/1
f 446/461/1 445/463/1 444/459/1
f 539/5/1 541/6/1 540/7/1
f 539/5/1 542/8/1 541/6/1
f 539/5/1 543/9/1 542/8/1
f 538/10/1 543/9/1 539/5/1
f 538/10/1 544/11/1 543/9/1
f 537/12/1 544/11/1 538/10/1
f 537/12/1 545/13/1 544/11/1
f 536/14/1 545/13/1 537/12/1
f 536/14/1 546/15/1 545/13/1
f 535/16/1 546/15/1 536/14/1
f 535/16/1 547/17/1 546/15/1
f 534/18/1 547/17/1 535/16/1
f 534/18/1 548/19/1 547/17/1
f 533/20/1 548/19/1 534/18/1
f 533/20/1 549/21/1 548/19/1
f 532/22/1 549/21/1 533/20/1
f 532/22/1 550/23/1 549/21/1
f 531/24/1 550/23/1 532/22/1
f 531/24/1 551/25/1 550/23/1
f 530/26/1 551/25/1 531/24/1
f 530/26/1 552/27/1 551/25/1
f 529/28/1 552/27/1 530/26/1
f 528/29/1 552/27/1 529/28/1
f 528/29/1 553/30/1 552/27/1
f 527/31/1 553/30/1 528/29/1
f 527/31/1 554/32/1 553/30/1
f 526/33/1 554/32/1 527/31/1
f 526/33/1 555/34/1 554/32/1
f 525/35/1 555/34/1 526/33/1
f 525/35/1 556/36/1 555/34/1
f 524/37/1 556/36/1 525/35/1
f 524/37/1 557/38/1 556/36/1
f 523/39/1 557/38/1 524/37/1
f 523/39/1 558/40/1 557/38/1
f 522/41/1 558/40/1 523/39/1
f 522/41/1 559/42/1 558/40/1
f 521/43/1 559/42/1 522/41/1
f 521/43/1 560/44/1 559/42/1
f 520/45/1 560/44/1 521/43/1
f 520/45/1 561/46/1 560/44/1
f 519/47/1 561/46/1 520/45/1
f 519/47/1 562/48/1 561/46/1
f 518/49/1 562/48/1 519/47/1
f 518/49/1 563/50/1 562/48/1
f 517/51/1 563/50/1 518/49/1
f 517/51/1 564/52/1 563/50/1
f 516/53/1 564/52/1 517/51/1
f 516/53/1 565/54/1 564/52/1
f 515/55/1 565/54/1 516/53/1
f 515/55/1 566/56/1 565/54/1
f 514/57/1 566/56/1 515/55/1
f 513/58/1 567/1/1 514/57/1
f 567/1/1 566/56/1 514/57/1
f 513/58/1 488/3/1 567/1/1
f 512/59/1 488/3/1 513/58/1
f 512/59/1 489/60/1 488/3/1
f 511/61/1 489/60/1 512/59/1
f 511/61/1 490/62/1 489/60/1
f 510/63/1 490/62/1 511/61/1
f 510/63/1 491/64/1 490/62/1
f 509/65/1 491/64/1 510/63/1
f 509/65/1 492/66/1 491/64/1
f 508/67/1 492/66/1 509/65/1
f 508/67/1 493/68/1 492/66/1
f 507/69/1 493/68/1 508/67/1
f 507/69/1 494/70/1 493/68/1
f 506/71/1 494/70/1 507/69/1
f 506/71/1 495/72/1 494/70/1
f 505/73/1 495/72/1 506/71/1
f 505/73/1 496/74/1 495/72/1
f 504/75/1 496/74/1 505/73/1
f 504/75/1 497/76/1 496/74/1
f 503/77/1 497/76/1 504/75/1
f 503/77/1 498/78/1 497/76/1
f 502/79/1 498/78/1 503/77/1
f 502/79/1 499/80/1 498/78/1
f 501/81/1 499/80/1 502/79/1
f 501/81/1 500/82/1 499/80/1
f 704/464/1 706/18/1 705/465/1
f 704/464/1 707/466/1 706/18/1
f 704/464/1 708/467/1 707/466/1
f 703/20/1 708/467/1 704/464/1
f 703/20/1 709/16/1 708/467/1
f 702/468/1 709/16/1 703/20/1
f 702/468/1 710/469/1 709/16/1
f 701/470/1 710/469/1 702/468/1
f 701/470/1 711/471/1 710/469/1
f 700/22/1 711/471/1 701/470/1
f 700/22/1 712/14/1 711/471/1
f 699/472/1 712/14/1 700/22/1
f 699/472/1 713/473/1 712/14/1
f 698/474/1 713/473/1 699/472/1
f 698/474/1 714/475/1 713/473/1
f 697/24/1 714/475/1 698/474/1
f 697/24/1 715/12/1 714/475/1
f 696/476/1 715/12/1 697/24/1
f 696/476/1 716/477/1 715/12/1
f 696/476/1 717/478/1 716/477/1
f 695/479/1 717/478/1 696/476/1
f 695/479/1 718/10/1 717/478/1
f 694/26/1 718/10/1 695/479/1
f 694/26/1 719/480/1 718/10/1
f 693/481/1 719/480/1 694/26/1
f 692/482/1 719/480/1 693/481/1
f 691/28/1 719/480/1 692/482/1
f 690/483/1 719/480/1 691/28/1
f 689/484/1 719/480/1 690/483/1
f 688/29/1 719/480/1 689/484/1
f 687/485/1 719/480/1 688/29/1
f 686/486/1 719/480/1 687/485/1
f 685/31/1 719/480/1 686/486/1
f 684/487/1 719/480/1 685/31/1
f 683/488/1 719/480/1 684/487/1
f 682/33/1 719/480/1 683/488/1
f 682/33/1 720/489/1 719/480/1
f 682/33/1 721/5/1 720/489/1
f 681/490/1 721/5/1 682/33/1
f 681/490/1 722/491/1 721/5/1
f 681/490/1 723/492/1 722/491/1
f 681/490/1 724/7/1 723/492/1
f 680/493/1 735/494/1 681/490/1
f 735/494/1 734/495/1 681/490/1
f 734/495/1 733/9/1 681/490/1
f 733/9/1 732/496/1 681/490/1
f 732/496/1 724/7/1 681/490/1
f 732/496/1 725/497/1 724/7/1
f 732/496/1 726/4/1 725/497/1
f 732/496/1 727/6/1 726/4/1
f 732/496/1 728/498/1 727/6/1
f 732/496/1 729/499/1 728/498/1
f 732/496/1 730/8/1 729/499/1
f 732/496/1 731/500/1 730/8/1
f 680/493/1 736/11/1 735/494/1
f 680/493/1 737/501/1 736/11/1
f 680/493/1 738/502/1 737/501/1
f 680/493/1 739/13/1 738/502/1
f 680/493/1 740/503/1 739/13/1
f 680/493/1 741/504/1 740/503/1
f 680/493/1 742/15/1 741/504/1
f 680/493/1 743/505/1 742/15/1
f 680/493/1 744/506/1 743/505/1
f 680/493/1 745/17/1 744/506/1
f 680/493/1 746/507/1 745/17/1
f 680/493/1 747/508/1 746/507/1
f 680/493/1 748/19/1 747/508/1
f 680/493/1 749/509/1 748/19/1
f 680/493/1 750/510/1 749/509/1
f 680/493/1 751/21/1 750/510/1
f 680/493/1 752/511/1 751/21/1
f 680/493/1 753/512/1 752/511/1
f 680/493/1 754/23/1 753/512/1
f 680/493/1 755/513/1 754/23/1
f 680/493/1 756/514/1 755/513/1
f 680/493/1 757/25/1 756/514/1
f 680/493/1 758/515/1 757/25/1
f 680/493/1 759/516/1 758/515/1
f 680/493/1 760/27/1 759/516/1
f 680/493/1 761/517/1 760/27/1
f 680/493/1 762/518/1 761/517/1
f 680/493/1 763/30/1 762/518/1
f 679/35/1 763/30/1 680/493/1
f 679/35/1 764/519/1 763/30/1
f 679/35/1 765/520/1 764/519/1
f 679/35/1 766/32/1 765/520/1
f 679/35/1 767/521/1 766/32/1
f 679/35/1 768/522/1 767/521/1
f 679/35/1 769/34/1 768/522/1
f 678/523/1 769/34/1 679/35/1
f 678/523/1 770/524/1 769/34/1
f 678/523/1 771/525/1 770/524/1
f 678/523/1 772/36/1 771/525/1
f 678/523/1 773/526/1 772/36/1
f 677/527/1 773/526/1 678/523/1
f 677/527/1 774/528/1 773/526/1
f 677/527/1 775/38/1 774/528/1
f 677/527/1 776/529/1 775/38/1
f 676/37/1 776/529/1 677/527/1
f 676/37/1 777/530/1 776/529/1
f 676/37/1 778/40/1 777/530/1
f 675/531/1 778/40/1 676/37/1
f 675/531/1 779/532/1 778/40/1
f 675/531/1 780/533/1 779/532/1
f 674/534/1 780/533/1 675/531/1
f 674/534/1 781/42/1 780/533/1
f 674/534/1 782/535/1 781/42/1
f 673/39/1 782/535/1 674/534/1
f 673/39/1 783/536/1 782/535/1
f 673/39/1 784/44/1 783/536/1
f 672/537/1 784/44/1 673/39/1
f 672/537/1 785/538/1 784/44/1
f 671/539/1 785/538/1 672/537/1
f 671/539/1 786/540/1 785/538/1
f 670/41/1 786/540/1 671/539/1
f 670/41/1 787/46/1 786/540/1
f 669/541/1 787/46/1 670/41/1
f 669/541/1 788/542/1 787/46/1
f 668/543/1 788/542/1 669/541/1
f 668/543/1 789/544/1 788/542/1
f 667/43/1 789/544/1 668/543/1
f 667/43/1 790/48/1 789/544/1
f 666/545/1 790/48/1 667/43/1
f 665/546/1 790/48/1 666/545/1
f 665/546/1 791/547/1 790/48/1
f 664/45/1 791/547/1 665/546/1
f 664/45/1 792/548/1 791/547/1
f 663/549/1 792/548/1 664/45/1
f 662/550/1 792/548/1 663/549/1
f 662/550/1 793/50/1 792/548/1
f 661/47/1 793/50/1 662/550/1
f 660/551/1 793/50/1 661/47/1
f 659/552/1 793/50/1 660/551/1
f 659/552/1 654/553/1 793/50/1
f 654/553/1 653/554/1 793/50/1
f 653/554/1 652/53/1 793/50/1
f 652/53/1 651/555/1 793/50/1
f 651/555/1 794/556/1 793/50/1
f 658/49/1 654/553/1 659/552/1
f 657/557/1 654/553/1 658/49/1
f 656/558/1 654/553/1 657/557/1
f 655/51/1 654/553/1 656/558/1
f 650/559/1 794/556/1 651/555/1
f 649/55/2 794/556/2 650/559/2
f 648/560/1 794/556/1 649/55/1
f 647/2/1 794/556/1 648/560/1
f 646/57/1 794/556/1 647/2/1
f 645/561/1 794/556/1 646/57/1
f 644/562/1 794/556/1 645/561/1
f 643/58/1 794/556/1 644/562/1
f 642/563/1 794/556/1 643/58/1
f 641/564/1 794/556/1 642/563/1
f 640/59/1 794/556/1 641/564/1
f 639/565/1 794/556/1 640/59/1
f 638/566/1 794/556/1 639/565/1
f 637/61/1 794/556/1 638/566/1
f 636/567/1 794/556/1 637/61/1
f 635/568/1 794/556/1 636/567/1
f 634/63/1 794/556/1 635/568/1
f 633/569/1 794/556/1 634/63/1
f 632/570/1 794/556/1 633/569/1
f 631/65/1 794/556/1 632/570/1
f 630/571/1 794/556/1 631/65/1
f 629/572/1 794/556/1 630/571/1
f 628/67/1 794/556/1 629/572/1
f 627/573/1 794/556/1 628/67/1
f 626/574/1 794/556/1 627/573/1
f 625/69/1 794/556/1 626/574/1
f 624/575/1 794/556/1 625/69/1
f 623/576/1 794/556/1 624/575/1
f 622/71/1 794/556/1 623/576/1
f 621/577/1 794/556/1 622/71/1
f 620/578/1 794/556/1 621/577/1
f 619/73/1 794/556/1 620/578/1
f 618/579/1 794/556/1 619/73/1
f 617/580/1 794/556/1 618/579/1
f 616/75/1 794/556/1 617/580/1
f 615/581/1 794/556/1 616/75/1
f 614/582/1 794/556/1 615/581/1
f 613/77/1 794/556/1 614/582/1
f 612/583/1 794/556/1 613/77/1
f 611/584/1 794/556/1 612/583/1
f 610/79/1 794/556/1 611/584/1
f 609/585/1 794/556/1 610/79/1
f 608/586/1 794/556/1 609/585/1
f 607/81/1 794/556/1 608/586/1
f 605/587/1 607/81/1 606/588/1
f 605/587/1 794/556/1 607/81/1
f 604/82/1 794/556/1 605/587/1
f 603/589/1 794/556/1 604/82/1
f 602/590/1 794/556/1 603/589/1
f 601/80/1 794/556/1 602/590/1
f 600/591/1 794/556/1 601/80/1
f 599/592/1 794/556/1 600/591/1
f 598/78/1 794/556/1 599/592/1
f 598/78/1 795/593/1 794/556/1
f 597/594/1 795/593/1 598/78/1
f 596/595/1 795/593/1 597/594/1
f 595/76/1 795/593/1 596/595/1
f 595/76/1 796/52/1 795/593/1
f 594/596/1 796/52/1 595/76/1
f 593/597/1 796/52/1 594/596/1
f 593/597/1 797/598/1 796/52/1
f 593/597/1 798/599/1 797/598/1
f 593/597/1 799/54/1 798/599/1
f 593/597/1 800/600/1 799/54/1
f 593/597/1 801/601/1 800/600/1
f 593/597/1 802/56/1 801/601/1
f 593/597/1 803/602/1 802/56/1
f 593/597/1 804/603/1 803/602/1
f 593/597/1 805/1/1 804/603/1
f 593/597/1 568/3/1 805/1/1
f 593/597/1 569/604/1 568/3/1
f 593/597/1 570/605/1 569/604/1
f 592/74/1 570/605/1 593/597/1
f 592/74/1 571/60/1 570/605/1
f 591/606/1 571/60/1 592/74/1
f 591/606/1 572/607/1 571/60/1
f 590/608/1 572/607/1 591/606/1
f 589/72/1 572/607/1 590/608/1
f 589/72/1 573/609/1 572/607/1
f 588/610/1 573/609/1 589/72/1
f 588/610/1 574/62/1 573/609/1
f 587/611/1 574/62/1 588/610/1
f 587/611/1 575/612/1 574/62/1
f 586/70/1 575/612/1 587/611/1
f 586/70/1 576/613/1 575/612/1
f 585/614/1 576/613/1 586/70/1
f 585/614/1 577/64/1 576/613/1
f 584/615/1 577/64/1 585/614/1
f 584/615/1 578/616/1 577/64/1
f 583/68/1 578/616/1 584/615/1
f 583/68/1 579/617/1 578/616/1
f 582/618/1 579/617/1 583/68/1
f 582/618/1 580/66/1 579/617/1
f 581/619/1 580/66/1 582/618/1
f 809/1/4 806/3/4 807/2/4
f 809/1/4 807/2/4 808/4/4
f 813/1/4 810/3/4 811/2/4
f 813/1/4 811/2/4 812/4/4
f 817/1/4 814/3/4 815/2/4
f 817/1/4 815/2/4 816/4/4
f 821/1/4 818/3/4 819/2/4
f 821/1/4 819/2/4 820/4/4
f 825/1/4 822/3/4 823/2/4
f 825/1/4 823/2/4 824/4/4
f 877/5/4 878/7/4 879/6/4
f 877/5/4 879/6/4 880/8/4
f 877/5/4 880/8/4 881/9/4
f 876/10/4 877/5/4 881/9/4
f 876/10/4 881/9/4 882/11/4
f 875/12/4 876/10/4 882/11/4
f 875/12/4 882/11/4 883/13/4
f 874/14/4 875/12/4 883/13/4
f 874/14/4 883/13/4 884/15/4
f 873/16/4 874/14/4 884/15/4
f 873/16/4 884/15/4 885/17/4
f 872/18/4 873/16/4 885/17/4
f 872/18/4 885/17/4 886/19/4
f 871/20/4 872/18/4 886/19/4
f 871/20/4 886/19/4 887/21/4
f 870/22/4 871/20/4 887/21/4
f 870/22/4 887/21/4 888/23/4
f 869/24/4 870/22/4 888/23/4
f 869/24/4 888/23/4 889/25/4
f 868/26/4 869/24/4 889/25/4
f 868/26/4 889/25/4 890/27/4
f 867/28/4 868/26/4 890/27/4
f 866/29/4 867/28/4 890/27/4
f 866/29/4 890/27/4 891/30/4
f 865/31/4 866/29/4 891/30/4
f 865/31/4 891/30/4 892/32/4
f 864/33/4 865/31/4 892/32/4
f 864/33/4 892/32/4 893/34/4
f 863/35/4 864/33/4 893/34/4
f 863/35/4 893/34/4 894/36/4
f 862/37/4 863/35/4 894/36/4
f 862/37/4 894/36/4 895/38/4
f 861/39/4 862/37/4 895/38/4
f 861/39/4 895/38/4 896/40/4
f 860/41/4 861/39/4 896/40/4
f 860/41/4 896/40/4 897/42/4
f 859/43/4 860/41/4 897/42/4
f 859/43/4 897/42/4 898/44/4
f 858/45/4 859/43/4 898/44/4
f 858/45/4 898/44/4 899/46/4
f 857/47/4 858/45/4 899/46/4
f 857/47/4 899/46/4 900/48/4
f 856/49/4 857/47/4 900/48/4
f 856/49/4 900/48/4 901/50/4
f 855/51/4 856/49/4 901/50/4
f 855/51/4 901/50/4 902/52/4
f 854/53/4 855/51/4 902/52/4
f 854/53/4 902/52/4 903/54/4
f 853/55/4 854/53/4 903/54/4
f 853/55/4 903/54/4 904/56/4
f 852/57/1 853/55/1 904/56/1
f 851/58/4 852/57/4 905/1/4
f 905/1/1 852/57/1 904/56/1
f 851/58/4 905/1/4 826/3/4
f 850/59/4 851/58/4 826/3/4
f 850/59/4 826/3/4 827/60/4
f 849/61/4 850/59/4 827/60/4
f 849/61/4 827/60/4 828/62/4
f 848/63/4 849/61/4 828/62/4
f 848/63/4 828/62/4 829/64/4
f 847/65/4 848/63/4 829/64/4
f 847/65/4 829/64/4 830/66/4
f 846/67/4 847/65/4 830/66/4
f 846/67/4 830/66/4 831/68/4
f 845/69/4 846/67/4 831/68/4
f 845/69/4 831/68/4 832/70/4
f 844/71/4 845/69/4 832/70/4
f 844/71/4 832/70/4 833/72/4
f 843/73/4 844/71/4 833/72/4
f 843/73/4 833/72/4 834/74/4
f 842/75/4 843/73/4 834/74/4
f 842/75/4 834/74/4 835/76/4
f 841/77/4 842/75/4 835/76/4
f 841/77/4 835/76/4 836/78/4
f 840/79/4 841/77/4 836/78/4
f 840/79/4 836/78/4 837/80/4
f 839/81/4 840/79/4 837/80/4
f 839/81/4 837/80/4 838/82/4
f 943/83/4 944/85/4 945/84/4
f 943/83/4 945/84/4 946/86/4
f 943/83/4 946/86/4 947/87/4
f 942/88/4 943/83/4 947/87/4
f 942/88/4 947/87/4 948/89/4
f 941/90/4 942/88/4 948/89/4
f 941/90/4 948/89/4 949/91/4
f 940/92/4 941/90/4 949/91/4
f 940/92/4 949/91/4 950/93/4
f 940/92/4 950/93/4 951/94/4
f 939/95/4 940/92/4 951/94/4
f 939/95/4 951/94/4 952/96/4
f 938/97/4 939/95/4 952/96/4
f 938/97/4 952/96/4 953/98/4
f 937/99/4 938/97/4 953/98/4
f 937/99/4 953/98/4 954/100/4
f 937/99/4 954/100/4 955/101/4
f 936/102/4 937/99/4 955/101/4
f 936/102/4 955/101/4 956/103/4
f 935/104/4 936/102/4 956/103/4
f 935/104/4 956/103/4 957/105/4
f 934/106/4 935/104/4 957/105/4
f 934/106/4 957/105/4 958/107/4
f 934/106/4 958/107/4 959/108/4
f 933/109/4 934/106/4 959/108/4
f 933/109/4 959/108/4 960/110/4
f 932/111/4 933/109/4 960/110/4
f 932/111/4 960/110/4 961/112/4
f 931/113/4 932/111/4 1084/114/4
f 1084/114/4 932/111/4 961/112/4
f 1084/114/4 961/112/4 962/115/4
f 1084/114/4 962/115/4 963/116/4
f 1084/114/4 963/116/4 964/117/4
f 1084/114/4 964/117/4 965/118/4
f 1084/114/4 965/118/4 966/119/4
f 1084/114/4 966/119/4 967/120/4
f 1084/114/4 967/120/4 968/121/4
f 1084/114/4 968/121/4 969/122/4
f 1084/114/4 969/122/4 970/123/4
f 1084/114/4 970/123/4 971/124/4
f 1084/114/4 971/124/4 972/125/4
f 1084/114/4 972/125/4 973/126/4
f 1084/114/4 973/126/4 974/127/4
f 1084/114/4 974/127/4 975/128/4
f 1084/114/4 975/128/4 976/129/4
f 1084/114/4 976/129/4 977/130/4
f 1084/114/4 977/130/4 978/131/4
f 1084/114/4 978/131/4 979/132/4
f 1084/114/4 979/132/4 980/133/4
f 1084/114/4 980/133/4 981/134/4
f 1084/114/4 981/134/4 1083/135/4
f 1083/135/4 981/134/4 1134/1/4
f 1134/1/4 981/134/4 1133/136/4
f 1133/136/4 981/134/4 1132/137/4
f 1132/137/4 981/134/4 982/2/4
f 931/113/4 1084/114/4 1085/138/4
f 1131/139/4 1132/137/4 982/2/4
f 1130/140/4 1131/139/4 982/2/4
f 1129/141/4 1130/140/4 982/2/4
f 1128/142/4 1129/141/4 982/2/4
f 1127/143/4 1128/142/4 982/2/4
f 1126/144/4 1127/143/4 982/2/4
f 1125/145/4 1126/144/4 982/2/4
f 1124/146/4 1125/145/4 982/2/4
f 1123/147/4 1124/146/4 982/2/4
f 1122/148/4 1123/147/4 982/2/4
f 1121/149/4 1122/148/4 982/2/4
f 1120/150/4 1121/149/4 982/2/4
f 1119/151/4 1120/150/4 982/2/4
f 1118/152/4 1119/151/4 982/2/4
f 1117/153/4 1118/152/4 982/2/4
f 1116/154/4 1117/153/4 982/2/4
f 1115/155/4 1116/154/4 982/2/4
f 1115/155/4 982/2/4 983/156/4
f 1114/157/4 1115/155/4 983/156/4
f 1113/158/4 1114/157/4 983/156/4
f 1113/158/4 983/156/4 984/159/4
f 1112/160/4 1113/158/4 984/159/4
f 1111/161/4 1112/160/4 984/159/4
f 1111/161/4 984/159/4 985/162/4
f 1110/163/4 1111/161/4 985/162/4
f 1110/163/4 985/162/4 986/164/4
f 1110/163/4 986/164/4 987/165/4
f 1110/163/4 987/165/4 988/166/4
f 1110/163/4 988/166/4 989/167/4
f 1110/163/4 989/167/4 990/168/4
f 1109/169/4 1110/163/4 990/168/4
f 1109/169/4 990/168/4 991/170/4
f 1108/171/4 1109/169/4 991/170/4
f 1107/172/4 1108/171/4 991/170/4
f 1107/172/4 991/170/4 992/173/4
f 1106/174/4 1107/172/4 992/173/4
f 1105/175/4 1106/174/4 992/173/4
f 1105/175/4 992/173/4 993/176/4
f 1104/177/4 1105/175/4 993/176/4
f 1104/177/4 993/176/4 994/178/4
f 1103/179/4 1104/177/4 994/178/4
f 1102/180/4 1103/179/4 994/178/4
f 1102/180/4 994/178/4 995/181/4
f 1101/182/4 1102/180/4 995/181/4
f 1100/183/4 1101/182/4 995/181/4
f 1100/183/4 995/181/4 996/184/4
f 1099/185/4 1100/183/4 996/184/4
f 1098/186/4 1099/185/4 996/184/4
f 1098/186/4 996/184/4 997/187/4
f 1097/188/4 1098/186/4 997/187/4
f 1096/189/4 1097/188/4 997/187/4
f 1096/189/4 997/187/4 998/190/4
f 1095/191/4 1096/189/4 998/190/4
f 1094/192/4 1095/191/4 998/190/4
f 1094/192/4 998/190/4 999/193/4
f 1093/194/4 1094/192/4 999/193/4
f 1092/195/4 1093/194/4 999/193/4
f 1091/196/4 1092/195/4 999/193/4
f 1091/196/4 999/193/4 1000/197/4
f 1090/198/4 1091/196/4 1000/197/4
f 1089/199/4 1090/198/4 1000/197/4
f 1088/200/4 1089/199/4 1000/197/4
f 1087/201/4 1088/200/4 1000/197/4
f 1086/202/4 1087/201/4 1000/197/4
f 931/113/4 1085/138/4 1086/202/4
f 931/113/4 1086/202/4 1082/203/4
f 1082/203/4 1086/202/4 1000/197/4
f 1082/203/4 1000/197/4 1001/204/4
f 1082/203/4 1001/204/4 1002/205/4
f 1082/203/5 1002/205/5 1006/206/5
f 1006/206/4 1002/205/4 1003/207/4
f 1006/206/4 1003/207/4 1004/208/4
f 1006/206/4 1004/208/4 1005/209/4
f 1082/203/4 1006/206/4 1007/210/4
f 1082/203/4 1007/210/4 1008/211/4
f 1082/203/4 1008/211/4 1009/212/4
f 1082/203/4 1009/212/4 1010/213/4
f 1082/203/4 1010/213/4 1011/214/4
f 1082/203/4 1011/214/4 1012/215/4
f 1082/203/4 1012/215/4 1013/216/4
f 1082/203/4 1013/216/4 1014/217/4
f 1082/203/4 1014/217/4 1015/218/4
f 1082/203/4 1015/218/4 1016/219/4
f 1082/203/4 1016/219/4 1017/220/4
f 1082/203/4 1017/220/4 1018/221/4
f 1082/203/4 1018/221/4 1019/222/4
f 1082/203/4 1019/222/4 1020/223/4
f 1082/203/4 1020/223/4 1021/224/4
f 1082/203/4 1021/224/4 1022/225/4
f 1082/203/4 1022/225/4 1023/226/4
f 1082/203/4 1023/226/4 1024/227/4
f 1082/203/4 1024/227/4 1025/228/4
f 1082/203/4 1025/228/4 1026/229/4
f 1082/203/4 1026/229/4 1027/230/4
f 1082/203/4 1027/230/4 1028/231/4
f 1082/203/4 1028/231/4 1029/232/4
f 1082/203/4 1029/232/4 1030/233/4
f 1082/203/4 1030/233/4 1081/234/4
f 1081/234/4 1030/233/4 1080/235/4
f 1080/235/4 1030/233/4 1079/236/4
f 1079/236/4 1030/233/4 1078/237/4
f 1078/237/4 1030/233/4 1077/238/4
f 1077/238/4 1030/233/4 1076/239/4
f 1076/239/4 1030/233/4 1075/240/4
f 1075/240/4 1030/233/4 1074/241/4
f 1074/241/4 1030/233/4 1073/242/4
f 1073/242/4 1030/233/4 1072/243/4
f 1072/243/4 1030/233/4 1071/244/4
f 1071/244/4 1030/233/4 1031/245/4
f 931/113/4 1082/203/4 906/3/4
f 1070/246/4 1071/244/4 1031/245/4
f 1069/247/6 1070/246/6 1031/245/6
f 1068/248/4 1069/247/4 1031/245/4
f 1067/249/6 1068/248/6 1031/245/6
f 1066/250/4 1067/249/4 1031/245/4
f 1065/251/4 1066/250/4 1031/245/4
f 1064/252/4 1065/251/4 1031/245/4
f 1063/253/4 1064/252/4 1031/245/4
f 1062/254/4 1063/253/4 1031/245/4
f 1061/255/4 1062/254/4 1031/245/4
f 1060/256/4 1061/255/4 1031/245/4
f 1059/257/4 1060/256/4 1031/245/4
f 1058/4/4 1059/257/4 1031/245/4
f 1057/258/4 1058/4/4 1031/245/4
f 1056/259/4 1057/258/4 1031/245/4
f 930/260/4 931/113/4 906/3/4
f 930/260/4 906/3/4 907/261/4
f 1055/262/4 1056/259/4 1031/245/4
f 1055/262/4 1031/245/4 1032/263/4
f 929/264/4 930/260/4 907/261/4
f 1054/265/4 1055/262/4 1032/263/4
f 929/264/4 907/261/4 908/266/4
f 1054/265/4 1032/263/4 1033/267/4
f 928/268/4 929/264/4 908/266/4
f 1053/269/4 1054/265/4 1033/267/4
f 928/268/4 908/266/4 909/270/4
f 1053/269/4 1033/267/4 1034/271/4
f 927/272/4 928/268/4 909/270/4
f 1052/273/4 1053/269/4 1034/271/4
f 927/272/4 909/270/4 910/274/4
f 1052/273/4 1034/271/4 1035/275/4
f 926/276/4 927/272/4 910/274/4
f 1051/277/4 1052/273/4 1035/275/4
f 926/276/4 910/274/4 911/278/4
f 1051/277/4 1035/275/4 1036/279/4
f 925/280/4 926/276/4 911/278/4
f 1050/281/4 1051/277/4 1036/279/4
f 925/280/4 911/278/4 912/282/4
f 1050/281/4 1036/279/4 1037/283/4
f 924/284/4 925/280/4 912/282/4
f 1049/285/4 1050/281/4 1037/283/4
f 924/284/4 912/282/4 913/286/4
f 1049/285/4 1037/283/4 1038/287/4
f 923/288/4 924/284/4 913/286/4
f 1048/289/4 1049/285/4 1038/287/4
f 923/288/4 913/286/4 914/290/4
f 1048/289/4 1038/287/4 1039/291/4
f 922/292/4 923/288/4 914/290/4
f 1047/293/4 1048/289/4 1039/291/4
f 922/292/4 914/290/4 915/294/4
f 1047/293/4 1039/291/4 1040/295/4
f 921/296/4 922/292/4 915/294/4
f 1046/297/4 1047/293/4 1040/295/4
f 921/296/4 915/294/4 916/298/4
f 1046/297/4 1040/295/4 1041/299/4
f 920/300/4 921/296/4 916/298/4
f 1045/301/4 1046/297/4 1041/299/4
f 920/300/4 916/298/4 917/302/4
f 1045/301/4 1041/299/4 1042/303/4
f 919/304/4 920/300/4 917/302/4
f 1044/305/4 1045/301/4 1042/303/4
f 919/304/4 917/302/4 918/306/4
f 1044/305/4 1042/303/4 1043/307/4
f 1198/308/4 1199/310/4 1200/309/4
f 1198/308/4 1200/309/4 1201/311/4
f 1198/308/4 1201/311/4 1202/312/4
f 1197/313/4 1198/308/4 1202/312/4
f 1197/313/4 1202/312/4 1203/314/4
f 1196/315/4 1197/313/4 1203/314/4
f 1196/315/4 1203/314/4 1204/316/4
f 1195/317/4 1196/315/4 1204/316/4
f 1195/317/4 1204/316/4 1205/318/4
f 1194/319/4 1195/317/4 1205/318/4
f 1194/319/4 1205/318/4 1206/320/4
f 1193/321/4 1194/319/4 1206/320/4
f 1193/321/4 1206/320/4 1207/322/4
f 1192/323/4 1193/321/4 1207/322/4
f 1192/323/4 1207/322/4 1208/324/4
f 1191/325/4 1192/323/4 1208/324/4
f 1191/325/4 1208/324/4 1209/326/4
f 1190/327/4 1191/325/4 1209/326/4
f 1190/327/4 1209/326/4 1210/328/4
f 1189/329/4 1190/327/4 1210/328/4
f 1189/329/4 1210/328/4 1211/330/4
f 1188/331/4 1189/329/4 1211/330/4
f 1188/331/4 1211/330/4 1212/332/4
f 1187/333/4 1188/331/4 1212/332/4
f 1186/334/4 1187/333/4 1212/332/4
f 1186/334/4 1212/332/4 1267/335/4
f 1267/335/4 1212/332/4 1266/336/4
f 1266/336/4 1212/332/4 1265/337/4
f 1265/337/4 1212/332/4 1292/1/4
f 1292/1/4 1212/332/4 1291/338/4
f 1291/338/4 1212/332/4 1290/339/4
f 1290/339/4 1212/332/4 1213/340/4
f 1186/334/4 1267/335/4 1268/341/4
f 1289/342/4 1290/339/4 1213/340/4
f 1186/334/4 1268/341/4 1269/343/4
f 1288/344/4 1289/342/4 1213/340/4
f 1186/334/4 1269/343/4 1270/345/4
f 1287/346/4 1288/344/4 1213/340/4
f 1186/334/4 1270/345/4 1271/347/4
f 1286/348/4 1287/346/4 1213/340/4
f 1186/334/4 1271/347/4 1272/349/4
f 1285/350/4 1286/348/4 1213/340/4
f 1186/334/4 1272/349/4 1273/351/4
f 1284/352/4 1285/350/4 1213/340/4
f 1186/334/4 1273/351/4 1274/353/4
f 1283/354/4 1284/352/4 1213/340/4
f 1186/334/4 1274/353/4 1275/355/4
f 1282/356/4 1283/354/4 1213/340/4
f 1186/334/4 1275/355/4 1276/357/4
f 1281/358/4 1282/356/4 1213/340/4
f 1186/334/4 1276/357/4 1277/359/4
f 1280/360/4 1281/358/4 1213/340/4
f 1186/334/4 1277/359/4 1278/361/4
f 1279/362/4 1280/360/4 1213/340/4
f 1185/363/4 1186/334/4 1278/361/4
f 1279/362/4 1213/340/4 1214/364/4
f 1184/365/4 1185/363/4 1278/361/4
f 1279/362/4 1214/364/4 1215/366/4
f 1183/367/4 1184/365/4 1278/361/4
f 1279/362/4 1215/366/4 1216/368/4
f 1182/369/4 1183/367/4 1278/361/4
f 1279/362/4 1216/368/4 1217/370/4
f 1181/371/4 1182/369/4 1278/361/4
f 1279/362/4 1217/370/4 1218/372/4
f 1180/373/4 1181/371/4 1278/361/4
f 1279/362/4 1218/372/4 1219/374/4
f 1179/375/4 1180/373/4 1278/361/4
f 1279/362/4 1219/374/4 1220/376/4
f 1178/377/4 1179/375/4 1278/361/4
f 1279/362/4 1220/376/4 1221/378/4
f 1177/379/4 1178/377/4 1278/361/4
f 1279/362/4 1221/378/4 1222/380/4
f 1176/381/4 1177/379/4 1278/361/4
f 1279/362/4 1222/380/4 1223/382/4
f 1175/383/4 1176/381/4 1278/361/4
f 1279/362/4 1223/382/4 1224/384/4
f 1174/385/4 1175/383/4 1278/361/4
f 1279/362/4 1224/384/4 1225/386/4
f 1173/387/4 1174/385/4 1278/361/4
f 1279/362/4 1225/386/4 1226/388/4
f 1172/389/4 1173/387/4 1278/361/4
f 1279/362/4 1226/388/4 1227/390/4
f 1172/389/4 1278/361/4 1279/362/4
f 1172/389/4 1279/362/4 1227/390/4
f 1171/391/4 1172/389/4 1227/390/4
f 1171/391/4 1227/390/4 1228/392/4
f 1170/393/4 1171/391/4 1228/392/4
f 1170/393/4 1228/392/4 1229/394/4
f 1169/395/4 1170/393/4 1229/394/4
f 1169/395/4 1229/394/4 1230/396/4
f 1168/397/4 1169/395/4 1230/396/4
f 1168/397/4 1230/396/4 1231/398/4
f 1167/399/4 1168/397/4 1231/398/4
f 1167/399/4 1231/398/4 1232/400/4
f 1166/401/4 1167/399/4 1232/400/4
f 1166/401/4 1232/400/4 1233/402/4
f 1165/403/4 1166/401/4 1233/402/4
f 1165/403/4 1233/402/4 1234/404/4
f 1164/405/4 1165/403/4 1234/404/4
f 1164/405/4 1234/404/4 1235/406/4
f 1163/407/4 1164/405/4 1235/406/4
f 1163/407/4 1235/406/4 1236/408/4
f 1162/409/4 1163/407/4 1236/408/4
f 1162/409/4 1236/408/4 1237/410/4
f 1161/411/4 1162/409/4 1135/3/4
f 1135/3/4 1162/409/4 1237/410/4
f 1135/3/4 1237/410/4 1264/412/4
f 1264/412/4 1237/410/4 1238/413/4
f 1161/411/4 1135/3/4 1136/414/4
f 1263/415/4 1264/412/4 1238/413/4
f 1160/416/4 1161/411/4 1136/414/4
f 1160/416/4 1136/414/4 1137/417/4
f 1262/418/4 1263/415/4 1238/413/4
f 1262/418/4 1238/413/4 1239/419/4
f 1159/420/4 1160/416/4 1137/417/4
f 1261/421/4 1262/418/4 1239/419/4
f 1159/420/4 1137/417/4 1138/422/4
f 1261/421/4 1239/419/4 1240/423/4
f 1158/424/4 1159/420/4 1138/422/4
f 1260/425/4 1261/421/4 1240/423/4
f 1158/424/4 1138/422/4 1139/426/4
f 1260/425/4 1240/423/4 1241/427/4
f 1157/428/4 1158/424/4 1139/426/4
f 1259/429/4 1260/425/4 1241/427/4
f 1157/428/4 1139/426/4 1140/430/4
f 1259/429/4 1241/427/4 1242/431/4
f 1156/432/4 1157/428/4 1140/430/4
f 1258/433/4 1259/429/4 1242/431/4
f 1156/432/4 1140/430/4 1141/434/4
f 1258/433/4 1242/431/4 1243/435/4
f 1155/436/4 1156/432/4 1141/434/4
f 1257/437/4 1258/433/4 1243/435/4
f 1155/436/4 1141/434/4 1142/438/4
f 1257/437/4 1243/435/4 1244/439/4
f 1154/440/4 1155/436/4 1142/438/4
f 1256/441/4 1257/437/4 1244/439/4
f 1154/440/4 1142/438/4 1143/442/4
f 1256/441/4 1244/439/4 1245/443/4
f 1153/444/4 1154/440/4 1143/442/4
f 1255/445/4 1256/441/4 1245/443/4
f 1153/444/4 1143/442/4 1144/446/4
f 1255/445/4 1245/443/4 1246/447/4
f 1152/448/4 1153/444/4 1144/446/4
f 1254/449/4 1255/445/4 1246/447/4
f 1152/448/4 1144/446/4 1145/450/4
f 1254/449/4 1246/447/4 1247/451/4
f 1151/452/4 1152/448/4 1145/450/4
f 1253/453/4 1254/449/4 1247/451/4
f 1151/452/4 1145/450/4 1146/454/4
f 1253/453/4 1247/451/4 1248/455/4
f 1150/456/4 1151/452/4 1146/454/4
f 1252/457/4 1253/453/4 1248/455/4
f 1150/456/4 1146/454/4 1147/458/4
f 1252/457/4 1248/455/4 1249/459/4
f 1149/460/4 1150/456/4 1147/458/4
f 1251/461/4 1252/457/4 1249/459/4
f 1149/460/4 1147/458/4 1148/462/4
f 1251/461/4 1249/459/4 1250/463/4
f 1344/5/4 1345/7/4 1346/6/4
f 1344/5/4 1346/6/4 1347/8/4
f 1344/5/4 1347/8/4 1348/9/4
f 1343/10/4 1344/5/4 1348/9/4
f 1343/10/4 1348/9/4 1349/11/4
f 1342/12/4 1343/10/4 1349/11/4
f 1342/12/4 1349/11/4 1350/13/4
f 1341/14/4 1342/12/4 1350/13/4
f 1341/14/4 1350/13/4 1351/15/4
f 1340/16/4 1341/14/4 1351/15/4
f 1340/16/4 1351/15/4 1352/17/4
f 1339/18/4 1340/16/4 1352/17/4
f 1339/18/4 1352/17/4 1353/19/4
f 1338/20/4 1339/18/4 1353/19/4
f 1338/20/4 1353/19/4 1354/21/4
f 1337/22/4 1338/20/4 1354/21/4
f 1337/22/4 1354/21/4 1355/23/4
f 1336/24/4 1337/22/4 1355/23/4
f 1336/24/4 1355/23/4 1356/25/4
f 1335/26/4 1336/24/4 1356/25/4
f 1335/26/4 1356/25/4 1357/27/4
f 1334/28/4 1335/26/4 1357/27/4
f 1333/29/4 1334/28/4 1357/27/4
f 1333/29/4 1357/27/4 1358/30/4
f 1332/31/4 1333/29/4 1358/30/4
f 1332/31/4 1358/30/4 1359/32/4
f 1331/33/4 1332/31/4 1359/32/4
f 1331/33/4 1359/32/4 1360/34/4
f 1330/35/4 1331/33/4 1360/34/4
f 1330/35/4 1360/34/4 1361/36/4
f 1329/37/4 1330/35/4 1361/36/4
f 1329/37/4 1361/36/4 1362/38/4
f 1328/39/4 1329/37/4 1362/38/4
f 1328/39/4 1362/38/4 1363/40/4
f 1327/41/4 1328/39/4 1363/40/4
f 1327/41/4 1363/40/4 1364/42/4
f 1326/43/4 1327/41/4 1364/42/4
f 1326/43/4 1364/42/4 1365/44/4
f 1325/45/4 1326/43/4 1365/44/4
f 1325/45/4 1365/44/4 1366/46/4
f 1324/47/4 1325/45/4 1366/46/4
f 1324/47/4 1366/46/4 1367/48/4
f 1323/49/4 1324/47/4 1367/48/4
f 1323/49/4 1367/48/4 1368/50/4
f 1322/51/4 1323/49/4 1368/50/4
f 1322/51/4 1368/50/4 1369/52/4
f 1321/53/4 1322/51/4 1369/52/4
f 1321/53/4 1369/52/4 1370/54/4
f 1320/55/4 1321/53/4 1370/54/4
f 1320/55/4 1370/54/4 1371/56/4
f 1319/57/1 1320/55/1 1371/56/1
f 1318/58/4 1319/57/4 1372/1/4
f 1372/1/4 1319/57/4 1371/56/4
f 1318/58/4 1372/1/4 1293/3/4
f 1317/59/4 1318/58/4 1293/3/4
f 1317/59/4 1293/3/4 1294/60/4
f 1316/61/4 1317/59/4 1294/60/4
f 1316/61/4 1294/60/4 1295/62/4
f 1315/63/4 1316/61/4 1295/62/4
f 1315/63/4 1295/62/4 1296/64/4
f 1314/65/4 1315/63/4 1296/64/4
f 1314/65/4 1296/64/4 1297/66/4
f 1313/67/4 1314/65/4 1297/66/4
f 1313/67/4 1297/66/4 1298/68/4
f 1312/69/4 1313/67/4 1298/68/4
f 1312/69/4 1298/68/4 1299/70/4
f 1311/71/4 1312/69/4 1299/70/4
f 1311/71/4 1299/70/4 1300/72/4
f 1310/73/4 1311/71/4 1300/72/4
f 1310/73/4 1300/72/4 1301/74/4
f 1309/75/4 1310/73/4 1301/74/4
f 1309/75/4 1301/74/4 1302/76/4
f 1308/77/4 1309/75/4 1302/76/4
f 1308/77/4 1302/76/4 1303/78/4
f 1307/79/4 1308/77/4 1303/78/4
f 1307/79/4 1303/78/4 1304/80/4
f 1306/81/4 1307/79/4 1304/80/4
f 1306/81/4 1304/80/4 1305/82/4
f 1509/464/4 1510/465/4 1511/18/4
f 1509/464/4 1511/18/4 1512/466/4
f 1509/464/4 1512/466/4 1513/467/4
f 1508/20/4 1509/464/4 1513/467/4
f 1508/20/4 1513/467/4 1514/16/4
f 1507/468/4 1508/20/4 1514/16/4
f 1507/468/4 1514/16/4 1515/469/4
f 1506/470/4 1507/468/4 1515/469/4
f 1506/470/4 1515/469/4 1516/471/4
f 1505/22/4 1506/470/4 1516/471/4
f 1505/22/4 1516/471/4 1517/14/4
f 1504/472/4 1505/22/4 1517/14/4
f 1504/472/4 1517/14/4 1518/473/4
f 1503/474/4 1504/472/4 1518/473/4
f 1503/474/4 1518/473/4 1519/475/4
f 1502/24/4 1503/474/4 1519/475/4
f 1502/24/4 1519/475/4 1520/12/4
f 1501/476/4 1502/24/4 1520/12/4
f 1501/476/4 1520/12/4 1521/477/4
f 1501/476/4 1521/477/4 1522/478/4
f 1500/479/4 1501/476/4 1522/478/4
f 1500/479/4 1522/478/4 1523/10/4
f 1499/26/4 1500/479/4 1523/10/4
f 1499/26/4 1523/10/4 1524/480/4
f 1498/481/4 1499/26/4 1524/480/4
f 1497/482/4 1498/481/4 1524/480/4
f 1496/28/4 1497/482/4 1524/480/4
f 1495/483/4 1496/28/4 1524/480/4
f 1494/484/4 1495/483/4 1524/480/4
f 1493/29/4 1494/484/4 1524/480/4
f 1492/485/4 1493/29/4 1524/480/4
f 1491/486/4 1492/485/4 1524/480/4
f 1490/31/4 1491/486/4 1524/480/4
f 1489/487/4 1490/31/4 1524/480/4
f 1488/488/4 1489/487/4 1524/480/4
f 1487/33/4 1488/488/4 1524/480/4
f 1487/33/4 1524/480/4 1525/489/4
f 1487/33/4 1525/489/4 1526/5/4
f 1486/490/4 1487/33/4 1526/5/4
f 1486/490/4 1526/5/4 1527/491/4
f 1486/490/4 1527/491/4 1528/492/4
f 1486/490/4 1528/492/4 1529/7/4
f 1485/493/4 1486/490/4 1540/494/4
f 1540/494/4 1486/490/4 1539/495/4
f 1539/495/4 1486/490/4 1538/9/4
f 1538/9/4 1486/490/4 1537/496/4
f 1537/496/4 1486/490/4 1529/7/4
f 1537/496/4 1529/7/4 1530/497/4
f 1537/496/4 1530/497/4 1531/4/4
f 1537/496/4 1531/4/4 1532/6/4
f 1537/496/4 1532/6/4 1533/498/4
f 1537/496/4 1533/498/4 1534/499/4
f 1537/496/4 1534/499/4 1535/8/4
f 1537/496/4 1535/8/4 1536/500/4
f 1485/493/4 1540/494/4 1541/11/4
f 1485/493/4 1541/11/4 1542/501/4
f 1485/493/4 1542/501/4 1543/502/4
f 1485/493/4 1543/502/4 1544/13/4
f 1485/493/4 1544/13/4 1545/503/4
f 1485/493/4 1545/503/4 1546/504/4
f 1485/493/4 1546/504/4 1547/15/4
f 1485/493/4 1547/15/4 1548/505/4
f 1485/493/4 1548/505/4 1549/506/4
f 1485/493/4 1549/506/4 1550/17/4
f 1485/493/4 1550/17/4 1551/507/4
f 1485/493/4 1551/507/4 1552/508/4
f 1485/493/4 1552/508/4 1553/19/4
f 1485/493/4 1553/19/4 1554/509/4
f 1485/493/4 1554/509/4 1555/510/4
f 1485/493/4 1555/510/4 1556/21/4
f 1485/493/4 1556/21/4 1557/511/4
f 1485/493/4 1557/511/4 1558/512/4
f 1485/493/4 1558/512/4 1559/23/4
f 1485/493/4 1559/23/4 1560/513/4
f 1485/493/4 1560/513/4 1561/514/4
f 1485/493/4 1561/514/4 1562/25/4
f 1485/493/4 1562/25/4 1563/515/4
f 1485/493/4 1563/515/4 1564/516/4
f 1485/493/4 1564/516/4 1565/27/4
f 1485/493/4 1565/27/4 1566/517/4
f 1485/493/4 1566/517/4 1567/518/4
f 1485/493/4 1567/518/4 1568/30/4
f 1484/35/4 1485/493/4 1568/30/4
f 1484/35/4 1568/30/4 1569/519/4
f 1484/35/4 1569/519/4 1570/520/4
f 1484/35/4 1570/520/4 1571/32/4
f 1484/35/4 1571/32/4 1572/521/4
f 1484/35/4 1572/521/4 1573/522/4
f 1484/35/4 1573/522/4 1574/34/4
f 1483/523/4 1484/35/4 1574/34/4
f 1483/523/4 1574/34/4 1575/524/4
f 1483/523/4 1575/524/4 1576/525/4
f 1483/523/4 1576/525/4 1577/36/4
f 1483/523/4 1577/36/4 1578/526/4
f 1482/527/4 1483/523/4 1578/526/4
f 1482/527/4 1578/526/4 1579/528/4
f 1482/527/4 1579/528/4 1580/38/4
f 1482/527/4 1580/38/4 1581/529/4
f 1481/37/4 1482/527/4 1581/529/4
f 1481/37/4 1581/529/4 1582/530/4
f 1481/37/4 1582/530/4 1583/40/4
f 1480/531/4 1481/37/4 1583/40/4
f 1480/531/4 1583/40/4 1584/532/4
f 1480/531/4 1584/532/4 1585/533/4
f 1479/534/4 1480/531/4 1585/533/4
f 1479/534/4 1585/533/4 1586/42/4
f 1479/534/4 1586/42/4 1587/535/4
f 1478/39/4 1479/534/4 1587/535/4
f 1478/39/4 1587/535/4 1588/536/4
f 1478/39/4 1588/536/4 1589/44/4
f 1477/537/4 1478/39/4 1589/44/4
f 1477/537/4 1589/44/4 1590/538/4
f 1476/539/4 1477/537/4 1590/538/4
f 1476/539/4 1590/538/4 1591/540/4
f 1475/41/4 1476/539/4 1591/540/4
f 1475/41/4 1591/540/4 1592/46/4
f 1474/541/4 1475/41/4 1592/46/4
f 1474/541/4 1592/46/4 1593/542/4
f 1473/543/4 1474/541/4 1593/542/4
f 1473/543/4 1593/542/4 1594/544/4
f 1472/43/4 1473/543/4 1594/544/4
f 1472/43/4 1594/544/4 1595/48/4
f 1471/545/4 1472/43/4 1595/48/4
f 1470/546/4 1471/545/4 1595/48/4
f 1470/546/4 1595/48/4 1596/547/4
f 1469/45/4 1470/546/4 1596/547/4
f 1469/45/4 1596/547/4 1597/548/4
f 1468/549/4 1469/45/4 1597/548/4
f 1467/550/4 1468/549/4 1597/548/4
f 1467/550/4 1597/548/4 1598/50/4
f 1466/47/4 1467/550/4 1598/50/4
f 1465/551/4 1466/47/4 1598/50/4
f 1464/552/4 1465/551/4 1598/50/4
f 1464/552/4 1598/50/4 1459/553/4
f 1459/553/4 1598/50/4 1458/554/4
f 1458/554/4 1598/50/4 1457/53/4
f 1457/53/4 1598/50/4 1456/555/4
f 1456/555/4 1598/50/4 1599/556/4
f 1463/49/4 1464/552/4 1459/553/4
f 1462/557/4 1463/49/4 1459/553/4
f 1461/558/4 1462/557/4 1459/553/4
f 1460/51/4 1461/558/4 1459/553/4
f 1455/559/4 1456/555/4 1599/556/4
f 1454/55/5 1455/559/5 1599/556/5
f 1453/560/4 1454/55/4 1599/556/4
f 1452/2/4 1453/560/4 1599/556/4
f 1451/57/4 1452/2/4 1599/556/4
f 1450/561/4 1451/57/4 1599/556/4
f 1449/562/4 1450/561/4 1599/556/4
f 1448/58/4 1449/562/4 1599/556/4
f 1447/563/4 1448/58/4 1599/556/4
f 1446/564/4 1447/563/4 1599/556/4
f 1445/59/4 1446/564/4 1599/556/4
f 1444/565/4 1445/59/4 1599/556/4
f 1443/566/4 1444/565/4 1599/556/4
f 1442/61/4 1443/566/4 1599/556/4
f 1441/567/4 1442/61/4 1599/556/4
f 1440/568/4 1441/567/4 1599/556/4
f 1439/63/4 1440/568/4 1599/556/4
f 1438/569/4 1439/63/4 1599/556/4
f 1437/570/4 1438/569/4 1599/556/4
f 1436/65/4 1437/570/4 1599/556/4
f 1435/571/4 1436/65/4 1599/556/4
f 1434/572/4 1435/571/4 1599/556/4
f 1433/67/4 1434/572/4 1599/556/4
f 1432/573/4 1433/67/4 1599/556/4
f 1431/574/4 1432/573/4 1599/556/4
f 1430/69/4 1431/574/4 1599/556/4
f 1429/575/4 1430/69/4 1599/556/4
f 1428/576/4 1429/575/4 1599/556/4
f 1427/71/4 1428/576/4 1599/556/4
f 1426/577/4 1427/71/4 1599/556/4
f 1425/578/4 1426/577/4 1599/556/4
f 1424/73/4 1425/578/4 1599/556/4
f 1423/579/4 1424/73/4 1599/556/4
f 1422/580/4 1423/579/4 1599/556/4
f 1421/75/4 1422/580/4 1599/556/4
f 1420/581/4 1421/75/4 1599/556/4
f 1419/582/4 1420/581/4 1599/556/4
f 1418/77/4 1419/582/4 1599/556/4
f 1417/583/4 1418/77/4 1599/556/4
f 1416/584/4 1417/583/4 1599/556/4
f 1415/79/4 1416/584/4 1599/556/4
f 1414/585/4 1415/79/4 1599/556/4
f 1413/586/4 1414/585/4 1599/556/4
f 1412/81/4 1413/586/4 1599/556/4
f 1410/587/4 1411/588/4 1412/81/4
f 1410/587/4 1412/81/4 1599/556/4
f 1409/82/4 1410/587/4 1599/556/4
f 1408/589/4 1409/82/4 1599/556/4
f 1407/590/4 1408/589/4 1599/556/4
f 1406/80/4 1407/590/4 1599/556/4
f 1405/591/4 1406/80/4 1599/556/4
f 1404/592/4 1405/591/4 1599/556/4
f 1403/78/4 1404/592/4 1599/556/4
f 1403/78/4 1599/556/4 1600/593/4
f 1402/594/4 1403/78/4 1600/593/4
f 1401/595/4 1402/594/4 1600/593/4
f 1400/76/4 1401/595/4 1600/593/4
f 1400/76/4 1600/593/4 1601/52/4
f 1399/596/4 1400/76/4 1601/52/4
f 1398/597/4 1399/596/4 1601/52/4
f 1398/597/4 1601/52/4 1602/598/4
f 1398/597/4 1602/598/4 1603/599/4
f 1398/597/4 1603/599/4 1604/54/4
f 1398/597/4 1604/54/4 1605/600/4
f 1398/597/4 1605/600/4 1606/601/4
f 1398/597/4 1606/601/4 1607/56/4
f 1398/597/4 1607/56/4 1608/602/4
f 1398/597/4 1608/602/4 1609/603/4
f 1398/597/4 1609/603/4 1610/1/4
f 1398/597/4 1610/1/4 1373/3/4
f 1398/597/4 1373/3/4 1374/604/4
f 1398/597/4 1374/604/4 1375/605/4
f 1397/74/4 1398/597/4 1375/605/4
f 1397/74/4 1375/605/4 1376/60/4
f 1396/606/4 1397/74/4 1376/60/4
f 1396/606/4 1376/60/4 1377/607/4
f 1395/608/4 1396/606/4 1377/607/4
f 1394/72/4 1395/608/4 1377/607/4
f 1394/72/4 1377/607/4 1378/609/4
f 1393/610/4 1394/72/4 1378/609/4
f 1393/610/4 1378/609/4 1379/62/4
f 1392/611/4 1393/610/4 1379/62/4
f 1392/611/4 1379/62/4 1380/612/4
f 1391/70/4 1392/611/4 1380/612/4
f 1391/70/4 1380/612/4 1381/613/4
f 1390/614/4 1391/70/4 1381/613/4
f 1390/614/4 1381/613/4 1382/64/4
f 1389/615/4 1390/614/4 1382/64/4
f 1389/615/4 1382/64/4 1383/616/4
f 1388/68/4 1389/615/4 1383/616/4
f 1388/68/4 1383/616/4 1384/617/4
f 1387/618/4 1388/68/4 1384/617/4
f 1387/618/4 1384/617/4 1385/66/4
f 1386/619/4 1387/618/4 1385/66/4
s 1
f 1612/620/7 1614/621/8 1613/622/8 1611/3/7
f 1614/621/8 1616/623/9 1615/624/9 1613/622/8
f 1616/623/9 1618/625/10 1617/626/10 1615/624/9
f 1618/625/10 1620/627/11 1619/628/11 1617/626/10
f 1620/627/11 1622/629/12 1621/630/12 1619/628/11
f 1622/629/12 1624/631/13 1623/632/13 1621/630/12
f 1624/631/13 1626/633/14 1625/634/14 1623/632/13
f 1626/633/14 1628/635/15 1627/636/15 1625/634/14
f 1628/635/15 1630/637/16 1629/638/16 1627/636/15
f 1630/637/16 1632/639/17 1631/640/17 1629/638/16
f 1632/639/17 1634/641/18 1633/642/18 1631/640/17
f 1634/641/18 1636/643/19 1635/644/19 1633/642/18
f 1636/643/19 1638/645/20 1637/646/20 1635/644/19
f 1638/645/20 1640/647/21 1639/648/21 1637/646/20
f 1640/647/21 1642/649/22 1641/650/22 1639/648/21
f 1642/649/22 1644/651/23 1643/652/23 1641/650/22
f 1644/651/23 1646/653/24 1645/654/24 1643/652/23
f 1646/653/24 1648/655/25 1647/656/25 1645/654/24
f 1648/655/25 1650/657/26 1649/658/26 1647/656/25
f 1650/657/26 1652/659/27 1651/660/27 1649/658/26
f 1652/659/27 1654/661/28 1653/662/28 1651/660/27
f 1654/661/28 1656/663/29 1655/664/29 1653/662/28
f 1656/663/29 1658/665/30 1657/666/30 1655/664/29
f 1658/665/30 1660/667/31 1659/668/31 1657/666/30
f 1660/667/31 1662/669/32 1661/670/32 1659/668/31
f 1662/669/32 1664/671/33 1663/672/33 1661/670/32
f 1664/671/33 1666/673/34 1665/674/34 1663/672/33
f 1666/673/34 1668/675/35 1667/676/35 1665/674/34
f 1668/675/35 1670/677/36 1669/678/36 1667/676/35
f 1670/677/36 1672/679/37 1671/680/37 1669/678/36
f 1672/679/37 1674/681/38 1673/682/38 1671/680/37
f 1674/681/38 1676/683/39 1675/684/39 1673/682/38
f 1676/683/39 1678/685/40 1677/686/40 1675/684/39
f 1678/685/40 1680/687/41 1679/688/41 1677/686/40
f 1680/687/41 1682/689/42 1681/690/42 1679/688/41
f 1682/689/42 1684/691/43 1683/692/43 1681/690/42
f 1684/691/43 1686/693/44 1685/694/44 1683/692/43
f 1686/693/44 1688/695/45 1687/696/45 1685/694/44
f 1688/695/45 1690/697/46 1689/698/46 1687/696/45
f 1690/697/46 1692/699/47 1691/700/47 1689/698/46
f 1692/699/47 1694/701/48 1693/702/48 1691/700/47
f 1694/701/48 1696/703/49 1695/704/49 1693/702/48
f 1696/703/49 1698/705/50 1697/706/50 1695/704/49
f 1698/705/50 1700/707/51 1699/708/51 1697/706/50
f 1700/707/51 1702/709/52 1701/710/52 1699/708/51
f 1702/709/52 1704/711/53 1703/712/53 1701/710/52
f 1704/711/53 1706/713/54 1705/714/54 1703/712/53
f 1706/713/54 1708/715/55 1707/716/55 1705/714/54
f 1708/715/55 1710/717/56 1709/718/56 1707/716/55
f 1710/717/56 1712/719/57 1711/720/57 1709/718/56
f 1712/719/57 1714/721/58 1713/722/58 1711/720/57
f 1714/721/58 1716/723/59 1715/724/59 1713/722/58
f 1716/723/59 1718/725/60 1717/726/60 1715/724/59
f 1718/725/60 1720/727/61 1719/728/61 1717/726/60
f 1720/727/61 1722/729/62 1721/730/62 1719/728/61
f 1722/729/62 1724/731/63 1723/732/63 1721/730/62
f 1724/731/63 1726/733/64 1725/734/64 1723/732/63
f 1726/733/64 1728/735/65 1727/736/65 1725/734/64
f 1728/735/65 1730/737/66 1729/738/66 1727/736/65
f 1730/737/66 1732/739/67 1731/740/67 1729/738/66
f 1732/739/67 1734/741/68 1733/742/68 1731/740/67
f 1734/741/68 1736/743/69 1735/744/69 1733/742/68
f 1736/743/69 1738/745/70 1737/746/70 1735/744/69
f 1738/745/70 1740/747/71 1739/748/71 1737/746/70
f 1740/747/71 1742/749/72 1741/750/72 1739/748/71
f 1742/749/72 1744/751/73 1743/752/73 1741/750/72
f 1744/751/73 1746/753/74 1745/754/74 1743/752/73
f 1746/753/74 1748/755/75 1747/756/75 1745/754/74
f 1748/755/75 1750/757/76 1749/758/76 1747/756/75
f 1750/757/76 1752/759/77 1751/760/77 1749/758/76
f 1752/759/77 1754/761/78 1753/762/78 1751/760/77
f 1754/761/78 1756/763/79 1755/764/79 1753/762/78
f 1756/763/79 1758/765/80 1757/766/80 1755/764/79
f 1758/765/80 1760/767/81 1759/768/81 1757/766/80
f 1760/767/81 1762/769/82 1761/770/82 1759/768/81
f 1762/769/82 1764/771/83 1763/772/83 1761/770/82
f 1764/771/83 1766/773/84 1765/774/84 1763/772/83
f 1766/773/84 1768/775/85 1767/776/85 1765/774/84
f 1768/775/85 1770/777/86 1769/778/86 1767/776/85
f 1770/777/86 1772/779/87 1771/780/87 1769/778/86
f 1772/779/87 1774/781/88 1773/782/88 1771/780/87
f 1774/781/88 1776/783/89 1775/784/89 1773/782/88
f 1776/783/89 1778/785/90 1777/786/90 1775/784/89
f 1778/785/90 1780/787/91 1779/788/91 1777/786/90
f 1780/787/91 1782/789/92 1781/790/92 1779/788/91
f 1782/789/92 1784/791/93 1783/792/93 1781/790/92
f 1784/791/93 1786/793/94 1785/794/94 1783/792/93
f 1786/793/94 1788/795/95 1787/796/95 1785/794/94
f 1788/795/95 1790/797/96 1789/798/96 1787/796/95
f 1790/797/96 1792/799/97 1791/800/97 1789/798/96
f 1792/799/97 1794/801/98 1793/802/98 1791/800/97
f 1794/801/98 1796/803/99 1795/804/99 1793/802/98
f 1796/803/99 1798/805/100 1797/806/100 1795/804/99
f 1798/805/100 1800/807/101 1799/808/101 1797/806/100
f 1800/807/101 1802/809/102 1801/810/102 1799/808/101
f 1802/809/102 1804/811/103 1803/812/103 1801/810/102
f 1804/811/103 1806/813/104 1805/814/104 1803/812/103
f 1806/813/104 1808/815/105 1807/816/105 1805/814/104
f 1808/815/105 1810/817/106 1809/818/106 1807/816/105
f 1810/817/106 1812/819/107 1811/820/107 1809/818/106
f 1812/819/107 1814/821/108 1813/822/108 1811/820/107
f 1814/821/108 1816/823/109 1815/824/109 1813/822/108
f 1816/823/109 1818/825/110 1817/826/110 1815/824/109
f 1818/825/110 1820/827/111 1819/828/111 1817/826/110
f 1820/827/111 1822/829/112 1821/830/112 1819/828/111
f 1822/829/112 1824/831/113 1823/832/113 1821/830/112
f 1824/831/113 1826/833/114 1825/834/114 1823/832/113
f 1826/833/114 1828/835/115 1827/836/115 1825/834/114
f 1828/835/115 1830/837/116 1829/838/116 1827/836/115
f 1830/837/116 1832/839/117 1831/840/117 1829/838/116
f 1832/839/117 1834/841/118 1833/842/118 1831/840/117
f 1834/841/118 1836/843/119 1835/844/119 1833/842/118
f 1836/843/119 1838/845/120 1837/846/120 1835/844/119
f 1838/845/120 1840/847/121 1839/848/121 1837/846/120
f 1840/847/121 1842/849/122 1841/850/122 1839/848/121
f 1842/849/122 1844/851/123 1843/852/123 1841/850/122
f 1844/851/123 1846/853/124 1845/854/124 1843/852/123
f 1846/853/124 1848/855/125 1847/856/125 1845/854/124
f 1848/855/125 1850/857/126 1849/223/126 1847/856/125
f 1850/857/126 1852/858/127 1851/859/127 1849/223/126
f 1852/858/127 1854/860/128 1853/861/128 1851/859/127
f 1854/860/128 1856/862/129 1855/863/129 1853/861/128
f 1856/862/129 1858/864/130 1857/865/130 1855/863/129
f 1858/864/130 1860/866/131 1859/867/131 1857/865/130
f 1860/866/131 1862/868/132 1861/869/132 1859/867/131
f 1862/868/132 1864/870/133 1863/871/133 1861/869/132
f 1864/870/133 1866/872/134 1865/873/134 1863/871/133
f 1866/872/134 1868/874/135 1867/875/135 1865/873/134
f 1868/874/135 1870/876/136 1869/877/136 1867/875/135
f 1870/876/136 1872/878/137 1871/879/137 1869/877/136
f 1872/878/137 1874/880/138 1873/881/138 1871/879/137
f 1874/880/138 1876/882/139 1875/883/139 1873/881/138
f 1876/882/139 1878/884/140 1877/885/140 1875/883/139
f 1878/884/140 1880/886/141 1879/887/141 1877/885/140
f 1880/886/141 1882/888/142 1881/889/142 1879/887/141
f 1882/888/142 1884/890/143 1883/891/143 1881/889/142
f 1884/890/143 1886/892/144 1885/893/144 1883/891/143
f 1886/892/144 1888/894/145 1887/895/145 1885/893/144
f 1888/894/145 1890/896/146 1889/897/146 1887/895/145
f 1890/896/146 1892/898/147 1891/899/147 1889/897/146
f 1892/898/147 1894/900/148 1893/901/148 1891/899/147
f 1894/900/148 1896/902/149 1895/903/149 1893/901/148
f 1896/902/149 1898/904/150 1897/905/150 1895/903/149
f 1898/904/150 1900/906/151 1899/907/151 1897/905/150
f 1900/906/151 1902/908/152 1901/909/152 1899/907/151
f 1902/908/152 1904/910/153 1903/911/153 1901/909/152
f 1904/910/153 1906/912/154 1905/913/154 1903/911/153
f 1906/912/154 1908/914/155 1907/915/155 1905/913/154
f 1908/914/155 1910/916/156 1909/917/156 1907/915/155
f 1910/916/156 1912/918/157 1911/919/157 1909/917/156
f 1912/918/157 1914/920/158 1913/921/158 1911/919/157
f 1914/920/158 1916/922/159 1915/923/159 1913/921/158
f 1916/922/159 1918/924/160 1917/925/160 1915/923/159
f 1918/924/160 1920/926/161 1919/927/161 1917/925/160
f 1920/926/161 1922/928/162 1921/929/162 1919/927/161
f 1922/928/162 1924/930/163 1923/931/163 1921/929/162
f 1924/930/163 1926/932/164 1925/933/164 1923/931/163
f 1926/932/164 1928/934/165 1927/935/165 1925/933/164
f 1928/934/165 1930/936/166 1929/937/166 1927/935/165
f 1930/936/166 1932/938/167 1931/939/167 1929/937/166
f 1932/938/167 1934/940/168 1933/941/168 1931/939/167
f 1934/940/168 1936/942/169 1935/943/169 1933/941/168
f 1936/942/169 1938/944/170 1937/945/170 1935/943/169
f 1938/944/170 1940/946/171 1939/947/171 1937/945/170
f 1940/946/171 1942/948/172 1941/949/172 1939/947/171
f 1942/948/172 1944/950/173 1943/951/173 1941/949/172
f 1944/950/173 1946/952/174 1945/953/174 1943/951/173
f 1946/952/174 1948/954/175 1947/955/175 1945/953/174
f 1948/954/175 1950/956/176 1949/957/176 1947/955/175
f 1950/956/176 1952/958/177 1951/959/177 1949/957/176
f 1952/958/177 1954/960/178 1953/961/178 1951/959/177
f 1954/960/178 1956/962/179 1955/963/179 1953/961/178
f 1956/962/179 1958/964/180 1957/965/180 1955/963/179
f 1958/964/180 1960/966/181 1959/967/181 1957/965/180
f 1960/966/181 1962/968/182 1961/969/182 1959/967/181
f 1962/968/182 1964/970/183 1963/971/183 1961/969/182
f 1964/970/183 1966/972/184 1965/973/184 1963/971/183
f 1966/972/184 1968/974/185 1967/975/185 1965/973/184
f 1968/974/185 1970/976/186 1969/977/186 1967/975/185
f 1970/976/186 1972/978/187 1971/979/187 1969/977/186
f 1972/978/187 1974/980/188 1973/981/188 1971/979/187
f 1974/980/188 1976/982/189 1975/983/189 1973/981/188
f 1976/982/189 1978/984/190 1977/985/190 1975/983/189
f 1978/984/190 1980/986/191 1979/987/191 1977/985/190
f 1980/986/191 1982/988/192 1981/989/192 1979/987/191
f 1982/988/192 1984/990/193 1983/991/193 1981/989/192
f 1984/990/193 1986/992/194 1985/993/194 1983/991/193
f 1986/992/194 1988/994/195 1987/995/195 1985/993/194
f 1988/994/195 1990/996/196 1989/997/196 1987/995/195
f 1990/996/196 1992/998/197 1991/999/197 1989/997/196
f 1992/998/197 1994/1000/198 1993/1001/198 1991/999/197
f 1994/1000/198 1996/1002/199 1995/1003/199 1993/1001/198
f 1996/1002/199 1998/1004/200 1997/1005/200 1995/1003/199
f 1998/1004/200 2000/1006/201 1999/1007/201 1997/1005/200
f 2000/1006/201 2002/1008/202 2001/1009/202 1999/1007/201
f 2002/1008/202 2004/1010/203 2003/1011/203 2001/1009/202
f 2004/1010/203 2006/1012/204 2005/1013/204 2003/1011/203
f 2006/1012/204 2008/1014/205 2007/1015/205 2005/1013/204
f 2008/1014/205 2010/1016/206 2009/1017/206 2007/1015/205
f 2010/1016/206 2012/1018/207 2011/1019/207 2009/1017/206
f 2012/1018/207 2014/1020/208 2013/1021/208 2011/1019/207
f 2014/1020/208 2016/1022/209 2015/1023/209 2013/1021/208
f 2016/1022/209 2018/1024/210 2017/1025/210 2015/1023/209
f 2018/1024/210 2020/1026/211 2019/1027/211 2017/1025/210
f 2020/1026/211 2022/1028/212 2021/1029/212 2019/1027/211
f 2022/1028/212 2024/1030/213 2023/1031/213 2021/1029/212
f 2024/1030/213 2026/1032/214 2025/1033/214 2023/1031/213
f 2026/1032/214 2028/1034/215 2027/1035/215 2025/1033/214
f 2028/1034/215 2030/1036/216 2029/1037/216 2027/1035/215
f 2030/1036/216 2032/1038/217 2031/1039/217 2029/1037/216
f 2032/1038/217 2034/1040/218 2033/1041/218 2031/1039/217
f 2034/1040/218 2036/1042/219 2035/1043/219 2033/1041/218
f 2036/1042/219 2038/1044/220 2037/1045/220 2035/1043/219
f 2038/1044/220 2040/1046/221 2039/1047/221 2037/1045/220
f 2040/1046/221 2042/1048/222 2041/1049/222 2039/1047/221
f 2042/1048/222 2044/1050/223 2043/1051/223 2041/1049/222
f 2044/1050/223 2046/1052/224 2045/1053/224 2043/1051/223
f 2046/1052/224 2048/1054/225 2047/1055/225 2045/1053/224
f 2048/1054/225 2050/1056/226 2049/1057/226 2047/1055/225
f 2050/1056/226 2052/1058/227 2051/1059/227 2049/1057/226
f 2052/1058/227 2054/1060/228 2053/1061/228 2051/1059/227
f 2054/1060/228 2056/1062/229 2055/1063/229 2053/1061/228
f 2056/1062/229 2058/1064/230 2057/1065/230 2055/1063/229
f 2058/1064/230 2060/1066/231 2059/1067/231 2057/1065/230
f 2060/1066/231 2062/1068/232 2061/1069/232 2059/1067/231
f 2062/1068/232 2064/1070/233 2063/1071/233 2061/1069/232
f 2064/1070/233 2066/1072/234 2065/1073/234 2063/1071/233
f 2066/1072/234 2068/1074/235 2067/1075/235 2065/1073/234
f 2068/1074/235 2070/1076/236 2069/1077/236 2067/1075/235
f 2070/1076/236 2072/1078/237 2071/1079/237 2069/1077/236
f 2072/1078/237 2074/1080/238 2073/1081/238 2071/1079/237
f 2074/1080/238 2076/1082/239 2075/1083/239 2073/1081/238
f 2076/1082/239 2078/1084/240 2077/1085/240 2075/1083/239
f 2078/1084/240 2080/1086/241 2079/1087/241 2077/1085/240
f 2080/1086/241 2082/1088/242 2081/1089/242 2079/1087/241
f 2082/1088/242 2084/1090/243 2083/1091/243 2081/1089/242
f 2084/1090/243 2086/1092/244 2085/1093/244 2083/1091/243
f 2086/1092/244 1612/1094/7 1611/1/7 2085/1093/244
s 0
f 2088/620/245 2090/1095/245 2089/116/245 2087/3/245
f 2090/1095/246 2092/857/246 2091/223/246 2089/116/246
f 2092/857/247 2094/1096/247 2093/238/247 2091/223/247
f 2094/1096/248 2088/1094/248 2087/1/248 2093/238/248
s 1
f 2096/620/158 2098/1097/159 2097/1098/159 2095/3/158
f 2098/1097/159 2100/1099/160 2099/1100/160 2097/1098/159
f 2100/1099/160 2102/1101/161 2101/1102/161 2099/1100/160
f 2102/1101/161 2104/1103/162 2103/1104/162 2101/1102/161
f 2104/1103/162 2106/1105/163 2105/1106/163 2103/1104/162
f 2106/1105/163 2108/1107/164 2107/1108/164 2105/1106/163
f 2108/1107/164 2110/1109/165 2109/1110/165 2107/1108/164
f 2110/1109/165 2112/1111/166 2111/1112/166 2109/1110/165
f 2112/1111/166 2114/1113/167 2113/1114/167 2111/1112/166
f 2114/1113/167 2116/1115/168 2115/1116/168 2113/1114/167
f 2116/1115/168 2118/1117/169 2117/1118/169 2115/1116/168
f 2118/1117/169 2120/1119/170 2119/1120/170 2117/1118/169
f 2120/1119/170 2122/1121/20 2121/1122/20 2119/1120/170
f 2122/1121/20 2124/1123/21 2123/1124/21 2121/1122/20
f 2124/1123/21 2126/1125/22 2125/1126/22 2123/1124/21
f 2126/1125/22 2128/1127/23 2127/1128/23 2125/1126/22
f 2128/1127/23 2130/1129/24 2129/1130/24 2127/1128/23
f 2130/1129/24 2132/1131/25 2131/1132/25 2129/1130/24
f 2132/1131/25 2134/1133/26 2133/1134/26 2131/1132/25
f 2134/1133/26 2136/1095/27 2135/116/27 2133/1134/26
f 2136/1095/27 2138/1135/28 2137/1136/28 2135/116/27
f 2138/1135/28 2140/1137/29 2139/1138/29 2137/1136/28
f 2140/1137/29 2142/1139/30 2141/1140/30 2139/1138/29
f 2142/1139/30 2144/1141/31 2143/1142/31 2141/1140/30
f 2144/1141/31 2146/1143/32 2145/1144/32 2143/1142/31
f 2146/1143/32 2148/1145/26 2147/1146/26 2145/1144/32
f 2148/1145/26 2150/1147/20 2149/1148/20 2147/1146/26
f 2150/1147/20 2152/1149/21 2151/1150/21 2149/1148/20
f 2152/1149/21 2154/1151/22 2153/1152/22 2151/1150/21
f 2154/1151/22 2156/1153/23 2155/1154/23 2153/1152/22
f 2156/1153/23 2158/1155/24 2157/1156/24 2155/1154/23
f 2158/1155/24 2160/1157/25 2159/1158/25 2157/1156/24
f 2160/1157/25 2162/1159/26 2161/1160/26 2159/1158/25
f 2162/1159/26 2164/1161/27 2163/1162/27 2161/1160/26
f 2164/1161/27 2166/1163/28 2165/1164/28 2163/1162/27
f 2166/1163/28 2168/1165/29 2167/1166/29 2165/1164/28
f 2168/1165/29 2170/1167/30 2169/1168/30 2167/1166/29
f 2170/1167/30 2172/1169/31 2171/1170/31 2169/1168/30
f 2172/1169/31 2174/1171/32 2173/1172/32 2171/1170/31
f 2174/1171/32 2176/857/33 2175/223/33 2173/1172/32
f 2176/857/33 2178/1173/34 2177/1174/34 2175/223/33
f 2178/1173/34 2180/1175/35 2179/1176/35 2177/1174/34
f 2180/1175/35 2182/1177/36 2181/1178/36 2179/1176/35
f 2182/1177/36 2184/1179/37 2183/1180/37 2181/1178/36
f 2184/1179/37 2186/1181/38 2185/1182/38 2183/1180/37
f 2186/1181/38 2188/1183/39 2187/1184/39 2185/1182/38
f 2188/1183/39 2190/1185/40 2189/1186/40 2187/1184/39
f 2190/1185/40 2192/1187/41 2191/1188/41 2189/1186/40
f 2192/1187/41 2194/1189/42 2193/1190/42 2191/1188/41
f 2194/1189/42 2196/1191/43 2195/1192/43 2193/1190/42
f 2196/1191/43 2198/1193/44 2197/1194/44 2195/1192/43
f 2198/1193/44 2200/1195/45 2199/1196/45 2197/1194/44
f 2200/1195/45 2202/1197/145 2201/1198/145 2199/1196/45
f 2202/1197/145 2204/1199/146 2203/1200/146 2201/1198/145
f 2204/1199/146 2206/1201/147 2205/1202/147 2203/1200/146
f 2206/1201/147 2208/1203/148 2207/1204/148 2205/1202/147
f 2208/1203/148 2210/1205/149 2209/1206/149 2207/1204/148
f 2210/1205/149 2212/1207/150 2211/1208/150 2209/1206/149
f 2212/1207/150 2214/1209/151 2213/1210/151 2211/1208/150
f 2214/1209/151 2216/1096/152 2215/238/152 2213/1210/151
f 2216/1096/152 2218/1211/153 2217/1212/153 2215/238/152
f 2218/1211/153 2220/1213/154 2219/1214/154 2217/1212/153
f 2220/1213/154 2222/1215/155 2221/1216/155 2219/1214/154
f 2222/1215/155 2224/1217/156 2223/1218/156 2221/1216/155
f 2224/1217/156 2226/1219/157 2225/1220/157 2223/1218/156
f 2226/1219/157 2228/1221/158 2227/1222/158 2225/1220/157
f 2228/1221/158 2230/1223/159 2229/1224/159 2227/1222/158
f 2230/1223/159 2232/1225/160 2231/1226/160 2229/1224/159
f 2232/1225/160 2234/1227/161 2233/1228/161 2231/1226/160
f 2234/1227/161 2236/1229/162 2235/1230/162 2233/1228/161
f 2236/1229/162 2238/1231/163 2237/1232/163 2235/1230/162
f 2238/1231/163 2240/1233/164 2239/1234/164 2237/1232/163
f 2240/1233/164 2242/1235/165 2241/1236/165 2239/1234/164
f 2242/1235/165 2244/1237/166 2243/1238/166 2241/1236/165
f 2244/1237/166 2246/1239/167 2245/1240/167 2243/1238/166
f 2246/1239/167 2248/1241/168 2247/1242/168 2245/1240/167
f 2248/1241/168 2250/1243/169 2249/1244/169 2247/1242/168
f 2250/1243/169 2252/1245/170 2251/1246/170 2249/1244/169
f 2252/1245/170 2254/1247/164 2253/1248/164 2251/1246/170
f 2254/1247/164 2096/1094/158 2095/1/158 2253/1248/164
s 0
f 2256/620/245 2258/1095/245 2257/116/245 2255/3/245
f 2258/1095/246 2260/857/246 2259/223/246 2257/116/246
f 2260/857/247 2262/1096/247 2261/238/247 2259/223/247
f 2262/1096/248 2256/1094/248 2255/1/248 2261/238/248
s 1
f 2264/620/164 2266/1249/158 2265/1250/158 2263/3/164
f 2266/1249/158 2268/1251/159 2267/1252/159 2265/1250/158
f 2268/1251/159 2270/1253/160 2269/1254/160 2267/1252/159
f 2270/1253/160 2272/1255/161 2271/1256/161 2269/1254/160
f 2272/1255/161 2274/1257/162 2273/1258/162 2271/1256/161
f 2274/1257/162 2276/1259/163 2275/1260/163 2273/1258/162
f 2276/1259/163 2278/1261/164 2277/1262/164 2275/1260/163
f 2278/1261/164 2280/1263/165 2279/1264/165 2277/1262/164
f 2280/1263/165 2282/1265/166 2281/1266/166 2279/1264/165
f 2282/1265/166 2284/1267/167 2283/1268/167 2281/1266/166
f 2284/1267/167 2286/1269/168 2285/1270/168 2283/1268/167
f 2286/1269/168 2288/1271/169 2287/1272/169 2285/1270/168
f 2288/1271/169 2290/1111/170 2289/1112/170 2287/1272/169
f 2290/1111/170 2292/1273/20 2291/1274/20 2289/1112/170
f 2292/1273/20 2294/1275/21 2293/1276/21 2291/1274/20
f 2294/1275/21 2296/1277/22 2295/1278/22 2293/1276/21
f 2296/1277/22 2298/1279/23 2297/1280/23 2295/1278/22
f 2298/1279/23 2300/1281/24 2299/1282/24 2297/1280/23
f 2300/1281/24 2302/1283/25 2301/1284/25 2299/1282/24
f 2302/1283/25 2304/1285/26 2303/1286/26 2301/1284/25
f 2304/1285/26 2306/1287/27 2305/1288/27 2303/1286/26
f 2306/1287/27 2308/1289/28 2307/1290/28 2305/1288/27
f 2308/1289/28 2310/1291/29 2309/1292/29 2307/1290/28
f 2310/1291/29 2312/1293/30 2311/1294/30 2309/1292/29
f 2312/1293/30 2314/1295/31 2313/1296/31 2311/1294/30
f 2314/1295/31 2316/1127/32 2315/1128/32 2313/1296/31
f 2316/1127/32 2318/1297/249 2317/1298/249 2315/1128/32
f 2318/1297/249 2320/1299/250 2319/1300/250 2317/1298/249
f 2320/1299/250 2322/1301/251 2321/1302/251 2319/1300/250
f 2322/1301/251 2324/1303/252 2323/1304/252 2321/1302/251
f 2324/1303/252 2326/1305/253 2325/1306/253 2323/1304/252
f 2326/1305/253 2328/1307/254 2327/1308/254 2325/1306/253
f 2328/1307/254 2330/1309/255 2329/1310/255 2327/1308/254
f 2330/1309/255 2332/1311/256 2331/1312/256 2329/1310/255
f 2332/1311/256 2334/1313/257 2333/1314/257 2331/1312/256
f 2334/1313/257 2336/1315/258 2335/1316/258 2333/1314/257
f 2336/1315/258 2338/1317/259 2337/1318/259 2335/1316/258
f 2338/1317/259 2340/1319/260 2339/1320/260 2337/1318/259
f 2340/1319/260 2342/1141/261 2341/1142/261 2339/1320/260
f 2342/1141/261 2344/1321/262 2343/1322/262 2341/1142/261
f 2344/1321/262 2346/1323/263 2345/1324/263 2343/1322/262
f 2346/1323/263 2348/1325/264 2347/1326/264 2345/1324/263
f 2348/1325/264 2350/1327/265 2349/1328/265 2347/1326/264
f 2350/1327/265 2352/1329/266 2351/1330/266 2349/1328/265
f 2352/1329/266 2354/1331/267 2353/1332/267 2351/1330/266
f 2354/1331/267 2356/1333/268 2355/1334/268 2353/1332/267
f 2356/1333/268 2358/1335/269 2357/1336/269 2355/1334/268
f 2358/1335/269 2360/1337/270 2359/1338/270 2357/1336/269
f 2360/1337/270 2362/1339/271 2361/1340/271 2359/1338/270
f 2362/1339/271 2364/1341/272 2363/1342/272 2361/1340/271
f 2364/1341/272 2366/1343/273 2365/1344/273 2363/1342/272
f 2366/1343/273 2368/1157/274 2367/1158/274 2365/1344/273
f 2368/1157/274 2370/1345/275 2369/1346/275 2367/1158/274
f 2370/1345/275 2372/1347/276 2371/1348/276 2369/1346/275
f 2372/1347/276 2374/1349/277 2373/1350/277 2371/1348/276
f 2374/1349/277 2376/1351/278 2375/1352/278 2373/1350/277
f 2376/1351/278 2378/1353/279 2377/1354/279 2375/1352/278
f 2378/1353/279 2380/1355/280 2379/1356/280 2377/1354/279
f 2380/1355/280 2382/1357/281 2381/1358/281 2379/1356/280
f 2382/1357/281 2384/1359/282 2383/1360/282 2381/1358/281
f 2384/1359/282 2386/1361/283 2385/1362/283 2383/1360/282
f 2386/1361/283 2388/1363/284 2387/1364/284 2385/1362/283
f 2388/1363/284 2390/1365/285 2389/1366/285 2387/1364/284
f 2390/1365/285 2392/1367/286 2391/1368/286 2389/1366/285
f 2392/1367/286 2394/857/287 2393/223/287 2391/1368/286
f 2394/857/287 2396/1369/288 2395/1370/288 2393/223/287
f 2396/1369/288 2398/1371/289 2397/1372/289 2395/1370/288
f 2398/1371/289 2400/1373/290 2399/1374/290 2397/1372/289
f 2400/1373/290 2402/1375/291 2401/1376/291 2399/1374/290
f 2402/1375/291 2404/1377/292 2403/1378/292 2401/1376/291
f 2404/1377/292 2406/1379/293 2405/1380/293 2403/1378/292
f 2406/1379/293 2408/1381/294 2407/1382/294 2405/1380/293
f 2408/1381/294 2410/1383/295 2409/1384/295 2407/1382/294
f 2410/1383/295 2412/1385/296 2411/1386/296 2409/1384/295
f 2412/1385/296 2414/1387/297 2413/1388/297 2411/1386/296
f 2414/1387/297 2416/1389/298 2415/1390/298 2413/1388/297
f 2416/1389/298 2418/1391/299 2417/1392/299 2415/1390/298
f 2418/1391/299 2420/1187/300 2419/1188/300 2417/1392/299
f 2420/1187/300 2422/1393/301 2421/1394/301 2419/1188/300
f 2422/1393/301 2424/1395/302 2423/1396/302 2421/1394/301
f 2424/1395/302 2426/1397/303 2425/1398/303 2423/1396/302
f 2426/1397/303 2428/1399/304 2427/1400/304 2425/1398/303
f 2428/1399/304 2430/1401/305 2429/1402/305 2427/1400/304
f 2430/1401/305 2432/1403/306 2431/1404/306 2429/1402/305
f 2432/1403/306 2434/1405/307 2433/1406/307 2431/1404/306
f 2434/1405/307 2436/1407/308 2435/1408/308 2433/1406/307
f 2436/1407/308 2438/1409/309 2437/1410/309 2435/1408/308
f 2438/1409/309 2440/1411/310 2439/1412/310 2437/1410/309
f 2440/1411/310 2442/1413/311 2441/1414/311 2439/1412/310
f 2442/1413/311 2444/1415/312 2443/1416/312 2441/1414/311
f 2444/1415/312 2446/1203/313 2445/1204/313 2443/1416/312
f 2446/1203/313 2448/1417/314 2447/1418/314 2445/1204/313
f 2448/1417/314 2450/1419/315 2449/1420/315 2447/1418/314
f 2450/1419/315 2452/1421/316 2451/1422/316 2449/1420/315
f 2452/1421/316 2454/1423/317 2453/1424/317 2451/1422/316
f 2454/1423/317 2456/1425/318 2455/1426/318 2453/1424/317
f 2456/1425/318 2458/1427/319 2457/1428/319 2455/1426/318
f 2458/1427/319 2460/1429/320 2459/1430/320 2457/1428/319
f 2460/1429/320 2462/1431/321 2461/1432/321 2459/1430/320
f 2462/1431/321 2464/1433/322 2463/1434/322 2461/1432/321
f 2464/1433/322 2466/1435/323 2465/1436/323 2463/1434/322
f 2466/1435/323 2468/1437/324 2467/1438/324 2465/1436/323
f 2468/1437/324 2470/1439/158 2469/1440/158 2467/1438/324
f 2470/1439/158 2472/1217/159 2471/1218/159 2469/1440/158
f 2472/1217/159 2474/1441/160 2473/1442/160 2471/1218/159
f 2474/1441/160 2476/1443/161 2475/1444/161 2473/1442/160
f 2476/1443/161 2478/1445/162 2477/1446/162 2475/1444/161
f 2478/1445/162 2480/1447/163 2479/1448/163 2477/1446/162
f 2480/1447/163 2482/1449/164 2481/1450/164 2479/1448/163
f 2482/1449/164 2484/1451/165 2483/1452/165 2481/1450/164
f 2484/1451/165 2486/1453/166 2485/1454/166 2483/1452/165
f 2486/1453/166 2488/1455/167 2487/1456/167 2485/1454/166
f 2488/1455/167 2490/1457/168 2489/1458/168 2487/1456/167
f 2490/1457/168 2492/1459/169 2491/1460/169 2489/1458/168
f 2492/1459/169 2494/1461/170 2493/1462/170 2491/1460/169
f 2494/1461/170 2496/1463/325 2495/1464/325 2493/1462/170
f 2496/1463/325 2498/1233/326 2497/1234/326 2495/1464/325
f 2498/1233/326 2500/1465/327 2499/1466/327 2497/1234/326
f 2500/1465/327 2502/1467/328 2501/1468/328 2499/1466/327
f 2502/1467/328 2504/1469/329 2503/1470/329 2501/1468/328
f 2504/1469/329 2506/1471/330 2505/1472/330 2503/1470/329
f 2506/1471/330 2508/1473/331 2507/1474/331 2505/1472/330
f 2508/1473/331 2510/1475/332 2509/1476/332 2507/1474/331
f 2510/1475/332 2512/1477/333 2511/1478/333 2509/1476/332
f 2512/1477/333 2514/1479/334 2513/1480/334 2511/1478/333
f 2514/1479/334 2516/1481/335 2515/1482/335 2513/1480/334
f 2516/1481/335 2518/1483/336 2517/1484/336 2515/1482/335
f 2518/1483/336 2520/1485/337 2519/1486/337 2517/1484/336
f 2520/1485/337 2522/1487/26 2521/1488/26 2519/1486/337
f 2522/1487/26 2264/1094/164 2263/1/164 2521/1488/26
f 2524/620/338 2526/1489/339 2525/1490/339 2523/3/338
f 2526/1489/339 2528/653/340 2527/654/340 2525/1490/339
f 2528/653/340 2530/1491/341 2529/1492/341 2527/654/340
f 2530/1491/341 2532/687/342 2531/688/342 2529/1492/341
f 2532/687/342 2534/1493/343 2533/1494/343 2531/688/342
f 2534/1493/343 2536/721/344 2535/722/344 2533/1494/343
f 2536/721/344 2538/1095/345 2537/116/345 2535/722/344
f 2538/1095/345 2540/755/346 2539/756/346 2537/116/345
f 2540/755/346 2542/1495/347 2541/1496/347 2539/756/346
f 2542/1495/347 2544/789/348 2543/790/348 2541/1496/347
f 2544/789/348 2546/1497/349 2545/1498/349 2543/790/348
f 2546/1497/349 2548/823/350 2547/824/350 2545/1498/349
f 2548/823/350 2550/1499/351 2549/1500/351 2547/824/350
f 2550/1499/351 2552/857/352 2551/223/352 2549/1500/351
f 2552/857/352 2554/1501/353 2553/1502/353 2551/223/352
f 2554/1501/353 2556/890/354 2555/891/354 2553/1502/353
f 2556/890/354 2558/1503/355 2557/1504/355 2555/891/354
f 2558/1503/355 2560/924/356 2559/925/356 2557/1504/355
f 2560/924/356 2562/1505/357 2561/1506/357 2559/925/356
f 2562/1505/357 2564/958/358 2563/959/358 2561/1506/357
f 2564/958/358 2566/1096/359 2565/238/359 2563/959/358
f 2566/1096/359 2568/992/360 2567/993/360 2565/238/359
f 2568/992/360 2570/1507/361 2569/1508/361 2567/993/360
f 2570/1507/361 2572/1026/362 2571/1027/362 2569/1508/361
f 2572/1026/362 2574/1509/363 2573/1510/363 2571/1027/362
f 2574/1509/363 2576/1060/364 2575/1061/364 2573/1510/363
f 2576/1060/364 2578/1511/365 2577/1512/365 2575/1061/364
f 2578/1511/365 2524/1094/338 2523/1/338 2577/1512/365
s 0
f 2580/620/245 2582/1095/245 2581/116/245 2579/3/245
f 2582/1095/246 2584/857/246 2583/223/246 2581/116/246
f 2584/857/247 2586/1096/247 2585/238/247 2583/223/247
f 2586/1096/248 2580/1094/248 2579/1/248 2585/238/248
s 1
f 2588/620/158 2590/1513/159 2589/1514/159 2587/3/158
f 2590/1513/159 2592/1515/160 2591/1516/160 2589/1514/159
f 2592/1515/160 2594/1517/161 2593/1518/161 2591/1516/160
f 2594/1517/161 2596/1519/162 2595/1520/162 2593/1518/161
f 2596/1519/162 2598/1521/163 2597/1522/163 2595/1520/162
f 2598/1521/163 2600/1523/164 2599/1524/164 2597/1522/163
f 2600/1523/164 2602/1525/165 2601/1526/165 2599/1524/164
f 2602/1525/165 2604/1527/366 2603/1528/366 2601/1526/165
f 2604/1527/366 2606/1529/167 2605/1530/167 2603/1528/366
f 2606/1529/167 2608/1531/168 2607/1532/168 2605/1530/167
f 2608/1531/168 2610/1533/169 2609/1534/169 2607/1532/168
f 2610/1533/169 2612/1535/170 2611/1536/170 2609/1534/169
f 2612/1535/170 2614/1537/20 2613/1538/20 2611/1536/170
f 2614/1537/20 2616/1539/21 2615/1540/21 2613/1538/20
f 2616/1539/21 2618/1541/22 2617/1542/22 2615/1540/21
f 2618/1541/22 2620/1543/23 2619/1544/23 2617/1542/22
f 2620/1543/23 2622/1545/24 2621/1546/24 2619/1544/23
f 2622/1545/24 2624/1547/25 2623/1548/25 2621/1546/24
f 2624/1547/25 2626/1549/26 2625/1550/26 2623/1548/25
f 2626/1549/26 2628/1551/27 2627/1552/27 2625/1550/26
f 2628/1551/27 2630/1553/28 2629/1554/28 2627/1552/27
f 2630/1553/28 2632/1555/29 2631/1556/29 2629/1554/28
f 2632/1555/29 2634/1557/30 2633/1558/30 2631/1556/29
f 2634/1557/30 2636/1559/31 2635/1560/31 2633/1558/30
f 2636/1559/31 2638/1561/32 2637/1562/32 2635/1560/31
f 2638/1561/32 2640/1563/33 2639/1564/33 2637/1562/32
f 2640/1563/33 2642/1565/34 2641/1566/34 2639/1564/33
f 2642/1565/34 2644/1567/35 2643/1568/35 2641/1566/34
f 2644/1567/35 2646/1569/36 2645/1570/36 2643/1568/35
f 2646/1569/36 2648/1571/37 2647/1572/37 2645/1570/36
f 2648/1571/37 2650/1573/38 2649/1574/38 2647/1572/37
f 2650/1573/38 2652/1575/39 2651/1576/39 2649/1574/38
f 2652/1575/39 2654/1577/40 2653/1578/40 2651/1576/39
f 2654/1577/40 2656/1579/41 2655/1580/41 2653/1578/40
f 2656/1579/41 2658/1581/42 2657/1582/42 2655/1580/41
f 2658/1581/42 2660/1583/43 2659/1584/43 2657/1582/42
f 2660/1583/43 2662/1585/44 2661/1586/44 2659/1584/43
f 2662/1585/44 2664/1587/45 2663/1588/45 2661/1586/44
f 2664/1587/45 2666/1589/367 2665/1590/367 2663/1588/45
f 2666/1589/367 2668/1591/368 2667/1592/368 2665/1590/367
f 2668/1591/368 2670/1593/369 2669/1594/369 2667/1592/368
f 2670/1593/369 2672/1595/370 2671/1596/370 2669/1594/369
f 2672/1595/370 2674/1597/371 2673/1598/371 2671/1596/370
f 2674/1597/371 2676/1599/372 2675/1600/372 2673/1598/371
f 2676/1599/372 2678/1601/373 2677/1602/373 2675/1600/372
f 2678/1601/373 2680/1603/374 2679/1604/374 2677/1602/373
f 2680/1603/374 2682/1605/375 2681/1606/375 2679/1604/374
f 2682/1605/375 2684/1607/376 2683/1608/376 2681/1606/375
f 2684/1607/376 2686/1609/377 2685/1610/377 2683/1608/376
f 2686/1609/377 2688/1611/378 2687/1612/378 2685/1610/377
f 2688/1611/378 2690/1613/379 2689/1614/379 2687/1612/378
f 2690/1613/379 2692/1615/380 2691/1616/380 2689/1614/379
f 2692/1615/380 2694/1617/381 2693/1618/381 2691/1616/380
f 2694/1617/381 2696/1619/382 2695/1620/382 2693/1618/381
f 2696/1619/382 2698/1621/383 2697/1622/383 2695/1620/382
f 2698/1621/383 2700/1623/384 2699/1624/384 2697/1622/383
f 2700/1623/384 2702/1625/385 2701/1626/385 2699/1624/384
f 2702/1625/385 2704/1627/386 2703/1628/386 2701/1626/385
f 2704/1627/386 2706/1629/387 2705/2/387 2703/1628/386
f 2706/1629/387 2708/1630/388 2707/1631/388 2705/2/387
f 2708/1630/388 2710/1632/389 2709/1633/389 2707/1631/388
f 2710/1632/389 2712/1634/390 2711/1635/390 2709/1633/389
f 2712/1634/390 2714/1636/391 2713/1637/391 2711/1635/390
f 2714/1636/391 2716/1638/392 2715/1639/392 2713/1637/391
f 2716/1638/392 2718/1640/393 2717/1641/393 2715/1639/392
f 2718/1640/393 2720/1642/394 2719/1643/394 2717/1641/393
f 2720/1642/394 2722/1644/395 2721/1645/395 2719/1643/394
f 2722/1644/395 2724/1646/396 2723/1647/396 2721/1645/395
f 2724/1646/396 2726/1648/397 2725/1649/397 2723/1647/396
f 2726/1648/397 2728/1650/398 2727/1651/398 2725/1649/397
f 2728/1650/398 2730/1652/399 2729/1653/399 2727/1651/398
f 2730/1652/399 2732/1654/400 2731/1655/400 2729/1653/399
f 2732/1654/400 2734/1656/401 2733/1657/401 2731/1655/400
f 2734/1656/401 2736/1658/402 2735/1659/402 2733/1657/401
f 2736/1658/402 2738/1660/403 2737/1661/403 2735/1659/402
f 2738/1660/403 2740/1662/404 2739/1663/404 2737/1661/403
f 2740/1662/404 2742/1664/405 2741/1665/405 2739/1663/404
f 2742/1664/405 2744/1666/406 2743/1667/406 2741/1665/405
f 2744/1666/406 2746/1668/407 2745/1669/407 2743/1667/406
f 2746/1668/407 2748/1670/408 2747/1671/408 2745/1669/407
f 2748/1670/408 2750/1672/409 2749/1673/409 2747/1671/408
f 2750/1672/409 2752/1674/410 2751/1675/410 2749/1673/409
f 2752/1674/410 2754/1676/411 2753/1677/411 2751/1675/410
f 2754/1676/411 2756/1678/412 2755/1679/412 2753/1677/411
f 2756/1678/412 2758/1680/413 2757/1681/413 2755/1679/412
f 2758/1680/413 2760/1682/414 2759/1683/414 2757/1681/413
f 2760/1682/414 2762/1684/415 2761/1685/415 2759/1683/414
f 2762/1684/415 2764/1686/416 2763/1687/416 2761/1685/415
f 2764/1686/416 2766/1688/417 2765/1689/417 2763/1687/416
f 2766/1688/417 2768/1690/418 2767/1691/418 2765/1689/417
f 2768/1690/418 2770/1692/419 2769/1693/419 2767/1691/418
f 2770/1692/419 2772/1694/420 2771/1695/420 2769/1693/419
f 2772/1694/420 2774/1696/421 2773/1697/421 2771/1695/420
f 2774/1696/421 2776/1698/422 2775/1699/422 2773/1697/421
f 2776/1698/422 2778/1700/423 2777/1701/423 2775/1699/422
f 2778/1700/423 2780/1702/424 2779/1703/424 2777/1701/423
f 2780/1702/424 2782/1704/425 2781/1705/425 2779/1703/424
f 2782/1704/425 2784/1706/426 2783/1707/426 2781/1705/425
f 2784/1706/426 2786/1708/427 2785/1709/427 2783/1707/426
f 2786/1708/427 2788/1710/428 2787/1711/428 2785/1709/427
f 2788/1710/428 2790/1712/429 2789/1713/429 2787/1711/428
f 2790/1712/429 2792/1714/430 2791/1715/430 2789/1713/429
f 2792/1714/430 2794/1716/431 2793/1717/431 2791/1715/430
f 2794/1716/431 2796/1718/432 2795/1719/432 2793/1717/431
f 2796/1718/432 2798/1720/433 2797/1721/433 2795/1719/432
f 2798/1720/433 2800/1722/434 2799/1723/434 2797/1721/433
f 2800/1722/434 2802/1724/435 2801/1725/435 2799/1723/434
f 2802/1724/435 2804/1726/436 2803/1727/436 2801/1725/435
f 2804/1726/436 2806/1728/437 2805/1729/437 2803/1727/436
f 2806/1728/437 2808/1730/438 2807/1731/438 2805/1729/437
f 2808/1730/438 2810/1732/439 2809/1733/439 2807/1731/438
f 2810/1732/439 2812/1734/440 2811/1735/440 2809/1733/439
f 2812/1734/440 2814/1736/441 2813/1737/441 2811/1735/440
f 2814/1736/441 2816/1738/442 2815/1739/442 2813/1737/441
f 2816/1738/442 2818/1740/443 2817/1741/443 2815/1739/442
f 2818/1740/443 2820/1742/444 2819/1743/444 2817/1741/443
f 2820/1742/444 2822/1744/445 2821/1745/445 2819/1743/444
f 2822/1744/445 2824/1746/446 2823/4/446 2821/1745/445
f 2824/1746/446 2826/1747/447 2825/1748/447 2823/4/446
f 2826/1747/447 2828/1749/448 2827/1750/448 2825/1748/447
f 2828/1749/448 2830/1751/449 2829/1752/449 2827/1750/448
f 2830/1751/449 2832/1753/450 2831/1754/450 2829/1752/449
f 2832/1753/450 2834/1755/451 2833/1756/451 2831/1754/450
f 2834/1755/451 2836/1757/452 2835/1758/452 2833/1756/451
f 2836/1757/452 2838/1759/158 2837/1760/158 2835/1758/452
f 2838/1759/158 2840/1761/159 2839/1762/159 2837/1760/158
f 2840/1761/159 2842/1763/160 2841/1764/160 2839/1762/159
f 2842/1763/160 2844/1765/161 2843/1766/161 2841/1764/160
f 2844/1765/161 2846/1767/162 2845/1768/162 2843/1766/161
f 2846/1767/162 2848/1769/163 2847/1770/163 2845/1768/162
f 2848/1769/163 2850/1771/164 2849/1772/164 2847/1770/163
f 2850/1771/164 2852/1773/165 2851/1774/165 2849/1772/164
f 2852/1773/165 2854/1775/166 2853/1776/166 2851/1774/165
f 2854/1775/166 2856/1777/167 2855/1778/167 2853/1776/166
f 2856/1777/167 2858/1779/168 2857/1780/168 2855/1778/167
f 2858/1779/168 2860/1781/169 2859/1782/169 2857/1780/168
f 2860/1781/169 2862/1783/170 2861/1784/170 2859/1782/169
f 2862/1783/170 2864/1785/20 2863/1786/20 2861/1784/170
f 2864/1785/20 2866/1787/21 2865/1788/21 2863/1786/20
f 2866/1787/21 2868/1789/22 2867/1790/22 2865/1788/21
f 2868/1789/22 2870/1791/23 2869/1792/23 2867/1790/22
f 2870/1791/23 2872/1793/24 2871/1794/24 2869/1792/23
f 2872/1793/24 2874/1795/25 2873/1796/25 2871/1794/24
f 2874/1795/25 2876/1797/26 2875/1798/26 2873/1796/25
f 2876/1797/26 2878/1799/27 2877/1800/27 2875/1798/26
f 2878/1799/27 2880/1801/28 2879/1802/28 2877/1800/27
f 2880/1801/28 2882/1803/29 2881/1804/29 2879/1802/28
f 2882/1803/29 2884/1805/30 2883/1806/30 2881/1804/29
f 2884/1805/30 2886/1807/31 2885/1808/31 2883/1806/30
f 2886/1807/31 2888/1809/32 2887/1810/32 2885/1808/31
f 2888/1809/32 2890/1811/453 2889/1812/453 2887/1810/32
f 2890/1811/453 2892/1813/454 2891/1814/454 2889/1812/453
f 2892/1813/454 2894/1815/455 2893/1816/455 2891/1814/454
f 2894/1815/455 2896/1817/456 2895/1818/456 2893/1816/455
f 2896/1817/456 2898/1819/457 2897/1820/457 2895/1818/456
f 2898/1819/457 2900/1821/458 2899/1822/458 2897/1820/457
f 2900/1821/458 2902/1823/459 2901/1824/459 2899/1822/458
f 2902/1823/459 2904/1825/460 2903/1826/460 2901/1824/459
f 2904/1825/460 2906/1827/461 2905/1828/461 2903/1826/460
f 2906/1827/461 2908/1829/462 2907/1830/462 2905/1828/461
f 2908/1829/462 2910/1831/463 2909/1832/463 2907/1830/462
f 2910/1831/463 2912/1833/464 2911/1834/464 2909/1832/463
f 2912/1833/464 2914/1835/465 2913/1836/465 2911/1834/464
f 2914/1835/465 2916/1837/466 2915/1838/466 2913/1836/465
f 2916/1837/466 2918/1839/467 2917/1840/467 2915/1838/466
f 2918/1839/467 2920/1841/468 2919/1842/468 2917/1840/467
f 2920/1841/468 2922/1843/469 2921/1844/469 2919/1842/468
f 2922/1843/469 2924/1845/470 2923/1846/470 2921/1844/469
f 2924/1845/470 2926/1847/471 2925/1848/471 2923/1846/470
f 2926/1847/471 2928/1849/472 2927/1850/472 2925/1848/471
f 2928/1849/472 2930/1851/473 2929/1852/473 2927/1850/472
f 2930/1851/473 2932/1853/474 2931/1854/474 2929/1852/473
f 2932/1853/474 2934/1855/475 2933/1856/475 2931/1854/474
f 2934/1855/475 2936/1857/476 2935/1858/476 2933/1856/475
f 2936/1857/476 2938/1859/477 2937/1860/477 2935/1858/476
f 2938/1859/477 2940/1861/164 2939/1862/164 2937/1860/477
f 2940/1861/164 2588/1094/158 2587/1/158 2939/1862/164
f 2942/620/478 2944/1863/164 2943/1864/164 2941/3/478
f 2944/1863/164 2946/1257/151 2945/1258/151 2943/1864/164
f 2946/1257/151 2948/1865/479 2947/1866/479 2945/1258/151
f 2948/1865/479 2950/1267/480 2949/1268/480 2947/1866/479
f 2950/1267/480 2952/1867/481 2951/1868/481 2949/1268/480
f 2952/1867/481 2954/1275/482 2953/1276/482 2951/1868/481
f 2954/1275/482 2956/1869/483 2955/1870/483 2953/1276/482
f 2956/1869/483 2958/1285/484 2957/1286/484 2955/1870/483
f 2958/1285/484 2960/1871/485 2959/1872/485 2957/1286/484
f 2960/1871/485 2962/1295/486 2961/1296/486 2959/1872/485
f 2962/1295/486 2964/1873/487 2963/1874/487 2961/1296/486
f 2964/1873/487 2966/1303/488 2965/1304/488 2963/1874/487
f 2966/1303/488 2968/1095/489 2967/116/489 2965/1304/488
f 2968/1095/489 2970/1313/490 2969/1314/490 2967/116/489
f 2970/1313/490 2972/1875/491 2971/1876/491 2969/1314/490
f 2972/1875/491 2974/1321/492 2973/1322/492 2971/1876/491
f 2974/1321/492 2976/1877/493 2975/1878/493 2973/1322/492
f 2976/1877/493 2978/1331/494 2977/1332/494 2975/1878/493
f 2978/1331/494 2980/1879/495 2979/1880/495 2977/1332/494
f 2980/1879/495 2982/1341/267 2981/1342/267 2979/1880/495
f 2982/1341/267 2984/1881/496 2983/1882/496 2981/1342/267
f 2984/1881/496 2986/1349/497 2985/1350/497 2983/1882/496
f 2986/1349/497 2988/1883/498 2987/1884/498 2985/1350/497
f 2988/1883/498 2990/1359/499 2989/1360/499 2987/1884/498
f 2990/1359/499 2992/1885/500 2991/1886/500 2989/1360/499
f 2992/1885/500 2994/857/501 2993/223/501 2991/1886/500
f 2994/857/501 2996/1887/502 2995/1888/502 2993/223/501
f 2996/1887/502 2998/1377/503 2997/1378/503 2995/1888/502
f 2998/1377/503 3000/1889/504 2999/1890/504 2997/1378/503
f 3000/1889/504 3002/1387/505 3001/1388/505 2999/1890/504
f 3002/1387/505 3004/1891/506 3003/1892/506 3001/1388/505
f 3004/1891/506 3006/1395/507 3005/1396/507 3003/1892/506
f 3006/1395/507 3008/1893/508 3007/1894/508 3005/1396/507
f 3008/1893/508 3010/1405/509 3009/1406/509 3007/1894/508
f 3010/1405/509 3012/1895/510 3011/1896/510 3009/1406/509
f 3012/1895/510 3014/1415/511 3013/1416/511 3011/1896/510
f 3014/1415/511 3016/1897/512 3015/1898/512 3013/1416/511
f 3016/1897/512 3018/1423/513 3017/1424/513 3015/1898/512
f 3018/1423/513 3020/1096/514 3019/238/514 3017/1424/513
f 3020/1096/514 3022/1433/515 3021/1434/515 3019/238/514
f 3022/1433/515 3024/1899/516 3023/1900/516 3021/1434/515
f 3024/1899/516 3026/1441/517 3025/1442/517 3023/1900/516
f 3026/1441/517 3028/1901/518 3027/1902/518 3025/1442/517
f 3028/1901/518 3030/1451/519 3029/1452/519 3027/1902/518
f 3030/1451/519 3032/1903/520 3031/1904/520 3029/1452/519
f 3032/1903/520 3034/1461/521 3033/1462/521 3031/1904/520
f 3034/1461/521 3036/1905/522 3035/1906/522 3033/1462/521
f 3036/1905/522 3038/1469/523 3037/1470/523 3035/1906/522
f 3038/1469/523 3040/1907/524 3039/1908/524 3037/1470/523
f 3040/1907/524 3042/1479/525 3041/1480/525 3039/1908/524
f 3042/1479/525 3044/1909/526 3043/1910/526 3041/1480/525
f 3044/1909/526 2942/1094/478 2941/1/478 3043/1910/526
s 0
f 3046/620/245 3048/1095/245 3047/116/245 3045/3/245
f 3048/1095/246 3050/857/246 3049/223/246 3047/116/246
f 3050/857/247 3052/1096/247 3051/238/247 3049/223/247
f 3052/1096/248 3046/1094/248 3045/1/248 3051/238/248
s 1
f 3054/620/158 3056/1097/159 3055/1098/159 3053/3/158
f 3056/1097/159 3058/1099/160 3057/1100/160 3055/1098/159
f 3058/1099/160 3060/1101/161 3059/1102/161 3057/1100/160
f 3060/1101/161 3062/1103/162 3061/1104/162 3059/1102/161
f 3062/1103/162 3064/1105/163 3063/1106/163 3061/1104/162
f 3064/1105/163 3066/1107/164 3065/1108/164 3063/1106/163
f 3066/1107/164 3068/1109/165 3067/1110/165 3065/1108/164
f 3068/1109/165 3070/1111/166 3069/1112/166 3067/1110/165
f 3070/1111/166 3072/1113/167 3071/1114/167 3069/1112/166
f 3072/1113/167 3074/1115/168 3073/1116/168 3071/1114/167
f 3074/1115/168 3076/1117/169 3075/1118/169 3073/1116/168
f 3076/1117/169 3078/1119/170 3077/1120/170 3075/1118/169
f 3078/1119/170 3080/1121/20 3079/1122/20 3077/1120/170
f 3080/1121/20 3082/1123/21 3081/1124/21 3079/1122/20
f 3082/1123/21 3084/1125/22 3083/1126/22 3081/1124/21
f 3084/1125/22 3086/1127/23 3085/1128/23 3083/1126/22
f 3086/1127/23 3088/1129/24 3087/1130/24 3085/1128/23
f 3088/1129/24 3090/1131/25 3089/1132/25 3087/1130/24
f 3090/1131/25 3092/1133/26 3091/1134/26 3089/1132/25
f 3092/1133/26 3094/1095/27 3093/116/27 3091/1134/26
f 3094/1095/27 3096/1135/28 3095/1136/28 3093/116/27
f 3096/1135/28 3098/1137/29 3097/1138/29 3095/1136/28
f 3098/1137/29 3100/1139/30 3099/1140/30 3097/1138/29
f 3100/1139/30 3102/1141/527 3101/1142/527 3099/1140/30
f 3102/1141/527 3104/1143/32 3103/1144/32 3101/1142/527
f 3104/1143/32 3106/1145/26 3105/1146/26 3103/1144/32
f 3106/1145/26 3108/1147/20 3107/1148/20 3105/1146/26
f 3108/1147/20 3110/1149/21 3109/1150/21 3107/1148/20
f 3110/1149/21 3112/1151/22 3111/1152/22 3109/1150/21
f 3112/1151/22 3114/1153/23 3113/1154/23 3111/1152/22
f 3114/1153/23 3116/1155/24 3115/1156/24 3113/1154/23
f 3116/1155/24 3118/1157/25 3117/1158/25 3115/1156/24
f 3118/1157/25 3120/1159/26 3119/1160/26 3117/1158/25
f 3120/1159/26 3122/1161/27 3121/1162/27 3119/1160/26
f 3122/1161/27 3124/1163/28 3123/1164/28 3121/1162/27
f 3124/1163/28 3126/1165/29 3125/1166/29 3123/1164/28
f 3126/1165/29 3128/1167/30 3127/1168/30 3125/1166/29
f 3128/1167/30 3130/1169/31 3129/1170/31 3127/1168/30
f 3130/1169/31 3132/1171/32 3131/1172/32 3129/1170/31
f 3132/1171/32 3134/857/33 3133/223/33 3131/1172/32
f 3134/857/33 3136/1173/34 3135/1174/34 3133/223/33
f 3136/1173/34 3138/1175/35 3137/1176/35 3135/1174/34
f 3138/1175/35 3140/1177/36 3139/1178/36 3137/1176/35
f 3140/1177/36 3142/1179/37 3141/1180/37 3139/1178/36
f 3142/1179/37 3144/1181/38 3143/1182/38 3141/1180/37
f 3144/1181/38 3146/1183/39 3145/1184/39 3143/1182/38
f 3146/1183/39 3148/1185/40 3147/1186/40 3145/1184/39
f 3148/1185/40 3150/1187/41 3149/1188/41 3147/1186/40
f 3150/1187/41 3152/1189/42 3151/1190/42 3149/1188/41
f 3152/1189/42 3154/1191/43 3153/1192/43 3151/1190/42
f 3154/1191/43 3156/1193/44 3155/1194/44 3153/1192/43
f 3156/1193/44 3158/1195/45 3157/1196/45 3155/1194/44
f 3158/1195/45 3160/1197/145 3159/1198/145 3157/1196/45
f 3160/1197/145 3162/1199/146 3161/1200/146 3159/1198/145
f 3162/1199/146 3164/1201/147 3163/1202/147 3161/1200/146
f 3164/1201/147 3166/1203/148 3165/1204/148 3163/1202/147
f 3166/1203/148 3168/1205/528 3167/1206/528 3165/1204/148
f 3168/1205/528 3170/1207/150 3169/1208/150 3167/1206/528
f 3170/1207/150 3172/1209/151 3171/1210/151 3169/1208/150
f 3172/1209/151 3174/1096/152 3173/238/152 3171/1210/151
f 3174/1096/152 3176/1211/153 3175/1212/153 3173/238/152
f 3176/1211/153 3178/1213/154 3177/1214/154 3175/1212/153
f 3178/1213/154 3180/1215/155 3179/1216/155 3177/1214/154
f 3180/1215/155 3182/1217/156 3181/1218/156 3179/1216/155
f 3182/1217/156 3184/1219/157 3183/1220/157 3181/1218/156
f 3184/1219/157 3186/1221/158 3185/1222/158 3183/1220/157
f 3186/1221/158 3188/1223/159 3187/1224/159 3185/1222/158
f 3188/1223/159 3190/1225/160 3189/1226/160 3187/1224/159
f 3190/1225/160 3192/1227/161 3191/1228/161 3189/1226/160
f 3192/1227/161 3194/1229/162 3193/1230/162 3191/1228/161
f 3194/1229/162 3196/1231/163 3195/1232/163 3193/1230/162
f 3196/1231/163 3198/1233/164 3197/1234/164 3195/1232/163
f 3198/1233/164 3200/1235/165 3199/1236/165 3197/1234/164
f 3200/1235/165 3202/1237/166 3201/1238/166 3199/1236/165
f 3202/1237/166 3204/1239/167 3203/1240/167 3201/1238/166
f 3204/1239/167 3206/1241/168 3205/1242/168 3203/1240/167
f 3206/1241/168 3208/1243/169 3207/1244/169 3205/1242/168
f 3208/1243/169 3210/1245/170 3209/1246/170 3207/1244/169
f 3210/1245/170 3212/1247/164 3211/1248/164 3209/1246/170
f 3212/1247/164 3054/1094/158 3053/1/158 3211/1248/164
s 0
f 3214/620/245 3216/1095/245 3215/116/245 3213/3/245
f 3216/1095/246 3218/857/246 3217/223/246 3215/116/246
f 3218/857/247 3220/1096/247 3219/238/247 3217/223/247
f 3220/1096/248 3214/1094/248 3213/1/248 3219/238/248
